TRACE::2025-10-03.16:51:11::SCWPlatform::Trying to open the hw design at /home/grads/t/tamu_vik/ECEN-722/lab4/top_fft_time/hw/top_fft_time.xsa
TRACE::2025-10-03.16:51:11::SCWPlatform::DSA given /home/grads/t/tamu_vik/ECEN-722/lab4/top_fft_time/hw/top_fft_time.xsa
TRACE::2025-10-03.16:51:11::SCWPlatform::DSA absoulate path /home/grads/t/tamu_vik/ECEN-722/lab4/top_fft_time/hw/top_fft_time.xsa
TRACE::2025-10-03.16:51:11::SCWPlatform::DSA directory /home/grads/t/tamu_vik/ECEN-722/lab4/top_fft_time/hw
TRACE::2025-10-03.16:51:11::SCWPlatform:: Platform Path /home/grads/t/tamu_vik/ECEN-722/lab4/top_fft_time/hw/top_fft_time.xsa
TRACE::2025-10-03.16:51:11::SCWPlatform:: Unique name xilinx:zybo-z7-10::0.0
TRACE::2025-10-03.16:51:11::SCWPlatform::Do not have an existing db opened. 
TRACE::2025-10-03.16:51:14::SCWPlatform::Opened new HwDB with name top_fft_time_0
TRACE::2025-10-03.16:51:14::SCWWriter::formatted JSON is {
	"platformName":	"top_fft_time",
	"sprVersion":	"2.0",
	"mode":	"gui",
	"dsaType":	"Fixed",
	"platformDesc":	"top_fft_time",
	"platHandOff":	"<platformDir>.xsa",
	"platIntHandOff":	"<platformDir>/hw/top_fft_time.xsa",
	"deviceType":	"zynq",
	"platIsPrebuiltAutogen":	"false",
	"platIsNoBootBsp":	"false",
	"hasFsblMakeHasChanges":	"false",
	"hasPmufwMakeHasChanges":	"false",
	"platPreBuiltFlag":	false,
	"platformSamplesDir":	""
}
TRACE::2025-10-03.16:51:14::SCWWriter::formatted JSON is {
	"platformName":	"top_fft_time",
	"sprVersion":	"2.0",
	"mode":	"gui",
	"dsaType":	"Fixed",
	"platformDesc":	"top_fft_time",
	"platHandOff":	"<platformDir>.xsa",
	"platIntHandOff":	"<platformDir>/hw/top_fft_time.xsa",
	"deviceType":	"zynq",
	"platIsPrebuiltAutogen":	"false",
	"platIsNoBootBsp":	"false",
	"hasFsblMakeHasChanges":	"false",
	"hasPmufwMakeHasChanges":	"false",
	"platPreBuiltFlag":	false,
	"platformSamplesDir":	"",
	"platActiveSys":	"top_fft_time",
	"systems":	[{
			"systemName":	"top_fft_time",
			"systemDesc":	"top_fft_time",
			"sysIsBootAutoGen":	"true",
			"systemDispName":	"top_fft_time"
		}]
}
TRACE::2025-10-03.16:51:14::SCWPlatform::Boot application domains not present, creating them
TRACE::2025-10-03.16:51:14::SCWDomain::checking for install qemu data   : 
TRACE::2025-10-03.16:51:14::SCWDomain:: Using the QEMU Data from install at  : /opt/coe/Xilinx/Vitis/2023.1/data/emulation/platforms/zynq/sw/a9_standalone/qemu/
TRACE::2025-10-03.16:51:14::SCWDomain:: Using the QEMU args  from install at  : /opt/coe/Xilinx/Vitis/2023.1/data/emulation/platforms/zynq/sw/a9_standalone/qemu/qemu_args.txt
TRACE::2025-10-03.16:51:14::SCWPlatform::Trying to open the hw design at /home/grads/t/tamu_vik/ECEN-722/lab4/top_fft_time/hw/top_fft_time.xsa
TRACE::2025-10-03.16:51:14::SCWPlatform::DSA given /home/grads/t/tamu_vik/ECEN-722/lab4/top_fft_time/hw/top_fft_time.xsa
TRACE::2025-10-03.16:51:14::SCWPlatform::DSA absoulate path /home/grads/t/tamu_vik/ECEN-722/lab4/top_fft_time/hw/top_fft_time.xsa
TRACE::2025-10-03.16:51:14::SCWPlatform::DSA directory /home/grads/t/tamu_vik/ECEN-722/lab4/top_fft_time/hw
TRACE::2025-10-03.16:51:15::SCWPlatform:: Platform Path /home/grads/t/tamu_vik/ECEN-722/lab4/top_fft_time/hw/top_fft_time.xsa
TRACE::2025-10-03.16:51:15::SCWPlatform:: Unique name xilinx:zybo-z7-10::0.0
TRACE::2025-10-03.16:51:15::SCWPlatform::Trying to set the existing hwdb with name top_fft_time_0
TRACE::2025-10-03.16:51:15::SCWPlatform::Opened existing hwdb top_fft_time_0
TRACE::2025-10-03.16:51:15::SCWPlatform::Found the Hw Db part of the input DSA
TRACE::2025-10-03.16:51:15::SCWPlatform::Trying to open the hw design at /home/grads/t/tamu_vik/ECEN-722/lab4/top_fft_time/hw/top_fft_time.xsa
TRACE::2025-10-03.16:51:15::SCWPlatform::DSA given /home/grads/t/tamu_vik/ECEN-722/lab4/top_fft_time/hw/top_fft_time.xsa
TRACE::2025-10-03.16:51:15::SCWPlatform::DSA absoulate path /home/grads/t/tamu_vik/ECEN-722/lab4/top_fft_time/hw/top_fft_time.xsa
TRACE::2025-10-03.16:51:15::SCWPlatform::DSA directory /home/grads/t/tamu_vik/ECEN-722/lab4/top_fft_time/hw
TRACE::2025-10-03.16:51:15::SCWPlatform:: Platform Path /home/grads/t/tamu_vik/ECEN-722/lab4/top_fft_time/hw/top_fft_time.xsa
TRACE::2025-10-03.16:51:15::SCWPlatform:: Unique name xilinx:zybo-z7-10::0.0
TRACE::2025-10-03.16:51:15::SCWPlatform::Trying to set the existing hwdb with name top_fft_time_0
TRACE::2025-10-03.16:51:15::SCWPlatform::Opened existing hwdb top_fft_time_0
TRACE::2025-10-03.16:51:15::SCWPlatform::Found the Hw Db part of the input DSA
TRACE::2025-10-03.16:51:15::SCWPlatform::Trying to open the hw design at /home/grads/t/tamu_vik/ECEN-722/lab4/top_fft_time/hw/top_fft_time.xsa
TRACE::2025-10-03.16:51:15::SCWPlatform::DSA given /home/grads/t/tamu_vik/ECEN-722/lab4/top_fft_time/hw/top_fft_time.xsa
TRACE::2025-10-03.16:51:15::SCWPlatform::DSA absoulate path /home/grads/t/tamu_vik/ECEN-722/lab4/top_fft_time/hw/top_fft_time.xsa
TRACE::2025-10-03.16:51:15::SCWPlatform::DSA directory /home/grads/t/tamu_vik/ECEN-722/lab4/top_fft_time/hw
TRACE::2025-10-03.16:51:15::SCWPlatform:: Platform Path /home/grads/t/tamu_vik/ECEN-722/lab4/top_fft_time/hw/top_fft_time.xsa
TRACE::2025-10-03.16:51:15::SCWPlatform:: Unique name xilinx:zybo-z7-10::0.0
TRACE::2025-10-03.16:51:15::SCWPlatform::Trying to set the existing hwdb with name top_fft_time_0
TRACE::2025-10-03.16:51:15::SCWPlatform::Opened existing hwdb top_fft_time_0
TRACE::2025-10-03.16:51:15::SCWPlatform::Found the Hw Db part of the input DSA
TRACE::2025-10-03.16:51:15::SCWPlatform::Boot application domain added for zynq_fsbl
TRACE::2025-10-03.16:51:15::SCWPlatform::Generating the sources  .
TRACE::2025-10-03.16:51:15::SCWBDomain::Generating boot domain sources.
TRACE::2025-10-03.16:51:15::SCWBDomain:: Generating the zynq_fsbl Application.
TRACE::2025-10-03.16:51:15::SCWPlatform::Trying to open the hw design at /home/grads/t/tamu_vik/ECEN-722/lab4/top_fft_time/hw/top_fft_time.xsa
TRACE::2025-10-03.16:51:15::SCWPlatform::DSA given /home/grads/t/tamu_vik/ECEN-722/lab4/top_fft_time/hw/top_fft_time.xsa
TRACE::2025-10-03.16:51:15::SCWPlatform::DSA absoulate path /home/grads/t/tamu_vik/ECEN-722/lab4/top_fft_time/hw/top_fft_time.xsa
TRACE::2025-10-03.16:51:15::SCWPlatform::DSA directory /home/grads/t/tamu_vik/ECEN-722/lab4/top_fft_time/hw
TRACE::2025-10-03.16:51:15::SCWPlatform:: Platform Path /home/grads/t/tamu_vik/ECEN-722/lab4/top_fft_time/hw/top_fft_time.xsa
TRACE::2025-10-03.16:51:15::SCWPlatform:: Unique name xilinx:zybo-z7-10::0.0
TRACE::2025-10-03.16:51:15::SCWPlatform::Trying to set the existing hwdb with name top_fft_time_0
TRACE::2025-10-03.16:51:15::SCWPlatform::Opened existing hwdb top_fft_time_0
TRACE::2025-10-03.16:51:15::SCWPlatform::Found the Hw Db part of the input DSA
TRACE::2025-10-03.16:51:15::SCWMssOS::Checking the sw design at  /home/grads/t/tamu_vik/ECEN-722/lab4/top_fft_time/zynq_fsbl/zynq_fsbl_bsp/system.mss
TRACE::2025-10-03.16:51:15::SCWMssOS::DEBUG:  swdes dump  
TRACE::2025-10-03.16:51:15::SCWMssOS::No sw design opened at  /home/grads/t/tamu_vik/ECEN-722/lab4/top_fft_time/zynq_fsbl/zynq_fsbl_bsp/system.mss
TRACE::2025-10-03.16:51:15::SCWMssOS::mss does not exists at /home/grads/t/tamu_vik/ECEN-722/lab4/top_fft_time/zynq_fsbl/zynq_fsbl_bsp/system.mss
TRACE::2025-10-03.16:51:15::SCWMssOS::Creating sw design at  /home/grads/t/tamu_vik/ECEN-722/lab4/top_fft_time/zynq_fsbl/zynq_fsbl_bsp/system.mss
TRACE::2025-10-03.16:51:15::SCWMssOS::Adding the swdes entry, created swdb /home/grads/t/tamu_vik/ECEN-722/lab4/top_fft_time/zynq_fsbl/zynq_fsbl_bsp/system.mss with des name /home/grads/t/tamu_vik/ECEN-722/lab4/top_fft_time/zynq_fsbl/zynq_fsbl_bsp/system.mss
TRACE::2025-10-03.16:51:15::SCWMssOS::updating the scw layer changes to swdes at   /home/grads/t/tamu_vik/ECEN-722/lab4/top_fft_time/zynq_fsbl/zynq_fsbl_bsp/system.mss
TRACE::2025-10-03.16:51:15::SCWMssOS::Writing mss at /home/grads/t/tamu_vik/ECEN-722/lab4/top_fft_time/zynq_fsbl/zynq_fsbl_bsp/system.mss
TRACE::2025-10-03.16:51:16::SCWMssOS::Completed writing the mss file at /home/grads/t/tamu_vik/ECEN-722/lab4/top_fft_time/zynq_fsbl/zynq_fsbl_bsp
TRACE::2025-10-03.16:51:16::SCWMssOS::Picking up changes from newly written mss file into SCW Layer. 
TRACE::2025-10-03.16:51:16::SCWMssOS::Updated the changes from newly written mss file into SCW Layer. 
TRACE::2025-10-03.16:51:16::SCWBDomain::Completed writing the mss file at /home/grads/t/tamu_vik/ECEN-722/lab4/top_fft_time/zynq_fsbl/zynq_fsbl_bsp
TRACE::2025-10-03.16:52:17::SCWPlatform::Generating sources Done.
TRACE::2025-10-03.16:52:17::SCWPlatform::Trying to open the hw design at /home/grads/t/tamu_vik/ECEN-722/lab4/top_fft_time/hw/top_fft_time.xsa
TRACE::2025-10-03.16:52:17::SCWPlatform::DSA given /home/grads/t/tamu_vik/ECEN-722/lab4/top_fft_time/hw/top_fft_time.xsa
TRACE::2025-10-03.16:52:17::SCWPlatform::DSA absoulate path /home/grads/t/tamu_vik/ECEN-722/lab4/top_fft_time/hw/top_fft_time.xsa
TRACE::2025-10-03.16:52:17::SCWPlatform::DSA directory /home/grads/t/tamu_vik/ECEN-722/lab4/top_fft_time/hw
TRACE::2025-10-03.16:52:17::SCWPlatform:: Platform Path /home/grads/t/tamu_vik/ECEN-722/lab4/top_fft_time/hw/top_fft_time.xsa
TRACE::2025-10-03.16:52:17::SCWPlatform:: Unique name xilinx:zybo-z7-10::0.0
TRACE::2025-10-03.16:52:17::SCWPlatform::Trying to set the existing hwdb with name top_fft_time_0
TRACE::2025-10-03.16:52:17::SCWPlatform::Opened existing hwdb top_fft_time_0
TRACE::2025-10-03.16:52:17::SCWPlatform::Found the Hw Db part of the input DSA
TRACE::2025-10-03.16:52:17::SCWMssOS::Checking the sw design at  /home/grads/t/tamu_vik/ECEN-722/lab4/top_fft_time/zynq_fsbl/zynq_fsbl_bsp/system.mss
TRACE::2025-10-03.16:52:17::SCWMssOS::DEBUG:  swdes dump  
TRACE::2025-10-03.16:52:17::SCWMssOS::No sw design opened at  /home/grads/t/tamu_vik/ECEN-722/lab4/top_fft_time/zynq_fsbl/zynq_fsbl_bsp/system.mss
TRACE::2025-10-03.16:52:17::SCWMssOS::mss exists loading the mss file  /home/grads/t/tamu_vik/ECEN-722/lab4/top_fft_time/zynq_fsbl/zynq_fsbl_bsp/system.mss
TRACE::2025-10-03.16:52:18::SCWMssOS::Opened the sw design from mss  /home/grads/t/tamu_vik/ECEN-722/lab4/top_fft_time/zynq_fsbl/zynq_fsbl_bsp/system.mss
TRACE::2025-10-03.16:52:18::SCWMssOS::Adding the swdes entry /home/grads/t/tamu_vik/ECEN-722/lab4/top_fft_time/zynq_fsbl/zynq_fsbl_bsp/system.mss with des name system
TRACE::2025-10-03.16:52:18::SCWMssOS::updating the scw layer about changes
TRACE::2025-10-03.16:52:18::SCWMssOS::Opened the sw design.  /home/grads/t/tamu_vik/ECEN-722/lab4/top_fft_time/zynq_fsbl/zynq_fsbl_bsp/system.mss
TRACE::2025-10-03.16:52:18::SCWMssOS::Saving the mss changes /home/grads/t/tamu_vik/ECEN-722/lab4/top_fft_time/zynq_fsbl/zynq_fsbl_bsp/system.mss
TRACE::2025-10-03.16:52:18::SCWMssOS::Found a swdesign opened with the mssfile.
TRACE::2025-10-03.16:52:18::SCWMssOS::Completed writemss as part of save.
TRACE::2025-10-03.16:52:18::SCWMssOS::Commit changes completed.
TRACE::2025-10-03.16:52:18::SCWPlatform::Trying to open the hw design at /home/grads/t/tamu_vik/ECEN-722/lab4/top_fft_time/hw/top_fft_time.xsa
TRACE::2025-10-03.16:52:18::SCWPlatform::DSA given /home/grads/t/tamu_vik/ECEN-722/lab4/top_fft_time/hw/top_fft_time.xsa
TRACE::2025-10-03.16:52:18::SCWPlatform::DSA absoulate path /home/grads/t/tamu_vik/ECEN-722/lab4/top_fft_time/hw/top_fft_time.xsa
TRACE::2025-10-03.16:52:18::SCWPlatform::DSA directory /home/grads/t/tamu_vik/ECEN-722/lab4/top_fft_time/hw
TRACE::2025-10-03.16:52:18::SCWPlatform:: Platform Path /home/grads/t/tamu_vik/ECEN-722/lab4/top_fft_time/hw/top_fft_time.xsa
TRACE::2025-10-03.16:52:18::SCWPlatform:: Unique name xilinx:zybo-z7-10::0.0
TRACE::2025-10-03.16:52:18::SCWPlatform::Trying to set the existing hwdb with name top_fft_time_0
TRACE::2025-10-03.16:52:18::SCWPlatform::Opened existing hwdb top_fft_time_0
TRACE::2025-10-03.16:52:18::SCWPlatform::Found the Hw Db part of the input DSA
TRACE::2025-10-03.16:52:18::SCWMssOS::Checking the sw design at  /home/grads/t/tamu_vik/ECEN-722/lab4/top_fft_time/zynq_fsbl/zynq_fsbl_bsp/system.mss
TRACE::2025-10-03.16:52:18::SCWMssOS::DEBUG:  swdes dump  /home/grads/t/tamu_vik/ECEN-722/lab4/top_fft_time/zynq_fsbl/zynq_fsbl_bsp/system.mss|system||

TRACE::2025-10-03.16:52:18::SCWMssOS::Sw design exists and opened at  /home/grads/t/tamu_vik/ECEN-722/lab4/top_fft_time/zynq_fsbl/zynq_fsbl_bsp/system.mss
TRACE::2025-10-03.16:52:18::SCWPlatform::Trying to open the hw design at /home/grads/t/tamu_vik/ECEN-722/lab4/top_fft_time/hw/top_fft_time.xsa
TRACE::2025-10-03.16:52:18::SCWPlatform::DSA given /home/grads/t/tamu_vik/ECEN-722/lab4/top_fft_time/hw/top_fft_time.xsa
TRACE::2025-10-03.16:52:18::SCWPlatform::DSA absoulate path /home/grads/t/tamu_vik/ECEN-722/lab4/top_fft_time/hw/top_fft_time.xsa
TRACE::2025-10-03.16:52:18::SCWPlatform::DSA directory /home/grads/t/tamu_vik/ECEN-722/lab4/top_fft_time/hw
TRACE::2025-10-03.16:52:18::SCWPlatform:: Platform Path /home/grads/t/tamu_vik/ECEN-722/lab4/top_fft_time/hw/top_fft_time.xsa
TRACE::2025-10-03.16:52:18::SCWPlatform:: Unique name xilinx:zybo-z7-10::0.0
TRACE::2025-10-03.16:52:18::SCWPlatform::Trying to set the existing hwdb with name top_fft_time_0
TRACE::2025-10-03.16:52:18::SCWPlatform::Opened existing hwdb top_fft_time_0
TRACE::2025-10-03.16:52:18::SCWPlatform::Found the Hw Db part of the input DSA
TRACE::2025-10-03.16:52:18::SCWMssOS::Checking the sw design at  /home/grads/t/tamu_vik/ECEN-722/lab4/top_fft_time/zynq_fsbl/zynq_fsbl_bsp/system.mss
TRACE::2025-10-03.16:52:18::SCWMssOS::DEBUG:  swdes dump  /home/grads/t/tamu_vik/ECEN-722/lab4/top_fft_time/zynq_fsbl/zynq_fsbl_bsp/system.mss|system||

TRACE::2025-10-03.16:52:18::SCWMssOS::Sw design exists and opened at  /home/grads/t/tamu_vik/ECEN-722/lab4/top_fft_time/zynq_fsbl/zynq_fsbl_bsp/system.mss
TRACE::2025-10-03.16:52:18::SCWPlatform::Trying to open the hw design at /home/grads/t/tamu_vik/ECEN-722/lab4/top_fft_time/hw/top_fft_time.xsa
TRACE::2025-10-03.16:52:18::SCWPlatform::DSA given /home/grads/t/tamu_vik/ECEN-722/lab4/top_fft_time/hw/top_fft_time.xsa
TRACE::2025-10-03.16:52:18::SCWPlatform::DSA absoulate path /home/grads/t/tamu_vik/ECEN-722/lab4/top_fft_time/hw/top_fft_time.xsa
TRACE::2025-10-03.16:52:18::SCWPlatform::DSA directory /home/grads/t/tamu_vik/ECEN-722/lab4/top_fft_time/hw
TRACE::2025-10-03.16:52:18::SCWPlatform:: Platform Path /home/grads/t/tamu_vik/ECEN-722/lab4/top_fft_time/hw/top_fft_time.xsa
TRACE::2025-10-03.16:52:18::SCWPlatform:: Unique name xilinx:zybo-z7-10::0.0
TRACE::2025-10-03.16:52:18::SCWPlatform::Trying to set the existing hwdb with name top_fft_time_0
TRACE::2025-10-03.16:52:18::SCWPlatform::Opened existing hwdb top_fft_time_0
TRACE::2025-10-03.16:52:18::SCWPlatform::Found the Hw Db part of the input DSA
TRACE::2025-10-03.16:52:18::SCWMssOS::Checking the sw design at  /home/grads/t/tamu_vik/ECEN-722/lab4/top_fft_time/zynq_fsbl/zynq_fsbl_bsp/system.mss
TRACE::2025-10-03.16:52:18::SCWMssOS::DEBUG:  swdes dump  /home/grads/t/tamu_vik/ECEN-722/lab4/top_fft_time/zynq_fsbl/zynq_fsbl_bsp/system.mss|system||

TRACE::2025-10-03.16:52:18::SCWMssOS::Sw design exists and opened at  /home/grads/t/tamu_vik/ECEN-722/lab4/top_fft_time/zynq_fsbl/zynq_fsbl_bsp/system.mss
TRACE::2025-10-03.16:52:18::SCWWriter::formatted JSON is {
	"platformName":	"top_fft_time",
	"sprVersion":	"2.0",
	"mode":	"gui",
	"dsaType":	"Fixed",
	"platformDesc":	"top_fft_time",
	"platHandOff":	"<platformDir>.xsa",
	"platIntHandOff":	"<platformDir>/hw/top_fft_time.xsa",
	"deviceType":	"zynq",
	"platIsPrebuiltAutogen":	"false",
	"platIsNoBootBsp":	"false",
	"platFsblTarget":	"ps7_cortexa9_0",
	"hasFsblMakeHasChanges":	"false",
	"hasPmufwMakeHasChanges":	"false",
	"fsblExtraCompilerFlags":	"-MMD -MP       -mcpu=cortex-a9 -mfpu=vfpv3 -mfloat-abi=hard ",
	"platPreBuiltFlag":	false,
	"platformSamplesDir":	"",
	"platActiveSys":	"top_fft_time",
	"systems":	[{
			"systemName":	"top_fft_time",
			"systemDesc":	"top_fft_time",
			"sysIsBootAutoGen":	"true",
			"systemDispName":	"top_fft_time",
			"sysActiveDom":	"zynq_fsbl",
			"sysDefaultDom":	"",
			"domains":	[{
					"domainName":	"zynq_fsbl",
					"domainDispName":	"zynq_fsbl",
					"domainDesc":	"FSBL Application BSP - Auto Generated.",
					"processors":	"ps7_cortexa9_0",
					"os":	"standalone",
					"sdxOs":	"standalone",
					"debugEnable":	"",
					"domRuntimes":	["cpp"],
					"swRepo":	"",
					"mssOsVer":	"8.1",
					"mssFile":	"",
					"md5Digest":	"1a300d4c46cf1b1c73cbeaf9df7474db",
					"compatibleApp":	"zynq_fsbl",
					"domType":	"bootDomain",
					"arch":	"32-bit",
					"appSettings":	{
						"appCompilerFlags":	"",
						"appLinkerFlags":	""
					},
					"addedLibs":	["xilffs:5.0", "xilrsa:1.6"],
					"libOptions":	{
						"libsContainingOptions":	[]
					},
					"prebuiltLibs":	{
						"prebuiltIncPath":	[],
						"prebuiltLibPath":	[]
					},
					"isolation":	{
					}
				}]
		}]
}
TRACE::2025-10-03.16:52:18::SCWMssOS::Saving the mss changes /home/grads/t/tamu_vik/ECEN-722/lab4/top_fft_time/zynq_fsbl/zynq_fsbl_bsp/system.mss
TRACE::2025-10-03.16:52:18::SCWMssOS::Found a swdesign opened with the mssfile.
TRACE::2025-10-03.16:52:18::SCWMssOS::Completed writemss as part of save.
TRACE::2025-10-03.16:52:18::SCWMssOS::Commit changes completed.
TRACE::2025-10-03.16:52:18::SCWPlatform::Trying to open the hw design at /home/grads/t/tamu_vik/ECEN-722/lab4/top_fft_time/hw/top_fft_time.xsa
TRACE::2025-10-03.16:52:18::SCWPlatform::DSA given /home/grads/t/tamu_vik/ECEN-722/lab4/top_fft_time/hw/top_fft_time.xsa
TRACE::2025-10-03.16:52:18::SCWPlatform::DSA absoulate path /home/grads/t/tamu_vik/ECEN-722/lab4/top_fft_time/hw/top_fft_time.xsa
TRACE::2025-10-03.16:52:18::SCWPlatform::DSA directory /home/grads/t/tamu_vik/ECEN-722/lab4/top_fft_time/hw
TRACE::2025-10-03.16:52:18::SCWPlatform:: Platform Path /home/grads/t/tamu_vik/ECEN-722/lab4/top_fft_time/hw/top_fft_time.xsa
TRACE::2025-10-03.16:52:18::SCWPlatform:: Unique name xilinx:zybo-z7-10::0.0
TRACE::2025-10-03.16:52:18::SCWPlatform::Trying to set the existing hwdb with name top_fft_time_0
TRACE::2025-10-03.16:52:18::SCWPlatform::Opened existing hwdb top_fft_time_0
TRACE::2025-10-03.16:52:18::SCWPlatform::Found the Hw Db part of the input DSA
TRACE::2025-10-03.16:52:19::SCWMssOS::Checking the sw design at  /home/grads/t/tamu_vik/ECEN-722/lab4/top_fft_time/zynq_fsbl/zynq_fsbl_bsp/system.mss
TRACE::2025-10-03.16:52:19::SCWMssOS::DEBUG:  swdes dump  /home/grads/t/tamu_vik/ECEN-722/lab4/top_fft_time/zynq_fsbl/zynq_fsbl_bsp/system.mss|system||

TRACE::2025-10-03.16:52:19::SCWMssOS::Sw design exists and opened at  /home/grads/t/tamu_vik/ECEN-722/lab4/top_fft_time/zynq_fsbl/zynq_fsbl_bsp/system.mss
TRACE::2025-10-03.16:52:19::SCWPlatform::Trying to open the hw design at /home/grads/t/tamu_vik/ECEN-722/lab4/top_fft_time/hw/top_fft_time.xsa
TRACE::2025-10-03.16:52:19::SCWPlatform::DSA given /home/grads/t/tamu_vik/ECEN-722/lab4/top_fft_time/hw/top_fft_time.xsa
TRACE::2025-10-03.16:52:19::SCWPlatform::DSA absoulate path /home/grads/t/tamu_vik/ECEN-722/lab4/top_fft_time/hw/top_fft_time.xsa
TRACE::2025-10-03.16:52:19::SCWPlatform::DSA directory /home/grads/t/tamu_vik/ECEN-722/lab4/top_fft_time/hw
TRACE::2025-10-03.16:52:19::SCWPlatform:: Platform Path /home/grads/t/tamu_vik/ECEN-722/lab4/top_fft_time/hw/top_fft_time.xsa
TRACE::2025-10-03.16:52:19::SCWPlatform:: Unique name xilinx:zybo-z7-10::0.0
TRACE::2025-10-03.16:52:19::SCWPlatform::Trying to set the existing hwdb with name top_fft_time_0
TRACE::2025-10-03.16:52:19::SCWPlatform::Opened existing hwdb top_fft_time_0
TRACE::2025-10-03.16:52:19::SCWPlatform::Found the Hw Db part of the input DSA
TRACE::2025-10-03.16:52:19::SCWMssOS::Checking the sw design at  /home/grads/t/tamu_vik/ECEN-722/lab4/top_fft_time/zynq_fsbl/zynq_fsbl_bsp/system.mss
TRACE::2025-10-03.16:52:19::SCWMssOS::DEBUG:  swdes dump  /home/grads/t/tamu_vik/ECEN-722/lab4/top_fft_time/zynq_fsbl/zynq_fsbl_bsp/system.mss|system||

TRACE::2025-10-03.16:52:19::SCWMssOS::Sw design exists and opened at  /home/grads/t/tamu_vik/ECEN-722/lab4/top_fft_time/zynq_fsbl/zynq_fsbl_bsp/system.mss
TRACE::2025-10-03.16:52:19::SCWPlatform::Trying to open the hw design at /home/grads/t/tamu_vik/ECEN-722/lab4/top_fft_time/hw/top_fft_time.xsa
TRACE::2025-10-03.16:52:19::SCWPlatform::DSA given /home/grads/t/tamu_vik/ECEN-722/lab4/top_fft_time/hw/top_fft_time.xsa
TRACE::2025-10-03.16:52:19::SCWPlatform::DSA absoulate path /home/grads/t/tamu_vik/ECEN-722/lab4/top_fft_time/hw/top_fft_time.xsa
TRACE::2025-10-03.16:52:19::SCWPlatform::DSA directory /home/grads/t/tamu_vik/ECEN-722/lab4/top_fft_time/hw
TRACE::2025-10-03.16:52:19::SCWPlatform:: Platform Path /home/grads/t/tamu_vik/ECEN-722/lab4/top_fft_time/hw/top_fft_time.xsa
TRACE::2025-10-03.16:52:19::SCWPlatform:: Unique name xilinx:zybo-z7-10::0.0
TRACE::2025-10-03.16:52:19::SCWPlatform::Trying to set the existing hwdb with name top_fft_time_0
TRACE::2025-10-03.16:52:19::SCWPlatform::Opened existing hwdb top_fft_time_0
TRACE::2025-10-03.16:52:19::SCWPlatform::Found the Hw Db part of the input DSA
TRACE::2025-10-03.16:52:19::SCWMssOS::Checking the sw design at  /home/grads/t/tamu_vik/ECEN-722/lab4/top_fft_time/zynq_fsbl/zynq_fsbl_bsp/system.mss
TRACE::2025-10-03.16:52:19::SCWMssOS::DEBUG:  swdes dump  /home/grads/t/tamu_vik/ECEN-722/lab4/top_fft_time/zynq_fsbl/zynq_fsbl_bsp/system.mss|system||

TRACE::2025-10-03.16:52:19::SCWMssOS::Sw design exists and opened at  /home/grads/t/tamu_vik/ECEN-722/lab4/top_fft_time/zynq_fsbl/zynq_fsbl_bsp/system.mss
TRACE::2025-10-03.16:52:19::SCWWriter::formatted JSON is {
	"platformName":	"top_fft_time",
	"sprVersion":	"2.0",
	"mode":	"gui",
	"dsaType":	"Fixed",
	"platformDesc":	"top_fft_time",
	"platHandOff":	"<platformDir>.xsa",
	"platIntHandOff":	"<platformDir>/hw/top_fft_time.xsa",
	"deviceType":	"zynq",
	"platIsPrebuiltAutogen":	"false",
	"platIsNoBootBsp":	"false",
	"platFsblTarget":	"ps7_cortexa9_0",
	"hasFsblMakeHasChanges":	"false",
	"hasPmufwMakeHasChanges":	"false",
	"fsblExtraCompilerFlags":	"-MMD -MP       -mcpu=cortex-a9 -mfpu=vfpv3 -mfloat-abi=hard ",
	"platPreBuiltFlag":	false,
	"platformSamplesDir":	"",
	"platActiveSys":	"top_fft_time",
	"systems":	[{
			"systemName":	"top_fft_time",
			"systemDesc":	"top_fft_time",
			"sysIsBootAutoGen":	"true",
			"systemDispName":	"top_fft_time",
			"sysActiveDom":	"zynq_fsbl",
			"sysDefaultDom":	"",
			"domains":	[{
					"domainName":	"zynq_fsbl",
					"domainDispName":	"zynq_fsbl",
					"domainDesc":	"FSBL Application BSP - Auto Generated.",
					"processors":	"ps7_cortexa9_0",
					"os":	"standalone",
					"sdxOs":	"standalone",
					"debugEnable":	"",
					"domRuntimes":	["cpp"],
					"swRepo":	"",
					"mssOsVer":	"8.1",
					"mssFile":	"",
					"md5Digest":	"1a300d4c46cf1b1c73cbeaf9df7474db",
					"compatibleApp":	"zynq_fsbl",
					"domType":	"bootDomain",
					"arch":	"32-bit",
					"appSettings":	{
						"appCompilerFlags":	"",
						"appLinkerFlags":	""
					},
					"addedLibs":	["xilffs:5.0", "xilrsa:1.6"],
					"libOptions":	{
						"libsContainingOptions":	[]
					},
					"prebuiltLibs":	{
						"prebuiltIncPath":	[],
						"prebuiltLibPath":	[]
					},
					"isolation":	{
					}
				}]
		}]
}
TRACE::2025-10-03.16:52:24::SCWPlatform::Trying to open the hw design at /home/grads/t/tamu_vik/ECEN-722/lab4/top_fft_time/hw/top_fft_time.xsa
TRACE::2025-10-03.16:52:24::SCWPlatform::DSA given /home/grads/t/tamu_vik/ECEN-722/lab4/top_fft_time/hw/top_fft_time.xsa
TRACE::2025-10-03.16:52:24::SCWPlatform::DSA absoulate path /home/grads/t/tamu_vik/ECEN-722/lab4/top_fft_time/hw/top_fft_time.xsa
TRACE::2025-10-03.16:52:24::SCWPlatform::DSA directory /home/grads/t/tamu_vik/ECEN-722/lab4/top_fft_time/hw
TRACE::2025-10-03.16:52:24::SCWPlatform:: Platform Path /home/grads/t/tamu_vik/ECEN-722/lab4/top_fft_time/hw/top_fft_time.xsa
TRACE::2025-10-03.16:52:24::SCWPlatform:: Unique name xilinx:zybo-z7-10::0.0
TRACE::2025-10-03.16:52:24::SCWPlatform::Trying to set the existing hwdb with name top_fft_time_0
TRACE::2025-10-03.16:52:24::SCWPlatform::Opened existing hwdb top_fft_time_0
TRACE::2025-10-03.16:52:24::SCWPlatform::Found the Hw Db part of the input DSA
TRACE::2025-10-03.16:52:24::SCWDomain::checking for install qemu data   : 
TRACE::2025-10-03.16:52:24::SCWDomain:: Using the QEMU Data from install at  : /opt/coe/Xilinx/Vitis/2023.1/data/emulation/platforms/zynq/sw/a9_standalone/qemu/
TRACE::2025-10-03.16:52:24::SCWDomain:: Using the QEMU args  from install at  : /opt/coe/Xilinx/Vitis/2023.1/data/emulation/platforms/zynq/sw/a9_standalone/qemu/qemu_args.txt
TRACE::2025-10-03.16:52:24::SCWPlatform::Trying to open the hw design at /home/grads/t/tamu_vik/ECEN-722/lab4/top_fft_time/hw/top_fft_time.xsa
TRACE::2025-10-03.16:52:24::SCWPlatform::DSA given /home/grads/t/tamu_vik/ECEN-722/lab4/top_fft_time/hw/top_fft_time.xsa
TRACE::2025-10-03.16:52:24::SCWPlatform::DSA absoulate path /home/grads/t/tamu_vik/ECEN-722/lab4/top_fft_time/hw/top_fft_time.xsa
TRACE::2025-10-03.16:52:24::SCWPlatform::DSA directory /home/grads/t/tamu_vik/ECEN-722/lab4/top_fft_time/hw
TRACE::2025-10-03.16:52:24::SCWPlatform:: Platform Path /home/grads/t/tamu_vik/ECEN-722/lab4/top_fft_time/hw/top_fft_time.xsa
TRACE::2025-10-03.16:52:24::SCWPlatform:: Unique name xilinx:zybo-z7-10::0.0
TRACE::2025-10-03.16:52:24::SCWPlatform::Trying to set the existing hwdb with name top_fft_time_0
TRACE::2025-10-03.16:52:25::SCWPlatform::Opened existing hwdb top_fft_time_0
TRACE::2025-10-03.16:52:25::SCWPlatform::Found the Hw Db part of the input DSA
TRACE::2025-10-03.16:52:25::SCWPlatform::Trying to open the hw design at /home/grads/t/tamu_vik/ECEN-722/lab4/top_fft_time/hw/top_fft_time.xsa
TRACE::2025-10-03.16:52:25::SCWPlatform::DSA given /home/grads/t/tamu_vik/ECEN-722/lab4/top_fft_time/hw/top_fft_time.xsa
TRACE::2025-10-03.16:52:25::SCWPlatform::DSA absoulate path /home/grads/t/tamu_vik/ECEN-722/lab4/top_fft_time/hw/top_fft_time.xsa
TRACE::2025-10-03.16:52:25::SCWPlatform::DSA directory /home/grads/t/tamu_vik/ECEN-722/lab4/top_fft_time/hw
TRACE::2025-10-03.16:52:25::SCWPlatform:: Platform Path /home/grads/t/tamu_vik/ECEN-722/lab4/top_fft_time/hw/top_fft_time.xsa
TRACE::2025-10-03.16:52:25::SCWPlatform:: Unique name xilinx:zybo-z7-10::0.0
TRACE::2025-10-03.16:52:25::SCWPlatform::Trying to set the existing hwdb with name top_fft_time_0
TRACE::2025-10-03.16:52:25::SCWPlatform::Opened existing hwdb top_fft_time_0
TRACE::2025-10-03.16:52:25::SCWPlatform::Found the Hw Db part of the input DSA
TRACE::2025-10-03.16:52:25::SCWDomain::Qemu Directory name is changed from "" to "qemu"
TRACE::2025-10-03.16:52:25::SCWPlatform::Trying to open the hw design at /home/grads/t/tamu_vik/ECEN-722/lab4/top_fft_time/hw/top_fft_time.xsa
TRACE::2025-10-03.16:52:25::SCWPlatform::DSA given /home/grads/t/tamu_vik/ECEN-722/lab4/top_fft_time/hw/top_fft_time.xsa
TRACE::2025-10-03.16:52:25::SCWPlatform::DSA absoulate path /home/grads/t/tamu_vik/ECEN-722/lab4/top_fft_time/hw/top_fft_time.xsa
TRACE::2025-10-03.16:52:25::SCWPlatform::DSA directory /home/grads/t/tamu_vik/ECEN-722/lab4/top_fft_time/hw
TRACE::2025-10-03.16:52:25::SCWPlatform:: Platform Path /home/grads/t/tamu_vik/ECEN-722/lab4/top_fft_time/hw/top_fft_time.xsa
TRACE::2025-10-03.16:52:25::SCWPlatform:: Unique name xilinx:zybo-z7-10::0.0
TRACE::2025-10-03.16:52:25::SCWPlatform::Trying to set the existing hwdb with name top_fft_time_0
TRACE::2025-10-03.16:52:25::SCWPlatform::Opened existing hwdb top_fft_time_0
TRACE::2025-10-03.16:52:25::SCWPlatform::Found the Hw Db part of the input DSA
TRACE::2025-10-03.16:52:25::SCWMssOS::Checking the sw design at  /home/grads/t/tamu_vik/ECEN-722/lab4/top_fft_time/ps7_cortexa9_0/standalone_ps7_cortexa9_0/bsp/system.mss
TRACE::2025-10-03.16:52:25::SCWMssOS::DEBUG:  swdes dump  /home/grads/t/tamu_vik/ECEN-722/lab4/top_fft_time/zynq_fsbl/zynq_fsbl_bsp/system.mss|system||

TRACE::2025-10-03.16:52:25::SCWMssOS::No sw design opened at  /home/grads/t/tamu_vik/ECEN-722/lab4/top_fft_time/ps7_cortexa9_0/standalone_ps7_cortexa9_0/bsp/system.mss
TRACE::2025-10-03.16:52:25::SCWMssOS::mss does not exists at /home/grads/t/tamu_vik/ECEN-722/lab4/top_fft_time/ps7_cortexa9_0/standalone_ps7_cortexa9_0/bsp/system.mss
TRACE::2025-10-03.16:52:25::SCWMssOS::Creating sw design at  /home/grads/t/tamu_vik/ECEN-722/lab4/top_fft_time/ps7_cortexa9_0/standalone_ps7_cortexa9_0/bsp/system.mss
TRACE::2025-10-03.16:52:25::SCWMssOS::Adding the swdes entry, created swdb /home/grads/t/tamu_vik/ECEN-722/lab4/top_fft_time/ps7_cortexa9_0/standalone_ps7_cortexa9_0/bsp/system.mss with des name /home/grads/t/tamu_vik/ECEN-722/lab4/top_fft_time/ps7_cortexa9_0/standalone_ps7_cortexa9_0/bsp/system.mss
TRACE::2025-10-03.16:52:25::SCWMssOS::updating the scw layer changes to swdes at   /home/grads/t/tamu_vik/ECEN-722/lab4/top_fft_time/ps7_cortexa9_0/standalone_ps7_cortexa9_0/bsp/system.mss
TRACE::2025-10-03.16:52:25::SCWMssOS::Writing mss at /home/grads/t/tamu_vik/ECEN-722/lab4/top_fft_time/ps7_cortexa9_0/standalone_ps7_cortexa9_0/bsp/system.mss
TRACE::2025-10-03.16:52:25::SCWMssOS::Completed writing the mss file at /home/grads/t/tamu_vik/ECEN-722/lab4/top_fft_time/ps7_cortexa9_0/standalone_ps7_cortexa9_0/bsp
TRACE::2025-10-03.16:52:25::SCWMssOS::Picking up changes from newly written mss file into SCW Layer. 
TRACE::2025-10-03.16:52:25::SCWMssOS::Updated the changes from newly written mss file into SCW Layer. 
TRACE::2025-10-03.16:52:25::SCWMssOS::Completed writing the mss file at /home/grads/t/tamu_vik/ECEN-722/lab4/top_fft_time/ps7_cortexa9_0/standalone_ps7_cortexa9_0/bsp
TRACE::2025-10-03.16:52:25::SCWMssOS::Forcing BSP Sources regeneration.
TRACE::2025-10-03.16:53:09::SCWMssOS::Saving the mss changes /home/grads/t/tamu_vik/ECEN-722/lab4/top_fft_time/zynq_fsbl/zynq_fsbl_bsp/system.mss
TRACE::2025-10-03.16:53:09::SCWMssOS::Found a swdesign opened with the mssfile.
TRACE::2025-10-03.16:53:09::SCWMssOS::Completed writemss as part of save.
TRACE::2025-10-03.16:53:09::SCWMssOS::Commit changes completed.
TRACE::2025-10-03.16:53:09::SCWMssOS::Saving the mss changes /home/grads/t/tamu_vik/ECEN-722/lab4/top_fft_time/ps7_cortexa9_0/standalone_ps7_cortexa9_0/bsp/system.mss
TRACE::2025-10-03.16:53:09::SCWMssOS::Adding the swdes entry, mss present, able to open swdb /home/grads/t/tamu_vik/ECEN-722/lab4/top_fft_time/ps7_cortexa9_0/standalone_ps7_cortexa9_0/bsp/system.mss with des name system_0
TRACE::2025-10-03.16:53:09::SCWMssOS::Writing the mss file completed /home/grads/t/tamu_vik/ECEN-722/lab4/top_fft_time/ps7_cortexa9_0/standalone_ps7_cortexa9_0/bsp/system.mss
TRACE::2025-10-03.16:53:09::SCWMssOS::Commit changes completed.
TRACE::2025-10-03.16:53:09::SCWPlatform::Trying to open the hw design at /home/grads/t/tamu_vik/ECEN-722/lab4/top_fft_time/hw/top_fft_time.xsa
TRACE::2025-10-03.16:53:09::SCWPlatform::DSA given /home/grads/t/tamu_vik/ECEN-722/lab4/top_fft_time/hw/top_fft_time.xsa
TRACE::2025-10-03.16:53:09::SCWPlatform::DSA absoulate path /home/grads/t/tamu_vik/ECEN-722/lab4/top_fft_time/hw/top_fft_time.xsa
TRACE::2025-10-03.16:53:09::SCWPlatform::DSA directory /home/grads/t/tamu_vik/ECEN-722/lab4/top_fft_time/hw
TRACE::2025-10-03.16:53:09::SCWPlatform:: Platform Path /home/grads/t/tamu_vik/ECEN-722/lab4/top_fft_time/hw/top_fft_time.xsa
TRACE::2025-10-03.16:53:09::SCWPlatform:: Unique name xilinx:zybo-z7-10::0.0
TRACE::2025-10-03.16:53:09::SCWPlatform::Trying to set the existing hwdb with name top_fft_time_0
TRACE::2025-10-03.16:53:09::SCWPlatform::Opened existing hwdb top_fft_time_0
TRACE::2025-10-03.16:53:09::SCWPlatform::Found the Hw Db part of the input DSA
TRACE::2025-10-03.16:53:09::SCWMssOS::Checking the sw design at  /home/grads/t/tamu_vik/ECEN-722/lab4/top_fft_time/zynq_fsbl/zynq_fsbl_bsp/system.mss
TRACE::2025-10-03.16:53:09::SCWMssOS::DEBUG:  swdes dump  /home/grads/t/tamu_vik/ECEN-722/lab4/top_fft_time/ps7_cortexa9_0/standalone_ps7_cortexa9_0/bsp/system.mss|system_0||
/home/grads/t/tamu_vik/ECEN-722/lab4/top_fft_time/zynq_fsbl/zynq_fsbl_bsp/system.mss|system||

TRACE::2025-10-03.16:53:09::SCWMssOS::Sw design exists and opened at  /home/grads/t/tamu_vik/ECEN-722/lab4/top_fft_time/zynq_fsbl/zynq_fsbl_bsp/system.mss
TRACE::2025-10-03.16:53:09::SCWPlatform::Trying to open the hw design at /home/grads/t/tamu_vik/ECEN-722/lab4/top_fft_time/hw/top_fft_time.xsa
TRACE::2025-10-03.16:53:09::SCWPlatform::DSA given /home/grads/t/tamu_vik/ECEN-722/lab4/top_fft_time/hw/top_fft_time.xsa
TRACE::2025-10-03.16:53:09::SCWPlatform::DSA absoulate path /home/grads/t/tamu_vik/ECEN-722/lab4/top_fft_time/hw/top_fft_time.xsa
TRACE::2025-10-03.16:53:09::SCWPlatform::DSA directory /home/grads/t/tamu_vik/ECEN-722/lab4/top_fft_time/hw
TRACE::2025-10-03.16:53:09::SCWPlatform:: Platform Path /home/grads/t/tamu_vik/ECEN-722/lab4/top_fft_time/hw/top_fft_time.xsa
TRACE::2025-10-03.16:53:09::SCWPlatform:: Unique name xilinx:zybo-z7-10::0.0
TRACE::2025-10-03.16:53:09::SCWPlatform::Trying to set the existing hwdb with name top_fft_time_0
TRACE::2025-10-03.16:53:09::SCWPlatform::Opened existing hwdb top_fft_time_0
TRACE::2025-10-03.16:53:09::SCWPlatform::Found the Hw Db part of the input DSA
TRACE::2025-10-03.16:53:09::SCWMssOS::Checking the sw design at  /home/grads/t/tamu_vik/ECEN-722/lab4/top_fft_time/zynq_fsbl/zynq_fsbl_bsp/system.mss
TRACE::2025-10-03.16:53:09::SCWMssOS::DEBUG:  swdes dump  /home/grads/t/tamu_vik/ECEN-722/lab4/top_fft_time/ps7_cortexa9_0/standalone_ps7_cortexa9_0/bsp/system.mss|system_0||
/home/grads/t/tamu_vik/ECEN-722/lab4/top_fft_time/zynq_fsbl/zynq_fsbl_bsp/system.mss|system||

TRACE::2025-10-03.16:53:09::SCWMssOS::Sw design exists and opened at  /home/grads/t/tamu_vik/ECEN-722/lab4/top_fft_time/zynq_fsbl/zynq_fsbl_bsp/system.mss
TRACE::2025-10-03.16:53:09::SCWPlatform::Trying to open the hw design at /home/grads/t/tamu_vik/ECEN-722/lab4/top_fft_time/hw/top_fft_time.xsa
TRACE::2025-10-03.16:53:10::SCWPlatform::DSA given /home/grads/t/tamu_vik/ECEN-722/lab4/top_fft_time/hw/top_fft_time.xsa
TRACE::2025-10-03.16:53:10::SCWPlatform::DSA absoulate path /home/grads/t/tamu_vik/ECEN-722/lab4/top_fft_time/hw/top_fft_time.xsa
TRACE::2025-10-03.16:53:10::SCWPlatform::DSA directory /home/grads/t/tamu_vik/ECEN-722/lab4/top_fft_time/hw
TRACE::2025-10-03.16:53:10::SCWPlatform:: Platform Path /home/grads/t/tamu_vik/ECEN-722/lab4/top_fft_time/hw/top_fft_time.xsa
TRACE::2025-10-03.16:53:10::SCWPlatform:: Unique name xilinx:zybo-z7-10::0.0
TRACE::2025-10-03.16:53:10::SCWPlatform::Trying to set the existing hwdb with name top_fft_time_0
TRACE::2025-10-03.16:53:10::SCWPlatform::Opened existing hwdb top_fft_time_0
TRACE::2025-10-03.16:53:10::SCWPlatform::Found the Hw Db part of the input DSA
TRACE::2025-10-03.16:53:10::SCWMssOS::Checking the sw design at  /home/grads/t/tamu_vik/ECEN-722/lab4/top_fft_time/zynq_fsbl/zynq_fsbl_bsp/system.mss
TRACE::2025-10-03.16:53:10::SCWMssOS::DEBUG:  swdes dump  /home/grads/t/tamu_vik/ECEN-722/lab4/top_fft_time/ps7_cortexa9_0/standalone_ps7_cortexa9_0/bsp/system.mss|system_0||
/home/grads/t/tamu_vik/ECEN-722/lab4/top_fft_time/zynq_fsbl/zynq_fsbl_bsp/system.mss|system||

TRACE::2025-10-03.16:53:10::SCWMssOS::Sw design exists and opened at  /home/grads/t/tamu_vik/ECEN-722/lab4/top_fft_time/zynq_fsbl/zynq_fsbl_bsp/system.mss
TRACE::2025-10-03.16:53:10::SCWPlatform::Trying to open the hw design at /home/grads/t/tamu_vik/ECEN-722/lab4/top_fft_time/hw/top_fft_time.xsa
TRACE::2025-10-03.16:53:10::SCWPlatform::DSA given /home/grads/t/tamu_vik/ECEN-722/lab4/top_fft_time/hw/top_fft_time.xsa
TRACE::2025-10-03.16:53:10::SCWPlatform::DSA absoulate path /home/grads/t/tamu_vik/ECEN-722/lab4/top_fft_time/hw/top_fft_time.xsa
TRACE::2025-10-03.16:53:10::SCWPlatform::DSA directory /home/grads/t/tamu_vik/ECEN-722/lab4/top_fft_time/hw
TRACE::2025-10-03.16:53:10::SCWPlatform:: Platform Path /home/grads/t/tamu_vik/ECEN-722/lab4/top_fft_time/hw/top_fft_time.xsa
TRACE::2025-10-03.16:53:10::SCWPlatform:: Unique name xilinx:zybo-z7-10::0.0
TRACE::2025-10-03.16:53:10::SCWPlatform::Trying to set the existing hwdb with name top_fft_time_0
TRACE::2025-10-03.16:53:10::SCWPlatform::Opened existing hwdb top_fft_time_0
TRACE::2025-10-03.16:53:10::SCWPlatform::Found the Hw Db part of the input DSA
TRACE::2025-10-03.16:53:10::SCWMssOS::Checking the sw design at  /home/grads/t/tamu_vik/ECEN-722/lab4/top_fft_time/ps7_cortexa9_0/standalone_ps7_cortexa9_0/bsp/system.mss
TRACE::2025-10-03.16:53:10::SCWMssOS::DEBUG:  swdes dump  /home/grads/t/tamu_vik/ECEN-722/lab4/top_fft_time/ps7_cortexa9_0/standalone_ps7_cortexa9_0/bsp/system.mss|system_0||
/home/grads/t/tamu_vik/ECEN-722/lab4/top_fft_time/zynq_fsbl/zynq_fsbl_bsp/system.mss|system||

TRACE::2025-10-03.16:53:10::SCWMssOS::Sw design exists and opened at  /home/grads/t/tamu_vik/ECEN-722/lab4/top_fft_time/ps7_cortexa9_0/standalone_ps7_cortexa9_0/bsp/system.mss
TRACE::2025-10-03.16:53:10::SCWPlatform::Trying to open the hw design at /home/grads/t/tamu_vik/ECEN-722/lab4/top_fft_time/hw/top_fft_time.xsa
TRACE::2025-10-03.16:53:10::SCWPlatform::DSA given /home/grads/t/tamu_vik/ECEN-722/lab4/top_fft_time/hw/top_fft_time.xsa
TRACE::2025-10-03.16:53:10::SCWPlatform::DSA absoulate path /home/grads/t/tamu_vik/ECEN-722/lab4/top_fft_time/hw/top_fft_time.xsa
TRACE::2025-10-03.16:53:10::SCWPlatform::DSA directory /home/grads/t/tamu_vik/ECEN-722/lab4/top_fft_time/hw
TRACE::2025-10-03.16:53:10::SCWPlatform:: Platform Path /home/grads/t/tamu_vik/ECEN-722/lab4/top_fft_time/hw/top_fft_time.xsa
TRACE::2025-10-03.16:53:10::SCWPlatform:: Unique name xilinx:zybo-z7-10::0.0
TRACE::2025-10-03.16:53:10::SCWPlatform::Trying to set the existing hwdb with name top_fft_time_0
TRACE::2025-10-03.16:53:10::SCWPlatform::Opened existing hwdb top_fft_time_0
TRACE::2025-10-03.16:53:10::SCWPlatform::Found the Hw Db part of the input DSA
TRACE::2025-10-03.16:53:10::SCWMssOS::Checking the sw design at  /home/grads/t/tamu_vik/ECEN-722/lab4/top_fft_time/ps7_cortexa9_0/standalone_ps7_cortexa9_0/bsp/system.mss
TRACE::2025-10-03.16:53:10::SCWMssOS::DEBUG:  swdes dump  /home/grads/t/tamu_vik/ECEN-722/lab4/top_fft_time/ps7_cortexa9_0/standalone_ps7_cortexa9_0/bsp/system.mss|system_0||
/home/grads/t/tamu_vik/ECEN-722/lab4/top_fft_time/zynq_fsbl/zynq_fsbl_bsp/system.mss|system||

TRACE::2025-10-03.16:53:10::SCWMssOS::Sw design exists and opened at  /home/grads/t/tamu_vik/ECEN-722/lab4/top_fft_time/ps7_cortexa9_0/standalone_ps7_cortexa9_0/bsp/system.mss
TRACE::2025-10-03.16:53:10::SCWPlatform::Trying to open the hw design at /home/grads/t/tamu_vik/ECEN-722/lab4/top_fft_time/hw/top_fft_time.xsa
TRACE::2025-10-03.16:53:10::SCWPlatform::DSA given /home/grads/t/tamu_vik/ECEN-722/lab4/top_fft_time/hw/top_fft_time.xsa
TRACE::2025-10-03.16:53:10::SCWPlatform::DSA absoulate path /home/grads/t/tamu_vik/ECEN-722/lab4/top_fft_time/hw/top_fft_time.xsa
TRACE::2025-10-03.16:53:10::SCWPlatform::DSA directory /home/grads/t/tamu_vik/ECEN-722/lab4/top_fft_time/hw
TRACE::2025-10-03.16:53:10::SCWPlatform:: Platform Path /home/grads/t/tamu_vik/ECEN-722/lab4/top_fft_time/hw/top_fft_time.xsa
TRACE::2025-10-03.16:53:10::SCWPlatform:: Unique name xilinx:zybo-z7-10::0.0
TRACE::2025-10-03.16:53:10::SCWPlatform::Trying to set the existing hwdb with name top_fft_time_0
TRACE::2025-10-03.16:53:10::SCWPlatform::Opened existing hwdb top_fft_time_0
TRACE::2025-10-03.16:53:11::SCWPlatform::Found the Hw Db part of the input DSA
TRACE::2025-10-03.16:53:11::SCWMssOS::Checking the sw design at  /home/grads/t/tamu_vik/ECEN-722/lab4/top_fft_time/ps7_cortexa9_0/standalone_ps7_cortexa9_0/bsp/system.mss
TRACE::2025-10-03.16:53:11::SCWMssOS::DEBUG:  swdes dump  /home/grads/t/tamu_vik/ECEN-722/lab4/top_fft_time/ps7_cortexa9_0/standalone_ps7_cortexa9_0/bsp/system.mss|system_0||
/home/grads/t/tamu_vik/ECEN-722/lab4/top_fft_time/zynq_fsbl/zynq_fsbl_bsp/system.mss|system||

TRACE::2025-10-03.16:53:11::SCWMssOS::Sw design exists and opened at  /home/grads/t/tamu_vik/ECEN-722/lab4/top_fft_time/ps7_cortexa9_0/standalone_ps7_cortexa9_0/bsp/system.mss
TRACE::2025-10-03.16:53:11::SCWWriter::formatted JSON is {
	"platformName":	"top_fft_time",
	"sprVersion":	"2.0",
	"mode":	"gui",
	"dsaType":	"Fixed",
	"platformDesc":	"top_fft_time",
	"platHandOff":	"<platformDir>.xsa",
	"platIntHandOff":	"<platformDir>/hw/top_fft_time.xsa",
	"deviceType":	"zynq",
	"platIsPrebuiltAutogen":	"false",
	"platIsNoBootBsp":	"false",
	"platFsblTarget":	"ps7_cortexa9_0",
	"hasFsblMakeHasChanges":	"false",
	"hasPmufwMakeHasChanges":	"false",
	"fsblExtraCompilerFlags":	"-MMD -MP       -mcpu=cortex-a9 -mfpu=vfpv3 -mfloat-abi=hard ",
	"platPreBuiltFlag":	false,
	"platformSamplesDir":	"",
	"platActiveSys":	"top_fft_time",
	"systems":	[{
			"systemName":	"top_fft_time",
			"systemDesc":	"top_fft_time",
			"sysIsBootAutoGen":	"true",
			"systemDispName":	"top_fft_time",
			"sysActiveDom":	"standalone_ps7_cortexa9_0",
			"sysDefaultDom":	"standalone_ps7_cortexa9_0",
			"domains":	[{
					"domainName":	"zynq_fsbl",
					"domainDispName":	"zynq_fsbl",
					"domainDesc":	"FSBL Application BSP - Auto Generated.",
					"processors":	"ps7_cortexa9_0",
					"os":	"standalone",
					"sdxOs":	"standalone",
					"debugEnable":	"",
					"domRuntimes":	["cpp"],
					"swRepo":	"",
					"mssOsVer":	"8.1",
					"mssFile":	"",
					"md5Digest":	"1a300d4c46cf1b1c73cbeaf9df7474db",
					"compatibleApp":	"zynq_fsbl",
					"domType":	"bootDomain",
					"arch":	"32-bit",
					"appSettings":	{
						"appCompilerFlags":	"",
						"appLinkerFlags":	""
					},
					"addedLibs":	["xilffs:5.0", "xilrsa:1.6"],
					"libOptions":	{
						"libsContainingOptions":	[]
					},
					"prebuiltLibs":	{
						"prebuiltIncPath":	[],
						"prebuiltLibPath":	[]
					},
					"isolation":	{
					}
				}, {
					"domainName":	"standalone_ps7_cortexa9_0",
					"domainDispName":	"standalone_ps7_cortexa9_0",
					"domainDesc":	"standalone_ps7_cortexa9_0",
					"processors":	"ps7_cortexa9_0",
					"os":	"standalone",
					"sdxOs":	"standalone",
					"qemuArgs":	"<platformDir>/resources/top_fft_time/standalone_ps7_cortexa9_0/qemu_args.txt",
					"qemuData":	"<platformDir>/resources/top_fft_time/standalone_ps7_cortexa9_0/qemu",
					"debugEnable":	"False",
					"domRuntimes":	["cpp"],
					"swRepo":	"",
					"mssOsVer":	"8.1",
					"mssFile":	"",
					"md5Digest":	"1a300d4c46cf1b1c73cbeaf9df7474db",
					"compatibleApp":	"zynq_fsbl",
					"domType":	"mssDomain",
					"arch":	"32-bit",
					"appSettings":	{
						"appCompilerFlags":	"",
						"appLinkerFlags":	""
					},
					"addedLibs":	["xilffs:5.0", "xilrsa:1.6"],
					"libOptions":	{
						"libsContainingOptions":	[]
					},
					"prebuiltLibs":	{
						"prebuiltIncPath":	[],
						"prebuiltLibPath":	[]
					},
					"isolation":	{
					}
				}]
		}]
}
LOG::2025-10-03.16:53:11::SCWPlatform::Started generating the artifacts platform top_fft_time
TRACE::2025-10-03.16:53:11::SCWPlatform::Sanity checking of platform is completed
LOG::2025-10-03.16:53:11::SCWPlatform::Started generating the artifacts for system configuration top_fft_time
LOG::2025-10-03.16:53:11::SCWSystem::Checking the domain zynq_fsbl
LOG::2025-10-03.16:53:11::SCWSystem::Doing application build for :  zynq_fsbl
TRACE::2025-10-03.16:53:11::SCWBDomain::Not a forced makefile updation, No changes are present. 
TRACE::2025-10-03.16:53:11::SCWDomain::Skipping the build for domain :  zynq_fsbl
LOG::2025-10-03.16:53:11::SCWSystem::Checking the domain standalone_ps7_cortexa9_0
LOG::2025-10-03.16:53:11::SCWSystem::Not a boot domain 
LOG::2025-10-03.16:53:11::SCWSystem::Started Processing the domain standalone_ps7_cortexa9_0
TRACE::2025-10-03.16:53:11::SCWDomain::Generating domain artifcats
TRACE::2025-10-03.16:53:11::SCWMssOS::Generating standalone artifcats
TRACE::2025-10-03.16:53:11::SCWMssOS::Copying the qemu file from  /home/grads/t/tamu_vik/ECEN-722/lab4/top_fft_time/resources/top_fft_time/standalone_ps7_cortexa9_0/qemu_args.txt To /home/grads/t/tamu_vik/ECEN-722/lab4/top_fft_time/export/top_fft_time/sw/top_fft_time/qemu/
TRACE::2025-10-03.16:53:11::SCWMssOS::Copying the qemu file from  /home/grads/t/tamu_vik/ECEN-722/lab4/top_fft_time/resources/top_fft_time/standalone_ps7_cortexa9_0/qemu_args.txt To /home/grads/t/tamu_vik/ECEN-722/lab4/top_fft_time/export/top_fft_time/sw/top_fft_time/standalone_ps7_cortexa9_0/qemu/
TRACE::2025-10-03.16:53:11::SCWMssOS:: Copying the user libraries. 
TRACE::2025-10-03.16:53:11::SCWPlatform::Trying to open the hw design at /home/grads/t/tamu_vik/ECEN-722/lab4/top_fft_time/hw/top_fft_time.xsa
TRACE::2025-10-03.16:53:11::SCWPlatform::DSA given /home/grads/t/tamu_vik/ECEN-722/lab4/top_fft_time/hw/top_fft_time.xsa
TRACE::2025-10-03.16:53:11::SCWPlatform::DSA absoulate path /home/grads/t/tamu_vik/ECEN-722/lab4/top_fft_time/hw/top_fft_time.xsa
TRACE::2025-10-03.16:53:11::SCWPlatform::DSA directory /home/grads/t/tamu_vik/ECEN-722/lab4/top_fft_time/hw
TRACE::2025-10-03.16:53:11::SCWPlatform:: Platform Path /home/grads/t/tamu_vik/ECEN-722/lab4/top_fft_time/hw/top_fft_time.xsa
TRACE::2025-10-03.16:53:11::SCWPlatform:: Unique name xilinx:zybo-z7-10::0.0
TRACE::2025-10-03.16:53:11::SCWPlatform::Trying to set the existing hwdb with name top_fft_time_0
TRACE::2025-10-03.16:53:11::SCWPlatform::Opened existing hwdb top_fft_time_0
TRACE::2025-10-03.16:53:11::SCWPlatform::Found the Hw Db part of the input DSA
TRACE::2025-10-03.16:53:11::SCWMssOS::Checking the sw design at  /home/grads/t/tamu_vik/ECEN-722/lab4/top_fft_time/ps7_cortexa9_0/standalone_ps7_cortexa9_0/bsp/system.mss
TRACE::2025-10-03.16:53:11::SCWMssOS::DEBUG:  swdes dump  /home/grads/t/tamu_vik/ECEN-722/lab4/top_fft_time/ps7_cortexa9_0/standalone_ps7_cortexa9_0/bsp/system.mss|system_0||
/home/grads/t/tamu_vik/ECEN-722/lab4/top_fft_time/zynq_fsbl/zynq_fsbl_bsp/system.mss|system||

TRACE::2025-10-03.16:53:11::SCWMssOS::Sw design exists and opened at  /home/grads/t/tamu_vik/ECEN-722/lab4/top_fft_time/ps7_cortexa9_0/standalone_ps7_cortexa9_0/bsp/system.mss
TRACE::2025-10-03.16:53:11::SCWMssOS::Completed writing the mss file at /home/grads/t/tamu_vik/ECEN-722/lab4/top_fft_time/ps7_cortexa9_0/standalone_ps7_cortexa9_0/bsp
TRACE::2025-10-03.16:53:11::SCWMssOS::Mss edits present, copying mssfile into export location /home/grads/t/tamu_vik/ECEN-722/lab4/top_fft_time/ps7_cortexa9_0/standalone_ps7_cortexa9_0/bsp/system.mss
TRACE::2025-10-03.16:53:11::SCWMssOS::bsp generated is upto date with the mss file. Skipping bsp generation.
TRACE::2025-10-03.16:53:11::SCWMssOS::BSP is already built. skipping the bsp build ... 
TRACE::2025-10-03.16:53:11::SCWDomain::Skipping the build for domain :  standalone_ps7_cortexa9_0
TRACE::2025-10-03.16:53:12::SCWMssOS::skipping the bsp build ... 
TRACE::2025-10-03.16:53:12::SCWMssOS::Copying to export directory.
TRACE::2025-10-03.16:53:12::SCWMssOS:: Checking if to create the Supporting Applications
TRACE::2025-10-03.16:53:12::SCWMssOS:: No Linux domain exists, trying to generate FSBL 
TRACE::2025-10-03.16:53:12::SCWMssOS:: Completed Standalone Artifacts creation 
LOG::2025-10-03.16:53:12::SCWSystem::Completed Processing the domain standalone_ps7_cortexa9_0
LOG::2025-10-03.16:53:12::SCWSystem::Completed Processing the sysconfig top_fft_time
LOG::2025-10-03.16:53:12::SCWPlatform::Completed generating the artifacts for system configuration top_fft_time
TRACE::2025-10-03.16:53:12::SCWPlatform::Started preparing the platform 
TRACE::2025-10-03.16:53:12::SCWSystem::Writing the bif file for system config top_fft_time
TRACE::2025-10-03.16:53:12::SCWSystem::dir created 
TRACE::2025-10-03.16:53:12::SCWSystem::Writing the bif 
TRACE::2025-10-03.16:53:12::SCWPlatform::Started writing the spfm file 
TRACE::2025-10-03.16:53:12::SCWPlatform::Started writing the xpfm file 
TRACE::2025-10-03.16:53:12::SCWPlatform::Completed generating the platform
TRACE::2025-10-03.16:53:12::SCWMssOS::Saving the mss changes /home/grads/t/tamu_vik/ECEN-722/lab4/top_fft_time/zynq_fsbl/zynq_fsbl_bsp/system.mss
TRACE::2025-10-03.16:53:12::SCWMssOS::Found a swdesign opened with the mssfile.
TRACE::2025-10-03.16:53:12::SCWMssOS::Completed writemss as part of save.
TRACE::2025-10-03.16:53:12::SCWMssOS::Commit changes completed.
TRACE::2025-10-03.16:53:12::SCWMssOS::Saving the mss changes /home/grads/t/tamu_vik/ECEN-722/lab4/top_fft_time/ps7_cortexa9_0/standalone_ps7_cortexa9_0/bsp/system.mss
TRACE::2025-10-03.16:53:12::SCWMssOS::Found a swdesign opened with the mssfile.
TRACE::2025-10-03.16:53:12::SCWMssOS::Completed writemss as part of save.
TRACE::2025-10-03.16:53:12::SCWMssOS::Commit changes completed.
TRACE::2025-10-03.16:53:12::SCWPlatform::Trying to open the hw design at /home/grads/t/tamu_vik/ECEN-722/lab4/top_fft_time/hw/top_fft_time.xsa
TRACE::2025-10-03.16:53:12::SCWPlatform::DSA given /home/grads/t/tamu_vik/ECEN-722/lab4/top_fft_time/hw/top_fft_time.xsa
TRACE::2025-10-03.16:53:12::SCWPlatform::DSA absoulate path /home/grads/t/tamu_vik/ECEN-722/lab4/top_fft_time/hw/top_fft_time.xsa
TRACE::2025-10-03.16:53:12::SCWPlatform::DSA directory /home/grads/t/tamu_vik/ECEN-722/lab4/top_fft_time/hw
TRACE::2025-10-03.16:53:12::SCWPlatform:: Platform Path /home/grads/t/tamu_vik/ECEN-722/lab4/top_fft_time/hw/top_fft_time.xsa
TRACE::2025-10-03.16:53:12::SCWPlatform:: Unique name xilinx:zybo-z7-10::0.0
TRACE::2025-10-03.16:53:12::SCWPlatform::Trying to set the existing hwdb with name top_fft_time_0
TRACE::2025-10-03.16:53:12::SCWPlatform::Opened existing hwdb top_fft_time_0
TRACE::2025-10-03.16:53:12::SCWPlatform::Found the Hw Db part of the input DSA
TRACE::2025-10-03.16:53:12::SCWMssOS::Checking the sw design at  /home/grads/t/tamu_vik/ECEN-722/lab4/top_fft_time/zynq_fsbl/zynq_fsbl_bsp/system.mss
TRACE::2025-10-03.16:53:12::SCWMssOS::DEBUG:  swdes dump  /home/grads/t/tamu_vik/ECEN-722/lab4/top_fft_time/ps7_cortexa9_0/standalone_ps7_cortexa9_0/bsp/system.mss|system_0||
/home/grads/t/tamu_vik/ECEN-722/lab4/top_fft_time/zynq_fsbl/zynq_fsbl_bsp/system.mss|system||

TRACE::2025-10-03.16:53:12::SCWMssOS::Sw design exists and opened at  /home/grads/t/tamu_vik/ECEN-722/lab4/top_fft_time/zynq_fsbl/zynq_fsbl_bsp/system.mss
TRACE::2025-10-03.16:53:12::SCWPlatform::Trying to open the hw design at /home/grads/t/tamu_vik/ECEN-722/lab4/top_fft_time/hw/top_fft_time.xsa
TRACE::2025-10-03.16:53:12::SCWPlatform::DSA given /home/grads/t/tamu_vik/ECEN-722/lab4/top_fft_time/hw/top_fft_time.xsa
TRACE::2025-10-03.16:53:12::SCWPlatform::DSA absoulate path /home/grads/t/tamu_vik/ECEN-722/lab4/top_fft_time/hw/top_fft_time.xsa
TRACE::2025-10-03.16:53:12::SCWPlatform::DSA directory /home/grads/t/tamu_vik/ECEN-722/lab4/top_fft_time/hw
TRACE::2025-10-03.16:53:12::SCWPlatform:: Platform Path /home/grads/t/tamu_vik/ECEN-722/lab4/top_fft_time/hw/top_fft_time.xsa
TRACE::2025-10-03.16:53:12::SCWPlatform:: Unique name xilinx:zybo-z7-10::0.0
TRACE::2025-10-03.16:53:12::SCWPlatform::Trying to set the existing hwdb with name top_fft_time_0
TRACE::2025-10-03.16:53:12::SCWPlatform::Opened existing hwdb top_fft_time_0
TRACE::2025-10-03.16:53:12::SCWPlatform::Found the Hw Db part of the input DSA
TRACE::2025-10-03.16:53:12::SCWMssOS::Checking the sw design at  /home/grads/t/tamu_vik/ECEN-722/lab4/top_fft_time/zynq_fsbl/zynq_fsbl_bsp/system.mss
TRACE::2025-10-03.16:53:12::SCWMssOS::DEBUG:  swdes dump  /home/grads/t/tamu_vik/ECEN-722/lab4/top_fft_time/ps7_cortexa9_0/standalone_ps7_cortexa9_0/bsp/system.mss|system_0||
/home/grads/t/tamu_vik/ECEN-722/lab4/top_fft_time/zynq_fsbl/zynq_fsbl_bsp/system.mss|system||

TRACE::2025-10-03.16:53:12::SCWMssOS::Sw design exists and opened at  /home/grads/t/tamu_vik/ECEN-722/lab4/top_fft_time/zynq_fsbl/zynq_fsbl_bsp/system.mss
TRACE::2025-10-03.16:53:12::SCWPlatform::Trying to open the hw design at /home/grads/t/tamu_vik/ECEN-722/lab4/top_fft_time/hw/top_fft_time.xsa
TRACE::2025-10-03.16:53:12::SCWPlatform::DSA given /home/grads/t/tamu_vik/ECEN-722/lab4/top_fft_time/hw/top_fft_time.xsa
TRACE::2025-10-03.16:53:12::SCWPlatform::DSA absoulate path /home/grads/t/tamu_vik/ECEN-722/lab4/top_fft_time/hw/top_fft_time.xsa
TRACE::2025-10-03.16:53:12::SCWPlatform::DSA directory /home/grads/t/tamu_vik/ECEN-722/lab4/top_fft_time/hw
TRACE::2025-10-03.16:53:12::SCWPlatform:: Platform Path /home/grads/t/tamu_vik/ECEN-722/lab4/top_fft_time/hw/top_fft_time.xsa
TRACE::2025-10-03.16:53:12::SCWPlatform:: Unique name xilinx:zybo-z7-10::0.0
TRACE::2025-10-03.16:53:12::SCWPlatform::Trying to set the existing hwdb with name top_fft_time_0
TRACE::2025-10-03.16:53:12::SCWPlatform::Opened existing hwdb top_fft_time_0
TRACE::2025-10-03.16:53:12::SCWPlatform::Found the Hw Db part of the input DSA
TRACE::2025-10-03.16:53:12::SCWMssOS::Checking the sw design at  /home/grads/t/tamu_vik/ECEN-722/lab4/top_fft_time/zynq_fsbl/zynq_fsbl_bsp/system.mss
TRACE::2025-10-03.16:53:12::SCWMssOS::DEBUG:  swdes dump  /home/grads/t/tamu_vik/ECEN-722/lab4/top_fft_time/ps7_cortexa9_0/standalone_ps7_cortexa9_0/bsp/system.mss|system_0||
/home/grads/t/tamu_vik/ECEN-722/lab4/top_fft_time/zynq_fsbl/zynq_fsbl_bsp/system.mss|system||

TRACE::2025-10-03.16:53:12::SCWMssOS::Sw design exists and opened at  /home/grads/t/tamu_vik/ECEN-722/lab4/top_fft_time/zynq_fsbl/zynq_fsbl_bsp/system.mss
TRACE::2025-10-03.16:53:12::SCWPlatform::Trying to open the hw design at /home/grads/t/tamu_vik/ECEN-722/lab4/top_fft_time/hw/top_fft_time.xsa
TRACE::2025-10-03.16:53:13::SCWPlatform::DSA given /home/grads/t/tamu_vik/ECEN-722/lab4/top_fft_time/hw/top_fft_time.xsa
TRACE::2025-10-03.16:53:13::SCWPlatform::DSA absoulate path /home/grads/t/tamu_vik/ECEN-722/lab4/top_fft_time/hw/top_fft_time.xsa
TRACE::2025-10-03.16:53:13::SCWPlatform::DSA directory /home/grads/t/tamu_vik/ECEN-722/lab4/top_fft_time/hw
TRACE::2025-10-03.16:53:13::SCWPlatform:: Platform Path /home/grads/t/tamu_vik/ECEN-722/lab4/top_fft_time/hw/top_fft_time.xsa
TRACE::2025-10-03.16:53:13::SCWPlatform:: Unique name xilinx:zybo-z7-10::0.0
TRACE::2025-10-03.16:53:13::SCWPlatform::Trying to set the existing hwdb with name top_fft_time_0
TRACE::2025-10-03.16:53:13::SCWPlatform::Opened existing hwdb top_fft_time_0
TRACE::2025-10-03.16:53:13::SCWPlatform::Found the Hw Db part of the input DSA
TRACE::2025-10-03.16:53:13::SCWMssOS::Checking the sw design at  /home/grads/t/tamu_vik/ECEN-722/lab4/top_fft_time/ps7_cortexa9_0/standalone_ps7_cortexa9_0/bsp/system.mss
TRACE::2025-10-03.16:53:13::SCWMssOS::DEBUG:  swdes dump  /home/grads/t/tamu_vik/ECEN-722/lab4/top_fft_time/ps7_cortexa9_0/standalone_ps7_cortexa9_0/bsp/system.mss|system_0||
/home/grads/t/tamu_vik/ECEN-722/lab4/top_fft_time/zynq_fsbl/zynq_fsbl_bsp/system.mss|system||

TRACE::2025-10-03.16:53:13::SCWMssOS::Sw design exists and opened at  /home/grads/t/tamu_vik/ECEN-722/lab4/top_fft_time/ps7_cortexa9_0/standalone_ps7_cortexa9_0/bsp/system.mss
TRACE::2025-10-03.16:53:13::SCWPlatform::Trying to open the hw design at /home/grads/t/tamu_vik/ECEN-722/lab4/top_fft_time/hw/top_fft_time.xsa
TRACE::2025-10-03.16:53:13::SCWPlatform::DSA given /home/grads/t/tamu_vik/ECEN-722/lab4/top_fft_time/hw/top_fft_time.xsa
TRACE::2025-10-03.16:53:13::SCWPlatform::DSA absoulate path /home/grads/t/tamu_vik/ECEN-722/lab4/top_fft_time/hw/top_fft_time.xsa
TRACE::2025-10-03.16:53:13::SCWPlatform::DSA directory /home/grads/t/tamu_vik/ECEN-722/lab4/top_fft_time/hw
TRACE::2025-10-03.16:53:13::SCWPlatform:: Platform Path /home/grads/t/tamu_vik/ECEN-722/lab4/top_fft_time/hw/top_fft_time.xsa
TRACE::2025-10-03.16:53:13::SCWPlatform:: Unique name xilinx:zybo-z7-10::0.0
TRACE::2025-10-03.16:53:13::SCWPlatform::Trying to set the existing hwdb with name top_fft_time_0
TRACE::2025-10-03.16:53:13::SCWPlatform::Opened existing hwdb top_fft_time_0
TRACE::2025-10-03.16:53:13::SCWPlatform::Found the Hw Db part of the input DSA
TRACE::2025-10-03.16:53:13::SCWMssOS::Checking the sw design at  /home/grads/t/tamu_vik/ECEN-722/lab4/top_fft_time/ps7_cortexa9_0/standalone_ps7_cortexa9_0/bsp/system.mss
TRACE::2025-10-03.16:53:13::SCWMssOS::DEBUG:  swdes dump  /home/grads/t/tamu_vik/ECEN-722/lab4/top_fft_time/ps7_cortexa9_0/standalone_ps7_cortexa9_0/bsp/system.mss|system_0||
/home/grads/t/tamu_vik/ECEN-722/lab4/top_fft_time/zynq_fsbl/zynq_fsbl_bsp/system.mss|system||

TRACE::2025-10-03.16:53:13::SCWMssOS::Sw design exists and opened at  /home/grads/t/tamu_vik/ECEN-722/lab4/top_fft_time/ps7_cortexa9_0/standalone_ps7_cortexa9_0/bsp/system.mss
TRACE::2025-10-03.16:53:13::SCWPlatform::Trying to open the hw design at /home/grads/t/tamu_vik/ECEN-722/lab4/top_fft_time/hw/top_fft_time.xsa
TRACE::2025-10-03.16:53:13::SCWPlatform::DSA given /home/grads/t/tamu_vik/ECEN-722/lab4/top_fft_time/hw/top_fft_time.xsa
TRACE::2025-10-03.16:53:13::SCWPlatform::DSA absoulate path /home/grads/t/tamu_vik/ECEN-722/lab4/top_fft_time/hw/top_fft_time.xsa
TRACE::2025-10-03.16:53:13::SCWPlatform::DSA directory /home/grads/t/tamu_vik/ECEN-722/lab4/top_fft_time/hw
TRACE::2025-10-03.16:53:13::SCWPlatform:: Platform Path /home/grads/t/tamu_vik/ECEN-722/lab4/top_fft_time/hw/top_fft_time.xsa
TRACE::2025-10-03.16:53:13::SCWPlatform:: Unique name xilinx:zybo-z7-10::0.0
TRACE::2025-10-03.16:53:13::SCWPlatform::Trying to set the existing hwdb with name top_fft_time_0
TRACE::2025-10-03.16:53:13::SCWPlatform::Opened existing hwdb top_fft_time_0
TRACE::2025-10-03.16:53:13::SCWPlatform::Found the Hw Db part of the input DSA
TRACE::2025-10-03.16:53:13::SCWMssOS::Checking the sw design at  /home/grads/t/tamu_vik/ECEN-722/lab4/top_fft_time/ps7_cortexa9_0/standalone_ps7_cortexa9_0/bsp/system.mss
TRACE::2025-10-03.16:53:13::SCWMssOS::DEBUG:  swdes dump  /home/grads/t/tamu_vik/ECEN-722/lab4/top_fft_time/ps7_cortexa9_0/standalone_ps7_cortexa9_0/bsp/system.mss|system_0||
/home/grads/t/tamu_vik/ECEN-722/lab4/top_fft_time/zynq_fsbl/zynq_fsbl_bsp/system.mss|system||

TRACE::2025-10-03.16:53:13::SCWMssOS::Sw design exists and opened at  /home/grads/t/tamu_vik/ECEN-722/lab4/top_fft_time/ps7_cortexa9_0/standalone_ps7_cortexa9_0/bsp/system.mss
TRACE::2025-10-03.16:53:13::SCWWriter::formatted JSON is {
	"platformName":	"top_fft_time",
	"sprVersion":	"2.0",
	"mode":	"gui",
	"dsaType":	"Fixed",
	"platformDesc":	"top_fft_time",
	"platHandOff":	"<platformDir>.xsa",
	"platIntHandOff":	"<platformDir>/hw/top_fft_time.xsa",
	"deviceType":	"zynq",
	"platIsPrebuiltAutogen":	"false",
	"platIsNoBootBsp":	"false",
	"platFsblTarget":	"ps7_cortexa9_0",
	"hasFsblMakeHasChanges":	"false",
	"hasPmufwMakeHasChanges":	"false",
	"fsblExtraCompilerFlags":	"-MMD -MP       -mcpu=cortex-a9 -mfpu=vfpv3 -mfloat-abi=hard ",
	"platPreBuiltFlag":	false,
	"platformSamplesDir":	"",
	"platActiveSys":	"top_fft_time",
	"systems":	[{
			"systemName":	"top_fft_time",
			"systemDesc":	"top_fft_time",
			"sysIsBootAutoGen":	"true",
			"systemDispName":	"top_fft_time",
			"sysActiveDom":	"standalone_ps7_cortexa9_0",
			"sysDefaultDom":	"standalone_ps7_cortexa9_0",
			"domains":	[{
					"domainName":	"zynq_fsbl",
					"domainDispName":	"zynq_fsbl",
					"domainDesc":	"FSBL Application BSP - Auto Generated.",
					"processors":	"ps7_cortexa9_0",
					"os":	"standalone",
					"sdxOs":	"standalone",
					"debugEnable":	"",
					"domRuntimes":	["cpp"],
					"swRepo":	"",
					"mssOsVer":	"8.1",
					"mssFile":	"",
					"md5Digest":	"1a300d4c46cf1b1c73cbeaf9df7474db",
					"compatibleApp":	"zynq_fsbl",
					"domType":	"bootDomain",
					"arch":	"32-bit",
					"appSettings":	{
						"appCompilerFlags":	"",
						"appLinkerFlags":	""
					},
					"addedLibs":	["xilffs:5.0", "xilrsa:1.6"],
					"libOptions":	{
						"libsContainingOptions":	[]
					},
					"prebuiltLibs":	{
						"prebuiltIncPath":	[],
						"prebuiltLibPath":	[]
					},
					"isolation":	{
					}
				}, {
					"domainName":	"standalone_ps7_cortexa9_0",
					"domainDispName":	"standalone_ps7_cortexa9_0",
					"domainDesc":	"standalone_ps7_cortexa9_0",
					"processors":	"ps7_cortexa9_0",
					"os":	"standalone",
					"sdxOs":	"standalone",
					"qemuArgs":	"<platformDir>/resources/top_fft_time/standalone_ps7_cortexa9_0/qemu_args.txt",
					"qemuData":	"<platformDir>/resources/top_fft_time/standalone_ps7_cortexa9_0/qemu",
					"debugEnable":	"False",
					"domRuntimes":	["cpp"],
					"swRepo":	"",
					"mssOsVer":	"8.1",
					"mssFile":	"",
					"md5Digest":	"1a300d4c46cf1b1c73cbeaf9df7474db",
					"compatibleApp":	"zynq_fsbl",
					"domType":	"mssDomain",
					"arch":	"32-bit",
					"appSettings":	{
						"appCompilerFlags":	"",
						"appLinkerFlags":	""
					},
					"addedLibs":	["xilffs:5.0", "xilrsa:1.6"],
					"libOptions":	{
						"libsContainingOptions":	[]
					},
					"prebuiltLibs":	{
						"prebuiltIncPath":	[],
						"prebuiltLibPath":	[]
					},
					"isolation":	{
					}
				}]
		}]
}
KEYINFO::2025-10-03.16:53:13::SCWPlatform::updated the xpfm file.
TRACE::2025-10-03.16:53:14::SCWPlatform::Trying to open the hw design at /home/grads/t/tamu_vik/ECEN-722/lab4/top_fft_time/hw/top_fft_time.xsa
TRACE::2025-10-03.16:53:14::SCWPlatform::DSA given /home/grads/t/tamu_vik/ECEN-722/lab4/top_fft_time/hw/top_fft_time.xsa
TRACE::2025-10-03.16:53:14::SCWPlatform::DSA absoulate path /home/grads/t/tamu_vik/ECEN-722/lab4/top_fft_time/hw/top_fft_time.xsa
TRACE::2025-10-03.16:53:14::SCWPlatform::DSA directory /home/grads/t/tamu_vik/ECEN-722/lab4/top_fft_time/hw
TRACE::2025-10-03.16:53:14::SCWPlatform:: Platform Path /home/grads/t/tamu_vik/ECEN-722/lab4/top_fft_time/hw/top_fft_time.xsa
TRACE::2025-10-03.16:53:14::SCWPlatform:: Unique name xilinx:zybo-z7-10::0.0
TRACE::2025-10-03.16:53:14::SCWPlatform::Trying to set the existing hwdb with name top_fft_time_0
TRACE::2025-10-03.16:53:14::SCWPlatform::Opened existing hwdb top_fft_time_0
TRACE::2025-10-03.16:53:14::SCWPlatform::Found the Hw Db part of the input DSA
TRACE::2025-10-03.16:53:14::SCWMssOS::Checking the sw design at  /home/grads/t/tamu_vik/ECEN-722/lab4/top_fft_time/ps7_cortexa9_0/standalone_ps7_cortexa9_0/bsp/system.mss
TRACE::2025-10-03.16:53:14::SCWMssOS::DEBUG:  swdes dump  /home/grads/t/tamu_vik/ECEN-722/lab4/top_fft_time/ps7_cortexa9_0/standalone_ps7_cortexa9_0/bsp/system.mss|system_0||
/home/grads/t/tamu_vik/ECEN-722/lab4/top_fft_time/zynq_fsbl/zynq_fsbl_bsp/system.mss|system||

TRACE::2025-10-03.16:53:14::SCWMssOS::Sw design exists and opened at  /home/grads/t/tamu_vik/ECEN-722/lab4/top_fft_time/ps7_cortexa9_0/standalone_ps7_cortexa9_0/bsp/system.mss
TRACE::2025-10-03.16:53:14::SCWMssOS::Saving the mss changes /home/grads/t/tamu_vik/ECEN-722/lab4/top_fft_time/zynq_fsbl/zynq_fsbl_bsp/system.mss
TRACE::2025-10-03.16:53:14::SCWMssOS::Found a swdesign opened with the mssfile.
TRACE::2025-10-03.16:53:14::SCWMssOS::Completed writemss as part of save.
TRACE::2025-10-03.16:53:14::SCWMssOS::Commit changes completed.
TRACE::2025-10-03.16:53:14::SCWMssOS::Saving the mss changes /home/grads/t/tamu_vik/ECEN-722/lab4/top_fft_time/ps7_cortexa9_0/standalone_ps7_cortexa9_0/bsp/system.mss
TRACE::2025-10-03.16:53:14::SCWMssOS::Found a swdesign opened with the mssfile.
TRACE::2025-10-03.16:53:14::SCWMssOS::Completed writemss as part of save.
TRACE::2025-10-03.16:53:14::SCWMssOS::Commit changes completed.
TRACE::2025-10-03.16:53:14::SCWPlatform::Trying to open the hw design at /home/grads/t/tamu_vik/ECEN-722/lab4/top_fft_time/hw/top_fft_time.xsa
TRACE::2025-10-03.16:53:14::SCWPlatform::DSA given /home/grads/t/tamu_vik/ECEN-722/lab4/top_fft_time/hw/top_fft_time.xsa
TRACE::2025-10-03.16:53:14::SCWPlatform::DSA absoulate path /home/grads/t/tamu_vik/ECEN-722/lab4/top_fft_time/hw/top_fft_time.xsa
TRACE::2025-10-03.16:53:14::SCWPlatform::DSA directory /home/grads/t/tamu_vik/ECEN-722/lab4/top_fft_time/hw
TRACE::2025-10-03.16:53:14::SCWPlatform:: Platform Path /home/grads/t/tamu_vik/ECEN-722/lab4/top_fft_time/hw/top_fft_time.xsa
TRACE::2025-10-03.16:53:14::SCWPlatform:: Unique name xilinx:zybo-z7-10::0.0
TRACE::2025-10-03.16:53:14::SCWPlatform::Trying to set the existing hwdb with name top_fft_time_0
TRACE::2025-10-03.16:53:14::SCWPlatform::Opened existing hwdb top_fft_time_0
TRACE::2025-10-03.16:53:14::SCWPlatform::Found the Hw Db part of the input DSA
TRACE::2025-10-03.16:53:14::SCWMssOS::Checking the sw design at  /home/grads/t/tamu_vik/ECEN-722/lab4/top_fft_time/zynq_fsbl/zynq_fsbl_bsp/system.mss
TRACE::2025-10-03.16:53:15::SCWMssOS::DEBUG:  swdes dump  /home/grads/t/tamu_vik/ECEN-722/lab4/top_fft_time/ps7_cortexa9_0/standalone_ps7_cortexa9_0/bsp/system.mss|system_0||
/home/grads/t/tamu_vik/ECEN-722/lab4/top_fft_time/zynq_fsbl/zynq_fsbl_bsp/system.mss|system||

TRACE::2025-10-03.16:53:15::SCWMssOS::Sw design exists and opened at  /home/grads/t/tamu_vik/ECEN-722/lab4/top_fft_time/zynq_fsbl/zynq_fsbl_bsp/system.mss
TRACE::2025-10-03.16:53:15::SCWPlatform::Trying to open the hw design at /home/grads/t/tamu_vik/ECEN-722/lab4/top_fft_time/hw/top_fft_time.xsa
TRACE::2025-10-03.16:53:15::SCWPlatform::DSA given /home/grads/t/tamu_vik/ECEN-722/lab4/top_fft_time/hw/top_fft_time.xsa
TRACE::2025-10-03.16:53:15::SCWPlatform::DSA absoulate path /home/grads/t/tamu_vik/ECEN-722/lab4/top_fft_time/hw/top_fft_time.xsa
TRACE::2025-10-03.16:53:15::SCWPlatform::DSA directory /home/grads/t/tamu_vik/ECEN-722/lab4/top_fft_time/hw
TRACE::2025-10-03.16:53:15::SCWPlatform:: Platform Path /home/grads/t/tamu_vik/ECEN-722/lab4/top_fft_time/hw/top_fft_time.xsa
TRACE::2025-10-03.16:53:15::SCWPlatform:: Unique name xilinx:zybo-z7-10::0.0
TRACE::2025-10-03.16:53:15::SCWPlatform::Trying to set the existing hwdb with name top_fft_time_0
TRACE::2025-10-03.16:53:15::SCWPlatform::Opened existing hwdb top_fft_time_0
TRACE::2025-10-03.16:53:15::SCWPlatform::Found the Hw Db part of the input DSA
TRACE::2025-10-03.16:53:15::SCWMssOS::Checking the sw design at  /home/grads/t/tamu_vik/ECEN-722/lab4/top_fft_time/zynq_fsbl/zynq_fsbl_bsp/system.mss
TRACE::2025-10-03.16:53:15::SCWMssOS::DEBUG:  swdes dump  /home/grads/t/tamu_vik/ECEN-722/lab4/top_fft_time/ps7_cortexa9_0/standalone_ps7_cortexa9_0/bsp/system.mss|system_0||
/home/grads/t/tamu_vik/ECEN-722/lab4/top_fft_time/zynq_fsbl/zynq_fsbl_bsp/system.mss|system||

TRACE::2025-10-03.16:53:15::SCWMssOS::Sw design exists and opened at  /home/grads/t/tamu_vik/ECEN-722/lab4/top_fft_time/zynq_fsbl/zynq_fsbl_bsp/system.mss
TRACE::2025-10-03.16:53:15::SCWPlatform::Trying to open the hw design at /home/grads/t/tamu_vik/ECEN-722/lab4/top_fft_time/hw/top_fft_time.xsa
TRACE::2025-10-03.16:53:15::SCWPlatform::DSA given /home/grads/t/tamu_vik/ECEN-722/lab4/top_fft_time/hw/top_fft_time.xsa
TRACE::2025-10-03.16:53:15::SCWPlatform::DSA absoulate path /home/grads/t/tamu_vik/ECEN-722/lab4/top_fft_time/hw/top_fft_time.xsa
TRACE::2025-10-03.16:53:15::SCWPlatform::DSA directory /home/grads/t/tamu_vik/ECEN-722/lab4/top_fft_time/hw
TRACE::2025-10-03.16:53:15::SCWPlatform:: Platform Path /home/grads/t/tamu_vik/ECEN-722/lab4/top_fft_time/hw/top_fft_time.xsa
TRACE::2025-10-03.16:53:15::SCWPlatform:: Unique name xilinx:zybo-z7-10::0.0
TRACE::2025-10-03.16:53:15::SCWPlatform::Trying to set the existing hwdb with name top_fft_time_0
TRACE::2025-10-03.16:53:15::SCWPlatform::Opened existing hwdb top_fft_time_0
TRACE::2025-10-03.16:53:15::SCWPlatform::Found the Hw Db part of the input DSA
TRACE::2025-10-03.16:53:15::SCWMssOS::Checking the sw design at  /home/grads/t/tamu_vik/ECEN-722/lab4/top_fft_time/zynq_fsbl/zynq_fsbl_bsp/system.mss
TRACE::2025-10-03.16:53:15::SCWMssOS::DEBUG:  swdes dump  /home/grads/t/tamu_vik/ECEN-722/lab4/top_fft_time/ps7_cortexa9_0/standalone_ps7_cortexa9_0/bsp/system.mss|system_0||
/home/grads/t/tamu_vik/ECEN-722/lab4/top_fft_time/zynq_fsbl/zynq_fsbl_bsp/system.mss|system||

TRACE::2025-10-03.16:53:15::SCWMssOS::Sw design exists and opened at  /home/grads/t/tamu_vik/ECEN-722/lab4/top_fft_time/zynq_fsbl/zynq_fsbl_bsp/system.mss
TRACE::2025-10-03.16:53:15::SCWPlatform::Trying to open the hw design at /home/grads/t/tamu_vik/ECEN-722/lab4/top_fft_time/hw/top_fft_time.xsa
TRACE::2025-10-03.16:53:15::SCWPlatform::DSA given /home/grads/t/tamu_vik/ECEN-722/lab4/top_fft_time/hw/top_fft_time.xsa
TRACE::2025-10-03.16:53:15::SCWPlatform::DSA absoulate path /home/grads/t/tamu_vik/ECEN-722/lab4/top_fft_time/hw/top_fft_time.xsa
TRACE::2025-10-03.16:53:15::SCWPlatform::DSA directory /home/grads/t/tamu_vik/ECEN-722/lab4/top_fft_time/hw
TRACE::2025-10-03.16:53:15::SCWPlatform:: Platform Path /home/grads/t/tamu_vik/ECEN-722/lab4/top_fft_time/hw/top_fft_time.xsa
TRACE::2025-10-03.16:53:15::SCWPlatform:: Unique name xilinx:zybo-z7-10::0.0
TRACE::2025-10-03.16:53:15::SCWPlatform::Trying to set the existing hwdb with name top_fft_time_0
TRACE::2025-10-03.16:53:15::SCWPlatform::Opened existing hwdb top_fft_time_0
TRACE::2025-10-03.16:53:15::SCWPlatform::Found the Hw Db part of the input DSA
TRACE::2025-10-03.16:53:15::SCWMssOS::Checking the sw design at  /home/grads/t/tamu_vik/ECEN-722/lab4/top_fft_time/ps7_cortexa9_0/standalone_ps7_cortexa9_0/bsp/system.mss
TRACE::2025-10-03.16:53:15::SCWMssOS::DEBUG:  swdes dump  /home/grads/t/tamu_vik/ECEN-722/lab4/top_fft_time/ps7_cortexa9_0/standalone_ps7_cortexa9_0/bsp/system.mss|system_0||
/home/grads/t/tamu_vik/ECEN-722/lab4/top_fft_time/zynq_fsbl/zynq_fsbl_bsp/system.mss|system||

TRACE::2025-10-03.16:53:15::SCWMssOS::Sw design exists and opened at  /home/grads/t/tamu_vik/ECEN-722/lab4/top_fft_time/ps7_cortexa9_0/standalone_ps7_cortexa9_0/bsp/system.mss
TRACE::2025-10-03.16:53:15::SCWPlatform::Trying to open the hw design at /home/grads/t/tamu_vik/ECEN-722/lab4/top_fft_time/hw/top_fft_time.xsa
TRACE::2025-10-03.16:53:15::SCWPlatform::DSA given /home/grads/t/tamu_vik/ECEN-722/lab4/top_fft_time/hw/top_fft_time.xsa
TRACE::2025-10-03.16:53:15::SCWPlatform::DSA absoulate path /home/grads/t/tamu_vik/ECEN-722/lab4/top_fft_time/hw/top_fft_time.xsa
TRACE::2025-10-03.16:53:15::SCWPlatform::DSA directory /home/grads/t/tamu_vik/ECEN-722/lab4/top_fft_time/hw
TRACE::2025-10-03.16:53:15::SCWPlatform:: Platform Path /home/grads/t/tamu_vik/ECEN-722/lab4/top_fft_time/hw/top_fft_time.xsa
TRACE::2025-10-03.16:53:15::SCWPlatform:: Unique name xilinx:zybo-z7-10::0.0
TRACE::2025-10-03.16:53:15::SCWPlatform::Trying to set the existing hwdb with name top_fft_time_0
TRACE::2025-10-03.16:53:15::SCWPlatform::Opened existing hwdb top_fft_time_0
TRACE::2025-10-03.16:53:15::SCWPlatform::Found the Hw Db part of the input DSA
TRACE::2025-10-03.16:53:15::SCWMssOS::Checking the sw design at  /home/grads/t/tamu_vik/ECEN-722/lab4/top_fft_time/ps7_cortexa9_0/standalone_ps7_cortexa9_0/bsp/system.mss
TRACE::2025-10-03.16:53:15::SCWMssOS::DEBUG:  swdes dump  /home/grads/t/tamu_vik/ECEN-722/lab4/top_fft_time/ps7_cortexa9_0/standalone_ps7_cortexa9_0/bsp/system.mss|system_0||
/home/grads/t/tamu_vik/ECEN-722/lab4/top_fft_time/zynq_fsbl/zynq_fsbl_bsp/system.mss|system||

TRACE::2025-10-03.16:53:15::SCWMssOS::Sw design exists and opened at  /home/grads/t/tamu_vik/ECEN-722/lab4/top_fft_time/ps7_cortexa9_0/standalone_ps7_cortexa9_0/bsp/system.mss
TRACE::2025-10-03.16:53:15::SCWPlatform::Trying to open the hw design at /home/grads/t/tamu_vik/ECEN-722/lab4/top_fft_time/hw/top_fft_time.xsa
TRACE::2025-10-03.16:53:15::SCWPlatform::DSA given /home/grads/t/tamu_vik/ECEN-722/lab4/top_fft_time/hw/top_fft_time.xsa
TRACE::2025-10-03.16:53:15::SCWPlatform::DSA absoulate path /home/grads/t/tamu_vik/ECEN-722/lab4/top_fft_time/hw/top_fft_time.xsa
TRACE::2025-10-03.16:53:15::SCWPlatform::DSA directory /home/grads/t/tamu_vik/ECEN-722/lab4/top_fft_time/hw
TRACE::2025-10-03.16:53:15::SCWPlatform:: Platform Path /home/grads/t/tamu_vik/ECEN-722/lab4/top_fft_time/hw/top_fft_time.xsa
TRACE::2025-10-03.16:53:15::SCWPlatform:: Unique name xilinx:zybo-z7-10::0.0
TRACE::2025-10-03.16:53:15::SCWPlatform::Trying to set the existing hwdb with name top_fft_time_0
TRACE::2025-10-03.16:53:15::SCWPlatform::Opened existing hwdb top_fft_time_0
TRACE::2025-10-03.16:53:15::SCWPlatform::Found the Hw Db part of the input DSA
TRACE::2025-10-03.16:53:15::SCWMssOS::Checking the sw design at  /home/grads/t/tamu_vik/ECEN-722/lab4/top_fft_time/ps7_cortexa9_0/standalone_ps7_cortexa9_0/bsp/system.mss
TRACE::2025-10-03.16:53:15::SCWMssOS::DEBUG:  swdes dump  /home/grads/t/tamu_vik/ECEN-722/lab4/top_fft_time/ps7_cortexa9_0/standalone_ps7_cortexa9_0/bsp/system.mss|system_0||
/home/grads/t/tamu_vik/ECEN-722/lab4/top_fft_time/zynq_fsbl/zynq_fsbl_bsp/system.mss|system||

TRACE::2025-10-03.16:53:15::SCWMssOS::Sw design exists and opened at  /home/grads/t/tamu_vik/ECEN-722/lab4/top_fft_time/ps7_cortexa9_0/standalone_ps7_cortexa9_0/bsp/system.mss
TRACE::2025-10-03.16:53:15::SCWWriter::formatted JSON is {
	"platformName":	"top_fft_time",
	"sprVersion":	"2.0",
	"mode":	"gui",
	"dsaType":	"Fixed",
	"platformDesc":	"top_fft_time",
	"platHandOff":	"<platformDir>.xsa",
	"platIntHandOff":	"<platformDir>/hw/top_fft_time.xsa",
	"deviceType":	"zynq",
	"platIsPrebuiltAutogen":	"false",
	"platIsNoBootBsp":	"false",
	"platFsblTarget":	"ps7_cortexa9_0",
	"hasFsblMakeHasChanges":	"false",
	"hasPmufwMakeHasChanges":	"false",
	"fsblExtraCompilerFlags":	"-MMD -MP       -mcpu=cortex-a9 -mfpu=vfpv3 -mfloat-abi=hard ",
	"platPreBuiltFlag":	false,
	"platformSamplesDir":	"",
	"platActiveSys":	"top_fft_time",
	"systems":	[{
			"systemName":	"top_fft_time",
			"systemDesc":	"top_fft_time",
			"sysIsBootAutoGen":	"true",
			"systemDispName":	"top_fft_time",
			"sysActiveDom":	"standalone_ps7_cortexa9_0",
			"sysDefaultDom":	"standalone_ps7_cortexa9_0",
			"domains":	[{
					"domainName":	"zynq_fsbl",
					"domainDispName":	"zynq_fsbl",
					"domainDesc":	"FSBL Application BSP - Auto Generated.",
					"processors":	"ps7_cortexa9_0",
					"os":	"standalone",
					"sdxOs":	"standalone",
					"debugEnable":	"",
					"domRuntimes":	["cpp"],
					"swRepo":	"",
					"mssOsVer":	"8.1",
					"mssFile":	"",
					"md5Digest":	"1a300d4c46cf1b1c73cbeaf9df7474db",
					"compatibleApp":	"zynq_fsbl",
					"domType":	"bootDomain",
					"arch":	"32-bit",
					"appSettings":	{
						"appCompilerFlags":	"",
						"appLinkerFlags":	""
					},
					"addedLibs":	["xilffs:5.0", "xilrsa:1.6"],
					"libOptions":	{
						"libsContainingOptions":	[]
					},
					"prebuiltLibs":	{
						"prebuiltIncPath":	[],
						"prebuiltLibPath":	[]
					},
					"isolation":	{
					}
				}, {
					"domainName":	"standalone_ps7_cortexa9_0",
					"domainDispName":	"standalone_ps7_cortexa9_0",
					"domainDesc":	"standalone_ps7_cortexa9_0",
					"processors":	"ps7_cortexa9_0",
					"os":	"standalone",
					"sdxOs":	"standalone",
					"qemuArgs":	"<platformDir>/resources/top_fft_time/standalone_ps7_cortexa9_0/qemu_args.txt",
					"qemuData":	"<platformDir>/resources/top_fft_time/standalone_ps7_cortexa9_0/qemu",
					"debugEnable":	"False",
					"domRuntimes":	["cpp"],
					"swRepo":	"",
					"mssOsVer":	"8.1",
					"mssFile":	"",
					"md5Digest":	"1a300d4c46cf1b1c73cbeaf9df7474db",
					"compatibleApp":	"zynq_fsbl",
					"domType":	"mssDomain",
					"arch":	"32-bit",
					"appSettings":	{
						"appCompilerFlags":	"",
						"appLinkerFlags":	""
					},
					"addedLibs":	["xilffs:5.0", "xilrsa:1.6"],
					"libOptions":	{
						"libsContainingOptions":	[]
					},
					"prebuiltLibs":	{
						"prebuiltIncPath":	[],
						"prebuiltLibPath":	[]
					},
					"isolation":	{
					}
				}]
		}]
}
TRACE::2025-10-03.16:53:15::SCWPlatform::Trying to open the hw design at /home/grads/t/tamu_vik/ECEN-722/lab4/top_fft_time/hw/top_fft_time.xsa
TRACE::2025-10-03.16:53:15::SCWPlatform::DSA given /home/grads/t/tamu_vik/ECEN-722/lab4/top_fft_time/hw/top_fft_time.xsa
TRACE::2025-10-03.16:53:15::SCWPlatform::DSA absoulate path /home/grads/t/tamu_vik/ECEN-722/lab4/top_fft_time/hw/top_fft_time.xsa
TRACE::2025-10-03.16:53:15::SCWPlatform::DSA directory /home/grads/t/tamu_vik/ECEN-722/lab4/top_fft_time/hw
TRACE::2025-10-03.16:53:15::SCWPlatform:: Platform Path /home/grads/t/tamu_vik/ECEN-722/lab4/top_fft_time/hw/top_fft_time.xsa
TRACE::2025-10-03.16:53:15::SCWPlatform:: Unique name xilinx:zybo-z7-10::0.0
TRACE::2025-10-03.16:53:15::SCWPlatform::Trying to set the existing hwdb with name top_fft_time_0
TRACE::2025-10-03.16:53:15::SCWPlatform::Opened existing hwdb top_fft_time_0
TRACE::2025-10-03.16:53:15::SCWPlatform::Found the Hw Db part of the input DSA
TRACE::2025-10-03.16:53:15::SCWMssOS::Checking the sw design at  /home/grads/t/tamu_vik/ECEN-722/lab4/top_fft_time/ps7_cortexa9_0/standalone_ps7_cortexa9_0/bsp/system.mss
TRACE::2025-10-03.16:53:15::SCWMssOS::DEBUG:  swdes dump  /home/grads/t/tamu_vik/ECEN-722/lab4/top_fft_time/ps7_cortexa9_0/standalone_ps7_cortexa9_0/bsp/system.mss|system_0||
/home/grads/t/tamu_vik/ECEN-722/lab4/top_fft_time/zynq_fsbl/zynq_fsbl_bsp/system.mss|system||

TRACE::2025-10-03.16:53:15::SCWMssOS::Sw design exists and opened at  /home/grads/t/tamu_vik/ECEN-722/lab4/top_fft_time/ps7_cortexa9_0/standalone_ps7_cortexa9_0/bsp/system.mss
TRACE::2025-10-03.16:53:16::SCWPlatform::Trying to open the hw design at /home/grads/t/tamu_vik/ECEN-722/lab4/top_fft_time/hw/top_fft_time.xsa
TRACE::2025-10-03.16:53:16::SCWPlatform::DSA given /home/grads/t/tamu_vik/ECEN-722/lab4/top_fft_time/hw/top_fft_time.xsa
TRACE::2025-10-03.16:53:16::SCWPlatform::DSA absoulate path /home/grads/t/tamu_vik/ECEN-722/lab4/top_fft_time/hw/top_fft_time.xsa
TRACE::2025-10-03.16:53:16::SCWPlatform::DSA directory /home/grads/t/tamu_vik/ECEN-722/lab4/top_fft_time/hw
TRACE::2025-10-03.16:53:16::SCWPlatform:: Platform Path /home/grads/t/tamu_vik/ECEN-722/lab4/top_fft_time/hw/top_fft_time.xsa
TRACE::2025-10-03.16:53:16::SCWPlatform:: Unique name xilinx:zybo-z7-10::0.0
TRACE::2025-10-03.16:53:16::SCWPlatform::Trying to set the existing hwdb with name top_fft_time_0
TRACE::2025-10-03.16:53:16::SCWPlatform::Opened existing hwdb top_fft_time_0
TRACE::2025-10-03.16:53:16::SCWPlatform::Found the Hw Db part of the input DSA
TRACE::2025-10-03.16:53:16::SCWMssOS::Checking the sw design at  /home/grads/t/tamu_vik/ECEN-722/lab4/top_fft_time/ps7_cortexa9_0/standalone_ps7_cortexa9_0/bsp/system.mss
TRACE::2025-10-03.16:53:16::SCWMssOS::DEBUG:  swdes dump  /home/grads/t/tamu_vik/ECEN-722/lab4/top_fft_time/ps7_cortexa9_0/standalone_ps7_cortexa9_0/bsp/system.mss|system_0||
/home/grads/t/tamu_vik/ECEN-722/lab4/top_fft_time/zynq_fsbl/zynq_fsbl_bsp/system.mss|system||

TRACE::2025-10-03.16:53:16::SCWMssOS::Sw design exists and opened at  /home/grads/t/tamu_vik/ECEN-722/lab4/top_fft_time/ps7_cortexa9_0/standalone_ps7_cortexa9_0/bsp/system.mss
TRACE::2025-10-03.16:53:16::SCWMssOS::Saving the mss changes /home/grads/t/tamu_vik/ECEN-722/lab4/top_fft_time/zynq_fsbl/zynq_fsbl_bsp/system.mss
TRACE::2025-10-03.16:53:16::SCWMssOS::Found a swdesign opened with the mssfile.
TRACE::2025-10-03.16:53:16::SCWMssOS::Completed writemss as part of save.
TRACE::2025-10-03.16:53:16::SCWMssOS::Commit changes completed.
TRACE::2025-10-03.16:53:16::SCWMssOS::Saving the mss changes /home/grads/t/tamu_vik/ECEN-722/lab4/top_fft_time/ps7_cortexa9_0/standalone_ps7_cortexa9_0/bsp/system.mss
TRACE::2025-10-03.16:53:16::SCWMssOS::Found a swdesign opened with the mssfile.
TRACE::2025-10-03.16:53:16::SCWMssOS::Completed writemss as part of save.
TRACE::2025-10-03.16:53:16::SCWMssOS::Commit changes completed.
TRACE::2025-10-03.16:53:16::SCWPlatform::Trying to open the hw design at /home/grads/t/tamu_vik/ECEN-722/lab4/top_fft_time/hw/top_fft_time.xsa
TRACE::2025-10-03.16:53:16::SCWPlatform::DSA given /home/grads/t/tamu_vik/ECEN-722/lab4/top_fft_time/hw/top_fft_time.xsa
TRACE::2025-10-03.16:53:16::SCWPlatform::DSA absoulate path /home/grads/t/tamu_vik/ECEN-722/lab4/top_fft_time/hw/top_fft_time.xsa
TRACE::2025-10-03.16:53:16::SCWPlatform::DSA directory /home/grads/t/tamu_vik/ECEN-722/lab4/top_fft_time/hw
TRACE::2025-10-03.16:53:16::SCWPlatform:: Platform Path /home/grads/t/tamu_vik/ECEN-722/lab4/top_fft_time/hw/top_fft_time.xsa
TRACE::2025-10-03.16:53:16::SCWPlatform:: Unique name xilinx:zybo-z7-10::0.0
TRACE::2025-10-03.16:53:16::SCWPlatform::Trying to set the existing hwdb with name top_fft_time_0
TRACE::2025-10-03.16:53:16::SCWPlatform::Opened existing hwdb top_fft_time_0
TRACE::2025-10-03.16:53:16::SCWPlatform::Found the Hw Db part of the input DSA
TRACE::2025-10-03.16:53:16::SCWMssOS::Checking the sw design at  /home/grads/t/tamu_vik/ECEN-722/lab4/top_fft_time/zynq_fsbl/zynq_fsbl_bsp/system.mss
TRACE::2025-10-03.16:53:16::SCWMssOS::DEBUG:  swdes dump  /home/grads/t/tamu_vik/ECEN-722/lab4/top_fft_time/ps7_cortexa9_0/standalone_ps7_cortexa9_0/bsp/system.mss|system_0||
/home/grads/t/tamu_vik/ECEN-722/lab4/top_fft_time/zynq_fsbl/zynq_fsbl_bsp/system.mss|system||

TRACE::2025-10-03.16:53:16::SCWMssOS::Sw design exists and opened at  /home/grads/t/tamu_vik/ECEN-722/lab4/top_fft_time/zynq_fsbl/zynq_fsbl_bsp/system.mss
TRACE::2025-10-03.16:53:16::SCWPlatform::Trying to open the hw design at /home/grads/t/tamu_vik/ECEN-722/lab4/top_fft_time/hw/top_fft_time.xsa
TRACE::2025-10-03.16:53:16::SCWPlatform::DSA given /home/grads/t/tamu_vik/ECEN-722/lab4/top_fft_time/hw/top_fft_time.xsa
TRACE::2025-10-03.16:53:16::SCWPlatform::DSA absoulate path /home/grads/t/tamu_vik/ECEN-722/lab4/top_fft_time/hw/top_fft_time.xsa
TRACE::2025-10-03.16:53:16::SCWPlatform::DSA directory /home/grads/t/tamu_vik/ECEN-722/lab4/top_fft_time/hw
TRACE::2025-10-03.16:53:16::SCWPlatform:: Platform Path /home/grads/t/tamu_vik/ECEN-722/lab4/top_fft_time/hw/top_fft_time.xsa
TRACE::2025-10-03.16:53:16::SCWPlatform:: Unique name xilinx:zybo-z7-10::0.0
TRACE::2025-10-03.16:53:16::SCWPlatform::Trying to set the existing hwdb with name top_fft_time_0
TRACE::2025-10-03.16:53:16::SCWPlatform::Opened existing hwdb top_fft_time_0
TRACE::2025-10-03.16:53:16::SCWPlatform::Found the Hw Db part of the input DSA
TRACE::2025-10-03.16:53:16::SCWMssOS::Checking the sw design at  /home/grads/t/tamu_vik/ECEN-722/lab4/top_fft_time/zynq_fsbl/zynq_fsbl_bsp/system.mss
TRACE::2025-10-03.16:53:16::SCWMssOS::DEBUG:  swdes dump  /home/grads/t/tamu_vik/ECEN-722/lab4/top_fft_time/ps7_cortexa9_0/standalone_ps7_cortexa9_0/bsp/system.mss|system_0||
/home/grads/t/tamu_vik/ECEN-722/lab4/top_fft_time/zynq_fsbl/zynq_fsbl_bsp/system.mss|system||

TRACE::2025-10-03.16:53:16::SCWMssOS::Sw design exists and opened at  /home/grads/t/tamu_vik/ECEN-722/lab4/top_fft_time/zynq_fsbl/zynq_fsbl_bsp/system.mss
TRACE::2025-10-03.16:53:16::SCWPlatform::Trying to open the hw design at /home/grads/t/tamu_vik/ECEN-722/lab4/top_fft_time/hw/top_fft_time.xsa
TRACE::2025-10-03.16:53:17::SCWPlatform::DSA given /home/grads/t/tamu_vik/ECEN-722/lab4/top_fft_time/hw/top_fft_time.xsa
TRACE::2025-10-03.16:53:17::SCWPlatform::DSA absoulate path /home/grads/t/tamu_vik/ECEN-722/lab4/top_fft_time/hw/top_fft_time.xsa
TRACE::2025-10-03.16:53:17::SCWPlatform::DSA directory /home/grads/t/tamu_vik/ECEN-722/lab4/top_fft_time/hw
TRACE::2025-10-03.16:53:17::SCWPlatform:: Platform Path /home/grads/t/tamu_vik/ECEN-722/lab4/top_fft_time/hw/top_fft_time.xsa
TRACE::2025-10-03.16:53:17::SCWPlatform:: Unique name xilinx:zybo-z7-10::0.0
TRACE::2025-10-03.16:53:17::SCWPlatform::Trying to set the existing hwdb with name top_fft_time_0
TRACE::2025-10-03.16:53:17::SCWPlatform::Opened existing hwdb top_fft_time_0
TRACE::2025-10-03.16:53:17::SCWPlatform::Found the Hw Db part of the input DSA
TRACE::2025-10-03.16:53:17::SCWMssOS::Checking the sw design at  /home/grads/t/tamu_vik/ECEN-722/lab4/top_fft_time/zynq_fsbl/zynq_fsbl_bsp/system.mss
TRACE::2025-10-03.16:53:17::SCWMssOS::DEBUG:  swdes dump  /home/grads/t/tamu_vik/ECEN-722/lab4/top_fft_time/ps7_cortexa9_0/standalone_ps7_cortexa9_0/bsp/system.mss|system_0||
/home/grads/t/tamu_vik/ECEN-722/lab4/top_fft_time/zynq_fsbl/zynq_fsbl_bsp/system.mss|system||

TRACE::2025-10-03.16:53:17::SCWMssOS::Sw design exists and opened at  /home/grads/t/tamu_vik/ECEN-722/lab4/top_fft_time/zynq_fsbl/zynq_fsbl_bsp/system.mss
TRACE::2025-10-03.16:53:17::SCWPlatform::Trying to open the hw design at /home/grads/t/tamu_vik/ECEN-722/lab4/top_fft_time/hw/top_fft_time.xsa
TRACE::2025-10-03.16:53:17::SCWPlatform::DSA given /home/grads/t/tamu_vik/ECEN-722/lab4/top_fft_time/hw/top_fft_time.xsa
TRACE::2025-10-03.16:53:17::SCWPlatform::DSA absoulate path /home/grads/t/tamu_vik/ECEN-722/lab4/top_fft_time/hw/top_fft_time.xsa
TRACE::2025-10-03.16:53:17::SCWPlatform::DSA directory /home/grads/t/tamu_vik/ECEN-722/lab4/top_fft_time/hw
TRACE::2025-10-03.16:53:17::SCWPlatform:: Platform Path /home/grads/t/tamu_vik/ECEN-722/lab4/top_fft_time/hw/top_fft_time.xsa
TRACE::2025-10-03.16:53:17::SCWPlatform:: Unique name xilinx:zybo-z7-10::0.0
TRACE::2025-10-03.16:53:17::SCWPlatform::Trying to set the existing hwdb with name top_fft_time_0
TRACE::2025-10-03.16:53:17::SCWPlatform::Opened existing hwdb top_fft_time_0
TRACE::2025-10-03.16:53:17::SCWPlatform::Found the Hw Db part of the input DSA
TRACE::2025-10-03.16:53:17::SCWMssOS::Checking the sw design at  /home/grads/t/tamu_vik/ECEN-722/lab4/top_fft_time/ps7_cortexa9_0/standalone_ps7_cortexa9_0/bsp/system.mss
TRACE::2025-10-03.16:53:17::SCWMssOS::DEBUG:  swdes dump  /home/grads/t/tamu_vik/ECEN-722/lab4/top_fft_time/ps7_cortexa9_0/standalone_ps7_cortexa9_0/bsp/system.mss|system_0||
/home/grads/t/tamu_vik/ECEN-722/lab4/top_fft_time/zynq_fsbl/zynq_fsbl_bsp/system.mss|system||

TRACE::2025-10-03.16:53:17::SCWMssOS::Sw design exists and opened at  /home/grads/t/tamu_vik/ECEN-722/lab4/top_fft_time/ps7_cortexa9_0/standalone_ps7_cortexa9_0/bsp/system.mss
TRACE::2025-10-03.16:53:17::SCWPlatform::Trying to open the hw design at /home/grads/t/tamu_vik/ECEN-722/lab4/top_fft_time/hw/top_fft_time.xsa
TRACE::2025-10-03.16:53:17::SCWPlatform::DSA given /home/grads/t/tamu_vik/ECEN-722/lab4/top_fft_time/hw/top_fft_time.xsa
TRACE::2025-10-03.16:53:17::SCWPlatform::DSA absoulate path /home/grads/t/tamu_vik/ECEN-722/lab4/top_fft_time/hw/top_fft_time.xsa
TRACE::2025-10-03.16:53:17::SCWPlatform::DSA directory /home/grads/t/tamu_vik/ECEN-722/lab4/top_fft_time/hw
TRACE::2025-10-03.16:53:17::SCWPlatform:: Platform Path /home/grads/t/tamu_vik/ECEN-722/lab4/top_fft_time/hw/top_fft_time.xsa
TRACE::2025-10-03.16:53:17::SCWPlatform:: Unique name xilinx:zybo-z7-10::0.0
TRACE::2025-10-03.16:53:17::SCWPlatform::Trying to set the existing hwdb with name top_fft_time_0
TRACE::2025-10-03.16:53:17::SCWPlatform::Opened existing hwdb top_fft_time_0
TRACE::2025-10-03.16:53:17::SCWPlatform::Found the Hw Db part of the input DSA
TRACE::2025-10-03.16:53:17::SCWMssOS::Checking the sw design at  /home/grads/t/tamu_vik/ECEN-722/lab4/top_fft_time/ps7_cortexa9_0/standalone_ps7_cortexa9_0/bsp/system.mss
TRACE::2025-10-03.16:53:17::SCWMssOS::DEBUG:  swdes dump  /home/grads/t/tamu_vik/ECEN-722/lab4/top_fft_time/ps7_cortexa9_0/standalone_ps7_cortexa9_0/bsp/system.mss|system_0||
/home/grads/t/tamu_vik/ECEN-722/lab4/top_fft_time/zynq_fsbl/zynq_fsbl_bsp/system.mss|system||

TRACE::2025-10-03.16:53:17::SCWMssOS::Sw design exists and opened at  /home/grads/t/tamu_vik/ECEN-722/lab4/top_fft_time/ps7_cortexa9_0/standalone_ps7_cortexa9_0/bsp/system.mss
TRACE::2025-10-03.16:53:17::SCWPlatform::Trying to open the hw design at /home/grads/t/tamu_vik/ECEN-722/lab4/top_fft_time/hw/top_fft_time.xsa
TRACE::2025-10-03.16:53:17::SCWPlatform::DSA given /home/grads/t/tamu_vik/ECEN-722/lab4/top_fft_time/hw/top_fft_time.xsa
TRACE::2025-10-03.16:53:17::SCWPlatform::DSA absoulate path /home/grads/t/tamu_vik/ECEN-722/lab4/top_fft_time/hw/top_fft_time.xsa
TRACE::2025-10-03.16:53:17::SCWPlatform::DSA directory /home/grads/t/tamu_vik/ECEN-722/lab4/top_fft_time/hw
TRACE::2025-10-03.16:53:17::SCWPlatform:: Platform Path /home/grads/t/tamu_vik/ECEN-722/lab4/top_fft_time/hw/top_fft_time.xsa
TRACE::2025-10-03.16:53:17::SCWPlatform:: Unique name xilinx:zybo-z7-10::0.0
TRACE::2025-10-03.16:53:17::SCWPlatform::Trying to set the existing hwdb with name top_fft_time_0
TRACE::2025-10-03.16:53:17::SCWPlatform::Opened existing hwdb top_fft_time_0
TRACE::2025-10-03.16:53:17::SCWPlatform::Found the Hw Db part of the input DSA
TRACE::2025-10-03.16:53:17::SCWMssOS::Checking the sw design at  /home/grads/t/tamu_vik/ECEN-722/lab4/top_fft_time/ps7_cortexa9_0/standalone_ps7_cortexa9_0/bsp/system.mss
TRACE::2025-10-03.16:53:17::SCWMssOS::DEBUG:  swdes dump  /home/grads/t/tamu_vik/ECEN-722/lab4/top_fft_time/ps7_cortexa9_0/standalone_ps7_cortexa9_0/bsp/system.mss|system_0||
/home/grads/t/tamu_vik/ECEN-722/lab4/top_fft_time/zynq_fsbl/zynq_fsbl_bsp/system.mss|system||

TRACE::2025-10-03.16:53:17::SCWMssOS::Sw design exists and opened at  /home/grads/t/tamu_vik/ECEN-722/lab4/top_fft_time/ps7_cortexa9_0/standalone_ps7_cortexa9_0/bsp/system.mss
TRACE::2025-10-03.16:53:17::SCWWriter::formatted JSON is {
	"platformName":	"top_fft_time",
	"sprVersion":	"2.0",
	"mode":	"gui",
	"dsaType":	"Fixed",
	"platformDesc":	"top_fft_time",
	"platHandOff":	"<platformDir>.xsa",
	"platIntHandOff":	"<platformDir>/hw/top_fft_time.xsa",
	"deviceType":	"zynq",
	"platIsPrebuiltAutogen":	"false",
	"platIsNoBootBsp":	"false",
	"platFsblTarget":	"ps7_cortexa9_0",
	"hasFsblMakeHasChanges":	"false",
	"hasPmufwMakeHasChanges":	"false",
	"fsblExtraCompilerFlags":	"-MMD -MP       -mcpu=cortex-a9 -mfpu=vfpv3 -mfloat-abi=hard ",
	"platPreBuiltFlag":	false,
	"platformSamplesDir":	"",
	"platActiveSys":	"top_fft_time",
	"systems":	[{
			"systemName":	"top_fft_time",
			"systemDesc":	"top_fft_time",
			"sysIsBootAutoGen":	"true",
			"systemDispName":	"top_fft_time",
			"sysActiveDom":	"standalone_ps7_cortexa9_0",
			"sysDefaultDom":	"standalone_ps7_cortexa9_0",
			"domains":	[{
					"domainName":	"zynq_fsbl",
					"domainDispName":	"zynq_fsbl",
					"domainDesc":	"FSBL Application BSP - Auto Generated.",
					"processors":	"ps7_cortexa9_0",
					"os":	"standalone",
					"sdxOs":	"standalone",
					"debugEnable":	"",
					"domRuntimes":	["cpp"],
					"swRepo":	"",
					"mssOsVer":	"8.1",
					"mssFile":	"",
					"md5Digest":	"1a300d4c46cf1b1c73cbeaf9df7474db",
					"compatibleApp":	"zynq_fsbl",
					"domType":	"bootDomain",
					"arch":	"32-bit",
					"appSettings":	{
						"appCompilerFlags":	"",
						"appLinkerFlags":	""
					},
					"addedLibs":	["xilffs:5.0", "xilrsa:1.6"],
					"libOptions":	{
						"libsContainingOptions":	[]
					},
					"prebuiltLibs":	{
						"prebuiltIncPath":	[],
						"prebuiltLibPath":	[]
					},
					"isolation":	{
					}
				}, {
					"domainName":	"standalone_ps7_cortexa9_0",
					"domainDispName":	"standalone_ps7_cortexa9_0",
					"domainDesc":	"standalone_ps7_cortexa9_0",
					"processors":	"ps7_cortexa9_0",
					"os":	"standalone",
					"sdxOs":	"standalone",
					"qemuArgs":	"<platformDir>/resources/top_fft_time/standalone_ps7_cortexa9_0/qemu_args.txt",
					"qemuData":	"<platformDir>/resources/top_fft_time/standalone_ps7_cortexa9_0/qemu",
					"debugEnable":	"False",
					"domRuntimes":	["cpp"],
					"swRepo":	"",
					"mssOsVer":	"8.1",
					"mssFile":	"",
					"md5Digest":	"1a300d4c46cf1b1c73cbeaf9df7474db",
					"compatibleApp":	"zynq_fsbl",
					"domType":	"mssDomain",
					"arch":	"32-bit",
					"appSettings":	{
						"appCompilerFlags":	"",
						"appLinkerFlags":	""
					},
					"addedLibs":	["xilffs:5.0", "xilrsa:1.6"],
					"libOptions":	{
						"libsContainingOptions":	[]
					},
					"prebuiltLibs":	{
						"prebuiltIncPath":	[],
						"prebuiltLibPath":	[]
					},
					"isolation":	{
					}
				}]
		}]
}
LOG::2025-10-03.16:53:17::SCWPlatform::Started generating the artifacts platform top_fft_time
TRACE::2025-10-03.16:53:17::SCWPlatform::Sanity checking of platform is completed
LOG::2025-10-03.16:53:18::SCWPlatform::Started generating the artifacts for system configuration top_fft_time
LOG::2025-10-03.16:53:18::SCWSystem::Started Processing the domain standalone_ps7_cortexa9_0
TRACE::2025-10-03.16:53:18::SCWDomain::Generating domain artifcats
TRACE::2025-10-03.16:53:18::SCWMssOS::Generating standalone artifcats
TRACE::2025-10-03.16:53:18::SCWMssOS::Copying the qemu file from  /home/grads/t/tamu_vik/ECEN-722/lab4/top_fft_time/resources/top_fft_time/standalone_ps7_cortexa9_0/qemu_args.txt To /home/grads/t/tamu_vik/ECEN-722/lab4/top_fft_time/export/top_fft_time/sw/top_fft_time/qemu/
TRACE::2025-10-03.16:53:18::SCWMssOS::Copying the qemu file from  /home/grads/t/tamu_vik/ECEN-722/lab4/top_fft_time/resources/top_fft_time/standalone_ps7_cortexa9_0/qemu_args.txt To /home/grads/t/tamu_vik/ECEN-722/lab4/top_fft_time/export/top_fft_time/sw/top_fft_time/standalone_ps7_cortexa9_0/qemu/
TRACE::2025-10-03.16:53:18::SCWMssOS:: Copying the user libraries. 
TRACE::2025-10-03.16:53:18::SCWPlatform::Trying to open the hw design at /home/grads/t/tamu_vik/ECEN-722/lab4/top_fft_time/hw/top_fft_time.xsa
TRACE::2025-10-03.16:53:18::SCWPlatform::DSA given /home/grads/t/tamu_vik/ECEN-722/lab4/top_fft_time/hw/top_fft_time.xsa
TRACE::2025-10-03.16:53:18::SCWPlatform::DSA absoulate path /home/grads/t/tamu_vik/ECEN-722/lab4/top_fft_time/hw/top_fft_time.xsa
TRACE::2025-10-03.16:53:18::SCWPlatform::DSA directory /home/grads/t/tamu_vik/ECEN-722/lab4/top_fft_time/hw
TRACE::2025-10-03.16:53:18::SCWPlatform:: Platform Path /home/grads/t/tamu_vik/ECEN-722/lab4/top_fft_time/hw/top_fft_time.xsa
TRACE::2025-10-03.16:53:18::SCWPlatform:: Unique name xilinx:zybo-z7-10::0.0
TRACE::2025-10-03.16:53:18::SCWPlatform::Trying to set the existing hwdb with name top_fft_time_0
TRACE::2025-10-03.16:53:18::SCWPlatform::Opened existing hwdb top_fft_time_0
TRACE::2025-10-03.16:53:18::SCWPlatform::Found the Hw Db part of the input DSA
TRACE::2025-10-03.16:53:18::SCWMssOS::Checking the sw design at  /home/grads/t/tamu_vik/ECEN-722/lab4/top_fft_time/ps7_cortexa9_0/standalone_ps7_cortexa9_0/bsp/system.mss
TRACE::2025-10-03.16:53:18::SCWMssOS::DEBUG:  swdes dump  /home/grads/t/tamu_vik/ECEN-722/lab4/top_fft_time/ps7_cortexa9_0/standalone_ps7_cortexa9_0/bsp/system.mss|system_0||
/home/grads/t/tamu_vik/ECEN-722/lab4/top_fft_time/zynq_fsbl/zynq_fsbl_bsp/system.mss|system||

TRACE::2025-10-03.16:53:18::SCWMssOS::Sw design exists and opened at  /home/grads/t/tamu_vik/ECEN-722/lab4/top_fft_time/ps7_cortexa9_0/standalone_ps7_cortexa9_0/bsp/system.mss
TRACE::2025-10-03.16:53:18::SCWMssOS::Completed writing the mss file at /home/grads/t/tamu_vik/ECEN-722/lab4/top_fft_time/ps7_cortexa9_0/standalone_ps7_cortexa9_0/bsp
TRACE::2025-10-03.16:53:18::SCWMssOS::Mss edits present, copying mssfile into export location /home/grads/t/tamu_vik/ECEN-722/lab4/top_fft_time/ps7_cortexa9_0/standalone_ps7_cortexa9_0/bsp/system.mss
TRACE::2025-10-03.16:53:18::SCWMssOS::bsp generated is upto date with the mss file. Skipping bsp generation.
TRACE::2025-10-03.16:53:18::SCWMssOS::BSP is already built. skipping the bsp build ... 
TRACE::2025-10-03.16:53:18::SCWDomain::Building the domain as part of full build :  standalone_ps7_cortexa9_0
TRACE::2025-10-03.16:53:18::SCWMssOS::skipping the bsp build ... 
TRACE::2025-10-03.16:53:18::SCWMssOS::Copying to export directory.
TRACE::2025-10-03.16:53:19::SCWMssOS:: Checking if to create the Supporting Applications
TRACE::2025-10-03.16:53:19::SCWMssOS:: No Linux domain exists, trying to generate FSBL 
TRACE::2025-10-03.16:53:19::SCWMssOS:: Completed Standalone Artifacts creation 
LOG::2025-10-03.16:53:19::SCWSystem::Completed Processing the domain standalone_ps7_cortexa9_0
LOG::2025-10-03.16:53:19::SCWSystem::Completed Processing the sysconfig top_fft_time
LOG::2025-10-03.16:53:19::SCWPlatform::Completed generating the artifacts for system configuration top_fft_time
TRACE::2025-10-03.16:53:19::SCWPlatform::Started preparing the platform 
TRACE::2025-10-03.16:53:19::SCWSystem::Writing the bif file for system config top_fft_time
TRACE::2025-10-03.16:53:19::SCWSystem::dir created 
TRACE::2025-10-03.16:53:19::SCWSystem::Writing the bif 
TRACE::2025-10-03.16:53:19::SCWPlatform::Started writing the spfm file 
TRACE::2025-10-03.16:53:19::SCWPlatform::Started writing the xpfm file 
TRACE::2025-10-03.16:53:19::SCWPlatform::Completed generating the platform
TRACE::2025-10-03.16:53:19::SCWMssOS::Saving the mss changes /home/grads/t/tamu_vik/ECEN-722/lab4/top_fft_time/zynq_fsbl/zynq_fsbl_bsp/system.mss
TRACE::2025-10-03.16:53:19::SCWMssOS::Found a swdesign opened with the mssfile.
TRACE::2025-10-03.16:53:19::SCWMssOS::Completed writemss as part of save.
TRACE::2025-10-03.16:53:19::SCWMssOS::Commit changes completed.
TRACE::2025-10-03.16:53:19::SCWMssOS::Saving the mss changes /home/grads/t/tamu_vik/ECEN-722/lab4/top_fft_time/ps7_cortexa9_0/standalone_ps7_cortexa9_0/bsp/system.mss
TRACE::2025-10-03.16:53:19::SCWMssOS::Found a swdesign opened with the mssfile.
TRACE::2025-10-03.16:53:19::SCWMssOS::Completed writemss as part of save.
TRACE::2025-10-03.16:53:19::SCWMssOS::Commit changes completed.
TRACE::2025-10-03.16:53:19::SCWPlatform::Trying to open the hw design at /home/grads/t/tamu_vik/ECEN-722/lab4/top_fft_time/hw/top_fft_time.xsa
TRACE::2025-10-03.16:53:19::SCWPlatform::DSA given /home/grads/t/tamu_vik/ECEN-722/lab4/top_fft_time/hw/top_fft_time.xsa
TRACE::2025-10-03.16:53:19::SCWPlatform::DSA absoulate path /home/grads/t/tamu_vik/ECEN-722/lab4/top_fft_time/hw/top_fft_time.xsa
TRACE::2025-10-03.16:53:19::SCWPlatform::DSA directory /home/grads/t/tamu_vik/ECEN-722/lab4/top_fft_time/hw
TRACE::2025-10-03.16:53:19::SCWPlatform:: Platform Path /home/grads/t/tamu_vik/ECEN-722/lab4/top_fft_time/hw/top_fft_time.xsa
TRACE::2025-10-03.16:53:19::SCWPlatform:: Unique name xilinx:zybo-z7-10::0.0
TRACE::2025-10-03.16:53:19::SCWPlatform::Trying to set the existing hwdb with name top_fft_time_0
TRACE::2025-10-03.16:53:19::SCWPlatform::Opened existing hwdb top_fft_time_0
TRACE::2025-10-03.16:53:19::SCWPlatform::Found the Hw Db part of the input DSA
TRACE::2025-10-03.16:53:19::SCWMssOS::Checking the sw design at  /home/grads/t/tamu_vik/ECEN-722/lab4/top_fft_time/zynq_fsbl/zynq_fsbl_bsp/system.mss
TRACE::2025-10-03.16:53:19::SCWMssOS::DEBUG:  swdes dump  /home/grads/t/tamu_vik/ECEN-722/lab4/top_fft_time/ps7_cortexa9_0/standalone_ps7_cortexa9_0/bsp/system.mss|system_0||
/home/grads/t/tamu_vik/ECEN-722/lab4/top_fft_time/zynq_fsbl/zynq_fsbl_bsp/system.mss|system||

TRACE::2025-10-03.16:53:19::SCWMssOS::Sw design exists and opened at  /home/grads/t/tamu_vik/ECEN-722/lab4/top_fft_time/zynq_fsbl/zynq_fsbl_bsp/system.mss
TRACE::2025-10-03.16:53:19::SCWPlatform::Trying to open the hw design at /home/grads/t/tamu_vik/ECEN-722/lab4/top_fft_time/hw/top_fft_time.xsa
TRACE::2025-10-03.16:53:19::SCWPlatform::DSA given /home/grads/t/tamu_vik/ECEN-722/lab4/top_fft_time/hw/top_fft_time.xsa
TRACE::2025-10-03.16:53:19::SCWPlatform::DSA absoulate path /home/grads/t/tamu_vik/ECEN-722/lab4/top_fft_time/hw/top_fft_time.xsa
TRACE::2025-10-03.16:53:19::SCWPlatform::DSA directory /home/grads/t/tamu_vik/ECEN-722/lab4/top_fft_time/hw
TRACE::2025-10-03.16:53:19::SCWPlatform:: Platform Path /home/grads/t/tamu_vik/ECEN-722/lab4/top_fft_time/hw/top_fft_time.xsa
TRACE::2025-10-03.16:53:19::SCWPlatform:: Unique name xilinx:zybo-z7-10::0.0
TRACE::2025-10-03.16:53:19::SCWPlatform::Trying to set the existing hwdb with name top_fft_time_0
TRACE::2025-10-03.16:53:19::SCWPlatform::Opened existing hwdb top_fft_time_0
TRACE::2025-10-03.16:53:19::SCWPlatform::Found the Hw Db part of the input DSA
TRACE::2025-10-03.16:53:19::SCWMssOS::Checking the sw design at  /home/grads/t/tamu_vik/ECEN-722/lab4/top_fft_time/zynq_fsbl/zynq_fsbl_bsp/system.mss
TRACE::2025-10-03.16:53:19::SCWMssOS::DEBUG:  swdes dump  /home/grads/t/tamu_vik/ECEN-722/lab4/top_fft_time/ps7_cortexa9_0/standalone_ps7_cortexa9_0/bsp/system.mss|system_0||
/home/grads/t/tamu_vik/ECEN-722/lab4/top_fft_time/zynq_fsbl/zynq_fsbl_bsp/system.mss|system||

TRACE::2025-10-03.16:53:19::SCWMssOS::Sw design exists and opened at  /home/grads/t/tamu_vik/ECEN-722/lab4/top_fft_time/zynq_fsbl/zynq_fsbl_bsp/system.mss
TRACE::2025-10-03.16:53:19::SCWPlatform::Trying to open the hw design at /home/grads/t/tamu_vik/ECEN-722/lab4/top_fft_time/hw/top_fft_time.xsa
TRACE::2025-10-03.16:53:19::SCWPlatform::DSA given /home/grads/t/tamu_vik/ECEN-722/lab4/top_fft_time/hw/top_fft_time.xsa
TRACE::2025-10-03.16:53:19::SCWPlatform::DSA absoulate path /home/grads/t/tamu_vik/ECEN-722/lab4/top_fft_time/hw/top_fft_time.xsa
TRACE::2025-10-03.16:53:19::SCWPlatform::DSA directory /home/grads/t/tamu_vik/ECEN-722/lab4/top_fft_time/hw
TRACE::2025-10-03.16:53:19::SCWPlatform:: Platform Path /home/grads/t/tamu_vik/ECEN-722/lab4/top_fft_time/hw/top_fft_time.xsa
TRACE::2025-10-03.16:53:19::SCWPlatform:: Unique name xilinx:zybo-z7-10::0.0
TRACE::2025-10-03.16:53:19::SCWPlatform::Trying to set the existing hwdb with name top_fft_time_0
TRACE::2025-10-03.16:53:19::SCWPlatform::Opened existing hwdb top_fft_time_0
TRACE::2025-10-03.16:53:19::SCWPlatform::Found the Hw Db part of the input DSA
TRACE::2025-10-03.16:53:20::SCWMssOS::Checking the sw design at  /home/grads/t/tamu_vik/ECEN-722/lab4/top_fft_time/zynq_fsbl/zynq_fsbl_bsp/system.mss
TRACE::2025-10-03.16:53:20::SCWMssOS::DEBUG:  swdes dump  /home/grads/t/tamu_vik/ECEN-722/lab4/top_fft_time/ps7_cortexa9_0/standalone_ps7_cortexa9_0/bsp/system.mss|system_0||
/home/grads/t/tamu_vik/ECEN-722/lab4/top_fft_time/zynq_fsbl/zynq_fsbl_bsp/system.mss|system||

TRACE::2025-10-03.16:53:20::SCWMssOS::Sw design exists and opened at  /home/grads/t/tamu_vik/ECEN-722/lab4/top_fft_time/zynq_fsbl/zynq_fsbl_bsp/system.mss
TRACE::2025-10-03.16:53:20::SCWPlatform::Trying to open the hw design at /home/grads/t/tamu_vik/ECEN-722/lab4/top_fft_time/hw/top_fft_time.xsa
TRACE::2025-10-03.16:53:20::SCWPlatform::DSA given /home/grads/t/tamu_vik/ECEN-722/lab4/top_fft_time/hw/top_fft_time.xsa
TRACE::2025-10-03.16:53:20::SCWPlatform::DSA absoulate path /home/grads/t/tamu_vik/ECEN-722/lab4/top_fft_time/hw/top_fft_time.xsa
TRACE::2025-10-03.16:53:20::SCWPlatform::DSA directory /home/grads/t/tamu_vik/ECEN-722/lab4/top_fft_time/hw
TRACE::2025-10-03.16:53:20::SCWPlatform:: Platform Path /home/grads/t/tamu_vik/ECEN-722/lab4/top_fft_time/hw/top_fft_time.xsa
TRACE::2025-10-03.16:53:20::SCWPlatform:: Unique name xilinx:zybo-z7-10::0.0
TRACE::2025-10-03.16:53:20::SCWPlatform::Trying to set the existing hwdb with name top_fft_time_0
TRACE::2025-10-03.16:53:20::SCWPlatform::Opened existing hwdb top_fft_time_0
TRACE::2025-10-03.16:53:20::SCWPlatform::Found the Hw Db part of the input DSA
TRACE::2025-10-03.16:53:20::SCWMssOS::Checking the sw design at  /home/grads/t/tamu_vik/ECEN-722/lab4/top_fft_time/ps7_cortexa9_0/standalone_ps7_cortexa9_0/bsp/system.mss
TRACE::2025-10-03.16:53:20::SCWMssOS::DEBUG:  swdes dump  /home/grads/t/tamu_vik/ECEN-722/lab4/top_fft_time/ps7_cortexa9_0/standalone_ps7_cortexa9_0/bsp/system.mss|system_0||
/home/grads/t/tamu_vik/ECEN-722/lab4/top_fft_time/zynq_fsbl/zynq_fsbl_bsp/system.mss|system||

TRACE::2025-10-03.16:53:20::SCWMssOS::Sw design exists and opened at  /home/grads/t/tamu_vik/ECEN-722/lab4/top_fft_time/ps7_cortexa9_0/standalone_ps7_cortexa9_0/bsp/system.mss
TRACE::2025-10-03.16:53:20::SCWPlatform::Trying to open the hw design at /home/grads/t/tamu_vik/ECEN-722/lab4/top_fft_time/hw/top_fft_time.xsa
TRACE::2025-10-03.16:53:20::SCWPlatform::DSA given /home/grads/t/tamu_vik/ECEN-722/lab4/top_fft_time/hw/top_fft_time.xsa
TRACE::2025-10-03.16:53:20::SCWPlatform::DSA absoulate path /home/grads/t/tamu_vik/ECEN-722/lab4/top_fft_time/hw/top_fft_time.xsa
TRACE::2025-10-03.16:53:20::SCWPlatform::DSA directory /home/grads/t/tamu_vik/ECEN-722/lab4/top_fft_time/hw
TRACE::2025-10-03.16:53:20::SCWPlatform:: Platform Path /home/grads/t/tamu_vik/ECEN-722/lab4/top_fft_time/hw/top_fft_time.xsa
TRACE::2025-10-03.16:53:20::SCWPlatform:: Unique name xilinx:zybo-z7-10::0.0
TRACE::2025-10-03.16:53:20::SCWPlatform::Trying to set the existing hwdb with name top_fft_time_0
TRACE::2025-10-03.16:53:20::SCWPlatform::Opened existing hwdb top_fft_time_0
TRACE::2025-10-03.16:53:20::SCWPlatform::Found the Hw Db part of the input DSA
TRACE::2025-10-03.16:53:20::SCWMssOS::Checking the sw design at  /home/grads/t/tamu_vik/ECEN-722/lab4/top_fft_time/ps7_cortexa9_0/standalone_ps7_cortexa9_0/bsp/system.mss
TRACE::2025-10-03.16:53:20::SCWMssOS::DEBUG:  swdes dump  /home/grads/t/tamu_vik/ECEN-722/lab4/top_fft_time/ps7_cortexa9_0/standalone_ps7_cortexa9_0/bsp/system.mss|system_0||
/home/grads/t/tamu_vik/ECEN-722/lab4/top_fft_time/zynq_fsbl/zynq_fsbl_bsp/system.mss|system||

TRACE::2025-10-03.16:53:20::SCWMssOS::Sw design exists and opened at  /home/grads/t/tamu_vik/ECEN-722/lab4/top_fft_time/ps7_cortexa9_0/standalone_ps7_cortexa9_0/bsp/system.mss
TRACE::2025-10-03.16:53:20::SCWPlatform::Trying to open the hw design at /home/grads/t/tamu_vik/ECEN-722/lab4/top_fft_time/hw/top_fft_time.xsa
TRACE::2025-10-03.16:53:20::SCWPlatform::DSA given /home/grads/t/tamu_vik/ECEN-722/lab4/top_fft_time/hw/top_fft_time.xsa
TRACE::2025-10-03.16:53:20::SCWPlatform::DSA absoulate path /home/grads/t/tamu_vik/ECEN-722/lab4/top_fft_time/hw/top_fft_time.xsa
TRACE::2025-10-03.16:53:20::SCWPlatform::DSA directory /home/grads/t/tamu_vik/ECEN-722/lab4/top_fft_time/hw
TRACE::2025-10-03.16:53:20::SCWPlatform:: Platform Path /home/grads/t/tamu_vik/ECEN-722/lab4/top_fft_time/hw/top_fft_time.xsa
TRACE::2025-10-03.16:53:20::SCWPlatform:: Unique name xilinx:zybo-z7-10::0.0
TRACE::2025-10-03.16:53:20::SCWPlatform::Trying to set the existing hwdb with name top_fft_time_0
TRACE::2025-10-03.16:53:20::SCWPlatform::Opened existing hwdb top_fft_time_0
TRACE::2025-10-03.16:53:20::SCWPlatform::Found the Hw Db part of the input DSA
TRACE::2025-10-03.16:53:20::SCWMssOS::Checking the sw design at  /home/grads/t/tamu_vik/ECEN-722/lab4/top_fft_time/ps7_cortexa9_0/standalone_ps7_cortexa9_0/bsp/system.mss
TRACE::2025-10-03.16:53:20::SCWMssOS::DEBUG:  swdes dump  /home/grads/t/tamu_vik/ECEN-722/lab4/top_fft_time/ps7_cortexa9_0/standalone_ps7_cortexa9_0/bsp/system.mss|system_0||
/home/grads/t/tamu_vik/ECEN-722/lab4/top_fft_time/zynq_fsbl/zynq_fsbl_bsp/system.mss|system||

TRACE::2025-10-03.16:53:20::SCWMssOS::Sw design exists and opened at  /home/grads/t/tamu_vik/ECEN-722/lab4/top_fft_time/ps7_cortexa9_0/standalone_ps7_cortexa9_0/bsp/system.mss
TRACE::2025-10-03.16:53:20::SCWWriter::formatted JSON is {
	"platformName":	"top_fft_time",
	"sprVersion":	"2.0",
	"mode":	"gui",
	"dsaType":	"Fixed",
	"platformDesc":	"top_fft_time",
	"platHandOff":	"<platformDir>.xsa",
	"platIntHandOff":	"<platformDir>/hw/top_fft_time.xsa",
	"deviceType":	"zynq",
	"platIsPrebuiltAutogen":	"false",
	"platIsNoBootBsp":	"false",
	"platFsblTarget":	"ps7_cortexa9_0",
	"hasFsblMakeHasChanges":	"false",
	"hasPmufwMakeHasChanges":	"false",
	"fsblExtraCompilerFlags":	"-MMD -MP       -mcpu=cortex-a9 -mfpu=vfpv3 -mfloat-abi=hard ",
	"platPreBuiltFlag":	false,
	"platformSamplesDir":	"",
	"platActiveSys":	"top_fft_time",
	"systems":	[{
			"systemName":	"top_fft_time",
			"systemDesc":	"top_fft_time",
			"sysIsBootAutoGen":	"true",
			"systemDispName":	"top_fft_time",
			"sysActiveDom":	"standalone_ps7_cortexa9_0",
			"sysDefaultDom":	"standalone_ps7_cortexa9_0",
			"domains":	[{
					"domainName":	"zynq_fsbl",
					"domainDispName":	"zynq_fsbl",
					"domainDesc":	"FSBL Application BSP - Auto Generated.",
					"processors":	"ps7_cortexa9_0",
					"os":	"standalone",
					"sdxOs":	"standalone",
					"debugEnable":	"",
					"domRuntimes":	["cpp"],
					"swRepo":	"",
					"mssOsVer":	"8.1",
					"mssFile":	"",
					"md5Digest":	"1a300d4c46cf1b1c73cbeaf9df7474db",
					"compatibleApp":	"zynq_fsbl",
					"domType":	"bootDomain",
					"arch":	"32-bit",
					"appSettings":	{
						"appCompilerFlags":	"",
						"appLinkerFlags":	""
					},
					"addedLibs":	["xilffs:5.0", "xilrsa:1.6"],
					"libOptions":	{
						"libsContainingOptions":	[]
					},
					"prebuiltLibs":	{
						"prebuiltIncPath":	[],
						"prebuiltLibPath":	[]
					},
					"isolation":	{
					}
				}, {
					"domainName":	"standalone_ps7_cortexa9_0",
					"domainDispName":	"standalone_ps7_cortexa9_0",
					"domainDesc":	"standalone_ps7_cortexa9_0",
					"processors":	"ps7_cortexa9_0",
					"os":	"standalone",
					"sdxOs":	"standalone",
					"qemuArgs":	"<platformDir>/resources/top_fft_time/standalone_ps7_cortexa9_0/qemu_args.txt",
					"qemuData":	"<platformDir>/resources/top_fft_time/standalone_ps7_cortexa9_0/qemu",
					"debugEnable":	"False",
					"domRuntimes":	["cpp"],
					"swRepo":	"",
					"mssOsVer":	"8.1",
					"mssFile":	"",
					"md5Digest":	"1a300d4c46cf1b1c73cbeaf9df7474db",
					"compatibleApp":	"zynq_fsbl",
					"domType":	"mssDomain",
					"arch":	"32-bit",
					"appSettings":	{
						"appCompilerFlags":	"",
						"appLinkerFlags":	""
					},
					"addedLibs":	["xilffs:5.0", "xilrsa:1.6"],
					"libOptions":	{
						"libsContainingOptions":	[]
					},
					"prebuiltLibs":	{
						"prebuiltIncPath":	[],
						"prebuiltLibPath":	[]
					},
					"isolation":	{
					}
				}]
		}]
}
KEYINFO::2025-10-03.16:53:20::SCWPlatform::updated the xpfm file.
LOG::2025-10-03.16:57:40::SCWPlatform::Started generating the artifacts platform top_fft_time
TRACE::2025-10-03.16:57:40::SCWPlatform::Sanity checking of platform is completed
LOG::2025-10-03.16:57:41::SCWPlatform::Started generating the artifacts for system configuration top_fft_time
LOG::2025-10-03.16:57:41::SCWSystem::Checking the domain zynq_fsbl
LOG::2025-10-03.16:57:41::SCWSystem::Doing application build for :  zynq_fsbl
TRACE::2025-10-03.16:57:41::SCWBDomain::Not a forced makefile updation, No changes are present. 
TRACE::2025-10-03.16:57:41::SCWDomain::Building the domain as part of full build :  zynq_fsbl
TRACE::2025-10-03.16:57:41::SCWPlatform::Trying to open the hw design at /home/grads/t/tamu_vik/ECEN-722/lab4/top_fft_time/hw/top_fft_time.xsa
TRACE::2025-10-03.16:57:41::SCWPlatform::DSA given /home/grads/t/tamu_vik/ECEN-722/lab4/top_fft_time/hw/top_fft_time.xsa
TRACE::2025-10-03.16:57:41::SCWPlatform::DSA absoulate path /home/grads/t/tamu_vik/ECEN-722/lab4/top_fft_time/hw/top_fft_time.xsa
TRACE::2025-10-03.16:57:41::SCWPlatform::DSA directory /home/grads/t/tamu_vik/ECEN-722/lab4/top_fft_time/hw
TRACE::2025-10-03.16:57:41::SCWPlatform:: Platform Path /home/grads/t/tamu_vik/ECEN-722/lab4/top_fft_time/hw/top_fft_time.xsa
TRACE::2025-10-03.16:57:41::SCWPlatform:: Unique name xilinx:zybo-z7-10::0.0
TRACE::2025-10-03.16:57:41::SCWPlatform::Trying to set the existing hwdb with name top_fft_time_0
TRACE::2025-10-03.16:57:41::SCWPlatform::Opened existing hwdb top_fft_time_0
TRACE::2025-10-03.16:57:41::SCWPlatform::Found the Hw Db part of the input DSA
TRACE::2025-10-03.16:57:41::SCWMssOS::Checking the sw design at  /home/grads/t/tamu_vik/ECEN-722/lab4/top_fft_time/zynq_fsbl/zynq_fsbl_bsp/system.mss
TRACE::2025-10-03.16:57:41::SCWMssOS::DEBUG:  swdes dump  /home/grads/t/tamu_vik/ECEN-722/lab4/top_fft_time/ps7_cortexa9_0/standalone_ps7_cortexa9_0/bsp/system.mss|system_0||
/home/grads/t/tamu_vik/ECEN-722/lab4/top_fft_time/zynq_fsbl/zynq_fsbl_bsp/system.mss|system||

TRACE::2025-10-03.16:57:41::SCWMssOS::Sw design exists and opened at  /home/grads/t/tamu_vik/ECEN-722/lab4/top_fft_time/zynq_fsbl/zynq_fsbl_bsp/system.mss
TRACE::2025-10-03.16:57:41::SCWBDomain::Completed writing the mss file at /home/grads/t/tamu_vik/ECEN-722/lab4/top_fft_time/zynq_fsbl/zynq_fsbl_bsp
TRACE::2025-10-03.16:57:41::SCWBDomain::bsp generated is upto date with the mss file. Skipping bsp generation.
TRACE::2025-10-03.16:57:41::SCWBDomain::Not a forced makefile updation, No changes are present. 
TRACE::2025-10-03.16:57:41::SCWBDomain::System Command Ran  cd  /home/grads/t/tamu_vik/ECEN-722/lab4/top_fft_time/zynq_fsbl ; bash -c " make -C zynq_fsbl_bsp ; make  " 
TRACE::2025-10-03.16:57:41::SCWBDomain::make: Entering directory '/home/grads/t/tamu_vik/ECEN-722/lab4/top_fft_time/zynq_fsbl/zynq_fsbl_bsp'

TRACE::2025-10-03.16:57:42::SCWBDomain::make --no-print-directory seq_libs

TRACE::2025-10-03.16:57:42::SCWBDomain::Running Make include in ps7_cortexa9_0/libsrc/qspips_v3_10/src

TRACE::2025-10-03.16:57:42::SCWBDomain::make -C ps7_cortexa9_0/libsrc/qspips_v3_10/src -s include  "SHELL=/bin/sh" "COMPILER=arm-none-eabi-gcc" "ASSEMBLER=arm-none-eab
TRACE::2025-10-03.16:57:42::SCWBDomain::i-as" "ARCHIVER=arm-none-eabi-ar" "COMPILER_FLAGS=  -O2 -c" "EXTRA_COMPILER_FLAGS=-mcpu=cortex-a9 -mfpu=vfpv3 -mfloat-abi=hard 
TRACE::2025-10-03.16:57:42::SCWBDomain::-nostartfiles -g -Wall -Wextra -fno-tree-loop-distribute-patterns"

TRACE::2025-10-03.16:57:42::SCWBDomain::Running Make include in ps7_cortexa9_0/libsrc/scuwdt_v2_4/src

TRACE::2025-10-03.16:57:42::SCWBDomain::make -C ps7_cortexa9_0/libsrc/scuwdt_v2_4/src -s include  "SHELL=/bin/sh" "COMPILER=arm-none-eabi-gcc" "ASSEMBLER=arm-none-eabi
TRACE::2025-10-03.16:57:42::SCWBDomain::-as" "ARCHIVER=arm-none-eabi-ar" "COMPILER_FLAGS=  -O2 -c" "EXTRA_COMPILER_FLAGS=-mcpu=cortex-a9 -mfpu=vfpv3 -mfloat-abi=hard -
TRACE::2025-10-03.16:57:42::SCWBDomain::nostartfiles -g -Wall -Wextra -fno-tree-loop-distribute-patterns"

TRACE::2025-10-03.16:57:42::SCWBDomain::Running Make include in ps7_cortexa9_0/libsrc/trans_v1_0/src

TRACE::2025-10-03.16:57:42::SCWBDomain::make -C ps7_cortexa9_0/libsrc/trans_v1_0/src -s include  "SHELL=/bin/sh" "COMPILER=arm-none-eabi-gcc" "ASSEMBLER=arm-none-eabi-
TRACE::2025-10-03.16:57:42::SCWBDomain::as" "ARCHIVER=arm-none-eabi-ar" "COMPILER_FLAGS=  -O2 -c" "EXTRA_COMPILER_FLAGS=-mcpu=cortex-a9 -mfpu=vfpv3 -mfloat-abi=hard -n
TRACE::2025-10-03.16:57:42::SCWBDomain::ostartfiles -g -Wall -Wextra -fno-tree-loop-distribute-patterns"

TRACE::2025-10-03.16:57:42::SCWBDomain::Running Make include in ps7_cortexa9_0/libsrc/devcfg_v3_7/src

TRACE::2025-10-03.16:57:42::SCWBDomain::make -C ps7_cortexa9_0/libsrc/devcfg_v3_7/src -s include  "SHELL=/bin/sh" "COMPILER=arm-none-eabi-gcc" "ASSEMBLER=arm-none-eabi
TRACE::2025-10-03.16:57:42::SCWBDomain::-as" "ARCHIVER=arm-none-eabi-ar" "COMPILER_FLAGS=  -O2 -c" "EXTRA_COMPILER_FLAGS=-mcpu=cortex-a9 -mfpu=vfpv3 -mfloat-abi=hard -
TRACE::2025-10-03.16:57:42::SCWBDomain::nostartfiles -g -Wall -Wextra -fno-tree-loop-distribute-patterns"

TRACE::2025-10-03.16:57:42::SCWBDomain::Running Make include in ps7_cortexa9_0/libsrc/xilrsa_v1_6/src

TRACE::2025-10-03.16:57:42::SCWBDomain::make -C ps7_cortexa9_0/libsrc/xilrsa_v1_6/src -s include  "SHELL=/bin/sh" "COMPILER=arm-none-eabi-gcc" "ASSEMBLER=arm-none-eabi
TRACE::2025-10-03.16:57:42::SCWBDomain::-as" "ARCHIVER=arm-none-eabi-ar" "COMPILER_FLAGS=  -O2 -c" "EXTRA_COMPILER_FLAGS=-mcpu=cortex-a9 -mfpu=vfpv3 -mfloat-abi=hard -
TRACE::2025-10-03.16:57:42::SCWBDomain::nostartfiles -g -Wall -Wextra -fno-tree-loop-distribute-patterns"

TRACE::2025-10-03.16:57:42::SCWBDomain::Running Make include in ps7_cortexa9_0/libsrc/xilffs_v5_0/src

TRACE::2025-10-03.16:57:42::SCWBDomain::make -C ps7_cortexa9_0/libsrc/xilffs_v5_0/src -s include  "SHELL=/bin/sh" "COMPILER=arm-none-eabi-gcc" "ASSEMBLER=arm-none-eabi
TRACE::2025-10-03.16:57:42::SCWBDomain::-as" "ARCHIVER=arm-none-eabi-ar" "COMPILER_FLAGS=  -O2 -c" "EXTRA_COMPILER_FLAGS=-mcpu=cortex-a9 -mfpu=vfpv3 -mfloat-abi=hard -
TRACE::2025-10-03.16:57:42::SCWBDomain::nostartfiles -g -Wall -Wextra -fno-tree-loop-distribute-patterns"

TRACE::2025-10-03.16:57:42::SCWBDomain::Running Make include in ps7_cortexa9_0/libsrc/scutimer_v2_4/src

TRACE::2025-10-03.16:57:42::SCWBDomain::make -C ps7_cortexa9_0/libsrc/scutimer_v2_4/src -s include  "SHELL=/bin/sh" "COMPILER=arm-none-eabi-gcc" "ASSEMBLER=arm-none-ea
TRACE::2025-10-03.16:57:42::SCWBDomain::bi-as" "ARCHIVER=arm-none-eabi-ar" "COMPILER_FLAGS=  -O2 -c" "EXTRA_COMPILER_FLAGS=-mcpu=cortex-a9 -mfpu=vfpv3 -mfloat-abi=hard
TRACE::2025-10-03.16:57:42::SCWBDomain:: -nostartfiles -g -Wall -Wextra -fno-tree-loop-distribute-patterns"

TRACE::2025-10-03.16:57:42::SCWBDomain::Running Make include in ps7_cortexa9_0/libsrc/scugic_v5_1/src

TRACE::2025-10-03.16:57:42::SCWBDomain::make -C ps7_cortexa9_0/libsrc/scugic_v5_1/src -s include  "SHELL=/bin/sh" "COMPILER=arm-none-eabi-gcc" "ASSEMBLER=arm-none-eabi
TRACE::2025-10-03.16:57:42::SCWBDomain::-as" "ARCHIVER=arm-none-eabi-ar" "COMPILER_FLAGS=  -O2 -c" "EXTRA_COMPILER_FLAGS=-mcpu=cortex-a9 -mfpu=vfpv3 -mfloat-abi=hard -
TRACE::2025-10-03.16:57:42::SCWBDomain::nostartfiles -g -Wall -Wextra -fno-tree-loop-distribute-patterns"

TRACE::2025-10-03.16:57:42::SCWBDomain::Running Make include in ps7_cortexa9_0/libsrc/emacps_v3_18/src

TRACE::2025-10-03.16:57:42::SCWBDomain::make -C ps7_cortexa9_0/libsrc/emacps_v3_18/src -s include  "SHELL=/bin/sh" "COMPILER=arm-none-eabi-gcc" "ASSEMBLER=arm-none-eab
TRACE::2025-10-03.16:57:43::SCWBDomain::i-as" "ARCHIVER=arm-none-eabi-ar" "COMPILER_FLAGS=  -O2 -c" "EXTRA_COMPILER_FLAGS=-mcpu=cortex-a9 -mfpu=vfpv3 -mfloat-abi=hard 
TRACE::2025-10-03.16:57:43::SCWBDomain::-nostartfiles -g -Wall -Wextra -fno-tree-loop-distribute-patterns"

TRACE::2025-10-03.16:57:43::SCWBDomain::Running Make include in ps7_cortexa9_0/libsrc/ttcps_v3_17/src

TRACE::2025-10-03.16:57:43::SCWBDomain::make -C ps7_cortexa9_0/libsrc/ttcps_v3_17/src -s include  "SHELL=/bin/sh" "COMPILER=arm-none-eabi-gcc" "ASSEMBLER=arm-none-eabi
TRACE::2025-10-03.16:57:43::SCWBDomain::-as" "ARCHIVER=arm-none-eabi-ar" "COMPILER_FLAGS=  -O2 -c" "EXTRA_COMPILER_FLAGS=-mcpu=cortex-a9 -mfpu=vfpv3 -mfloat-abi=hard -
TRACE::2025-10-03.16:57:43::SCWBDomain::nostartfiles -g -Wall -Wextra -fno-tree-loop-distribute-patterns"

TRACE::2025-10-03.16:57:43::SCWBDomain::Running Make include in ps7_cortexa9_0/libsrc/uartps_v3_12/src

TRACE::2025-10-03.16:57:43::SCWBDomain::make -C ps7_cortexa9_0/libsrc/uartps_v3_12/src -s include  "SHELL=/bin/sh" "COMPILER=arm-none-eabi-gcc" "ASSEMBLER=arm-none-eab
TRACE::2025-10-03.16:57:43::SCWBDomain::i-as" "ARCHIVER=arm-none-eabi-ar" "COMPILER_FLAGS=  -O2 -c" "EXTRA_COMPILER_FLAGS=-mcpu=cortex-a9 -mfpu=vfpv3 -mfloat-abi=hard 
TRACE::2025-10-03.16:57:43::SCWBDomain::-nostartfiles -g -Wall -Wextra -fno-tree-loop-distribute-patterns"

TRACE::2025-10-03.16:57:43::SCWBDomain::Running Make include in ps7_cortexa9_0/libsrc/usbps_v2_7/src

TRACE::2025-10-03.16:57:43::SCWBDomain::make -C ps7_cortexa9_0/libsrc/usbps_v2_7/src -s include  "SHELL=/bin/sh" "COMPILER=arm-none-eabi-gcc" "ASSEMBLER=arm-none-eabi-
TRACE::2025-10-03.16:57:43::SCWBDomain::as" "ARCHIVER=arm-none-eabi-ar" "COMPILER_FLAGS=  -O2 -c" "EXTRA_COMPILER_FLAGS=-mcpu=cortex-a9 -mfpu=vfpv3 -mfloat-abi=hard -n
TRACE::2025-10-03.16:57:43::SCWBDomain::ostartfiles -g -Wall -Wextra -fno-tree-loop-distribute-patterns"

TRACE::2025-10-03.16:57:43::SCWBDomain::Running Make include in ps7_cortexa9_0/libsrc/coresightps_dcc_v1_8/src

TRACE::2025-10-03.16:57:43::SCWBDomain::make -C ps7_cortexa9_0/libsrc/coresightps_dcc_v1_8/src -s include  "SHELL=/bin/sh" "COMPILER=arm-none-eabi-gcc" "ASSEMBLER=arm-
TRACE::2025-10-03.16:57:43::SCWBDomain::none-eabi-as" "ARCHIVER=arm-none-eabi-ar" "COMPILER_FLAGS=  -O2 -c" "EXTRA_COMPILER_FLAGS=-mcpu=cortex-a9 -mfpu=vfpv3 -mfloat-a
TRACE::2025-10-03.16:57:43::SCWBDomain::bi=hard -nostartfiles -g -Wall -Wextra -fno-tree-loop-distribute-patterns"

TRACE::2025-10-03.16:57:43::SCWBDomain::Running Make include in ps7_cortexa9_0/libsrc/sdps_v4_1/src

TRACE::2025-10-03.16:57:43::SCWBDomain::make -C ps7_cortexa9_0/libsrc/sdps_v4_1/src -s include  "SHELL=/bin/sh" "COMPILER=arm-none-eabi-gcc" "ASSEMBLER=arm-none-eabi-a
TRACE::2025-10-03.16:57:43::SCWBDomain::s" "ARCHIVER=arm-none-eabi-ar" "COMPILER_FLAGS=  -O2 -c" "EXTRA_COMPILER_FLAGS=-mcpu=cortex-a9 -mfpu=vfpv3 -mfloat-abi=hard -no
TRACE::2025-10-03.16:57:43::SCWBDomain::startfiles -g -Wall -Wextra -fno-tree-loop-distribute-patterns"

TRACE::2025-10-03.16:57:43::SCWBDomain::Running Make include in ps7_cortexa9_0/libsrc/ddrps_v1_2/src

TRACE::2025-10-03.16:57:43::SCWBDomain::make -C ps7_cortexa9_0/libsrc/ddrps_v1_2/src -s include  "SHELL=/bin/sh" "COMPILER=arm-none-eabi-gcc" "ASSEMBLER=arm-none-eabi-
TRACE::2025-10-03.16:57:43::SCWBDomain::as" "ARCHIVER=arm-none-eabi-ar" "COMPILER_FLAGS=  -O2 -c" "EXTRA_COMPILER_FLAGS=-mcpu=cortex-a9 -mfpu=vfpv3 -mfloat-abi=hard -n
TRACE::2025-10-03.16:57:43::SCWBDomain::ostartfiles -g -Wall -Wextra -fno-tree-loop-distribute-patterns"

TRACE::2025-10-03.16:57:43::SCWBDomain::Running Make include in ps7_cortexa9_0/libsrc/standalone_v8_1/src

TRACE::2025-10-03.16:57:43::SCWBDomain::make -C ps7_cortexa9_0/libsrc/standalone_v8_1/src -s include  "SHELL=/bin/sh" "COMPILER=arm-none-eabi-gcc" "ASSEMBLER=arm-none-
TRACE::2025-10-03.16:57:43::SCWBDomain::eabi-as" "ARCHIVER=arm-none-eabi-ar" "COMPILER_FLAGS=  -O2 -c" "EXTRA_COMPILER_FLAGS=-mcpu=cortex-a9 -mfpu=vfpv3 -mfloat-abi=ha
TRACE::2025-10-03.16:57:43::SCWBDomain::rd -nostartfiles -g -Wall -Wextra -fno-tree-loop-distribute-patterns"

TRACE::2025-10-03.16:57:45::SCWBDomain::Running Make include in ps7_cortexa9_0/libsrc/gpiops_v3_11/src

TRACE::2025-10-03.16:57:45::SCWBDomain::make -C ps7_cortexa9_0/libsrc/gpiops_v3_11/src -s include  "SHELL=/bin/sh" "COMPILER=arm-none-eabi-gcc" "ASSEMBLER=arm-none-eab
TRACE::2025-10-03.16:57:45::SCWBDomain::i-as" "ARCHIVER=arm-none-eabi-ar" "COMPILER_FLAGS=  -O2 -c" "EXTRA_COMPILER_FLAGS=-mcpu=cortex-a9 -mfpu=vfpv3 -mfloat-abi=hard 
TRACE::2025-10-03.16:57:45::SCWBDomain::-nostartfiles -g -Wall -Wextra -fno-tree-loop-distribute-patterns"

TRACE::2025-10-03.16:57:45::SCWBDomain::Running Make include in ps7_cortexa9_0/libsrc/xadcps_v2_6/src

TRACE::2025-10-03.16:57:45::SCWBDomain::make -C ps7_cortexa9_0/libsrc/xadcps_v2_6/src -s include  "SHELL=/bin/sh" "COMPILER=arm-none-eabi-gcc" "ASSEMBLER=arm-none-eabi
TRACE::2025-10-03.16:57:45::SCWBDomain::-as" "ARCHIVER=arm-none-eabi-ar" "COMPILER_FLAGS=  -O2 -c" "EXTRA_COMPILER_FLAGS=-mcpu=cortex-a9 -mfpu=vfpv3 -mfloat-abi=hard -
TRACE::2025-10-03.16:57:45::SCWBDomain::nostartfiles -g -Wall -Wextra -fno-tree-loop-distribute-patterns"

TRACE::2025-10-03.16:57:45::SCWBDomain::Running Make include in ps7_cortexa9_0/libsrc/cpu_cortexa9_v2_11/src

TRACE::2025-10-03.16:57:45::SCWBDomain::make -C ps7_cortexa9_0/libsrc/cpu_cortexa9_v2_11/src -s include  "SHELL=/bin/sh" "COMPILER=arm-none-eabi-gcc" "ASSEMBLER=arm-no
TRACE::2025-10-03.16:57:45::SCWBDomain::ne-eabi-as" "ARCHIVER=arm-none-eabi-ar" "COMPILER_FLAGS=  -O2 -c" "EXTRA_COMPILER_FLAGS=-mcpu=cortex-a9 -mfpu=vfpv3 -mfloat-abi
TRACE::2025-10-03.16:57:45::SCWBDomain::=hard -nostartfiles -g -Wall -Wextra -fno-tree-loop-distribute-patterns"

TRACE::2025-10-03.16:57:46::SCWBDomain::Running Make include in ps7_cortexa9_0/libsrc/dmaps_v2_8/src

TRACE::2025-10-03.16:57:46::SCWBDomain::make -C ps7_cortexa9_0/libsrc/dmaps_v2_8/src -s include  "SHELL=/bin/sh" "COMPILER=arm-none-eabi-gcc" "ASSEMBLER=arm-none-eabi-
TRACE::2025-10-03.16:57:46::SCWBDomain::as" "ARCHIVER=arm-none-eabi-ar" "COMPILER_FLAGS=  -O2 -c" "EXTRA_COMPILER_FLAGS=-mcpu=cortex-a9 -mfpu=vfpv3 -mfloat-abi=hard -n
TRACE::2025-10-03.16:57:46::SCWBDomain::ostartfiles -g -Wall -Wextra -fno-tree-loop-distribute-patterns"

TRACE::2025-10-03.16:57:46::SCWBDomain::Running Make libs in ps7_cortexa9_0/libsrc/xilrsa_v1_6/src

TRACE::2025-10-03.16:57:46::SCWBDomain::make -C ps7_cortexa9_0/libsrc/xilrsa_v1_6/src -s libs  "SHELL=/bin/sh" "COMPILER=arm-none-eabi-gcc" "ASSEMBLER=arm-none-eabi-as
TRACE::2025-10-03.16:57:46::SCWBDomain::" "ARCHIVER=arm-none-eabi-ar" "COMPILER_FLAGS=  -O2 -c" "EXTRA_COMPILER_FLAGS=-mcpu=cortex-a9 -mfpu=vfpv3 -mfloat-abi=hard -nos
TRACE::2025-10-03.16:57:46::SCWBDomain::tartfiles -g -Wall -Wextra -fno-tree-loop-distribute-patterns"

TRACE::2025-10-03.16:57:46::SCWBDomain::Running Make libs in ps7_cortexa9_0/libsrc/trans_v1_0/src

TRACE::2025-10-03.16:57:46::SCWBDomain::make -C ps7_cortexa9_0/libsrc/trans_v1_0/src -s libs  "SHELL=/bin/sh" "COMPILER=arm-none-eabi-gcc" "ASSEMBLER=arm-none-eabi-as"
TRACE::2025-10-03.16:57:46::SCWBDomain:: "ARCHIVER=arm-none-eabi-ar" "COMPILER_FLAGS=  -O2 -c" "EXTRA_COMPILER_FLAGS=-mcpu=cortex-a9 -mfpu=vfpv3 -mfloat-abi=hard -nost
TRACE::2025-10-03.16:57:46::SCWBDomain::artfiles -g -Wall -Wextra -fno-tree-loop-distribute-patterns"

TRACE::2025-10-03.16:57:46::SCWBDomain::Compiling simple_adder...

TRACE::2025-10-03.16:57:46::SCWBDomain::Finished building libraries sequentially.

TRACE::2025-10-03.16:57:46::SCWBDomain::make -j 10 --no-print-directory par_libs

TRACE::2025-10-03.16:57:46::SCWBDomain::Running Make include in ps7_cortexa9_0/libsrc/qspips_v3_10/src

TRACE::2025-10-03.16:57:46::SCWBDomain::Running Make include in ps7_cortexa9_0/libsrc/scuwdt_v2_4/src

TRACE::2025-10-03.16:57:47::SCWBDomain::make -C ps7_cortexa9_0/libsrc/qspips_v3_10/src -s include  "SHELL=/bin/sh" "COMPILER=arm-none-eabi-gcc" "ASSEMBLER=arm-none-eab
TRACE::2025-10-03.16:57:47::SCWBDomain::i-as" "ARCHIVER=arm-none-eabi-ar" "COMPILER_FLAGS=  -O2 -c" "EXTRA_COMPILER_FLAGS=-mcpu=cortex-a9 -mfpu=vfpv3 -mfloat-abi=hard 
TRACE::2025-10-03.16:57:47::SCWBDomain::-nostartfiles -g -Wall -Wextra -fno-tree-loop-distribute-patterns"

TRACE::2025-10-03.16:57:47::SCWBDomain::make -C ps7_cortexa9_0/libsrc/scuwdt_v2_4/src -s include  "SHELL=/bin/sh" "COMPILER=arm-none-eabi-gcc" "ASSEMBLER=arm-none-eabi
TRACE::2025-10-03.16:57:47::SCWBDomain::-as" "ARCHIVER=arm-none-eabi-ar" "COMPILER_FLAGS=  -O2 -c" "EXTRA_COMPILER_FLAGS=-mcpu=cortex-a9 -mfpu=vfpv3 -mfloat-abi=hard -
TRACE::2025-10-03.16:57:47::SCWBDomain::nostartfiles -g -Wall -Wextra -fno-tree-loop-distribute-patterns"

TRACE::2025-10-03.16:57:47::SCWBDomain::Running Make include in ps7_cortexa9_0/libsrc/trans_v1_0/src

TRACE::2025-10-03.16:57:47::SCWBDomain::make -C ps7_cortexa9_0/libsrc/trans_v1_0/src -s include  "SHELL=/bin/sh" "COMPILER=arm-none-eabi-gcc" "ASSEMBLER=arm-none-eabi-
TRACE::2025-10-03.16:57:47::SCWBDomain::as" "ARCHIVER=arm-none-eabi-ar" "COMPILER_FLAGS=  -O2 -c" "EXTRA_COMPILER_FLAGS=-mcpu=cortex-a9 -mfpu=vfpv3 -mfloat-abi=hard -n
TRACE::2025-10-03.16:57:47::SCWBDomain::ostartfiles -g -Wall -Wextra -fno-tree-loop-distribute-patterns"

TRACE::2025-10-03.16:57:47::SCWBDomain::Running Make include in ps7_cortexa9_0/libsrc/devcfg_v3_7/src

TRACE::2025-10-03.16:57:47::SCWBDomain::make -C ps7_cortexa9_0/libsrc/devcfg_v3_7/src -s include  "SHELL=/bin/sh" "COMPILER=arm-none-eabi-gcc" "ASSEMBLER=arm-none-eabi
TRACE::2025-10-03.16:57:48::SCWBDomain::-as" "ARCHIVER=arm-none-eabi-ar" "COMPILER_FLAGS=  -O2 -c" "EXTRA_COMPILER_FLAGS=-mcpu=cortex-a9 -mfpu=vfpv3 -mfloat-abi=hard -
TRACE::2025-10-03.16:57:48::SCWBDomain::nostartfiles -g -Wall -Wextra -fno-tree-loop-distribute-patterns"

TRACE::2025-10-03.16:57:48::SCWBDomain::Running Make include in ps7_cortexa9_0/libsrc/xilrsa_v1_6/src

TRACE::2025-10-03.16:57:48::SCWBDomain::make -C ps7_cortexa9_0/libsrc/xilrsa_v1_6/src -s include  "SHELL=/bin/sh" "COMPILER=arm-none-eabi-gcc" "ASSEMBLER=arm-none-eabi
TRACE::2025-10-03.16:57:48::SCWBDomain::-as" "ARCHIVER=arm-none-eabi-ar" "COMPILER_FLAGS=  -O2 -c" "EXTRA_COMPILER_FLAGS=-mcpu=cortex-a9 -mfpu=vfpv3 -mfloat-abi=hard -
TRACE::2025-10-03.16:57:48::SCWBDomain::nostartfiles -g -Wall -Wextra -fno-tree-loop-distribute-patterns"

TRACE::2025-10-03.16:57:48::SCWBDomain::Running Make include in ps7_cortexa9_0/libsrc/xilffs_v5_0/src

TRACE::2025-10-03.16:57:48::SCWBDomain::make -C ps7_cortexa9_0/libsrc/xilffs_v5_0/src -s include  "SHELL=/bin/sh" "COMPILER=arm-none-eabi-gcc" "ASSEMBLER=arm-none-eabi
TRACE::2025-10-03.16:57:48::SCWBDomain::-as" "ARCHIVER=arm-none-eabi-ar" "COMPILER_FLAGS=  -O2 -c" "EXTRA_COMPILER_FLAGS=-mcpu=cortex-a9 -mfpu=vfpv3 -mfloat-abi=hard -
TRACE::2025-10-03.16:57:48::SCWBDomain::nostartfiles -g -Wall -Wextra -fno-tree-loop-distribute-patterns"

TRACE::2025-10-03.16:57:48::SCWBDomain::Running Make include in ps7_cortexa9_0/libsrc/scutimer_v2_4/src

TRACE::2025-10-03.16:57:48::SCWBDomain::Running Make include in ps7_cortexa9_0/libsrc/scugic_v5_1/src

TRACE::2025-10-03.16:57:48::SCWBDomain::make -C ps7_cortexa9_0/libsrc/scutimer_v2_4/src -s include  "SHELL=/bin/sh" "COMPILER=arm-none-eabi-gcc" "ASSEMBLER=arm-none-ea
TRACE::2025-10-03.16:57:48::SCWBDomain::bi-as" "ARCHIVER=arm-none-eabi-ar" "COMPILER_FLAGS=  -O2 -c" "EXTRA_COMPILER_FLAGS=-mcpu=cortex-a9 -mfpu=vfpv3 -mfloat-abi=hard
TRACE::2025-10-03.16:57:48::SCWBDomain:: -nostartfiles -g -Wall -Wextra -fno-tree-loop-distribute-patterns"

TRACE::2025-10-03.16:57:48::SCWBDomain::make -C ps7_cortexa9_0/libsrc/scugic_v5_1/src -s include  "SHELL=/bin/sh" "COMPILER=arm-none-eabi-gcc" "ASSEMBLER=arm-none-eabi
TRACE::2025-10-03.16:57:48::SCWBDomain::-as" "ARCHIVER=arm-none-eabi-ar" "COMPILER_FLAGS=  -O2 -c" "EXTRA_COMPILER_FLAGS=-mcpu=cortex-a9 -mfpu=vfpv3 -mfloat-abi=hard -
TRACE::2025-10-03.16:57:48::SCWBDomain::nostartfiles -g -Wall -Wextra -fno-tree-loop-distribute-patterns"

TRACE::2025-10-03.16:57:49::SCWBDomain::Running Make include in ps7_cortexa9_0/libsrc/emacps_v3_18/src

TRACE::2025-10-03.16:57:49::SCWBDomain::make -C ps7_cortexa9_0/libsrc/emacps_v3_18/src -s include  "SHELL=/bin/sh" "COMPILER=arm-none-eabi-gcc" "ASSEMBLER=arm-none-eab
TRACE::2025-10-03.16:57:49::SCWBDomain::i-as" "ARCHIVER=arm-none-eabi-ar" "COMPILER_FLAGS=  -O2 -c" "EXTRA_COMPILER_FLAGS=-mcpu=cortex-a9 -mfpu=vfpv3 -mfloat-abi=hard 
TRACE::2025-10-03.16:57:49::SCWBDomain::-nostartfiles -g -Wall -Wextra -fno-tree-loop-distribute-patterns"

TRACE::2025-10-03.16:57:49::SCWBDomain::Running Make include in ps7_cortexa9_0/libsrc/ttcps_v3_17/src

TRACE::2025-10-03.16:57:49::SCWBDomain::make -C ps7_cortexa9_0/libsrc/ttcps_v3_17/src -s include  "SHELL=/bin/sh" "COMPILER=arm-none-eabi-gcc" "ASSEMBLER=arm-none-eabi
TRACE::2025-10-03.16:57:49::SCWBDomain::-as" "ARCHIVER=arm-none-eabi-ar" "COMPILER_FLAGS=  -O2 -c" "EXTRA_COMPILER_FLAGS=-mcpu=cortex-a9 -mfpu=vfpv3 -mfloat-abi=hard -
TRACE::2025-10-03.16:57:49::SCWBDomain::nostartfiles -g -Wall -Wextra -fno-tree-loop-distribute-patterns"

TRACE::2025-10-03.16:57:49::SCWBDomain::Running Make include in ps7_cortexa9_0/libsrc/uartps_v3_12/src

TRACE::2025-10-03.16:57:49::SCWBDomain::make -C ps7_cortexa9_0/libsrc/uartps_v3_12/src -s include  "SHELL=/bin/sh" "COMPILER=arm-none-eabi-gcc" "ASSEMBLER=arm-none-eab
TRACE::2025-10-03.16:57:50::SCWBDomain::i-as" "ARCHIVER=arm-none-eabi-ar" "COMPILER_FLAGS=  -O2 -c" "EXTRA_COMPILER_FLAGS=-mcpu=cortex-a9 -mfpu=vfpv3 -mfloat-abi=hard 
TRACE::2025-10-03.16:57:50::SCWBDomain::-nostartfiles -g -Wall -Wextra -fno-tree-loop-distribute-patterns"

TRACE::2025-10-03.16:57:50::SCWBDomain::Running Make include in ps7_cortexa9_0/libsrc/usbps_v2_7/src

TRACE::2025-10-03.16:57:50::SCWBDomain::make -C ps7_cortexa9_0/libsrc/usbps_v2_7/src -s include  "SHELL=/bin/sh" "COMPILER=arm-none-eabi-gcc" "ASSEMBLER=arm-none-eabi-
TRACE::2025-10-03.16:57:50::SCWBDomain::as" "ARCHIVER=arm-none-eabi-ar" "COMPILER_FLAGS=  -O2 -c" "EXTRA_COMPILER_FLAGS=-mcpu=cortex-a9 -mfpu=vfpv3 -mfloat-abi=hard -n
TRACE::2025-10-03.16:57:50::SCWBDomain::ostartfiles -g -Wall -Wextra -fno-tree-loop-distribute-patterns"

TRACE::2025-10-03.16:57:50::SCWBDomain::Running Make include in ps7_cortexa9_0/libsrc/coresightps_dcc_v1_8/src

TRACE::2025-10-03.16:57:50::SCWBDomain::make -C ps7_cortexa9_0/libsrc/coresightps_dcc_v1_8/src -s include  "SHELL=/bin/sh" "COMPILER=arm-none-eabi-gcc" "ASSEMBLER=arm-
TRACE::2025-10-03.16:57:50::SCWBDomain::none-eabi-as" "ARCHIVER=arm-none-eabi-ar" "COMPILER_FLAGS=  -O2 -c" "EXTRA_COMPILER_FLAGS=-mcpu=cortex-a9 -mfpu=vfpv3 -mfloat-a
TRACE::2025-10-03.16:57:50::SCWBDomain::bi=hard -nostartfiles -g -Wall -Wextra -fno-tree-loop-distribute-patterns"

TRACE::2025-10-03.16:57:50::SCWBDomain::Running Make include in ps7_cortexa9_0/libsrc/sdps_v4_1/src

TRACE::2025-10-03.16:57:50::SCWBDomain::make -C ps7_cortexa9_0/libsrc/sdps_v4_1/src -s include  "SHELL=/bin/sh" "COMPILER=arm-none-eabi-gcc" "ASSEMBLER=arm-none-eabi-a
TRACE::2025-10-03.16:57:50::SCWBDomain::s" "ARCHIVER=arm-none-eabi-ar" "COMPILER_FLAGS=  -O2 -c" "EXTRA_COMPILER_FLAGS=-mcpu=cortex-a9 -mfpu=vfpv3 -mfloat-abi=hard -no
TRACE::2025-10-03.16:57:50::SCWBDomain::startfiles -g -Wall -Wextra -fno-tree-loop-distribute-patterns"

TRACE::2025-10-03.16:57:51::SCWBDomain::Running Make include in ps7_cortexa9_0/libsrc/ddrps_v1_2/src

TRACE::2025-10-03.16:57:51::SCWBDomain::make -C ps7_cortexa9_0/libsrc/ddrps_v1_2/src -s include  "SHELL=/bin/sh" "COMPILER=arm-none-eabi-gcc" "ASSEMBLER=arm-none-eabi-
TRACE::2025-10-03.16:57:51::SCWBDomain::as" "ARCHIVER=arm-none-eabi-ar" "COMPILER_FLAGS=  -O2 -c" "EXTRA_COMPILER_FLAGS=-mcpu=cortex-a9 -mfpu=vfpv3 -mfloat-abi=hard -n
TRACE::2025-10-03.16:57:51::SCWBDomain::ostartfiles -g -Wall -Wextra -fno-tree-loop-distribute-patterns"

TRACE::2025-10-03.16:57:51::SCWBDomain::Running Make include in ps7_cortexa9_0/libsrc/standalone_v8_1/src

TRACE::2025-10-03.16:57:51::SCWBDomain::make -C ps7_cortexa9_0/libsrc/standalone_v8_1/src -s include  "SHELL=/bin/sh" "COMPILER=arm-none-eabi-gcc" "ASSEMBLER=arm-none-
TRACE::2025-10-03.16:57:51::SCWBDomain::eabi-as" "ARCHIVER=arm-none-eabi-ar" "COMPILER_FLAGS=  -O2 -c" "EXTRA_COMPILER_FLAGS=-mcpu=cortex-a9 -mfpu=vfpv3 -mfloat-abi=ha
TRACE::2025-10-03.16:57:51::SCWBDomain::rd -nostartfiles -g -Wall -Wextra -fno-tree-loop-distribute-patterns"

TRACE::2025-10-03.16:57:51::SCWBDomain::Running Make include in ps7_cortexa9_0/libsrc/gpiops_v3_11/src

TRACE::2025-10-03.16:57:51::SCWBDomain::make -C ps7_cortexa9_0/libsrc/gpiops_v3_11/src -s include  "SHELL=/bin/sh" "COMPILER=arm-none-eabi-gcc" "ASSEMBLER=arm-none-eab
TRACE::2025-10-03.16:57:51::SCWBDomain::i-as" "ARCHIVER=arm-none-eabi-ar" "COMPILER_FLAGS=  -O2 -c" "EXTRA_COMPILER_FLAGS=-mcpu=cortex-a9 -mfpu=vfpv3 -mfloat-abi=hard 
TRACE::2025-10-03.16:57:51::SCWBDomain::-nostartfiles -g -Wall -Wextra -fno-tree-loop-distribute-patterns"

TRACE::2025-10-03.16:57:51::SCWBDomain::Running Make include in ps7_cortexa9_0/libsrc/xadcps_v2_6/src

TRACE::2025-10-03.16:57:51::SCWBDomain::make -C ps7_cortexa9_0/libsrc/xadcps_v2_6/src -s include  "SHELL=/bin/sh" "COMPILER=arm-none-eabi-gcc" "ASSEMBLER=arm-none-eabi
TRACE::2025-10-03.16:57:52::SCWBDomain::-as" "ARCHIVER=arm-none-eabi-ar" "COMPILER_FLAGS=  -O2 -c" "EXTRA_COMPILER_FLAGS=-mcpu=cortex-a9 -mfpu=vfpv3 -mfloat-abi=hard -
TRACE::2025-10-03.16:57:52::SCWBDomain::nostartfiles -g -Wall -Wextra -fno-tree-loop-distribute-patterns"

TRACE::2025-10-03.16:57:52::SCWBDomain::Running Make include in ps7_cortexa9_0/libsrc/cpu_cortexa9_v2_11/src

TRACE::2025-10-03.16:57:52::SCWBDomain::make -C ps7_cortexa9_0/libsrc/cpu_cortexa9_v2_11/src -s include  "SHELL=/bin/sh" "COMPILER=arm-none-eabi-gcc" "ASSEMBLER=arm-no
TRACE::2025-10-03.16:57:52::SCWBDomain::ne-eabi-as" "ARCHIVER=arm-none-eabi-ar" "COMPILER_FLAGS=  -O2 -c" "EXTRA_COMPILER_FLAGS=-mcpu=cortex-a9 -mfpu=vfpv3 -mfloat-abi
TRACE::2025-10-03.16:57:52::SCWBDomain::=hard -nostartfiles -g -Wall -Wextra -fno-tree-loop-distribute-patterns"

TRACE::2025-10-03.16:57:52::SCWBDomain::Running Make include in ps7_cortexa9_0/libsrc/dmaps_v2_8/src

TRACE::2025-10-03.16:57:52::SCWBDomain::make -C ps7_cortexa9_0/libsrc/dmaps_v2_8/src -s include  "SHELL=/bin/sh" "COMPILER=arm-none-eabi-gcc" "ASSEMBLER=arm-none-eabi-
TRACE::2025-10-03.16:57:52::SCWBDomain::as" "ARCHIVER=arm-none-eabi-ar" "COMPILER_FLAGS=  -O2 -c" "EXTRA_COMPILER_FLAGS=-mcpu=cortex-a9 -mfpu=vfpv3 -mfloat-abi=hard -n
TRACE::2025-10-03.16:57:52::SCWBDomain::ostartfiles -g -Wall -Wextra -fno-tree-loop-distribute-patterns"

TRACE::2025-10-03.16:57:52::SCWBDomain::Running Make libs in ps7_cortexa9_0/libsrc/qspips_v3_10/src

TRACE::2025-10-03.16:57:52::SCWBDomain::Running Make libs in ps7_cortexa9_0/libsrc/scuwdt_v2_4/src

TRACE::2025-10-03.16:57:52::SCWBDomain::Running Make libs in ps7_cortexa9_0/libsrc/devcfg_v3_7/src

TRACE::2025-10-03.16:57:53::SCWBDomain::make -C ps7_cortexa9_0/libsrc/qspips_v3_10/src -s libs  "SHELL=/bin/sh" "COMPILER=arm-none-eabi-gcc" "ASSEMBLER=arm-none-eabi-a
TRACE::2025-10-03.16:57:53::SCWBDomain::s" "ARCHIVER=arm-none-eabi-ar" "COMPILER_FLAGS=  -O2 -c" "EXTRA_COMPILER_FLAGS=-mcpu=cortex-a9 -mfpu=vfpv3 -mfloat-abi=hard -no
TRACE::2025-10-03.16:57:53::SCWBDomain::startfiles -g -Wall -Wextra -fno-tree-loop-distribute-patterns"

TRACE::2025-10-03.16:57:53::SCWBDomain::Running Make libs in ps7_cortexa9_0/libsrc/scutimer_v2_4/src

TRACE::2025-10-03.16:57:53::SCWBDomain::Running Make libs in ps7_cortexa9_0/libsrc/xilffs_v5_0/src

TRACE::2025-10-03.16:57:53::SCWBDomain::make -C ps7_cortexa9_0/libsrc/scuwdt_v2_4/src -s libs  "SHELL=/bin/sh" "COMPILER=arm-none-eabi-gcc" "ASSEMBLER=arm-none-eabi-as
TRACE::2025-10-03.16:57:53::SCWBDomain::" "ARCHIVER=arm-none-eabi-ar" "COMPILER_FLAGS=  -O2 -c" "EXTRA_COMPILER_FLAGS=-mcpu=cortex-a9 -mfpu=vfpv3 -mfloat-abi=hard -nos
TRACE::2025-10-03.16:57:53::SCWBDomain::tartfiles -g -Wall -Wextra -fno-tree-loop-distribute-patterns"

TRACE::2025-10-03.16:57:53::SCWBDomain::make -C ps7_cortexa9_0/libsrc/devcfg_v3_7/src -s libs  "SHELL=/bin/sh" "COMPILER=arm-none-eabi-gcc" "ASSEMBLER=arm-none-eabi-as
TRACE::2025-10-03.16:57:53::SCWBDomain::" "ARCHIVER=arm-none-eabi-ar" "COMPILER_FLAGS=  -O2 -c" "EXTRA_COMPILER_FLAGS=-mcpu=cortex-a9 -mfpu=vfpv3 -mfloat-abi=hard -nos
TRACE::2025-10-03.16:57:53::SCWBDomain::tartfiles -g -Wall -Wextra -fno-tree-loop-distribute-patterns"

TRACE::2025-10-03.16:57:53::SCWBDomain::make -C ps7_cortexa9_0/libsrc/xilffs_v5_0/src -s libs  "SHELL=/bin/sh" "COMPILER=arm-none-eabi-gcc" "ASSEMBLER=arm-none-eabi-as
TRACE::2025-10-03.16:57:53::SCWBDomain::" "ARCHIVER=arm-none-eabi-ar" "COMPILER_FLAGS=  -O2 -c" "EXTRA_COMPILER_FLAGS=-mcpu=cortex-a9 -mfpu=vfpv3 -mfloat-abi=hard -nos
TRACE::2025-10-03.16:57:53::SCWBDomain::tartfiles -g -Wall -Wextra -fno-tree-loop-distribute-patterns"

TRACE::2025-10-03.16:57:54::SCWBDomain::Running Make libs in ps7_cortexa9_0/libsrc/emacps_v3_18/src

TRACE::2025-10-03.16:57:54::SCWBDomain::Running Make libs in ps7_cortexa9_0/libsrc/scugic_v5_1/src

TRACE::2025-10-03.16:57:54::SCWBDomain::Running Make libs in ps7_cortexa9_0/libsrc/ttcps_v3_17/src

TRACE::2025-10-03.16:57:54::SCWBDomain::make -C ps7_cortexa9_0/libsrc/scutimer_v2_4/src -s libs  "SHELL=/bin/sh" "COMPILER=arm-none-eabi-gcc" "ASSEMBLER=arm-none-eabi-
TRACE::2025-10-03.16:57:54::SCWBDomain::as" "ARCHIVER=arm-none-eabi-ar" "COMPILER_FLAGS=  -O2 -c" "EXTRA_COMPILER_FLAGS=-mcpu=cortex-a9 -mfpu=vfpv3 -mfloat-abi=hard -n
TRACE::2025-10-03.16:57:54::SCWBDomain::ostartfiles -g -Wall -Wextra -fno-tree-loop-distribute-patterns"

TRACE::2025-10-03.16:57:54::SCWBDomain::make -C ps7_cortexa9_0/libsrc/scugic_v5_1/src -s libs  "SHELL=/bin/sh" "COMPILER=arm-none-eabi-gcc" "ASSEMBLER=arm-none-eabi-as
TRACE::2025-10-03.16:57:54::SCWBDomain::" "ARCHIVER=arm-none-eabi-ar" "COMPILER_FLAGS=  -O2 -c" "EXTRA_COMPILER_FLAGS=-mcpu=cortex-a9 -mfpu=vfpv3 -mfloat-abi=hard -nos
TRACE::2025-10-03.16:57:54::SCWBDomain::tartfiles -g -Wall -Wextra -fno-tree-loop-distribute-patterns"

TRACE::2025-10-03.16:57:54::SCWBDomain::make -C ps7_cortexa9_0/libsrc/emacps_v3_18/src -s libs  "SHELL=/bin/sh" "COMPILER=arm-none-eabi-gcc" "ASSEMBLER=arm-none-eabi-a
TRACE::2025-10-03.16:57:54::SCWBDomain::s" "ARCHIVER=arm-none-eabi-ar" "COMPILER_FLAGS=  -O2 -c" "EXTRA_COMPILER_FLAGS=-mcpu=cortex-a9 -mfpu=vfpv3 -mfloat-abi=hard -no
TRACE::2025-10-03.16:57:54::SCWBDomain::startfiles -g -Wall -Wextra -fno-tree-loop-distribute-patterns"

TRACE::2025-10-03.16:57:54::SCWBDomain::make -C ps7_cortexa9_0/libsrc/ttcps_v3_17/src -s libs  "SHELL=/bin/sh" "COMPILER=arm-none-eabi-gcc" "ASSEMBLER=arm-none-eabi-as
TRACE::2025-10-03.16:57:54::SCWBDomain::" "ARCHIVER=arm-none-eabi-ar" "COMPILER_FLAGS=  -O2 -c" "EXTRA_COMPILER_FLAGS=-mcpu=cortex-a9 -mfpu=vfpv3 -mfloat-abi=hard -nos
TRACE::2025-10-03.16:57:54::SCWBDomain::tartfiles -g -Wall -Wextra -fno-tree-loop-distribute-patterns"

TRACE::2025-10-03.16:57:55::SCWBDomain::Running Make libs in ps7_cortexa9_0/libsrc/uartps_v3_12/src

TRACE::2025-10-03.16:57:55::SCWBDomain::make -C ps7_cortexa9_0/libsrc/uartps_v3_12/src -s libs  "SHELL=/bin/sh" "COMPILER=arm-none-eabi-gcc" "ASSEMBLER=arm-none-eabi-a
TRACE::2025-10-03.16:57:55::SCWBDomain::s" "ARCHIVER=arm-none-eabi-ar" "COMPILER_FLAGS=  -O2 -c" "EXTRA_COMPILER_FLAGS=-mcpu=cortex-a9 -mfpu=vfpv3 -mfloat-abi=hard -no
TRACE::2025-10-03.16:57:55::SCWBDomain::startfiles -g -Wall -Wextra -fno-tree-loop-distribute-patterns"

TRACE::2025-10-03.16:57:55::SCWBDomain::Running Make libs in ps7_cortexa9_0/libsrc/usbps_v2_7/src

TRACE::2025-10-03.16:57:56::SCWBDomain::make -C ps7_cortexa9_0/libsrc/usbps_v2_7/src -s libs  "SHELL=/bin/sh" "COMPILER=arm-none-eabi-gcc" "ASSEMBLER=arm-none-eabi-as"
TRACE::2025-10-03.16:57:56::SCWBDomain:: "ARCHIVER=arm-none-eabi-ar" "COMPILER_FLAGS=  -O2 -c" "EXTRA_COMPILER_FLAGS=-mcpu=cortex-a9 -mfpu=vfpv3 -mfloat-abi=hard -nost
TRACE::2025-10-03.16:57:57::SCWBDomain::artfiles -g -Wall -Wextra -fno-tree-loop-distribute-patterns"

TRACE::2025-10-03.16:57:58::SCWBDomain::Running Make libs in ps7_cortexa9_0/libsrc/coresightps_dcc_v1_8/src

TRACE::2025-10-03.16:57:58::SCWBDomain::make -C ps7_cortexa9_0/libsrc/coresightps_dcc_v1_8/src -s libs  "SHELL=/bin/sh" "COMPILER=arm-none-eabi-gcc" "ASSEMBLER=arm-non
TRACE::2025-10-03.16:57:58::SCWBDomain::e-eabi-as" "ARCHIVER=arm-none-eabi-ar" "COMPILER_FLAGS=  -O2 -c" "EXTRA_COMPILER_FLAGS=-mcpu=cortex-a9 -mfpu=vfpv3 -mfloat-abi=
TRACE::2025-10-03.16:57:58::SCWBDomain::hard -nostartfiles -g -Wall -Wextra -fno-tree-loop-distribute-patterns"

TRACE::2025-10-03.16:57:59::SCWBDomain::Running Make libs in ps7_cortexa9_0/libsrc/sdps_v4_1/src

TRACE::2025-10-03.16:57:59::SCWBDomain::make -C ps7_cortexa9_0/libsrc/sdps_v4_1/src -s libs  "SHELL=/bin/sh" "COMPILER=arm-none-eabi-gcc" "ASSEMBLER=arm-none-eabi-as" 
TRACE::2025-10-03.16:57:59::SCWBDomain::"ARCHIVER=arm-none-eabi-ar" "COMPILER_FLAGS=  -O2 -c" "EXTRA_COMPILER_FLAGS=-mcpu=cortex-a9 -mfpu=vfpv3 -mfloat-abi=hard -nosta
TRACE::2025-10-03.16:57:59::SCWBDomain::rtfiles -g -Wall -Wextra -fno-tree-loop-distribute-patterns"

TRACE::2025-10-03.16:57:59::SCWBDomain::Running Make libs in ps7_cortexa9_0/libsrc/ddrps_v1_2/src

TRACE::2025-10-03.16:58:00::SCWBDomain::make -C ps7_cortexa9_0/libsrc/ddrps_v1_2/src -s libs  "SHELL=/bin/sh" "COMPILER=arm-none-eabi-gcc" "ASSEMBLER=arm-none-eabi-as"
TRACE::2025-10-03.16:58:00::SCWBDomain:: "ARCHIVER=arm-none-eabi-ar" "COMPILER_FLAGS=  -O2 -c" "EXTRA_COMPILER_FLAGS=-mcpu=cortex-a9 -mfpu=vfpv3 -mfloat-abi=hard -nost
TRACE::2025-10-03.16:58:00::SCWBDomain::artfiles -g -Wall -Wextra -fno-tree-loop-distribute-patterns"

TRACE::2025-10-03.16:58:00::SCWBDomain::Running Make libs in ps7_cortexa9_0/libsrc/standalone_v8_1/src

TRACE::2025-10-03.16:58:00::SCWBDomain::make -C ps7_cortexa9_0/libsrc/standalone_v8_1/src -s libs  "SHELL=/bin/sh" "COMPILER=arm-none-eabi-gcc" "ASSEMBLER=arm-none-eab
TRACE::2025-10-03.16:58:01::SCWBDomain::i-as" "ARCHIVER=arm-none-eabi-ar" "COMPILER_FLAGS=  -O2 -c" "EXTRA_COMPILER_FLAGS=-mcpu=cortex-a9 -mfpu=vfpv3 -mfloat-abi=hard 
TRACE::2025-10-03.16:58:01::SCWBDomain::-nostartfiles -g -Wall -Wextra -fno-tree-loop-distribute-patterns"

TRACE::2025-10-03.16:58:01::SCWBDomain::Running Make libs in ps7_cortexa9_0/libsrc/gpiops_v3_11/src

TRACE::2025-10-03.16:58:01::SCWBDomain::make -C ps7_cortexa9_0/libsrc/gpiops_v3_11/src -s libs  "SHELL=/bin/sh" "COMPILER=arm-none-eabi-gcc" "ASSEMBLER=arm-none-eabi-a
TRACE::2025-10-03.16:58:02::SCWBDomain::s" "ARCHIVER=arm-none-eabi-ar" "COMPILER_FLAGS=  -O2 -c" "EXTRA_COMPILER_FLAGS=-mcpu=cortex-a9 -mfpu=vfpv3 -mfloat-abi=hard -no
TRACE::2025-10-03.16:58:02::SCWBDomain::startfiles -g -Wall -Wextra -fno-tree-loop-distribute-patterns"

TRACE::2025-10-03.16:58:02::SCWBDomain::Running Make libs in ps7_cortexa9_0/libsrc/xadcps_v2_6/src

TRACE::2025-10-03.16:58:02::SCWBDomain::make -C ps7_cortexa9_0/libsrc/xadcps_v2_6/src -s libs  "SHELL=/bin/sh" "COMPILER=arm-none-eabi-gcc" "ASSEMBLER=arm-none-eabi-as
TRACE::2025-10-03.16:58:02::SCWBDomain::" "ARCHIVER=arm-none-eabi-ar" "COMPILER_FLAGS=  -O2 -c" "EXTRA_COMPILER_FLAGS=-mcpu=cortex-a9 -mfpu=vfpv3 -mfloat-abi=hard -nos
TRACE::2025-10-03.16:58:02::SCWBDomain::tartfiles -g -Wall -Wextra -fno-tree-loop-distribute-patterns"

TRACE::2025-10-03.16:58:03::SCWBDomain::Running Make libs in ps7_cortexa9_0/libsrc/cpu_cortexa9_v2_11/src

TRACE::2025-10-03.16:58:04::SCWBDomain::make -C ps7_cortexa9_0/libsrc/cpu_cortexa9_v2_11/src -s libs  "SHELL=/bin/sh" "COMPILER=arm-none-eabi-gcc" "ASSEMBLER=arm-none-
TRACE::2025-10-03.16:58:04::SCWBDomain::eabi-as" "ARCHIVER=arm-none-eabi-ar" "COMPILER_FLAGS=  -O2 -c" "EXTRA_COMPILER_FLAGS=-mcpu=cortex-a9 -mfpu=vfpv3 -mfloat-abi=ha
TRACE::2025-10-03.16:58:04::SCWBDomain::rd -nostartfiles -g -Wall -Wextra -fno-tree-loop-distribute-patterns"

TRACE::2025-10-03.16:58:05::SCWBDomain::Running Make libs in ps7_cortexa9_0/libsrc/dmaps_v2_8/src

TRACE::2025-10-03.16:58:06::SCWBDomain::make -C ps7_cortexa9_0/libsrc/dmaps_v2_8/src -s libs  "SHELL=/bin/sh" "COMPILER=arm-none-eabi-gcc" "ASSEMBLER=arm-none-eabi-as"
TRACE::2025-10-03.16:58:06::SCWBDomain:: "ARCHIVER=arm-none-eabi-ar" "COMPILER_FLAGS=  -O2 -c" "EXTRA_COMPILER_FLAGS=-mcpu=cortex-a9 -mfpu=vfpv3 -mfloat-abi=hard -nost
TRACE::2025-10-03.16:58:06::SCWBDomain::artfiles -g -Wall -Wextra -fno-tree-loop-distribute-patterns"

TRACE::2025-10-03.16:58:12::SCWBDomain::Finished building libraries parallelly.

TRACE::2025-10-03.16:58:12::SCWBDomain::make --no-print-directory archive

TRACE::2025-10-03.16:58:12::SCWBDomain::arm-none-eabi-ar -r  ps7_cortexa9_0/lib/libxil.a ps7_cortexa9_0/lib/_exit.o ps7_cortexa9_0/lib/_open.o ps7_cortexa9_0/lib/_sbrk
TRACE::2025-10-03.16:58:12::SCWBDomain::.o ps7_cortexa9_0/lib/abort.o ps7_cortexa9_0/lib/asm_vectors.o ps7_cortexa9_0/lib/boot.o ps7_cortexa9_0/lib/close.o ps7_cortexa
TRACE::2025-10-03.16:58:12::SCWBDomain::9_0/lib/cpputest_time.o ps7_cortexa9_0/lib/cpu_init.o ps7_cortexa9_0/lib/errno.o ps7_cortexa9_0/lib/fcntl.o ps7_cortexa9_0/lib/
TRACE::2025-10-03.16:58:12::SCWBDomain::fstat.o ps7_cortexa9_0/lib/getentropy.o ps7_cortexa9_0/lib/getpid.o ps7_cortexa9_0/lib/inbyte.o ps7_cortexa9_0/lib/isatty.o ps7
TRACE::2025-10-03.16:58:12::SCWBDomain::_cortexa9_0/lib/kill.o ps7_cortexa9_0/lib/lseek.o ps7_cortexa9_0/lib/open.o ps7_cortexa9_0/lib/outbyte.o ps7_cortexa9_0/lib/pri
TRACE::2025-10-03.16:58:12::SCWBDomain::nt.o ps7_cortexa9_0/lib/putnum.o ps7_cortexa9_0/lib/read.o ps7_cortexa9_0/lib/sbrk.o ps7_cortexa9_0/lib/sleep.o ps7_cortexa9_0/
TRACE::2025-10-03.16:58:12::SCWBDomain::lib/time.o ps7_cortexa9_0/lib/translation_table.o ps7_cortexa9_0/lib/unlink.o ps7_cortexa9_0/lib/usleep.o ps7_cortexa9_0/lib/ve
TRACE::2025-10-03.16:58:12::SCWBDomain::ctors.o ps7_cortexa9_0/lib/write.o ps7_cortexa9_0/lib/xadcps.o ps7_cortexa9_0/lib/xadcps_g.o ps7_cortexa9_0/lib/xadcps_intr.o p
TRACE::2025-10-03.16:58:12::SCWBDomain::s7_cortexa9_0/lib/xadcps_selftest.o ps7_cortexa9_0/lib/xadcps_sinit.o ps7_cortexa9_0/lib/xcoresightpsdcc.o ps7_cortexa9_0/lib/x
TRACE::2025-10-03.16:58:12::SCWBDomain::devcfg.o ps7_cortexa9_0/lib/xdevcfg_g.o ps7_cortexa9_0/lib/xdevcfg_hw.o ps7_cortexa9_0/lib/xdevcfg_intr.o ps7_cortexa9_0/lib/xd
TRACE::2025-10-03.16:58:12::SCWBDomain::evcfg_selftest.o ps7_cortexa9_0/lib/xdevcfg_sinit.o ps7_cortexa9_0/lib/xdmaps.o ps7_cortexa9_0/lib/xdmaps_g.o ps7_cortexa9_0/li
TRACE::2025-10-03.16:58:12::SCWBDomain::b/xdmaps_hw.o ps7_cortexa9_0/lib/xdmaps_selftest.o ps7_cortexa9_0/lib/xdmaps_sinit.o ps7_cortexa9_0/lib/xemacps.o ps7_cortexa9_
TRACE::2025-10-03.16:58:12::SCWBDomain::0/lib/xemacps_bdring.o ps7_cortexa9_0/lib/xemacps_control.o ps7_cortexa9_0/lib/xemacps_g.o ps7_cortexa9_0/lib/xemacps_hw.o ps7_
TRACE::2025-10-03.16:58:12::SCWBDomain::cortexa9_0/lib/xemacps_intr.o ps7_cortexa9_0/lib/xemacps_sinit.o ps7_cortexa9_0/lib/xgpiops.o ps7_cortexa9_0/lib/xgpiops_g.o ps
TRACE::2025-10-03.16:58:12::SCWBDomain::7_cortexa9_0/lib/xgpiops_hw.o ps7_cortexa9_0/lib/xgpiops_intr.o ps7_cortexa9_0/lib/xgpiops_selftest.o ps7_cortexa9_0/lib/xgpiop
TRACE::2025-10-03.16:58:12::SCWBDomain::s_sinit.o ps7_cortexa9_0/lib/xil-crt0.o ps7_cortexa9_0/lib/xil_assert.o ps7_cortexa9_0/lib/xil_cache.o ps7_cortexa9_0/lib/xil_c
TRACE::2025-10-03.16:58:12::SCWBDomain::locking.o ps7_cortexa9_0/lib/xil_exception.o ps7_cortexa9_0/lib/xil_mem.o ps7_cortexa9_0/lib/xil_misc_psreset_api.o ps7_cortexa
TRACE::2025-10-03.16:58:12::SCWBDomain::9_0/lib/xil_mmu.o ps7_cortexa9_0/lib/xil_printf.o ps7_cortexa9_0/lib/xil_sleepcommon.o ps7_cortexa9_0/lib/xil_sleeptimer.o ps7_
TRACE::2025-10-03.16:58:12::SCWBDomain::cortexa9_0/lib/xil_spinlock.o ps7_cortexa9_0/lib/xil_testcache.o ps7_cortexa9_0/lib/xil_testio.o ps7_cortexa9_0/lib/xil_testmem
TRACE::2025-10-03.16:58:12::SCWBDomain::.o ps7_cortexa9_0/lib/xil_util.o ps7_cortexa9_0/lib/xinterrupt_wrap.o ps7_cortexa9_0/lib/xl2cc_counter.o ps7_cortexa9_0/lib/xpl
TRACE::2025-10-03.16:58:12::SCWBDomain::atform_info.o ps7_cortexa9_0/lib/xpm_counter.o ps7_cortexa9_0/lib/xqspips.o ps7_cortexa9_0/lib/xqspips_g.o ps7_cortexa9_0/lib/x
TRACE::2025-10-03.16:58:12::SCWBDomain::qspips_hw.o ps7_cortexa9_0/lib/xqspips_options.o ps7_cortexa9_0/lib/xqspips_selftest.o ps7_cortexa9_0/lib/xqspips_sinit.o ps7_c
TRACE::2025-10-03.16:58:12::SCWBDomain::ortexa9_0/lib/xscugic.o ps7_cortexa9_0/lib/xscugic_g.o ps7_cortexa9_0/lib/xscugic_hw.o ps7_cortexa9_0/lib/xscugic_intr.o ps7_co
TRACE::2025-10-03.16:58:12::SCWBDomain::rtexa9_0/lib/xscugic_selftest.o ps7_cortexa9_0/lib/xscugic_sinit.o ps7_cortexa9_0/lib/xscutimer.o ps7_cortexa9_0/lib/xscutimer_
TRACE::2025-10-03.16:58:12::SCWBDomain::g.o ps7_cortexa9_0/lib/xscutimer_selftest.o ps7_cortexa9_0/lib/xscutimer_sinit.o ps7_cortexa9_0/lib/xscuwdt.o ps7_cortexa9_0/li
TRACE::2025-10-03.16:58:12::SCWBDomain::b/xscuwdt_g.o ps7_cortexa9_0/lib/xscuwdt_selftest.o ps7_cortexa9_0/lib/xscuwdt_sinit.o ps7_cortexa9_0/lib/xsdps.o ps7_cortexa9_
TRACE::2025-10-03.16:58:12::SCWBDomain::0/lib/xsdps_card.o ps7_cortexa9_0/lib/xsdps_g.o ps7_cortexa9_0/lib/xsdps_host.o ps7_cortexa9_0/lib/xsdps_options.o ps7_cortexa9
TRACE::2025-10-03.16:58:12::SCWBDomain::_0/lib/xsdps_sinit.o ps7_cortexa9_0/lib/xtime_l.o ps7_cortexa9_0/lib/xttcps.o ps7_cortexa9_0/lib/xttcps_g.o ps7_cortexa9_0/lib/
TRACE::2025-10-03.16:58:12::SCWBDomain::xttcps_options.o ps7_cortexa9_0/lib/xttcps_selftest.o ps7_cortexa9_0/lib/xttcps_sinit.o ps7_cortexa9_0/lib/xuartps.o ps7_cortex
TRACE::2025-10-03.16:58:12::SCWBDomain::a9_0/lib/xuartps_g.o ps7_cortexa9_0/lib/xuartps_hw.o ps7_cortexa9_0/lib/xuartps_intr.o ps7_cortexa9_0/lib/xuartps_options.o ps7
TRACE::2025-10-03.16:58:12::SCWBDomain::_cortexa9_0/lib/xuartps_selftest.o ps7_cortexa9_0/lib/xuartps_sinit.o ps7_cortexa9_0/lib/xusbps.o ps7_cortexa9_0/lib/xusbps_end
TRACE::2025-10-03.16:58:12::SCWBDomain::point.o ps7_cortexa9_0/lib/xusbps_g.o ps7_cortexa9_0/lib/xusbps_hw.o ps7_cortexa9_0/lib/xusbps_intr.o ps7_cortexa9_0/lib/xusbps
TRACE::2025-10-03.16:58:12::SCWBDomain::_sinit.o

TRACE::2025-10-03.16:58:14::SCWBDomain::Finished building libraries

TRACE::2025-10-03.16:58:14::SCWBDomain::make: Leaving directory '/home/grads/t/tamu_vik/ECEN-722/lab4/top_fft_time/zynq_fsbl/zynq_fsbl_bsp'

TRACE::2025-10-03.16:58:14::SCWBDomain::arm-none-eabi-gcc  -O2 -c -MMD -MP       -mcpu=cortex-a9 -mfpu=vfpv3 -mfloat-abi=hard  -c nand.c -o nand.o -Izynq_fsbl_bsp/ps7_
TRACE::2025-10-03.16:58:14::SCWBDomain::cortexa9_0/include -I.

TRACE::2025-10-03.16:58:14::SCWBDomain::arm-none-eabi-gcc  -O2 -c -MMD -MP       -mcpu=cortex-a9 -mfpu=vfpv3 -mfloat-abi=hard  -c pcap.c -o pcap.o -Izynq_fsbl_bsp/ps7_
TRACE::2025-10-03.16:58:14::SCWBDomain::cortexa9_0/include -I.

TRACE::2025-10-03.16:58:15::SCWBDomain::arm-none-eabi-gcc  -O2 -c -MMD -MP       -mcpu=cortex-a9 -mfpu=vfpv3 -mfloat-abi=hard  -c ps7_init.c -o ps7_init.o -Izynq_fsbl_
TRACE::2025-10-03.16:58:15::SCWBDomain::bsp/ps7_cortexa9_0/include -I.

TRACE::2025-10-03.16:58:15::SCWBDomain::arm-none-eabi-gcc  -O2 -c -MMD -MP       -mcpu=cortex-a9 -mfpu=vfpv3 -mfloat-abi=hard  -c qspi.c -o qspi.o -Izynq_fsbl_bsp/ps7_
TRACE::2025-10-03.16:58:15::SCWBDomain::cortexa9_0/include -I.

TRACE::2025-10-03.16:58:16::SCWBDomain::arm-none-eabi-gcc  -O2 -c -MMD -MP       -mcpu=cortex-a9 -mfpu=vfpv3 -mfloat-abi=hard  -c rsa.c -o rsa.o -Izynq_fsbl_bsp/ps7_co
TRACE::2025-10-03.16:58:16::SCWBDomain::rtexa9_0/include -I.

TRACE::2025-10-03.16:58:16::SCWBDomain::arm-none-eabi-gcc  -O2 -c -MMD -MP       -mcpu=cortex-a9 -mfpu=vfpv3 -mfloat-abi=hard  -c main.c -o main.o -Izynq_fsbl_bsp/ps7_
TRACE::2025-10-03.16:58:16::SCWBDomain::cortexa9_0/include -I.

TRACE::2025-10-03.16:58:16::SCWBDomain::arm-none-eabi-gcc  -O2 -c -MMD -MP       -mcpu=cortex-a9 -mfpu=vfpv3 -mfloat-abi=hard  -c fsbl_hooks.c -o fsbl_hooks.o -Izynq_f
TRACE::2025-10-03.16:58:16::SCWBDomain::sbl_bsp/ps7_cortexa9_0/include -I.

TRACE::2025-10-03.16:58:17::SCWBDomain::arm-none-eabi-gcc  -O2 -c -MMD -MP       -mcpu=cortex-a9 -mfpu=vfpv3 -mfloat-abi=hard  -c md5.c -o md5.o -Izynq_fsbl_bsp/ps7_co
TRACE::2025-10-03.16:58:17::SCWBDomain::rtexa9_0/include -I.

TRACE::2025-10-03.16:58:17::SCWBDomain::arm-none-eabi-gcc  -O2 -c -MMD -MP       -mcpu=cortex-a9 -mfpu=vfpv3 -mfloat-abi=hard  -c image_mover.c -o image_mover.o -Izynq
TRACE::2025-10-03.16:58:17::SCWBDomain::_fsbl_bsp/ps7_cortexa9_0/include -I.

TRACE::2025-10-03.16:58:17::SCWBDomain::arm-none-eabi-gcc  -O2 -c -MMD -MP       -mcpu=cortex-a9 -mfpu=vfpv3 -mfloat-abi=hard  -c nor.c -o nor.o -Izynq_fsbl_bsp/ps7_co
TRACE::2025-10-03.16:58:17::SCWBDomain::rtexa9_0/include -I.

TRACE::2025-10-03.16:58:18::SCWBDomain::arm-none-eabi-gcc  -O2 -c -MMD -MP       -mcpu=cortex-a9 -mfpu=vfpv3 -mfloat-abi=hard  -c sd.c -o sd.o -Izynq_fsbl_bsp/ps7_cort
TRACE::2025-10-03.16:58:18::SCWBDomain::exa9_0/include -I.

TRACE::2025-10-03.16:58:18::SCWBDomain::arm-none-eabi-gcc  -O2 -c -MMD -MP       -mcpu=cortex-a9 -mfpu=vfpv3 -mfloat-abi=hard  -c fsbl_handoff.S -o fsbl_handoff.o -Izy
TRACE::2025-10-03.16:58:18::SCWBDomain::nq_fsbl_bsp/ps7_cortexa9_0/include -I.

TRACE::2025-10-03.16:58:18::SCWBDomain::arm-none-eabi-gcc -o fsbl.elf fsbl_handoff.o fsbl_hooks.o image_mover.o main.o md5.o nand.o nor.o pcap.o ps7_init.o qspi.o rsa.
TRACE::2025-10-03.16:58:18::SCWBDomain::o sd.o -MMD -MP       -mcpu=cortex-a9 -mfpu=vfpv3 -mfloat-abi=hard   -mcpu=cortex-a9 -mfpu=vfpv3 -mfloat-abi=hard -Wl,-build-id
TRACE::2025-10-03.16:58:18::SCWBDomain::=none -specs=Xilinx.spec  -lrsa -Wl,--start-group,-lxil,-lgcc,-lc,--end-group -Wl,--start-group,-lxilffs,-lxil,-lgcc,-lc,--end-
TRACE::2025-10-03.16:58:18::SCWBDomain::group -Wl,--start-group,-lrsa,-lxil,-lgcc,-lc,--end-group                                     -Wl,--gc-sections -Lzynq_fsbl_bsp
TRACE::2025-10-03.16:58:18::SCWBDomain::/ps7_cortexa9_0/lib -L./ -Tlscript.ld

LOG::2025-10-03.16:58:18::SCWSystem::Checking the domain standalone_ps7_cortexa9_0
LOG::2025-10-03.16:58:18::SCWSystem::Not a boot domain 
LOG::2025-10-03.16:58:18::SCWSystem::Started Processing the domain standalone_ps7_cortexa9_0
TRACE::2025-10-03.16:58:18::SCWDomain::Generating domain artifcats
TRACE::2025-10-03.16:58:18::SCWMssOS::Generating standalone artifcats
TRACE::2025-10-03.16:58:19::SCWMssOS::Copying the qemu file from  /home/grads/t/tamu_vik/ECEN-722/lab4/top_fft_time/resources/top_fft_time/standalone_ps7_cortexa9_0/qemu_args.txt To /home/grads/t/tamu_vik/ECEN-722/lab4/top_fft_time/export/top_fft_time/sw/top_fft_time/qemu/
TRACE::2025-10-03.16:58:19::SCWMssOS::Copying the qemu file from  /home/grads/t/tamu_vik/ECEN-722/lab4/top_fft_time/resources/top_fft_time/standalone_ps7_cortexa9_0/qemu_args.txt To /home/grads/t/tamu_vik/ECEN-722/lab4/top_fft_time/export/top_fft_time/sw/top_fft_time/standalone_ps7_cortexa9_0/qemu/
TRACE::2025-10-03.16:58:19::SCWMssOS:: Copying the user libraries. 
TRACE::2025-10-03.16:58:19::SCWPlatform::Trying to open the hw design at /home/grads/t/tamu_vik/ECEN-722/lab4/top_fft_time/hw/top_fft_time.xsa
TRACE::2025-10-03.16:58:19::SCWPlatform::DSA given /home/grads/t/tamu_vik/ECEN-722/lab4/top_fft_time/hw/top_fft_time.xsa
TRACE::2025-10-03.16:58:19::SCWPlatform::DSA absoulate path /home/grads/t/tamu_vik/ECEN-722/lab4/top_fft_time/hw/top_fft_time.xsa
TRACE::2025-10-03.16:58:19::SCWPlatform::DSA directory /home/grads/t/tamu_vik/ECEN-722/lab4/top_fft_time/hw
TRACE::2025-10-03.16:58:19::SCWPlatform:: Platform Path /home/grads/t/tamu_vik/ECEN-722/lab4/top_fft_time/hw/top_fft_time.xsa
TRACE::2025-10-03.16:58:19::SCWPlatform:: Unique name xilinx:zybo-z7-10::0.0
TRACE::2025-10-03.16:58:19::SCWPlatform::Trying to set the existing hwdb with name top_fft_time_0
TRACE::2025-10-03.16:58:19::SCWPlatform::Opened existing hwdb top_fft_time_0
TRACE::2025-10-03.16:58:19::SCWPlatform::Found the Hw Db part of the input DSA
TRACE::2025-10-03.16:58:19::SCWMssOS::Checking the sw design at  /home/grads/t/tamu_vik/ECEN-722/lab4/top_fft_time/ps7_cortexa9_0/standalone_ps7_cortexa9_0/bsp/system.mss
TRACE::2025-10-03.16:58:19::SCWMssOS::DEBUG:  swdes dump  /home/grads/t/tamu_vik/ECEN-722/lab4/top_fft_time/ps7_cortexa9_0/standalone_ps7_cortexa9_0/bsp/system.mss|system_0||
/home/grads/t/tamu_vik/ECEN-722/lab4/top_fft_time/zynq_fsbl/zynq_fsbl_bsp/system.mss|system||

TRACE::2025-10-03.16:58:19::SCWMssOS::Sw design exists and opened at  /home/grads/t/tamu_vik/ECEN-722/lab4/top_fft_time/ps7_cortexa9_0/standalone_ps7_cortexa9_0/bsp/system.mss
TRACE::2025-10-03.16:58:19::SCWMssOS::Completed writing the mss file at /home/grads/t/tamu_vik/ECEN-722/lab4/top_fft_time/ps7_cortexa9_0/standalone_ps7_cortexa9_0/bsp
TRACE::2025-10-03.16:58:19::SCWMssOS::Mss edits present, copying mssfile into export location /home/grads/t/tamu_vik/ECEN-722/lab4/top_fft_time/ps7_cortexa9_0/standalone_ps7_cortexa9_0/bsp/system.mss
TRACE::2025-10-03.16:58:19::SCWMssOS::bsp generated is upto date with the mss file. Skipping bsp generation.
TRACE::2025-10-03.16:58:19::SCWMssOS::BSP is already built. skipping the bsp build ... 
TRACE::2025-10-03.16:58:19::SCWDomain::Building the domain as part of full build :  standalone_ps7_cortexa9_0
TRACE::2025-10-03.16:58:19::SCWMssOS::doing bsp build ... 
TRACE::2025-10-03.16:58:19::SCWMssOS::System Command Ran  cd  /home/grads/t/tamu_vik/ECEN-722/lab4/top_fft_time/ps7_cortexa9_0/standalone_ps7_cortexa9_0/bsp ; bash -c "make  " 
TRACE::2025-10-03.16:58:19::SCWMssOS::make --no-print-directory seq_libs

TRACE::2025-10-03.16:58:19::SCWMssOS::Running Make include in ps7_cortexa9_0/libsrc/qspips_v3_10/src

TRACE::2025-10-03.16:58:19::SCWMssOS::make -C ps7_cortexa9_0/libsrc/qspips_v3_10/src -s include  "SHELL=/bin/sh" "COMPILER=arm-none-eabi-gcc" "ASSEMBLER=arm-none-eab
TRACE::2025-10-03.16:58:19::SCWMssOS::i-as" "ARCHIVER=arm-none-eabi-ar" "COMPILER_FLAGS=  -O2 -c" "EXTRA_COMPILER_FLAGS=-mcpu=cortex-a9 -mfpu=vfpv3 -mfloat-abi=hard 
TRACE::2025-10-03.16:58:19::SCWMssOS::-nostartfiles -g -Wall -Wextra -fno-tree-loop-distribute-patterns"

TRACE::2025-10-03.16:58:20::SCWMssOS::Running Make include in ps7_cortexa9_0/libsrc/scuwdt_v2_4/src

TRACE::2025-10-03.16:58:20::SCWMssOS::make -C ps7_cortexa9_0/libsrc/scuwdt_v2_4/src -s include  "SHELL=/bin/sh" "COMPILER=arm-none-eabi-gcc" "ASSEMBLER=arm-none-eabi
TRACE::2025-10-03.16:58:20::SCWMssOS::-as" "ARCHIVER=arm-none-eabi-ar" "COMPILER_FLAGS=  -O2 -c" "EXTRA_COMPILER_FLAGS=-mcpu=cortex-a9 -mfpu=vfpv3 -mfloat-abi=hard -
TRACE::2025-10-03.16:58:20::SCWMssOS::nostartfiles -g -Wall -Wextra -fno-tree-loop-distribute-patterns"

TRACE::2025-10-03.16:58:20::SCWMssOS::Running Make include in ps7_cortexa9_0/libsrc/trans_v1_0/src

TRACE::2025-10-03.16:58:20::SCWMssOS::make -C ps7_cortexa9_0/libsrc/trans_v1_0/src -s include  "SHELL=/bin/sh" "COMPILER=arm-none-eabi-gcc" "ASSEMBLER=arm-none-eabi-
TRACE::2025-10-03.16:58:20::SCWMssOS::as" "ARCHIVER=arm-none-eabi-ar" "COMPILER_FLAGS=  -O2 -c" "EXTRA_COMPILER_FLAGS=-mcpu=cortex-a9 -mfpu=vfpv3 -mfloat-abi=hard -n
TRACE::2025-10-03.16:58:20::SCWMssOS::ostartfiles -g -Wall -Wextra -fno-tree-loop-distribute-patterns"

TRACE::2025-10-03.16:58:20::SCWMssOS::Running Make include in ps7_cortexa9_0/libsrc/devcfg_v3_7/src

TRACE::2025-10-03.16:58:20::SCWMssOS::make -C ps7_cortexa9_0/libsrc/devcfg_v3_7/src -s include  "SHELL=/bin/sh" "COMPILER=arm-none-eabi-gcc" "ASSEMBLER=arm-none-eabi
TRACE::2025-10-03.16:58:20::SCWMssOS::-as" "ARCHIVER=arm-none-eabi-ar" "COMPILER_FLAGS=  -O2 -c" "EXTRA_COMPILER_FLAGS=-mcpu=cortex-a9 -mfpu=vfpv3 -mfloat-abi=hard -
TRACE::2025-10-03.16:58:20::SCWMssOS::nostartfiles -g -Wall -Wextra -fno-tree-loop-distribute-patterns"

TRACE::2025-10-03.16:58:20::SCWMssOS::Running Make include in ps7_cortexa9_0/libsrc/xilrsa_v1_6/src

TRACE::2025-10-03.16:58:20::SCWMssOS::make -C ps7_cortexa9_0/libsrc/xilrsa_v1_6/src -s include  "SHELL=/bin/sh" "COMPILER=arm-none-eabi-gcc" "ASSEMBLER=arm-none-eabi
TRACE::2025-10-03.16:58:20::SCWMssOS::-as" "ARCHIVER=arm-none-eabi-ar" "COMPILER_FLAGS=  -O2 -c" "EXTRA_COMPILER_FLAGS=-mcpu=cortex-a9 -mfpu=vfpv3 -mfloat-abi=hard -
TRACE::2025-10-03.16:58:20::SCWMssOS::nostartfiles -g -Wall -Wextra -fno-tree-loop-distribute-patterns"

TRACE::2025-10-03.16:58:20::SCWMssOS::Running Make include in ps7_cortexa9_0/libsrc/xilffs_v5_0/src

TRACE::2025-10-03.16:58:20::SCWMssOS::make -C ps7_cortexa9_0/libsrc/xilffs_v5_0/src -s include  "SHELL=/bin/sh" "COMPILER=arm-none-eabi-gcc" "ASSEMBLER=arm-none-eabi
TRACE::2025-10-03.16:58:20::SCWMssOS::-as" "ARCHIVER=arm-none-eabi-ar" "COMPILER_FLAGS=  -O2 -c" "EXTRA_COMPILER_FLAGS=-mcpu=cortex-a9 -mfpu=vfpv3 -mfloat-abi=hard -
TRACE::2025-10-03.16:58:20::SCWMssOS::nostartfiles -g -Wall -Wextra -fno-tree-loop-distribute-patterns"

TRACE::2025-10-03.16:58:20::SCWMssOS::Running Make include in ps7_cortexa9_0/libsrc/scutimer_v2_4/src

TRACE::2025-10-03.16:58:20::SCWMssOS::make -C ps7_cortexa9_0/libsrc/scutimer_v2_4/src -s include  "SHELL=/bin/sh" "COMPILER=arm-none-eabi-gcc" "ASSEMBLER=arm-none-ea
TRACE::2025-10-03.16:58:20::SCWMssOS::bi-as" "ARCHIVER=arm-none-eabi-ar" "COMPILER_FLAGS=  -O2 -c" "EXTRA_COMPILER_FLAGS=-mcpu=cortex-a9 -mfpu=vfpv3 -mfloat-abi=hard
TRACE::2025-10-03.16:58:20::SCWMssOS:: -nostartfiles -g -Wall -Wextra -fno-tree-loop-distribute-patterns"

TRACE::2025-10-03.16:58:20::SCWMssOS::Running Make include in ps7_cortexa9_0/libsrc/scugic_v5_1/src

TRACE::2025-10-03.16:58:20::SCWMssOS::make -C ps7_cortexa9_0/libsrc/scugic_v5_1/src -s include  "SHELL=/bin/sh" "COMPILER=arm-none-eabi-gcc" "ASSEMBLER=arm-none-eabi
TRACE::2025-10-03.16:58:20::SCWMssOS::-as" "ARCHIVER=arm-none-eabi-ar" "COMPILER_FLAGS=  -O2 -c" "EXTRA_COMPILER_FLAGS=-mcpu=cortex-a9 -mfpu=vfpv3 -mfloat-abi=hard -
TRACE::2025-10-03.16:58:20::SCWMssOS::nostartfiles -g -Wall -Wextra -fno-tree-loop-distribute-patterns"

TRACE::2025-10-03.16:58:20::SCWMssOS::Running Make include in ps7_cortexa9_0/libsrc/emacps_v3_18/src

TRACE::2025-10-03.16:58:20::SCWMssOS::make -C ps7_cortexa9_0/libsrc/emacps_v3_18/src -s include  "SHELL=/bin/sh" "COMPILER=arm-none-eabi-gcc" "ASSEMBLER=arm-none-eab
TRACE::2025-10-03.16:58:20::SCWMssOS::i-as" "ARCHIVER=arm-none-eabi-ar" "COMPILER_FLAGS=  -O2 -c" "EXTRA_COMPILER_FLAGS=-mcpu=cortex-a9 -mfpu=vfpv3 -mfloat-abi=hard 
TRACE::2025-10-03.16:58:20::SCWMssOS::-nostartfiles -g -Wall -Wextra -fno-tree-loop-distribute-patterns"

TRACE::2025-10-03.16:58:21::SCWMssOS::Running Make include in ps7_cortexa9_0/libsrc/ttcps_v3_17/src

TRACE::2025-10-03.16:58:21::SCWMssOS::make -C ps7_cortexa9_0/libsrc/ttcps_v3_17/src -s include  "SHELL=/bin/sh" "COMPILER=arm-none-eabi-gcc" "ASSEMBLER=arm-none-eabi
TRACE::2025-10-03.16:58:21::SCWMssOS::-as" "ARCHIVER=arm-none-eabi-ar" "COMPILER_FLAGS=  -O2 -c" "EXTRA_COMPILER_FLAGS=-mcpu=cortex-a9 -mfpu=vfpv3 -mfloat-abi=hard -
TRACE::2025-10-03.16:58:21::SCWMssOS::nostartfiles -g -Wall -Wextra -fno-tree-loop-distribute-patterns"

TRACE::2025-10-03.16:58:21::SCWMssOS::Running Make include in ps7_cortexa9_0/libsrc/uartps_v3_12/src

TRACE::2025-10-03.16:58:21::SCWMssOS::make -C ps7_cortexa9_0/libsrc/uartps_v3_12/src -s include  "SHELL=/bin/sh" "COMPILER=arm-none-eabi-gcc" "ASSEMBLER=arm-none-eab
TRACE::2025-10-03.16:58:21::SCWMssOS::i-as" "ARCHIVER=arm-none-eabi-ar" "COMPILER_FLAGS=  -O2 -c" "EXTRA_COMPILER_FLAGS=-mcpu=cortex-a9 -mfpu=vfpv3 -mfloat-abi=hard 
TRACE::2025-10-03.16:58:21::SCWMssOS::-nostartfiles -g -Wall -Wextra -fno-tree-loop-distribute-patterns"

TRACE::2025-10-03.16:58:21::SCWMssOS::Running Make include in ps7_cortexa9_0/libsrc/usbps_v2_7/src

TRACE::2025-10-03.16:58:21::SCWMssOS::make -C ps7_cortexa9_0/libsrc/usbps_v2_7/src -s include  "SHELL=/bin/sh" "COMPILER=arm-none-eabi-gcc" "ASSEMBLER=arm-none-eabi-
TRACE::2025-10-03.16:58:21::SCWMssOS::as" "ARCHIVER=arm-none-eabi-ar" "COMPILER_FLAGS=  -O2 -c" "EXTRA_COMPILER_FLAGS=-mcpu=cortex-a9 -mfpu=vfpv3 -mfloat-abi=hard -n
TRACE::2025-10-03.16:58:21::SCWMssOS::ostartfiles -g -Wall -Wextra -fno-tree-loop-distribute-patterns"

TRACE::2025-10-03.16:58:21::SCWMssOS::Running Make include in ps7_cortexa9_0/libsrc/coresightps_dcc_v1_8/src

TRACE::2025-10-03.16:58:21::SCWMssOS::make -C ps7_cortexa9_0/libsrc/coresightps_dcc_v1_8/src -s include  "SHELL=/bin/sh" "COMPILER=arm-none-eabi-gcc" "ASSEMBLER=arm-
TRACE::2025-10-03.16:58:21::SCWMssOS::none-eabi-as" "ARCHIVER=arm-none-eabi-ar" "COMPILER_FLAGS=  -O2 -c" "EXTRA_COMPILER_FLAGS=-mcpu=cortex-a9 -mfpu=vfpv3 -mfloat-a
TRACE::2025-10-03.16:58:21::SCWMssOS::bi=hard -nostartfiles -g -Wall -Wextra -fno-tree-loop-distribute-patterns"

TRACE::2025-10-03.16:58:21::SCWMssOS::Running Make include in ps7_cortexa9_0/libsrc/sdps_v4_1/src

TRACE::2025-10-03.16:58:21::SCWMssOS::make -C ps7_cortexa9_0/libsrc/sdps_v4_1/src -s include  "SHELL=/bin/sh" "COMPILER=arm-none-eabi-gcc" "ASSEMBLER=arm-none-eabi-a
TRACE::2025-10-03.16:58:21::SCWMssOS::s" "ARCHIVER=arm-none-eabi-ar" "COMPILER_FLAGS=  -O2 -c" "EXTRA_COMPILER_FLAGS=-mcpu=cortex-a9 -mfpu=vfpv3 -mfloat-abi=hard -no
TRACE::2025-10-03.16:58:21::SCWMssOS::startfiles -g -Wall -Wextra -fno-tree-loop-distribute-patterns"

TRACE::2025-10-03.16:58:21::SCWMssOS::Running Make include in ps7_cortexa9_0/libsrc/ddrps_v1_2/src

TRACE::2025-10-03.16:58:21::SCWMssOS::make -C ps7_cortexa9_0/libsrc/ddrps_v1_2/src -s include  "SHELL=/bin/sh" "COMPILER=arm-none-eabi-gcc" "ASSEMBLER=arm-none-eabi-
TRACE::2025-10-03.16:58:21::SCWMssOS::as" "ARCHIVER=arm-none-eabi-ar" "COMPILER_FLAGS=  -O2 -c" "EXTRA_COMPILER_FLAGS=-mcpu=cortex-a9 -mfpu=vfpv3 -mfloat-abi=hard -n
TRACE::2025-10-03.16:58:21::SCWMssOS::ostartfiles -g -Wall -Wextra -fno-tree-loop-distribute-patterns"

TRACE::2025-10-03.16:58:21::SCWMssOS::Running Make include in ps7_cortexa9_0/libsrc/standalone_v8_1/src

TRACE::2025-10-03.16:58:21::SCWMssOS::make -C ps7_cortexa9_0/libsrc/standalone_v8_1/src -s include  "SHELL=/bin/sh" "COMPILER=arm-none-eabi-gcc" "ASSEMBLER=arm-none-
TRACE::2025-10-03.16:58:21::SCWMssOS::eabi-as" "ARCHIVER=arm-none-eabi-ar" "COMPILER_FLAGS=  -O2 -c" "EXTRA_COMPILER_FLAGS=-mcpu=cortex-a9 -mfpu=vfpv3 -mfloat-abi=ha
TRACE::2025-10-03.16:58:21::SCWMssOS::rd -nostartfiles -g -Wall -Wextra -fno-tree-loop-distribute-patterns"

TRACE::2025-10-03.16:58:24::SCWMssOS::Running Make include in ps7_cortexa9_0/libsrc/gpiops_v3_11/src

TRACE::2025-10-03.16:58:24::SCWMssOS::make -C ps7_cortexa9_0/libsrc/gpiops_v3_11/src -s include  "SHELL=/bin/sh" "COMPILER=arm-none-eabi-gcc" "ASSEMBLER=arm-none-eab
TRACE::2025-10-03.16:58:24::SCWMssOS::i-as" "ARCHIVER=arm-none-eabi-ar" "COMPILER_FLAGS=  -O2 -c" "EXTRA_COMPILER_FLAGS=-mcpu=cortex-a9 -mfpu=vfpv3 -mfloat-abi=hard 
TRACE::2025-10-03.16:58:24::SCWMssOS::-nostartfiles -g -Wall -Wextra -fno-tree-loop-distribute-patterns"

TRACE::2025-10-03.16:58:24::SCWMssOS::Running Make include in ps7_cortexa9_0/libsrc/xadcps_v2_6/src

TRACE::2025-10-03.16:58:24::SCWMssOS::make -C ps7_cortexa9_0/libsrc/xadcps_v2_6/src -s include  "SHELL=/bin/sh" "COMPILER=arm-none-eabi-gcc" "ASSEMBLER=arm-none-eabi
TRACE::2025-10-03.16:58:24::SCWMssOS::-as" "ARCHIVER=arm-none-eabi-ar" "COMPILER_FLAGS=  -O2 -c" "EXTRA_COMPILER_FLAGS=-mcpu=cortex-a9 -mfpu=vfpv3 -mfloat-abi=hard -
TRACE::2025-10-03.16:58:24::SCWMssOS::nostartfiles -g -Wall -Wextra -fno-tree-loop-distribute-patterns"

TRACE::2025-10-03.16:58:25::SCWMssOS::Running Make include in ps7_cortexa9_0/libsrc/cpu_cortexa9_v2_11/src

TRACE::2025-10-03.16:58:25::SCWMssOS::make -C ps7_cortexa9_0/libsrc/cpu_cortexa9_v2_11/src -s include  "SHELL=/bin/sh" "COMPILER=arm-none-eabi-gcc" "ASSEMBLER=arm-no
TRACE::2025-10-03.16:58:25::SCWMssOS::ne-eabi-as" "ARCHIVER=arm-none-eabi-ar" "COMPILER_FLAGS=  -O2 -c" "EXTRA_COMPILER_FLAGS=-mcpu=cortex-a9 -mfpu=vfpv3 -mfloat-abi
TRACE::2025-10-03.16:58:25::SCWMssOS::=hard -nostartfiles -g -Wall -Wextra -fno-tree-loop-distribute-patterns"

TRACE::2025-10-03.16:58:25::SCWMssOS::Running Make include in ps7_cortexa9_0/libsrc/dmaps_v2_8/src

TRACE::2025-10-03.16:58:25::SCWMssOS::make -C ps7_cortexa9_0/libsrc/dmaps_v2_8/src -s include  "SHELL=/bin/sh" "COMPILER=arm-none-eabi-gcc" "ASSEMBLER=arm-none-eabi-
TRACE::2025-10-03.16:58:25::SCWMssOS::as" "ARCHIVER=arm-none-eabi-ar" "COMPILER_FLAGS=  -O2 -c" "EXTRA_COMPILER_FLAGS=-mcpu=cortex-a9 -mfpu=vfpv3 -mfloat-abi=hard -n
TRACE::2025-10-03.16:58:25::SCWMssOS::ostartfiles -g -Wall -Wextra -fno-tree-loop-distribute-patterns"

TRACE::2025-10-03.16:58:25::SCWMssOS::Running Make libs in ps7_cortexa9_0/libsrc/xilrsa_v1_6/src

TRACE::2025-10-03.16:58:25::SCWMssOS::make -C ps7_cortexa9_0/libsrc/xilrsa_v1_6/src -s libs  "SHELL=/bin/sh" "COMPILER=arm-none-eabi-gcc" "ASSEMBLER=arm-none-eabi-as
TRACE::2025-10-03.16:58:25::SCWMssOS::" "ARCHIVER=arm-none-eabi-ar" "COMPILER_FLAGS=  -O2 -c" "EXTRA_COMPILER_FLAGS=-mcpu=cortex-a9 -mfpu=vfpv3 -mfloat-abi=hard -nos
TRACE::2025-10-03.16:58:25::SCWMssOS::tartfiles -g -Wall -Wextra -fno-tree-loop-distribute-patterns"

TRACE::2025-10-03.16:58:25::SCWMssOS::Running Make libs in ps7_cortexa9_0/libsrc/trans_v1_0/src

TRACE::2025-10-03.16:58:25::SCWMssOS::make -C ps7_cortexa9_0/libsrc/trans_v1_0/src -s libs  "SHELL=/bin/sh" "COMPILER=arm-none-eabi-gcc" "ASSEMBLER=arm-none-eabi-as"
TRACE::2025-10-03.16:58:25::SCWMssOS:: "ARCHIVER=arm-none-eabi-ar" "COMPILER_FLAGS=  -O2 -c" "EXTRA_COMPILER_FLAGS=-mcpu=cortex-a9 -mfpu=vfpv3 -mfloat-abi=hard -nost
TRACE::2025-10-03.16:58:25::SCWMssOS::artfiles -g -Wall -Wextra -fno-tree-loop-distribute-patterns"

TRACE::2025-10-03.16:58:25::SCWMssOS::Compiling simple_adder...

TRACE::2025-10-03.16:58:25::SCWMssOS::Finished building libraries sequentially.

TRACE::2025-10-03.16:58:25::SCWMssOS::make -j 10 --no-print-directory par_libs

TRACE::2025-10-03.16:58:25::SCWMssOS::Running Make include in ps7_cortexa9_0/libsrc/qspips_v3_10/src

TRACE::2025-10-03.16:58:25::SCWMssOS::Running Make include in ps7_cortexa9_0/libsrc/scuwdt_v2_4/src

TRACE::2025-10-03.16:58:26::SCWMssOS::make -C ps7_cortexa9_0/libsrc/qspips_v3_10/src -s include  "SHELL=/bin/sh" "COMPILER=arm-none-eabi-gcc" "ASSEMBLER=arm-none-eab
TRACE::2025-10-03.16:58:26::SCWMssOS::i-as" "ARCHIVER=arm-none-eabi-ar" "COMPILER_FLAGS=  -O2 -c" "EXTRA_COMPILER_FLAGS=-mcpu=cortex-a9 -mfpu=vfpv3 -mfloat-abi=hard 
TRACE::2025-10-03.16:58:26::SCWMssOS::-nostartfiles -g -Wall -Wextra -fno-tree-loop-distribute-patterns"

TRACE::2025-10-03.16:58:26::SCWMssOS::make -C ps7_cortexa9_0/libsrc/scuwdt_v2_4/src -s include  "SHELL=/bin/sh" "COMPILER=arm-none-eabi-gcc" "ASSEMBLER=arm-none-eabi
TRACE::2025-10-03.16:58:26::SCWMssOS::-as" "ARCHIVER=arm-none-eabi-ar" "COMPILER_FLAGS=  -O2 -c" "EXTRA_COMPILER_FLAGS=-mcpu=cortex-a9 -mfpu=vfpv3 -mfloat-abi=hard -
TRACE::2025-10-03.16:58:26::SCWMssOS::nostartfiles -g -Wall -Wextra -fno-tree-loop-distribute-patterns"

TRACE::2025-10-03.16:58:26::SCWMssOS::Running Make include in ps7_cortexa9_0/libsrc/trans_v1_0/src

TRACE::2025-10-03.16:58:26::SCWMssOS::make -C ps7_cortexa9_0/libsrc/trans_v1_0/src -s include  "SHELL=/bin/sh" "COMPILER=arm-none-eabi-gcc" "ASSEMBLER=arm-none-eabi-
TRACE::2025-10-03.16:58:26::SCWMssOS::as" "ARCHIVER=arm-none-eabi-ar" "COMPILER_FLAGS=  -O2 -c" "EXTRA_COMPILER_FLAGS=-mcpu=cortex-a9 -mfpu=vfpv3 -mfloat-abi=hard -n
TRACE::2025-10-03.16:58:26::SCWMssOS::ostartfiles -g -Wall -Wextra -fno-tree-loop-distribute-patterns"

TRACE::2025-10-03.16:58:26::SCWMssOS::Running Make include in ps7_cortexa9_0/libsrc/devcfg_v3_7/src

TRACE::2025-10-03.16:58:26::SCWMssOS::make -C ps7_cortexa9_0/libsrc/devcfg_v3_7/src -s include  "SHELL=/bin/sh" "COMPILER=arm-none-eabi-gcc" "ASSEMBLER=arm-none-eabi
TRACE::2025-10-03.16:58:26::SCWMssOS::-as" "ARCHIVER=arm-none-eabi-ar" "COMPILER_FLAGS=  -O2 -c" "EXTRA_COMPILER_FLAGS=-mcpu=cortex-a9 -mfpu=vfpv3 -mfloat-abi=hard -
TRACE::2025-10-03.16:58:26::SCWMssOS::nostartfiles -g -Wall -Wextra -fno-tree-loop-distribute-patterns"

TRACE::2025-10-03.16:58:26::SCWMssOS::Running Make include in ps7_cortexa9_0/libsrc/xilrsa_v1_6/src

TRACE::2025-10-03.16:58:26::SCWMssOS::Running Make include in ps7_cortexa9_0/libsrc/xilffs_v5_0/src

TRACE::2025-10-03.16:58:26::SCWMssOS::Running Make include in ps7_cortexa9_0/libsrc/scugic_v5_1/src

TRACE::2025-10-03.16:58:26::SCWMssOS::Running Make include in ps7_cortexa9_0/libsrc/scutimer_v2_4/src

TRACE::2025-10-03.16:58:26::SCWMssOS::make -C ps7_cortexa9_0/libsrc/xilrsa_v1_6/src -s include  "SHELL=/bin/sh" "COMPILER=arm-none-eabi-gcc" "ASSEMBLER=arm-none-eabi
TRACE::2025-10-03.16:58:26::SCWMssOS::-as" "ARCHIVER=arm-none-eabi-ar" "COMPILER_FLAGS=  -O2 -c" "EXTRA_COMPILER_FLAGS=-mcpu=cortex-a9 -mfpu=vfpv3 -mfloat-abi=hard -
TRACE::2025-10-03.16:58:26::SCWMssOS::nostartfiles -g -Wall -Wextra -fno-tree-loop-distribute-patterns"

TRACE::2025-10-03.16:58:26::SCWMssOS::make -C ps7_cortexa9_0/libsrc/xilffs_v5_0/src -s include  "SHELL=/bin/sh" "COMPILER=arm-none-eabi-gcc" "ASSEMBLER=arm-none-eabi
TRACE::2025-10-03.16:58:26::SCWMssOS::-as" "ARCHIVER=arm-none-eabi-ar" "COMPILER_FLAGS=  -O2 -c" "EXTRA_COMPILER_FLAGS=-mcpu=cortex-a9 -mfpu=vfpv3 -mfloat-abi=hard -
TRACE::2025-10-03.16:58:26::SCWMssOS::nostartfiles -g -Wall -Wextra -fno-tree-loop-distribute-patterns"

TRACE::2025-10-03.16:58:26::SCWMssOS::make -C ps7_cortexa9_0/libsrc/scutimer_v2_4/src -s include  "SHELL=/bin/sh" "COMPILER=arm-none-eabi-gcc" "ASSEMBLER=arm-none-ea
TRACE::2025-10-03.16:58:26::SCWMssOS::bi-as" "ARCHIVER=arm-none-eabi-ar" "COMPILER_FLAGS=  -O2 -c" "EXTRA_COMPILER_FLAGS=-mcpu=cortex-a9 -mfpu=vfpv3 -mfloat-abi=hard
TRACE::2025-10-03.16:58:26::SCWMssOS:: -nostartfiles -g -Wall -Wextra -fno-tree-loop-distribute-patterns"

TRACE::2025-10-03.16:58:26::SCWMssOS::make -C ps7_cortexa9_0/libsrc/scugic_v5_1/src -s include  "SHELL=/bin/sh" "COMPILER=arm-none-eabi-gcc" "ASSEMBLER=arm-none-eabi
TRACE::2025-10-03.16:58:26::SCWMssOS::-as" "ARCHIVER=arm-none-eabi-ar" "COMPILER_FLAGS=  -O2 -c" "EXTRA_COMPILER_FLAGS=-mcpu=cortex-a9 -mfpu=vfpv3 -mfloat-abi=hard -
TRACE::2025-10-03.16:58:26::SCWMssOS::nostartfiles -g -Wall -Wextra -fno-tree-loop-distribute-patterns"

TRACE::2025-10-03.16:58:26::SCWMssOS::Running Make include in ps7_cortexa9_0/libsrc/emacps_v3_18/src

TRACE::2025-10-03.16:58:26::SCWMssOS::make -C ps7_cortexa9_0/libsrc/emacps_v3_18/src -s include  "SHELL=/bin/sh" "COMPILER=arm-none-eabi-gcc" "ASSEMBLER=arm-none-eab
TRACE::2025-10-03.16:58:26::SCWMssOS::i-as" "ARCHIVER=arm-none-eabi-ar" "COMPILER_FLAGS=  -O2 -c" "EXTRA_COMPILER_FLAGS=-mcpu=cortex-a9 -mfpu=vfpv3 -mfloat-abi=hard 
TRACE::2025-10-03.16:58:26::SCWMssOS::-nostartfiles -g -Wall -Wextra -fno-tree-loop-distribute-patterns"

TRACE::2025-10-03.16:58:26::SCWMssOS::Running Make include in ps7_cortexa9_0/libsrc/ttcps_v3_17/src

TRACE::2025-10-03.16:58:26::SCWMssOS::make -C ps7_cortexa9_0/libsrc/ttcps_v3_17/src -s include  "SHELL=/bin/sh" "COMPILER=arm-none-eabi-gcc" "ASSEMBLER=arm-none-eabi
TRACE::2025-10-03.16:58:26::SCWMssOS::-as" "ARCHIVER=arm-none-eabi-ar" "COMPILER_FLAGS=  -O2 -c" "EXTRA_COMPILER_FLAGS=-mcpu=cortex-a9 -mfpu=vfpv3 -mfloat-abi=hard -
TRACE::2025-10-03.16:58:26::SCWMssOS::nostartfiles -g -Wall -Wextra -fno-tree-loop-distribute-patterns"

TRACE::2025-10-03.16:58:26::SCWMssOS::Running Make include in ps7_cortexa9_0/libsrc/uartps_v3_12/src

TRACE::2025-10-03.16:58:26::SCWMssOS::make -C ps7_cortexa9_0/libsrc/uartps_v3_12/src -s include  "SHELL=/bin/sh" "COMPILER=arm-none-eabi-gcc" "ASSEMBLER=arm-none-eab
TRACE::2025-10-03.16:58:26::SCWMssOS::i-as" "ARCHIVER=arm-none-eabi-ar" "COMPILER_FLAGS=  -O2 -c" "EXTRA_COMPILER_FLAGS=-mcpu=cortex-a9 -mfpu=vfpv3 -mfloat-abi=hard 
TRACE::2025-10-03.16:58:26::SCWMssOS::-nostartfiles -g -Wall -Wextra -fno-tree-loop-distribute-patterns"

TRACE::2025-10-03.16:58:26::SCWMssOS::Running Make include in ps7_cortexa9_0/libsrc/usbps_v2_7/src

TRACE::2025-10-03.16:58:26::SCWMssOS::make -C ps7_cortexa9_0/libsrc/usbps_v2_7/src -s include  "SHELL=/bin/sh" "COMPILER=arm-none-eabi-gcc" "ASSEMBLER=arm-none-eabi-
TRACE::2025-10-03.16:58:26::SCWMssOS::as" "ARCHIVER=arm-none-eabi-ar" "COMPILER_FLAGS=  -O2 -c" "EXTRA_COMPILER_FLAGS=-mcpu=cortex-a9 -mfpu=vfpv3 -mfloat-abi=hard -n
TRACE::2025-10-03.16:58:26::SCWMssOS::ostartfiles -g -Wall -Wextra -fno-tree-loop-distribute-patterns"

TRACE::2025-10-03.16:58:26::SCWMssOS::Running Make include in ps7_cortexa9_0/libsrc/coresightps_dcc_v1_8/src

TRACE::2025-10-03.16:58:27::SCWMssOS::make -C ps7_cortexa9_0/libsrc/coresightps_dcc_v1_8/src -s include  "SHELL=/bin/sh" "COMPILER=arm-none-eabi-gcc" "ASSEMBLER=arm-
TRACE::2025-10-03.16:58:27::SCWMssOS::none-eabi-as" "ARCHIVER=arm-none-eabi-ar" "COMPILER_FLAGS=  -O2 -c" "EXTRA_COMPILER_FLAGS=-mcpu=cortex-a9 -mfpu=vfpv3 -mfloat-a
TRACE::2025-10-03.16:58:27::SCWMssOS::bi=hard -nostartfiles -g -Wall -Wextra -fno-tree-loop-distribute-patterns"

TRACE::2025-10-03.16:58:27::SCWMssOS::Running Make include in ps7_cortexa9_0/libsrc/sdps_v4_1/src

TRACE::2025-10-03.16:58:29::SCWMssOS::make -C ps7_cortexa9_0/libsrc/sdps_v4_1/src -s include  "SHELL=/bin/sh" "COMPILER=arm-none-eabi-gcc" "ASSEMBLER=arm-none-eabi-a
TRACE::2025-10-03.16:58:29::SCWMssOS::s" "ARCHIVER=arm-none-eabi-ar" "COMPILER_FLAGS=  -O2 -c" "EXTRA_COMPILER_FLAGS=-mcpu=cortex-a9 -mfpu=vfpv3 -mfloat-abi=hard -no
TRACE::2025-10-03.16:58:29::SCWMssOS::startfiles -g -Wall -Wextra -fno-tree-loop-distribute-patterns"

TRACE::2025-10-03.16:58:30::SCWMssOS::Running Make include in ps7_cortexa9_0/libsrc/ddrps_v1_2/src

TRACE::2025-10-03.16:58:30::SCWMssOS::make -C ps7_cortexa9_0/libsrc/ddrps_v1_2/src -s include  "SHELL=/bin/sh" "COMPILER=arm-none-eabi-gcc" "ASSEMBLER=arm-none-eabi-
TRACE::2025-10-03.16:58:30::SCWMssOS::as" "ARCHIVER=arm-none-eabi-ar" "COMPILER_FLAGS=  -O2 -c" "EXTRA_COMPILER_FLAGS=-mcpu=cortex-a9 -mfpu=vfpv3 -mfloat-abi=hard -n
TRACE::2025-10-03.16:58:30::SCWMssOS::ostartfiles -g -Wall -Wextra -fno-tree-loop-distribute-patterns"

TRACE::2025-10-03.16:58:30::SCWMssOS::Running Make include in ps7_cortexa9_0/libsrc/standalone_v8_1/src

TRACE::2025-10-03.16:58:30::SCWMssOS::make -C ps7_cortexa9_0/libsrc/standalone_v8_1/src -s include  "SHELL=/bin/sh" "COMPILER=arm-none-eabi-gcc" "ASSEMBLER=arm-none-
TRACE::2025-10-03.16:58:30::SCWMssOS::eabi-as" "ARCHIVER=arm-none-eabi-ar" "COMPILER_FLAGS=  -O2 -c" "EXTRA_COMPILER_FLAGS=-mcpu=cortex-a9 -mfpu=vfpv3 -mfloat-abi=ha
TRACE::2025-10-03.16:58:30::SCWMssOS::rd -nostartfiles -g -Wall -Wextra -fno-tree-loop-distribute-patterns"

TRACE::2025-10-03.16:58:30::SCWMssOS::Running Make include in ps7_cortexa9_0/libsrc/gpiops_v3_11/src

TRACE::2025-10-03.16:58:30::SCWMssOS::make -C ps7_cortexa9_0/libsrc/gpiops_v3_11/src -s include  "SHELL=/bin/sh" "COMPILER=arm-none-eabi-gcc" "ASSEMBLER=arm-none-eab
TRACE::2025-10-03.16:58:30::SCWMssOS::i-as" "ARCHIVER=arm-none-eabi-ar" "COMPILER_FLAGS=  -O2 -c" "EXTRA_COMPILER_FLAGS=-mcpu=cortex-a9 -mfpu=vfpv3 -mfloat-abi=hard 
TRACE::2025-10-03.16:58:30::SCWMssOS::-nostartfiles -g -Wall -Wextra -fno-tree-loop-distribute-patterns"

TRACE::2025-10-03.16:58:31::SCWMssOS::Running Make include in ps7_cortexa9_0/libsrc/xadcps_v2_6/src

TRACE::2025-10-03.16:58:31::SCWMssOS::make -C ps7_cortexa9_0/libsrc/xadcps_v2_6/src -s include  "SHELL=/bin/sh" "COMPILER=arm-none-eabi-gcc" "ASSEMBLER=arm-none-eabi
TRACE::2025-10-03.16:58:31::SCWMssOS::-as" "ARCHIVER=arm-none-eabi-ar" "COMPILER_FLAGS=  -O2 -c" "EXTRA_COMPILER_FLAGS=-mcpu=cortex-a9 -mfpu=vfpv3 -mfloat-abi=hard -
TRACE::2025-10-03.16:58:31::SCWMssOS::nostartfiles -g -Wall -Wextra -fno-tree-loop-distribute-patterns"

TRACE::2025-10-03.16:58:31::SCWMssOS::Running Make include in ps7_cortexa9_0/libsrc/cpu_cortexa9_v2_11/src

TRACE::2025-10-03.16:58:31::SCWMssOS::make -C ps7_cortexa9_0/libsrc/cpu_cortexa9_v2_11/src -s include  "SHELL=/bin/sh" "COMPILER=arm-none-eabi-gcc" "ASSEMBLER=arm-no
TRACE::2025-10-03.16:58:31::SCWMssOS::ne-eabi-as" "ARCHIVER=arm-none-eabi-ar" "COMPILER_FLAGS=  -O2 -c" "EXTRA_COMPILER_FLAGS=-mcpu=cortex-a9 -mfpu=vfpv3 -mfloat-abi
TRACE::2025-10-03.16:58:31::SCWMssOS::=hard -nostartfiles -g -Wall -Wextra -fno-tree-loop-distribute-patterns"

TRACE::2025-10-03.16:58:31::SCWMssOS::Running Make include in ps7_cortexa9_0/libsrc/dmaps_v2_8/src

TRACE::2025-10-03.16:58:31::SCWMssOS::make -C ps7_cortexa9_0/libsrc/dmaps_v2_8/src -s include  "SHELL=/bin/sh" "COMPILER=arm-none-eabi-gcc" "ASSEMBLER=arm-none-eabi-
TRACE::2025-10-03.16:58:31::SCWMssOS::as" "ARCHIVER=arm-none-eabi-ar" "COMPILER_FLAGS=  -O2 -c" "EXTRA_COMPILER_FLAGS=-mcpu=cortex-a9 -mfpu=vfpv3 -mfloat-abi=hard -n
TRACE::2025-10-03.16:58:31::SCWMssOS::ostartfiles -g -Wall -Wextra -fno-tree-loop-distribute-patterns"

TRACE::2025-10-03.16:58:31::SCWMssOS::Running Make libs in ps7_cortexa9_0/libsrc/qspips_v3_10/src

TRACE::2025-10-03.16:58:31::SCWMssOS::make -C ps7_cortexa9_0/libsrc/qspips_v3_10/src -s libs  "SHELL=/bin/sh" "COMPILER=arm-none-eabi-gcc" "ASSEMBLER=arm-none-eabi-a
TRACE::2025-10-03.16:58:32::SCWMssOS::s" "ARCHIVER=arm-none-eabi-ar" "COMPILER_FLAGS=  -O2 -c" "EXTRA_COMPILER_FLAGS=-mcpu=cortex-a9 -mfpu=vfpv3 -mfloat-abi=hard -no
TRACE::2025-10-03.16:58:32::SCWMssOS::startfiles -g -Wall -Wextra -fno-tree-loop-distribute-patterns"

TRACE::2025-10-03.16:58:32::SCWMssOS::Running Make libs in ps7_cortexa9_0/libsrc/scuwdt_v2_4/src

TRACE::2025-10-03.16:58:32::SCWMssOS::Running Make libs in ps7_cortexa9_0/libsrc/devcfg_v3_7/src

TRACE::2025-10-03.16:58:32::SCWMssOS::make -C ps7_cortexa9_0/libsrc/scuwdt_v2_4/src -s libs  "SHELL=/bin/sh" "COMPILER=arm-none-eabi-gcc" "ASSEMBLER=arm-none-eabi-as
TRACE::2025-10-03.16:58:32::SCWMssOS::" "ARCHIVER=arm-none-eabi-ar" "COMPILER_FLAGS=  -O2 -c" "EXTRA_COMPILER_FLAGS=-mcpu=cortex-a9 -mfpu=vfpv3 -mfloat-abi=hard -nos
TRACE::2025-10-03.16:58:32::SCWMssOS::tartfiles -g -Wall -Wextra -fno-tree-loop-distribute-patterns"

TRACE::2025-10-03.16:58:32::SCWMssOS::make -C ps7_cortexa9_0/libsrc/devcfg_v3_7/src -s libs  "SHELL=/bin/sh" "COMPILER=arm-none-eabi-gcc" "ASSEMBLER=arm-none-eabi-as
TRACE::2025-10-03.16:58:32::SCWMssOS::" "ARCHIVER=arm-none-eabi-ar" "COMPILER_FLAGS=  -O2 -c" "EXTRA_COMPILER_FLAGS=-mcpu=cortex-a9 -mfpu=vfpv3 -mfloat-abi=hard -nos
TRACE::2025-10-03.16:58:32::SCWMssOS::tartfiles -g -Wall -Wextra -fno-tree-loop-distribute-patterns"

TRACE::2025-10-03.16:58:32::SCWMssOS::Running Make libs in ps7_cortexa9_0/libsrc/xilffs_v5_0/src

TRACE::2025-10-03.16:58:32::SCWMssOS::Running Make libs in ps7_cortexa9_0/libsrc/scugic_v5_1/src

TRACE::2025-10-03.16:58:32::SCWMssOS::make -C ps7_cortexa9_0/libsrc/xilffs_v5_0/src -s libs  "SHELL=/bin/sh" "COMPILER=arm-none-eabi-gcc" "ASSEMBLER=arm-none-eabi-as
TRACE::2025-10-03.16:58:32::SCWMssOS::" "ARCHIVER=arm-none-eabi-ar" "COMPILER_FLAGS=  -O2 -c" "EXTRA_COMPILER_FLAGS=-mcpu=cortex-a9 -mfpu=vfpv3 -mfloat-abi=hard -nos
TRACE::2025-10-03.16:58:33::SCWMssOS::tartfiles -g -Wall -Wextra -fno-tree-loop-distribute-patterns"

TRACE::2025-10-03.16:58:33::SCWMssOS::Running Make libs in ps7_cortexa9_0/libsrc/scutimer_v2_4/src

TRACE::2025-10-03.16:58:33::SCWMssOS::make -C ps7_cortexa9_0/libsrc/scugic_v5_1/src -s libs  "SHELL=/bin/sh" "COMPILER=arm-none-eabi-gcc" "ASSEMBLER=arm-none-eabi-as
TRACE::2025-10-03.16:58:33::SCWMssOS::" "ARCHIVER=arm-none-eabi-ar" "COMPILER_FLAGS=  -O2 -c" "EXTRA_COMPILER_FLAGS=-mcpu=cortex-a9 -mfpu=vfpv3 -mfloat-abi=hard -nos
TRACE::2025-10-03.16:58:33::SCWMssOS::tartfiles -g -Wall -Wextra -fno-tree-loop-distribute-patterns"

TRACE::2025-10-03.16:58:33::SCWMssOS::Running Make libs in ps7_cortexa9_0/libsrc/ttcps_v3_17/src

TRACE::2025-10-03.16:58:33::SCWMssOS::make -C ps7_cortexa9_0/libsrc/scutimer_v2_4/src -s libs  "SHELL=/bin/sh" "COMPILER=arm-none-eabi-gcc" "ASSEMBLER=arm-none-eabi-
TRACE::2025-10-03.16:58:33::SCWMssOS::as" "ARCHIVER=arm-none-eabi-ar" "COMPILER_FLAGS=  -O2 -c" "EXTRA_COMPILER_FLAGS=-mcpu=cortex-a9 -mfpu=vfpv3 -mfloat-abi=hard -n
TRACE::2025-10-03.16:58:33::SCWMssOS::ostartfiles -g -Wall -Wextra -fno-tree-loop-distribute-patterns"

TRACE::2025-10-03.16:58:33::SCWMssOS::Running Make libs in ps7_cortexa9_0/libsrc/uartps_v3_12/src

TRACE::2025-10-03.16:58:33::SCWMssOS::Running Make libs in ps7_cortexa9_0/libsrc/usbps_v2_7/src

TRACE::2025-10-03.16:58:33::SCWMssOS::make -C ps7_cortexa9_0/libsrc/ttcps_v3_17/src -s libs  "SHELL=/bin/sh" "COMPILER=arm-none-eabi-gcc" "ASSEMBLER=arm-none-eabi-as
TRACE::2025-10-03.16:58:33::SCWMssOS::" "ARCHIVER=arm-none-eabi-ar" "COMPILER_FLAGS=  -O2 -c" "EXTRA_COMPILER_FLAGS=-mcpu=cortex-a9 -mfpu=vfpv3 -mfloat-abi=hard -nos
TRACE::2025-10-03.16:58:33::SCWMssOS::tartfiles -g -Wall -Wextra -fno-tree-loop-distribute-patterns"

TRACE::2025-10-03.16:58:33::SCWMssOS::make -C ps7_cortexa9_0/libsrc/uartps_v3_12/src -s libs  "SHELL=/bin/sh" "COMPILER=arm-none-eabi-gcc" "ASSEMBLER=arm-none-eabi-a
TRACE::2025-10-03.16:58:33::SCWMssOS::s" "ARCHIVER=arm-none-eabi-ar" "COMPILER_FLAGS=  -O2 -c" "EXTRA_COMPILER_FLAGS=-mcpu=cortex-a9 -mfpu=vfpv3 -mfloat-abi=hard -no
TRACE::2025-10-03.16:58:34::SCWMssOS::startfiles -g -Wall -Wextra -fno-tree-loop-distribute-patterns"

TRACE::2025-10-03.16:58:34::SCWMssOS::Running Make libs in ps7_cortexa9_0/libsrc/emacps_v3_18/src

TRACE::2025-10-03.16:58:34::SCWMssOS::make -C ps7_cortexa9_0/libsrc/emacps_v3_18/src -s libs  "SHELL=/bin/sh" "COMPILER=arm-none-eabi-gcc" "ASSEMBLER=arm-none-eabi-a
TRACE::2025-10-03.16:58:34::SCWMssOS::s" "ARCHIVER=arm-none-eabi-ar" "COMPILER_FLAGS=  -O2 -c" "EXTRA_COMPILER_FLAGS=-mcpu=cortex-a9 -mfpu=vfpv3 -mfloat-abi=hard -no
TRACE::2025-10-03.16:58:34::SCWMssOS::startfiles -g -Wall -Wextra -fno-tree-loop-distribute-patterns"

TRACE::2025-10-03.16:58:34::SCWMssOS::make -C ps7_cortexa9_0/libsrc/usbps_v2_7/src -s libs  "SHELL=/bin/sh" "COMPILER=arm-none-eabi-gcc" "ASSEMBLER=arm-none-eabi-as"
TRACE::2025-10-03.16:58:35::SCWMssOS:: "ARCHIVER=arm-none-eabi-ar" "COMPILER_FLAGS=  -O2 -c" "EXTRA_COMPILER_FLAGS=-mcpu=cortex-a9 -mfpu=vfpv3 -mfloat-abi=hard -nost
TRACE::2025-10-03.16:58:35::SCWMssOS::artfiles -g -Wall -Wextra -fno-tree-loop-distribute-patterns"

TRACE::2025-10-03.16:58:37::SCWMssOS::Running Make libs in ps7_cortexa9_0/libsrc/coresightps_dcc_v1_8/src

TRACE::2025-10-03.16:58:37::SCWMssOS::make -C ps7_cortexa9_0/libsrc/coresightps_dcc_v1_8/src -s libs  "SHELL=/bin/sh" "COMPILER=arm-none-eabi-gcc" "ASSEMBLER=arm-non
TRACE::2025-10-03.16:58:37::SCWMssOS::e-eabi-as" "ARCHIVER=arm-none-eabi-ar" "COMPILER_FLAGS=  -O2 -c" "EXTRA_COMPILER_FLAGS=-mcpu=cortex-a9 -mfpu=vfpv3 -mfloat-abi=
TRACE::2025-10-03.16:58:37::SCWMssOS::hard -nostartfiles -g -Wall -Wextra -fno-tree-loop-distribute-patterns"

TRACE::2025-10-03.16:58:37::SCWMssOS::Running Make libs in ps7_cortexa9_0/libsrc/sdps_v4_1/src

TRACE::2025-10-03.16:58:37::SCWMssOS::make -C ps7_cortexa9_0/libsrc/sdps_v4_1/src -s libs  "SHELL=/bin/sh" "COMPILER=arm-none-eabi-gcc" "ASSEMBLER=arm-none-eabi-as" 
TRACE::2025-10-03.16:58:37::SCWMssOS::"ARCHIVER=arm-none-eabi-ar" "COMPILER_FLAGS=  -O2 -c" "EXTRA_COMPILER_FLAGS=-mcpu=cortex-a9 -mfpu=vfpv3 -mfloat-abi=hard -nosta
TRACE::2025-10-03.16:58:37::SCWMssOS::rtfiles -g -Wall -Wextra -fno-tree-loop-distribute-patterns"

TRACE::2025-10-03.16:58:37::SCWMssOS::Running Make libs in ps7_cortexa9_0/libsrc/ddrps_v1_2/src

TRACE::2025-10-03.16:58:38::SCWMssOS::make -C ps7_cortexa9_0/libsrc/ddrps_v1_2/src -s libs  "SHELL=/bin/sh" "COMPILER=arm-none-eabi-gcc" "ASSEMBLER=arm-none-eabi-as"
TRACE::2025-10-03.16:58:38::SCWMssOS:: "ARCHIVER=arm-none-eabi-ar" "COMPILER_FLAGS=  -O2 -c" "EXTRA_COMPILER_FLAGS=-mcpu=cortex-a9 -mfpu=vfpv3 -mfloat-abi=hard -nost
TRACE::2025-10-03.16:58:38::SCWMssOS::artfiles -g -Wall -Wextra -fno-tree-loop-distribute-patterns"

TRACE::2025-10-03.16:58:39::SCWMssOS::Running Make libs in ps7_cortexa9_0/libsrc/standalone_v8_1/src

TRACE::2025-10-03.16:58:39::SCWMssOS::make -C ps7_cortexa9_0/libsrc/standalone_v8_1/src -s libs  "SHELL=/bin/sh" "COMPILER=arm-none-eabi-gcc" "ASSEMBLER=arm-none-eab
TRACE::2025-10-03.16:58:39::SCWMssOS::i-as" "ARCHIVER=arm-none-eabi-ar" "COMPILER_FLAGS=  -O2 -c" "EXTRA_COMPILER_FLAGS=-mcpu=cortex-a9 -mfpu=vfpv3 -mfloat-abi=hard 
TRACE::2025-10-03.16:58:40::SCWMssOS::-nostartfiles -g -Wall -Wextra -fno-tree-loop-distribute-patterns"

TRACE::2025-10-03.16:58:40::SCWMssOS::Running Make libs in ps7_cortexa9_0/libsrc/gpiops_v3_11/src

TRACE::2025-10-03.16:58:40::SCWMssOS::make -C ps7_cortexa9_0/libsrc/gpiops_v3_11/src -s libs  "SHELL=/bin/sh" "COMPILER=arm-none-eabi-gcc" "ASSEMBLER=arm-none-eabi-a
TRACE::2025-10-03.16:58:40::SCWMssOS::s" "ARCHIVER=arm-none-eabi-ar" "COMPILER_FLAGS=  -O2 -c" "EXTRA_COMPILER_FLAGS=-mcpu=cortex-a9 -mfpu=vfpv3 -mfloat-abi=hard -no
TRACE::2025-10-03.16:58:40::SCWMssOS::startfiles -g -Wall -Wextra -fno-tree-loop-distribute-patterns"

TRACE::2025-10-03.16:58:40::SCWMssOS::Running Make libs in ps7_cortexa9_0/libsrc/xadcps_v2_6/src

TRACE::2025-10-03.16:58:41::SCWMssOS::make -C ps7_cortexa9_0/libsrc/xadcps_v2_6/src -s libs  "SHELL=/bin/sh" "COMPILER=arm-none-eabi-gcc" "ASSEMBLER=arm-none-eabi-as
TRACE::2025-10-03.16:58:41::SCWMssOS::" "ARCHIVER=arm-none-eabi-ar" "COMPILER_FLAGS=  -O2 -c" "EXTRA_COMPILER_FLAGS=-mcpu=cortex-a9 -mfpu=vfpv3 -mfloat-abi=hard -nos
TRACE::2025-10-03.16:58:41::SCWMssOS::tartfiles -g -Wall -Wextra -fno-tree-loop-distribute-patterns"

TRACE::2025-10-03.16:58:41::SCWMssOS::Running Make libs in ps7_cortexa9_0/libsrc/cpu_cortexa9_v2_11/src

TRACE::2025-10-03.16:58:41::SCWMssOS::make -C ps7_cortexa9_0/libsrc/cpu_cortexa9_v2_11/src -s libs  "SHELL=/bin/sh" "COMPILER=arm-none-eabi-gcc" "ASSEMBLER=arm-none-
TRACE::2025-10-03.16:58:41::SCWMssOS::eabi-as" "ARCHIVER=arm-none-eabi-ar" "COMPILER_FLAGS=  -O2 -c" "EXTRA_COMPILER_FLAGS=-mcpu=cortex-a9 -mfpu=vfpv3 -mfloat-abi=ha
TRACE::2025-10-03.16:58:41::SCWMssOS::rd -nostartfiles -g -Wall -Wextra -fno-tree-loop-distribute-patterns"

TRACE::2025-10-03.16:58:43::SCWMssOS::Running Make libs in ps7_cortexa9_0/libsrc/dmaps_v2_8/src

TRACE::2025-10-03.16:58:43::SCWMssOS::make -C ps7_cortexa9_0/libsrc/dmaps_v2_8/src -s libs  "SHELL=/bin/sh" "COMPILER=arm-none-eabi-gcc" "ASSEMBLER=arm-none-eabi-as"
TRACE::2025-10-03.16:58:43::SCWMssOS:: "ARCHIVER=arm-none-eabi-ar" "COMPILER_FLAGS=  -O2 -c" "EXTRA_COMPILER_FLAGS=-mcpu=cortex-a9 -mfpu=vfpv3 -mfloat-abi=hard -nost
TRACE::2025-10-03.16:58:43::SCWMssOS::artfiles -g -Wall -Wextra -fno-tree-loop-distribute-patterns"

TRACE::2025-10-03.16:58:48::SCWMssOS::Finished building libraries parallelly.

TRACE::2025-10-03.16:58:48::SCWMssOS::make --no-print-directory archive

TRACE::2025-10-03.16:58:48::SCWMssOS::arm-none-eabi-ar -r  ps7_cortexa9_0/lib/libxil.a ps7_cortexa9_0/lib/_exit.o ps7_cortexa9_0/lib/_open.o ps7_cortexa9_0/lib/_sbrk
TRACE::2025-10-03.16:58:48::SCWMssOS::.o ps7_cortexa9_0/lib/abort.o ps7_cortexa9_0/lib/asm_vectors.o ps7_cortexa9_0/lib/boot.o ps7_cortexa9_0/lib/close.o ps7_cortexa
TRACE::2025-10-03.16:58:48::SCWMssOS::9_0/lib/cpputest_time.o ps7_cortexa9_0/lib/cpu_init.o ps7_cortexa9_0/lib/errno.o ps7_cortexa9_0/lib/fcntl.o ps7_cortexa9_0/lib/
TRACE::2025-10-03.16:58:48::SCWMssOS::fstat.o ps7_cortexa9_0/lib/getentropy.o ps7_cortexa9_0/lib/getpid.o ps7_cortexa9_0/lib/inbyte.o ps7_cortexa9_0/lib/isatty.o ps7
TRACE::2025-10-03.16:58:49::SCWMssOS::_cortexa9_0/lib/kill.o ps7_cortexa9_0/lib/lseek.o ps7_cortexa9_0/lib/open.o ps7_cortexa9_0/lib/outbyte.o ps7_cortexa9_0/lib/pri
TRACE::2025-10-03.16:58:49::SCWMssOS::nt.o ps7_cortexa9_0/lib/putnum.o ps7_cortexa9_0/lib/read.o ps7_cortexa9_0/lib/sbrk.o ps7_cortexa9_0/lib/sleep.o ps7_cortexa9_0/
TRACE::2025-10-03.16:58:49::SCWMssOS::lib/time.o ps7_cortexa9_0/lib/translation_table.o ps7_cortexa9_0/lib/unlink.o ps7_cortexa9_0/lib/usleep.o ps7_cortexa9_0/lib/ve
TRACE::2025-10-03.16:58:49::SCWMssOS::ctors.o ps7_cortexa9_0/lib/write.o ps7_cortexa9_0/lib/xadcps.o ps7_cortexa9_0/lib/xadcps_g.o ps7_cortexa9_0/lib/xadcps_intr.o p
TRACE::2025-10-03.16:58:49::SCWMssOS::s7_cortexa9_0/lib/xadcps_selftest.o ps7_cortexa9_0/lib/xadcps_sinit.o ps7_cortexa9_0/lib/xcoresightpsdcc.o ps7_cortexa9_0/lib/x
TRACE::2025-10-03.16:58:49::SCWMssOS::devcfg.o ps7_cortexa9_0/lib/xdevcfg_g.o ps7_cortexa9_0/lib/xdevcfg_hw.o ps7_cortexa9_0/lib/xdevcfg_intr.o ps7_cortexa9_0/lib/xd
TRACE::2025-10-03.16:58:49::SCWMssOS::evcfg_selftest.o ps7_cortexa9_0/lib/xdevcfg_sinit.o ps7_cortexa9_0/lib/xdmaps.o ps7_cortexa9_0/lib/xdmaps_g.o ps7_cortexa9_0/li
TRACE::2025-10-03.16:58:49::SCWMssOS::b/xdmaps_hw.o ps7_cortexa9_0/lib/xdmaps_selftest.o ps7_cortexa9_0/lib/xdmaps_sinit.o ps7_cortexa9_0/lib/xemacps.o ps7_cortexa9_
TRACE::2025-10-03.16:58:49::SCWMssOS::0/lib/xemacps_bdring.o ps7_cortexa9_0/lib/xemacps_control.o ps7_cortexa9_0/lib/xemacps_g.o ps7_cortexa9_0/lib/xemacps_hw.o ps7_
TRACE::2025-10-03.16:58:49::SCWMssOS::cortexa9_0/lib/xemacps_intr.o ps7_cortexa9_0/lib/xemacps_sinit.o ps7_cortexa9_0/lib/xgpiops.o ps7_cortexa9_0/lib/xgpiops_g.o ps
TRACE::2025-10-03.16:58:49::SCWMssOS::7_cortexa9_0/lib/xgpiops_hw.o ps7_cortexa9_0/lib/xgpiops_intr.o ps7_cortexa9_0/lib/xgpiops_selftest.o ps7_cortexa9_0/lib/xgpiop
TRACE::2025-10-03.16:58:49::SCWMssOS::s_sinit.o ps7_cortexa9_0/lib/xil-crt0.o ps7_cortexa9_0/lib/xil_assert.o ps7_cortexa9_0/lib/xil_cache.o ps7_cortexa9_0/lib/xil_c
TRACE::2025-10-03.16:58:49::SCWMssOS::locking.o ps7_cortexa9_0/lib/xil_exception.o ps7_cortexa9_0/lib/xil_mem.o ps7_cortexa9_0/lib/xil_misc_psreset_api.o ps7_cortexa
TRACE::2025-10-03.16:58:49::SCWMssOS::9_0/lib/xil_mmu.o ps7_cortexa9_0/lib/xil_printf.o ps7_cortexa9_0/lib/xil_sleepcommon.o ps7_cortexa9_0/lib/xil_sleeptimer.o ps7_
TRACE::2025-10-03.16:58:49::SCWMssOS::cortexa9_0/lib/xil_spinlock.o ps7_cortexa9_0/lib/xil_testcache.o ps7_cortexa9_0/lib/xil_testio.o ps7_cortexa9_0/lib/xil_testmem
TRACE::2025-10-03.16:58:49::SCWMssOS::.o ps7_cortexa9_0/lib/xil_util.o ps7_cortexa9_0/lib/xinterrupt_wrap.o ps7_cortexa9_0/lib/xl2cc_counter.o ps7_cortexa9_0/lib/xpl
TRACE::2025-10-03.16:58:49::SCWMssOS::atform_info.o ps7_cortexa9_0/lib/xpm_counter.o ps7_cortexa9_0/lib/xqspips.o ps7_cortexa9_0/lib/xqspips_g.o ps7_cortexa9_0/lib/x
TRACE::2025-10-03.16:58:49::SCWMssOS::qspips_hw.o ps7_cortexa9_0/lib/xqspips_options.o ps7_cortexa9_0/lib/xqspips_selftest.o ps7_cortexa9_0/lib/xqspips_sinit.o ps7_c
TRACE::2025-10-03.16:58:49::SCWMssOS::ortexa9_0/lib/xscugic.o ps7_cortexa9_0/lib/xscugic_g.o ps7_cortexa9_0/lib/xscugic_hw.o ps7_cortexa9_0/lib/xscugic_intr.o ps7_co
TRACE::2025-10-03.16:58:49::SCWMssOS::rtexa9_0/lib/xscugic_selftest.o ps7_cortexa9_0/lib/xscugic_sinit.o ps7_cortexa9_0/lib/xscutimer.o ps7_cortexa9_0/lib/xscutimer_
TRACE::2025-10-03.16:58:49::SCWMssOS::g.o ps7_cortexa9_0/lib/xscutimer_selftest.o ps7_cortexa9_0/lib/xscutimer_sinit.o ps7_cortexa9_0/lib/xscuwdt.o ps7_cortexa9_0/li
TRACE::2025-10-03.16:58:49::SCWMssOS::b/xscuwdt_g.o ps7_cortexa9_0/lib/xscuwdt_selftest.o ps7_cortexa9_0/lib/xscuwdt_sinit.o ps7_cortexa9_0/lib/xsdps.o ps7_cortexa9_
TRACE::2025-10-03.16:58:49::SCWMssOS::0/lib/xsdps_card.o ps7_cortexa9_0/lib/xsdps_g.o ps7_cortexa9_0/lib/xsdps_host.o ps7_cortexa9_0/lib/xsdps_options.o ps7_cortexa9
TRACE::2025-10-03.16:58:49::SCWMssOS::_0/lib/xsdps_sinit.o ps7_cortexa9_0/lib/xtime_l.o ps7_cortexa9_0/lib/xttcps.o ps7_cortexa9_0/lib/xttcps_g.o ps7_cortexa9_0/lib/
TRACE::2025-10-03.16:58:49::SCWMssOS::xttcps_options.o ps7_cortexa9_0/lib/xttcps_selftest.o ps7_cortexa9_0/lib/xttcps_sinit.o ps7_cortexa9_0/lib/xuartps.o ps7_cortex
TRACE::2025-10-03.16:58:49::SCWMssOS::a9_0/lib/xuartps_g.o ps7_cortexa9_0/lib/xuartps_hw.o ps7_cortexa9_0/lib/xuartps_intr.o ps7_cortexa9_0/lib/xuartps_options.o ps7
TRACE::2025-10-03.16:58:49::SCWMssOS::_cortexa9_0/lib/xuartps_selftest.o ps7_cortexa9_0/lib/xuartps_sinit.o ps7_cortexa9_0/lib/xusbps.o ps7_cortexa9_0/lib/xusbps_end
TRACE::2025-10-03.16:58:49::SCWMssOS::point.o ps7_cortexa9_0/lib/xusbps_g.o ps7_cortexa9_0/lib/xusbps_hw.o ps7_cortexa9_0/lib/xusbps_intr.o ps7_cortexa9_0/lib/xusbps
TRACE::2025-10-03.16:58:49::SCWMssOS::_sinit.o

TRACE::2025-10-03.16:58:53::SCWMssOS::Finished building libraries

TRACE::2025-10-03.16:59:07::SCWMssOS::Copying to export directory.
TRACE::2025-10-03.16:59:31::SCWMssOS:: Checking if to create the Supporting Applications
TRACE::2025-10-03.16:59:31::SCWMssOS:: No Linux domain exists, trying to generate FSBL 
LOG::2025-10-03.16:59:31::SCWSystem::Completed Processing the domain standalone_ps7_cortexa9_0
LOG::2025-10-03.16:59:31::SCWSystem::Completed Processing the sysconfig top_fft_time
LOG::2025-10-03.16:59:31::SCWPlatform::Completed generating the artifacts for system configuration top_fft_time
TRACE::2025-10-03.16:59:31::SCWPlatform::Started preparing the platform 
TRACE::2025-10-03.16:59:31::SCWSystem::Writing the bif file for system config top_fft_time
TRACE::2025-10-03.16:59:31::SCWSystem::dir created 
TRACE::2025-10-03.16:59:31::SCWSystem::Writing the bif 
TRACE::2025-10-03.16:59:31::SCWPlatform::Started writing the spfm file 
TRACE::2025-10-03.16:59:31::SCWPlatform::Started writing the xpfm file 
TRACE::2025-10-03.16:59:32::SCWPlatform::Completed generating the platform
TRACE::2025-10-03.16:59:32::SCWMssOS::Saving the mss changes /home/grads/t/tamu_vik/ECEN-722/lab4/top_fft_time/zynq_fsbl/zynq_fsbl_bsp/system.mss
TRACE::2025-10-03.16:59:32::SCWMssOS::Found a swdesign opened with the mssfile.
TRACE::2025-10-03.16:59:32::SCWMssOS::Completed writemss as part of save.
TRACE::2025-10-03.16:59:32::SCWMssOS::Commit changes completed.
TRACE::2025-10-03.16:59:32::SCWMssOS::Saving the mss changes /home/grads/t/tamu_vik/ECEN-722/lab4/top_fft_time/ps7_cortexa9_0/standalone_ps7_cortexa9_0/bsp/system.mss
TRACE::2025-10-03.16:59:32::SCWMssOS::Found a swdesign opened with the mssfile.
TRACE::2025-10-03.16:59:32::SCWMssOS::Completed writemss as part of save.
TRACE::2025-10-03.16:59:32::SCWMssOS::Commit changes completed.
TRACE::2025-10-03.16:59:32::SCWPlatform::Trying to open the hw design at /home/grads/t/tamu_vik/ECEN-722/lab4/top_fft_time/hw/top_fft_time.xsa
TRACE::2025-10-03.16:59:32::SCWPlatform::DSA given /home/grads/t/tamu_vik/ECEN-722/lab4/top_fft_time/hw/top_fft_time.xsa
TRACE::2025-10-03.16:59:32::SCWPlatform::DSA absoulate path /home/grads/t/tamu_vik/ECEN-722/lab4/top_fft_time/hw/top_fft_time.xsa
TRACE::2025-10-03.16:59:32::SCWPlatform::DSA directory /home/grads/t/tamu_vik/ECEN-722/lab4/top_fft_time/hw
TRACE::2025-10-03.16:59:32::SCWPlatform:: Platform Path /home/grads/t/tamu_vik/ECEN-722/lab4/top_fft_time/hw/top_fft_time.xsa
TRACE::2025-10-03.16:59:32::SCWPlatform:: Unique name xilinx:zybo-z7-10::0.0
TRACE::2025-10-03.16:59:32::SCWPlatform::Trying to set the existing hwdb with name top_fft_time_0
TRACE::2025-10-03.16:59:32::SCWPlatform::Opened existing hwdb top_fft_time_0
TRACE::2025-10-03.16:59:32::SCWPlatform::Found the Hw Db part of the input DSA
TRACE::2025-10-03.16:59:32::SCWMssOS::Checking the sw design at  /home/grads/t/tamu_vik/ECEN-722/lab4/top_fft_time/zynq_fsbl/zynq_fsbl_bsp/system.mss
TRACE::2025-10-03.16:59:32::SCWMssOS::DEBUG:  swdes dump  /home/grads/t/tamu_vik/ECEN-722/lab4/top_fft_time/ps7_cortexa9_0/standalone_ps7_cortexa9_0/bsp/system.mss|system_0||
/home/grads/t/tamu_vik/ECEN-722/lab4/top_fft_time/zynq_fsbl/zynq_fsbl_bsp/system.mss|system||

TRACE::2025-10-03.16:59:32::SCWMssOS::Sw design exists and opened at  /home/grads/t/tamu_vik/ECEN-722/lab4/top_fft_time/zynq_fsbl/zynq_fsbl_bsp/system.mss
TRACE::2025-10-03.16:59:32::SCWPlatform::Trying to open the hw design at /home/grads/t/tamu_vik/ECEN-722/lab4/top_fft_time/hw/top_fft_time.xsa
TRACE::2025-10-03.16:59:32::SCWPlatform::DSA given /home/grads/t/tamu_vik/ECEN-722/lab4/top_fft_time/hw/top_fft_time.xsa
TRACE::2025-10-03.16:59:32::SCWPlatform::DSA absoulate path /home/grads/t/tamu_vik/ECEN-722/lab4/top_fft_time/hw/top_fft_time.xsa
TRACE::2025-10-03.16:59:32::SCWPlatform::DSA directory /home/grads/t/tamu_vik/ECEN-722/lab4/top_fft_time/hw
TRACE::2025-10-03.16:59:32::SCWPlatform:: Platform Path /home/grads/t/tamu_vik/ECEN-722/lab4/top_fft_time/hw/top_fft_time.xsa
TRACE::2025-10-03.16:59:32::SCWPlatform:: Unique name xilinx:zybo-z7-10::0.0
TRACE::2025-10-03.16:59:32::SCWPlatform::Trying to set the existing hwdb with name top_fft_time_0
TRACE::2025-10-03.16:59:32::SCWPlatform::Opened existing hwdb top_fft_time_0
TRACE::2025-10-03.16:59:32::SCWPlatform::Found the Hw Db part of the input DSA
TRACE::2025-10-03.16:59:32::SCWMssOS::Checking the sw design at  /home/grads/t/tamu_vik/ECEN-722/lab4/top_fft_time/zynq_fsbl/zynq_fsbl_bsp/system.mss
TRACE::2025-10-03.16:59:32::SCWMssOS::DEBUG:  swdes dump  /home/grads/t/tamu_vik/ECEN-722/lab4/top_fft_time/ps7_cortexa9_0/standalone_ps7_cortexa9_0/bsp/system.mss|system_0||
/home/grads/t/tamu_vik/ECEN-722/lab4/top_fft_time/zynq_fsbl/zynq_fsbl_bsp/system.mss|system||

TRACE::2025-10-03.16:59:32::SCWMssOS::Sw design exists and opened at  /home/grads/t/tamu_vik/ECEN-722/lab4/top_fft_time/zynq_fsbl/zynq_fsbl_bsp/system.mss
TRACE::2025-10-03.16:59:32::SCWPlatform::Trying to open the hw design at /home/grads/t/tamu_vik/ECEN-722/lab4/top_fft_time/hw/top_fft_time.xsa
TRACE::2025-10-03.16:59:32::SCWPlatform::DSA given /home/grads/t/tamu_vik/ECEN-722/lab4/top_fft_time/hw/top_fft_time.xsa
TRACE::2025-10-03.16:59:32::SCWPlatform::DSA absoulate path /home/grads/t/tamu_vik/ECEN-722/lab4/top_fft_time/hw/top_fft_time.xsa
TRACE::2025-10-03.16:59:32::SCWPlatform::DSA directory /home/grads/t/tamu_vik/ECEN-722/lab4/top_fft_time/hw
TRACE::2025-10-03.16:59:32::SCWPlatform:: Platform Path /home/grads/t/tamu_vik/ECEN-722/lab4/top_fft_time/hw/top_fft_time.xsa
TRACE::2025-10-03.16:59:32::SCWPlatform:: Unique name xilinx:zybo-z7-10::0.0
TRACE::2025-10-03.16:59:32::SCWPlatform::Trying to set the existing hwdb with name top_fft_time_0
TRACE::2025-10-03.16:59:32::SCWPlatform::Opened existing hwdb top_fft_time_0
TRACE::2025-10-03.16:59:32::SCWPlatform::Found the Hw Db part of the input DSA
TRACE::2025-10-03.16:59:32::SCWMssOS::Checking the sw design at  /home/grads/t/tamu_vik/ECEN-722/lab4/top_fft_time/zynq_fsbl/zynq_fsbl_bsp/system.mss
TRACE::2025-10-03.16:59:32::SCWMssOS::DEBUG:  swdes dump  /home/grads/t/tamu_vik/ECEN-722/lab4/top_fft_time/ps7_cortexa9_0/standalone_ps7_cortexa9_0/bsp/system.mss|system_0||
/home/grads/t/tamu_vik/ECEN-722/lab4/top_fft_time/zynq_fsbl/zynq_fsbl_bsp/system.mss|system||

TRACE::2025-10-03.16:59:32::SCWMssOS::Sw design exists and opened at  /home/grads/t/tamu_vik/ECEN-722/lab4/top_fft_time/zynq_fsbl/zynq_fsbl_bsp/system.mss
TRACE::2025-10-03.16:59:32::SCWPlatform::Trying to open the hw design at /home/grads/t/tamu_vik/ECEN-722/lab4/top_fft_time/hw/top_fft_time.xsa
TRACE::2025-10-03.16:59:32::SCWPlatform::DSA given /home/grads/t/tamu_vik/ECEN-722/lab4/top_fft_time/hw/top_fft_time.xsa
TRACE::2025-10-03.16:59:32::SCWPlatform::DSA absoulate path /home/grads/t/tamu_vik/ECEN-722/lab4/top_fft_time/hw/top_fft_time.xsa
TRACE::2025-10-03.16:59:32::SCWPlatform::DSA directory /home/grads/t/tamu_vik/ECEN-722/lab4/top_fft_time/hw
TRACE::2025-10-03.16:59:32::SCWPlatform:: Platform Path /home/grads/t/tamu_vik/ECEN-722/lab4/top_fft_time/hw/top_fft_time.xsa
TRACE::2025-10-03.16:59:32::SCWPlatform:: Unique name xilinx:zybo-z7-10::0.0
TRACE::2025-10-03.16:59:32::SCWPlatform::Trying to set the existing hwdb with name top_fft_time_0
TRACE::2025-10-03.16:59:32::SCWPlatform::Opened existing hwdb top_fft_time_0
TRACE::2025-10-03.16:59:32::SCWPlatform::Found the Hw Db part of the input DSA
TRACE::2025-10-03.16:59:32::SCWMssOS::Checking the sw design at  /home/grads/t/tamu_vik/ECEN-722/lab4/top_fft_time/ps7_cortexa9_0/standalone_ps7_cortexa9_0/bsp/system.mss
TRACE::2025-10-03.16:59:32::SCWMssOS::DEBUG:  swdes dump  /home/grads/t/tamu_vik/ECEN-722/lab4/top_fft_time/ps7_cortexa9_0/standalone_ps7_cortexa9_0/bsp/system.mss|system_0||
/home/grads/t/tamu_vik/ECEN-722/lab4/top_fft_time/zynq_fsbl/zynq_fsbl_bsp/system.mss|system||

TRACE::2025-10-03.16:59:32::SCWMssOS::Sw design exists and opened at  /home/grads/t/tamu_vik/ECEN-722/lab4/top_fft_time/ps7_cortexa9_0/standalone_ps7_cortexa9_0/bsp/system.mss
TRACE::2025-10-03.16:59:32::SCWPlatform::Trying to open the hw design at /home/grads/t/tamu_vik/ECEN-722/lab4/top_fft_time/hw/top_fft_time.xsa
TRACE::2025-10-03.16:59:32::SCWPlatform::DSA given /home/grads/t/tamu_vik/ECEN-722/lab4/top_fft_time/hw/top_fft_time.xsa
TRACE::2025-10-03.16:59:32::SCWPlatform::DSA absoulate path /home/grads/t/tamu_vik/ECEN-722/lab4/top_fft_time/hw/top_fft_time.xsa
TRACE::2025-10-03.16:59:32::SCWPlatform::DSA directory /home/grads/t/tamu_vik/ECEN-722/lab4/top_fft_time/hw
TRACE::2025-10-03.16:59:32::SCWPlatform:: Platform Path /home/grads/t/tamu_vik/ECEN-722/lab4/top_fft_time/hw/top_fft_time.xsa
TRACE::2025-10-03.16:59:32::SCWPlatform:: Unique name xilinx:zybo-z7-10::0.0
TRACE::2025-10-03.16:59:32::SCWPlatform::Trying to set the existing hwdb with name top_fft_time_0
TRACE::2025-10-03.16:59:32::SCWPlatform::Opened existing hwdb top_fft_time_0
TRACE::2025-10-03.16:59:32::SCWPlatform::Found the Hw Db part of the input DSA
TRACE::2025-10-03.16:59:32::SCWMssOS::Checking the sw design at  /home/grads/t/tamu_vik/ECEN-722/lab4/top_fft_time/ps7_cortexa9_0/standalone_ps7_cortexa9_0/bsp/system.mss
TRACE::2025-10-03.16:59:32::SCWMssOS::DEBUG:  swdes dump  /home/grads/t/tamu_vik/ECEN-722/lab4/top_fft_time/ps7_cortexa9_0/standalone_ps7_cortexa9_0/bsp/system.mss|system_0||
/home/grads/t/tamu_vik/ECEN-722/lab4/top_fft_time/zynq_fsbl/zynq_fsbl_bsp/system.mss|system||

TRACE::2025-10-03.16:59:32::SCWMssOS::Sw design exists and opened at  /home/grads/t/tamu_vik/ECEN-722/lab4/top_fft_time/ps7_cortexa9_0/standalone_ps7_cortexa9_0/bsp/system.mss
TRACE::2025-10-03.16:59:32::SCWPlatform::Trying to open the hw design at /home/grads/t/tamu_vik/ECEN-722/lab4/top_fft_time/hw/top_fft_time.xsa
TRACE::2025-10-03.16:59:32::SCWPlatform::DSA given /home/grads/t/tamu_vik/ECEN-722/lab4/top_fft_time/hw/top_fft_time.xsa
TRACE::2025-10-03.16:59:32::SCWPlatform::DSA absoulate path /home/grads/t/tamu_vik/ECEN-722/lab4/top_fft_time/hw/top_fft_time.xsa
TRACE::2025-10-03.16:59:32::SCWPlatform::DSA directory /home/grads/t/tamu_vik/ECEN-722/lab4/top_fft_time/hw
TRACE::2025-10-03.16:59:32::SCWPlatform:: Platform Path /home/grads/t/tamu_vik/ECEN-722/lab4/top_fft_time/hw/top_fft_time.xsa
TRACE::2025-10-03.16:59:32::SCWPlatform:: Unique name xilinx:zybo-z7-10::0.0
TRACE::2025-10-03.16:59:32::SCWPlatform::Trying to set the existing hwdb with name top_fft_time_0
TRACE::2025-10-03.16:59:32::SCWPlatform::Opened existing hwdb top_fft_time_0
TRACE::2025-10-03.16:59:33::SCWPlatform::Found the Hw Db part of the input DSA
TRACE::2025-10-03.16:59:33::SCWMssOS::Checking the sw design at  /home/grads/t/tamu_vik/ECEN-722/lab4/top_fft_time/ps7_cortexa9_0/standalone_ps7_cortexa9_0/bsp/system.mss
TRACE::2025-10-03.16:59:33::SCWMssOS::DEBUG:  swdes dump  /home/grads/t/tamu_vik/ECEN-722/lab4/top_fft_time/ps7_cortexa9_0/standalone_ps7_cortexa9_0/bsp/system.mss|system_0||
/home/grads/t/tamu_vik/ECEN-722/lab4/top_fft_time/zynq_fsbl/zynq_fsbl_bsp/system.mss|system||

TRACE::2025-10-03.16:59:33::SCWMssOS::Sw design exists and opened at  /home/grads/t/tamu_vik/ECEN-722/lab4/top_fft_time/ps7_cortexa9_0/standalone_ps7_cortexa9_0/bsp/system.mss
TRACE::2025-10-03.16:59:33::SCWWriter::formatted JSON is {
	"platformName":	"top_fft_time",
	"sprVersion":	"2.0",
	"mode":	"gui",
	"dsaType":	"Fixed",
	"platformDesc":	"top_fft_time",
	"platHandOff":	"<platformDir>.xsa",
	"platIntHandOff":	"<platformDir>/hw/top_fft_time.xsa",
	"deviceType":	"zynq",
	"platIsPrebuiltAutogen":	"false",
	"platIsNoBootBsp":	"false",
	"platFsblTarget":	"ps7_cortexa9_0",
	"hasFsblMakeHasChanges":	"false",
	"hasPmufwMakeHasChanges":	"false",
	"fsblExtraCompilerFlags":	"-MMD -MP       -mcpu=cortex-a9 -mfpu=vfpv3 -mfloat-abi=hard ",
	"platPreBuiltFlag":	false,
	"platformSamplesDir":	"",
	"platActiveSys":	"top_fft_time",
	"systems":	[{
			"systemName":	"top_fft_time",
			"systemDesc":	"top_fft_time",
			"sysIsBootAutoGen":	"true",
			"systemDispName":	"top_fft_time",
			"sysActiveDom":	"standalone_ps7_cortexa9_0",
			"sysDefaultDom":	"standalone_ps7_cortexa9_0",
			"domains":	[{
					"domainName":	"zynq_fsbl",
					"domainDispName":	"zynq_fsbl",
					"domainDesc":	"FSBL Application BSP - Auto Generated.",
					"processors":	"ps7_cortexa9_0",
					"os":	"standalone",
					"sdxOs":	"standalone",
					"debugEnable":	"",
					"domRuntimes":	["cpp"],
					"swRepo":	"",
					"mssOsVer":	"8.1",
					"mssFile":	"",
					"md5Digest":	"1a300d4c46cf1b1c73cbeaf9df7474db",
					"compatibleApp":	"zynq_fsbl",
					"domType":	"bootDomain",
					"arch":	"32-bit",
					"appSettings":	{
						"appCompilerFlags":	"",
						"appLinkerFlags":	""
					},
					"addedLibs":	["xilffs:5.0", "xilrsa:1.6"],
					"libOptions":	{
						"libsContainingOptions":	[]
					},
					"prebuiltLibs":	{
						"prebuiltIncPath":	[],
						"prebuiltLibPath":	[]
					},
					"isolation":	{
					}
				}, {
					"domainName":	"standalone_ps7_cortexa9_0",
					"domainDispName":	"standalone_ps7_cortexa9_0",
					"domainDesc":	"standalone_ps7_cortexa9_0",
					"processors":	"ps7_cortexa9_0",
					"os":	"standalone",
					"sdxOs":	"standalone",
					"qemuArgs":	"<platformDir>/resources/top_fft_time/standalone_ps7_cortexa9_0/qemu_args.txt",
					"qemuData":	"<platformDir>/resources/top_fft_time/standalone_ps7_cortexa9_0/qemu",
					"debugEnable":	"False",
					"domRuntimes":	["cpp"],
					"swRepo":	"",
					"mssOsVer":	"8.1",
					"mssFile":	"",
					"md5Digest":	"1a300d4c46cf1b1c73cbeaf9df7474db",
					"compatibleApp":	"zynq_fsbl",
					"domType":	"mssDomain",
					"arch":	"32-bit",
					"appSettings":	{
						"appCompilerFlags":	"",
						"appLinkerFlags":	""
					},
					"addedLibs":	["xilffs:5.0", "xilrsa:1.6"],
					"libOptions":	{
						"libsContainingOptions":	[]
					},
					"prebuiltLibs":	{
						"prebuiltIncPath":	[],
						"prebuiltLibPath":	[]
					},
					"isolation":	{
					}
				}]
		}]
}
KEYINFO::2025-10-03.16:59:33::SCWPlatform::updated the xpfm file.
TRACE::2025-10-03.16:59:34::SCWPlatform::Trying to open the hw design at /home/grads/t/tamu_vik/ECEN-722/lab4/top_fft_time/hw/top_fft_time.xsa
TRACE::2025-10-03.16:59:34::SCWPlatform::DSA given /home/grads/t/tamu_vik/ECEN-722/lab4/top_fft_time/hw/top_fft_time.xsa
TRACE::2025-10-03.16:59:34::SCWPlatform::DSA absoulate path /home/grads/t/tamu_vik/ECEN-722/lab4/top_fft_time/hw/top_fft_time.xsa
TRACE::2025-10-03.16:59:35::SCWPlatform::DSA directory /home/grads/t/tamu_vik/ECEN-722/lab4/top_fft_time/hw
TRACE::2025-10-03.16:59:35::SCWPlatform:: Platform Path /home/grads/t/tamu_vik/ECEN-722/lab4/top_fft_time/hw/top_fft_time.xsa
TRACE::2025-10-03.16:59:35::SCWPlatform:: Unique name xilinx:zybo-z7-10::0.0
TRACE::2025-10-03.16:59:35::SCWPlatform::Trying to set the existing hwdb with name top_fft_time_0
TRACE::2025-10-03.16:59:35::SCWPlatform::Opened existing hwdb top_fft_time_0
TRACE::2025-10-03.16:59:35::SCWPlatform::Found the Hw Db part of the input DSA
TRACE::2025-10-03.16:59:35::SCWMssOS::Checking the sw design at  /home/grads/t/tamu_vik/ECEN-722/lab4/top_fft_time/ps7_cortexa9_0/standalone_ps7_cortexa9_0/bsp/system.mss
TRACE::2025-10-03.16:59:35::SCWMssOS::DEBUG:  swdes dump  /home/grads/t/tamu_vik/ECEN-722/lab4/top_fft_time/ps7_cortexa9_0/standalone_ps7_cortexa9_0/bsp/system.mss|system_0||
/home/grads/t/tamu_vik/ECEN-722/lab4/top_fft_time/zynq_fsbl/zynq_fsbl_bsp/system.mss|system||

TRACE::2025-10-03.16:59:35::SCWMssOS::Sw design exists and opened at  /home/grads/t/tamu_vik/ECEN-722/lab4/top_fft_time/ps7_cortexa9_0/standalone_ps7_cortexa9_0/bsp/system.mss
