TRACE::2025-10-10.16:13:08::SCWPlatform::Trying to open the hw design at /home/grads/t/tamu_vik/ECEN-722/lab5/top_decoder/hw/top_decoder.xsa
TRACE::2025-10-10.16:13:08::SCWPlatform::DSA given /home/grads/t/tamu_vik/ECEN-722/lab5/top_decoder/hw/top_decoder.xsa
TRACE::2025-10-10.16:13:08::SCWPlatform::DSA absoulate path /home/grads/t/tamu_vik/ECEN-722/lab5/top_decoder/hw/top_decoder.xsa
TRACE::2025-10-10.16:13:08::SCWPlatform::DSA directory /home/grads/t/tamu_vik/ECEN-722/lab5/top_decoder/hw
TRACE::2025-10-10.16:13:08::SCWPlatform:: Platform Path /home/grads/t/tamu_vik/ECEN-722/lab5/top_decoder/hw/top_decoder.xsa
TRACE::2025-10-10.16:13:08::SCWPlatform:: Unique name xilinx:zybo-z7-10::0.0
TRACE::2025-10-10.16:13:08::SCWPlatform::Do not have an existing db opened. 
TRACE::2025-10-10.16:13:10::SCWPlatform::Opened new HwDB with name top_decoder_0
TRACE::2025-10-10.16:13:10::SCWWriter::formatted JSON is {
	"platformName":	"top_decoder",
	"sprVersion":	"2.0",
	"mode":	"gui",
	"dsaType":	"Fixed",
	"platformDesc":	"top_decoder",
	"platHandOff":	"/home/grads/t/tamu_vik/ECEN-722/lab5/lab5_base/base/top_decoder.xsa",
	"platIntHandOff":	"<platformDir>/hw/top_decoder.xsa",
	"deviceType":	"zynq",
	"platIsPrebuiltAutogen":	"false",
	"platIsNoBootBsp":	"false",
	"hasFsblMakeHasChanges":	"false",
	"hasPmufwMakeHasChanges":	"false",
	"platPreBuiltFlag":	false,
	"platformSamplesDir":	""
}
TRACE::2025-10-10.16:13:10::SCWWriter::formatted JSON is {
	"platformName":	"top_decoder",
	"sprVersion":	"2.0",
	"mode":	"gui",
	"dsaType":	"Fixed",
	"platformDesc":	"top_decoder",
	"platHandOff":	"/home/grads/t/tamu_vik/ECEN-722/lab5/lab5_base/base/top_decoder.xsa",
	"platIntHandOff":	"<platformDir>/hw/top_decoder.xsa",
	"deviceType":	"zynq",
	"platIsPrebuiltAutogen":	"false",
	"platIsNoBootBsp":	"false",
	"hasFsblMakeHasChanges":	"false",
	"hasPmufwMakeHasChanges":	"false",
	"platPreBuiltFlag":	false,
	"platformSamplesDir":	"",
	"platActiveSys":	"top_decoder",
	"systems":	[{
			"systemName":	"top_decoder",
			"systemDesc":	"top_decoder",
			"sysIsBootAutoGen":	"true",
			"systemDispName":	"top_decoder"
		}]
}
TRACE::2025-10-10.16:13:10::SCWPlatform::Boot application domains not present, creating them
TRACE::2025-10-10.16:13:10::SCWDomain::checking for install qemu data   : 
TRACE::2025-10-10.16:13:10::SCWDomain:: Using the QEMU Data from install at  : /opt/coe/Xilinx/Vitis/2023.1/data/emulation/platforms/zynq/sw/a9_standalone/qemu/
TRACE::2025-10-10.16:13:10::SCWDomain:: Using the QEMU args  from install at  : /opt/coe/Xilinx/Vitis/2023.1/data/emulation/platforms/zynq/sw/a9_standalone/qemu/qemu_args.txt
TRACE::2025-10-10.16:13:10::SCWPlatform::Trying to open the hw design at /home/grads/t/tamu_vik/ECEN-722/lab5/top_decoder/hw/top_decoder.xsa
TRACE::2025-10-10.16:13:10::SCWPlatform::DSA given /home/grads/t/tamu_vik/ECEN-722/lab5/top_decoder/hw/top_decoder.xsa
TRACE::2025-10-10.16:13:10::SCWPlatform::DSA absoulate path /home/grads/t/tamu_vik/ECEN-722/lab5/top_decoder/hw/top_decoder.xsa
TRACE::2025-10-10.16:13:10::SCWPlatform::DSA directory /home/grads/t/tamu_vik/ECEN-722/lab5/top_decoder/hw
TRACE::2025-10-10.16:13:10::SCWPlatform:: Platform Path /home/grads/t/tamu_vik/ECEN-722/lab5/top_decoder/hw/top_decoder.xsa
TRACE::2025-10-10.16:13:10::SCWPlatform:: Unique name xilinx:zybo-z7-10::0.0
TRACE::2025-10-10.16:13:10::SCWPlatform::Trying to set the existing hwdb with name top_decoder_0
TRACE::2025-10-10.16:13:10::SCWPlatform::Opened existing hwdb top_decoder_0
TRACE::2025-10-10.16:13:10::SCWPlatform::Found the Hw Db part of the input DSA
TRACE::2025-10-10.16:13:10::SCWPlatform::Trying to open the hw design at /home/grads/t/tamu_vik/ECEN-722/lab5/top_decoder/hw/top_decoder.xsa
TRACE::2025-10-10.16:13:10::SCWPlatform::DSA given /home/grads/t/tamu_vik/ECEN-722/lab5/top_decoder/hw/top_decoder.xsa
TRACE::2025-10-10.16:13:10::SCWPlatform::DSA absoulate path /home/grads/t/tamu_vik/ECEN-722/lab5/top_decoder/hw/top_decoder.xsa
TRACE::2025-10-10.16:13:10::SCWPlatform::DSA directory /home/grads/t/tamu_vik/ECEN-722/lab5/top_decoder/hw
TRACE::2025-10-10.16:13:10::SCWPlatform:: Platform Path /home/grads/t/tamu_vik/ECEN-722/lab5/top_decoder/hw/top_decoder.xsa
TRACE::2025-10-10.16:13:10::SCWPlatform:: Unique name xilinx:zybo-z7-10::0.0
TRACE::2025-10-10.16:13:10::SCWPlatform::Trying to set the existing hwdb with name top_decoder_0
TRACE::2025-10-10.16:13:10::SCWPlatform::Opened existing hwdb top_decoder_0
TRACE::2025-10-10.16:13:10::SCWPlatform::Found the Hw Db part of the input DSA
TRACE::2025-10-10.16:13:10::SCWPlatform::Trying to open the hw design at /home/grads/t/tamu_vik/ECEN-722/lab5/top_decoder/hw/top_decoder.xsa
TRACE::2025-10-10.16:13:10::SCWPlatform::DSA given /home/grads/t/tamu_vik/ECEN-722/lab5/top_decoder/hw/top_decoder.xsa
TRACE::2025-10-10.16:13:10::SCWPlatform::DSA absoulate path /home/grads/t/tamu_vik/ECEN-722/lab5/top_decoder/hw/top_decoder.xsa
TRACE::2025-10-10.16:13:10::SCWPlatform::DSA directory /home/grads/t/tamu_vik/ECEN-722/lab5/top_decoder/hw
TRACE::2025-10-10.16:13:11::SCWPlatform:: Platform Path /home/grads/t/tamu_vik/ECEN-722/lab5/top_decoder/hw/top_decoder.xsa
TRACE::2025-10-10.16:13:11::SCWPlatform:: Unique name xilinx:zybo-z7-10::0.0
TRACE::2025-10-10.16:13:11::SCWPlatform::Trying to set the existing hwdb with name top_decoder_0
TRACE::2025-10-10.16:13:11::SCWPlatform::Opened existing hwdb top_decoder_0
TRACE::2025-10-10.16:13:11::SCWPlatform::Found the Hw Db part of the input DSA
TRACE::2025-10-10.16:13:11::SCWPlatform::Boot application domain added for zynq_fsbl
TRACE::2025-10-10.16:13:11::SCWPlatform::Generating the sources  .
TRACE::2025-10-10.16:13:11::SCWBDomain::Generating boot domain sources.
TRACE::2025-10-10.16:13:11::SCWBDomain:: Generating the zynq_fsbl Application.
TRACE::2025-10-10.16:13:11::SCWPlatform::Trying to open the hw design at /home/grads/t/tamu_vik/ECEN-722/lab5/top_decoder/hw/top_decoder.xsa
TRACE::2025-10-10.16:13:11::SCWPlatform::DSA given /home/grads/t/tamu_vik/ECEN-722/lab5/top_decoder/hw/top_decoder.xsa
TRACE::2025-10-10.16:13:11::SCWPlatform::DSA absoulate path /home/grads/t/tamu_vik/ECEN-722/lab5/top_decoder/hw/top_decoder.xsa
TRACE::2025-10-10.16:13:11::SCWPlatform::DSA directory /home/grads/t/tamu_vik/ECEN-722/lab5/top_decoder/hw
TRACE::2025-10-10.16:13:11::SCWPlatform:: Platform Path /home/grads/t/tamu_vik/ECEN-722/lab5/top_decoder/hw/top_decoder.xsa
TRACE::2025-10-10.16:13:11::SCWPlatform:: Unique name xilinx:zybo-z7-10::0.0
TRACE::2025-10-10.16:13:11::SCWPlatform::Trying to set the existing hwdb with name top_decoder_0
TRACE::2025-10-10.16:13:11::SCWPlatform::Opened existing hwdb top_decoder_0
TRACE::2025-10-10.16:13:11::SCWPlatform::Found the Hw Db part of the input DSA
TRACE::2025-10-10.16:13:11::SCWMssOS::Checking the sw design at  /home/grads/t/tamu_vik/ECEN-722/lab5/top_decoder/zynq_fsbl/zynq_fsbl_bsp/system.mss
TRACE::2025-10-10.16:13:11::SCWMssOS::DEBUG:  swdes dump  
TRACE::2025-10-10.16:13:11::SCWMssOS::No sw design opened at  /home/grads/t/tamu_vik/ECEN-722/lab5/top_decoder/zynq_fsbl/zynq_fsbl_bsp/system.mss
TRACE::2025-10-10.16:13:11::SCWMssOS::mss does not exists at /home/grads/t/tamu_vik/ECEN-722/lab5/top_decoder/zynq_fsbl/zynq_fsbl_bsp/system.mss
TRACE::2025-10-10.16:13:11::SCWMssOS::Creating sw design at  /home/grads/t/tamu_vik/ECEN-722/lab5/top_decoder/zynq_fsbl/zynq_fsbl_bsp/system.mss
TRACE::2025-10-10.16:13:11::SCWMssOS::Adding the swdes entry, created swdb /home/grads/t/tamu_vik/ECEN-722/lab5/top_decoder/zynq_fsbl/zynq_fsbl_bsp/system.mss with des name /home/grads/t/tamu_vik/ECEN-722/lab5/top_decoder/zynq_fsbl/zynq_fsbl_bsp/system.mss
TRACE::2025-10-10.16:13:11::SCWMssOS::updating the scw layer changes to swdes at   /home/grads/t/tamu_vik/ECEN-722/lab5/top_decoder/zynq_fsbl/zynq_fsbl_bsp/system.mss
TRACE::2025-10-10.16:13:11::SCWMssOS::Writing mss at /home/grads/t/tamu_vik/ECEN-722/lab5/top_decoder/zynq_fsbl/zynq_fsbl_bsp/system.mss
TRACE::2025-10-10.16:13:11::SCWMssOS::Completed writing the mss file at /home/grads/t/tamu_vik/ECEN-722/lab5/top_decoder/zynq_fsbl/zynq_fsbl_bsp
TRACE::2025-10-10.16:13:11::SCWMssOS::Picking up changes from newly written mss file into SCW Layer. 
TRACE::2025-10-10.16:13:11::SCWMssOS::Updated the changes from newly written mss file into SCW Layer. 
TRACE::2025-10-10.16:13:11::SCWBDomain::Completed writing the mss file at /home/grads/t/tamu_vik/ECEN-722/lab5/top_decoder/zynq_fsbl/zynq_fsbl_bsp
TRACE::2025-10-10.16:13:34::SCWPlatform::Generating sources Done.
TRACE::2025-10-10.16:13:34::SCWPlatform::Trying to open the hw design at /home/grads/t/tamu_vik/ECEN-722/lab5/top_decoder/hw/top_decoder.xsa
TRACE::2025-10-10.16:13:34::SCWPlatform::DSA given /home/grads/t/tamu_vik/ECEN-722/lab5/top_decoder/hw/top_decoder.xsa
TRACE::2025-10-10.16:13:34::SCWPlatform::DSA absoulate path /home/grads/t/tamu_vik/ECEN-722/lab5/top_decoder/hw/top_decoder.xsa
TRACE::2025-10-10.16:13:34::SCWPlatform::DSA directory /home/grads/t/tamu_vik/ECEN-722/lab5/top_decoder/hw
TRACE::2025-10-10.16:13:34::SCWPlatform:: Platform Path /home/grads/t/tamu_vik/ECEN-722/lab5/top_decoder/hw/top_decoder.xsa
TRACE::2025-10-10.16:13:34::SCWPlatform:: Unique name xilinx:zybo-z7-10::0.0
TRACE::2025-10-10.16:13:34::SCWPlatform::Trying to set the existing hwdb with name top_decoder_0
TRACE::2025-10-10.16:13:34::SCWPlatform::Opened existing hwdb top_decoder_0
TRACE::2025-10-10.16:13:34::SCWPlatform::Found the Hw Db part of the input DSA
TRACE::2025-10-10.16:13:34::SCWMssOS::Checking the sw design at  /home/grads/t/tamu_vik/ECEN-722/lab5/top_decoder/zynq_fsbl/zynq_fsbl_bsp/system.mss
TRACE::2025-10-10.16:13:34::SCWMssOS::DEBUG:  swdes dump  
TRACE::2025-10-10.16:13:34::SCWMssOS::No sw design opened at  /home/grads/t/tamu_vik/ECEN-722/lab5/top_decoder/zynq_fsbl/zynq_fsbl_bsp/system.mss
TRACE::2025-10-10.16:13:34::SCWMssOS::mss exists loading the mss file  /home/grads/t/tamu_vik/ECEN-722/lab5/top_decoder/zynq_fsbl/zynq_fsbl_bsp/system.mss
TRACE::2025-10-10.16:13:34::SCWMssOS::Opened the sw design from mss  /home/grads/t/tamu_vik/ECEN-722/lab5/top_decoder/zynq_fsbl/zynq_fsbl_bsp/system.mss
TRACE::2025-10-10.16:13:34::SCWMssOS::Adding the swdes entry /home/grads/t/tamu_vik/ECEN-722/lab5/top_decoder/zynq_fsbl/zynq_fsbl_bsp/system.mss with des name system
TRACE::2025-10-10.16:13:34::SCWMssOS::updating the scw layer about changes
TRACE::2025-10-10.16:13:34::SCWMssOS::Opened the sw design.  /home/grads/t/tamu_vik/ECEN-722/lab5/top_decoder/zynq_fsbl/zynq_fsbl_bsp/system.mss
TRACE::2025-10-10.16:13:34::SCWMssOS::Saving the mss changes /home/grads/t/tamu_vik/ECEN-722/lab5/top_decoder/zynq_fsbl/zynq_fsbl_bsp/system.mss
TRACE::2025-10-10.16:13:34::SCWMssOS::Found a swdesign opened with the mssfile.
TRACE::2025-10-10.16:13:34::SCWMssOS::Completed writemss as part of save.
TRACE::2025-10-10.16:13:34::SCWMssOS::Commit changes completed.
TRACE::2025-10-10.16:13:34::SCWPlatform::Trying to open the hw design at /home/grads/t/tamu_vik/ECEN-722/lab5/top_decoder/hw/top_decoder.xsa
TRACE::2025-10-10.16:13:34::SCWPlatform::DSA given /home/grads/t/tamu_vik/ECEN-722/lab5/top_decoder/hw/top_decoder.xsa
TRACE::2025-10-10.16:13:34::SCWPlatform::DSA absoulate path /home/grads/t/tamu_vik/ECEN-722/lab5/top_decoder/hw/top_decoder.xsa
TRACE::2025-10-10.16:13:34::SCWPlatform::DSA directory /home/grads/t/tamu_vik/ECEN-722/lab5/top_decoder/hw
TRACE::2025-10-10.16:13:34::SCWPlatform:: Platform Path /home/grads/t/tamu_vik/ECEN-722/lab5/top_decoder/hw/top_decoder.xsa
TRACE::2025-10-10.16:13:34::SCWPlatform:: Unique name xilinx:zybo-z7-10::0.0
TRACE::2025-10-10.16:13:34::SCWPlatform::Trying to set the existing hwdb with name top_decoder_0
TRACE::2025-10-10.16:13:34::SCWPlatform::Opened existing hwdb top_decoder_0
TRACE::2025-10-10.16:13:34::SCWPlatform::Found the Hw Db part of the input DSA
TRACE::2025-10-10.16:13:34::SCWMssOS::Checking the sw design at  /home/grads/t/tamu_vik/ECEN-722/lab5/top_decoder/zynq_fsbl/zynq_fsbl_bsp/system.mss
TRACE::2025-10-10.16:13:34::SCWMssOS::DEBUG:  swdes dump  /home/grads/t/tamu_vik/ECEN-722/lab5/top_decoder/zynq_fsbl/zynq_fsbl_bsp/system.mss|system||

TRACE::2025-10-10.16:13:34::SCWMssOS::Sw design exists and opened at  /home/grads/t/tamu_vik/ECEN-722/lab5/top_decoder/zynq_fsbl/zynq_fsbl_bsp/system.mss
TRACE::2025-10-10.16:13:34::SCWPlatform::Trying to open the hw design at /home/grads/t/tamu_vik/ECEN-722/lab5/top_decoder/hw/top_decoder.xsa
TRACE::2025-10-10.16:13:34::SCWPlatform::DSA given /home/grads/t/tamu_vik/ECEN-722/lab5/top_decoder/hw/top_decoder.xsa
TRACE::2025-10-10.16:13:34::SCWPlatform::DSA absoulate path /home/grads/t/tamu_vik/ECEN-722/lab5/top_decoder/hw/top_decoder.xsa
TRACE::2025-10-10.16:13:34::SCWPlatform::DSA directory /home/grads/t/tamu_vik/ECEN-722/lab5/top_decoder/hw
TRACE::2025-10-10.16:13:35::SCWPlatform:: Platform Path /home/grads/t/tamu_vik/ECEN-722/lab5/top_decoder/hw/top_decoder.xsa
TRACE::2025-10-10.16:13:35::SCWPlatform:: Unique name xilinx:zybo-z7-10::0.0
TRACE::2025-10-10.16:13:35::SCWPlatform::Trying to set the existing hwdb with name top_decoder_0
TRACE::2025-10-10.16:13:35::SCWPlatform::Opened existing hwdb top_decoder_0
TRACE::2025-10-10.16:13:35::SCWPlatform::Found the Hw Db part of the input DSA
TRACE::2025-10-10.16:13:35::SCWMssOS::Checking the sw design at  /home/grads/t/tamu_vik/ECEN-722/lab5/top_decoder/zynq_fsbl/zynq_fsbl_bsp/system.mss
TRACE::2025-10-10.16:13:35::SCWMssOS::DEBUG:  swdes dump  /home/grads/t/tamu_vik/ECEN-722/lab5/top_decoder/zynq_fsbl/zynq_fsbl_bsp/system.mss|system||

TRACE::2025-10-10.16:13:35::SCWMssOS::Sw design exists and opened at  /home/grads/t/tamu_vik/ECEN-722/lab5/top_decoder/zynq_fsbl/zynq_fsbl_bsp/system.mss
TRACE::2025-10-10.16:13:35::SCWPlatform::Trying to open the hw design at /home/grads/t/tamu_vik/ECEN-722/lab5/top_decoder/hw/top_decoder.xsa
TRACE::2025-10-10.16:13:35::SCWPlatform::DSA given /home/grads/t/tamu_vik/ECEN-722/lab5/top_decoder/hw/top_decoder.xsa
TRACE::2025-10-10.16:13:35::SCWPlatform::DSA absoulate path /home/grads/t/tamu_vik/ECEN-722/lab5/top_decoder/hw/top_decoder.xsa
TRACE::2025-10-10.16:13:35::SCWPlatform::DSA directory /home/grads/t/tamu_vik/ECEN-722/lab5/top_decoder/hw
TRACE::2025-10-10.16:13:35::SCWPlatform:: Platform Path /home/grads/t/tamu_vik/ECEN-722/lab5/top_decoder/hw/top_decoder.xsa
TRACE::2025-10-10.16:13:35::SCWPlatform:: Unique name xilinx:zybo-z7-10::0.0
TRACE::2025-10-10.16:13:35::SCWPlatform::Trying to set the existing hwdb with name top_decoder_0
TRACE::2025-10-10.16:13:35::SCWPlatform::Opened existing hwdb top_decoder_0
TRACE::2025-10-10.16:13:35::SCWPlatform::Found the Hw Db part of the input DSA
TRACE::2025-10-10.16:13:35::SCWMssOS::Checking the sw design at  /home/grads/t/tamu_vik/ECEN-722/lab5/top_decoder/zynq_fsbl/zynq_fsbl_bsp/system.mss
TRACE::2025-10-10.16:13:35::SCWMssOS::DEBUG:  swdes dump  /home/grads/t/tamu_vik/ECEN-722/lab5/top_decoder/zynq_fsbl/zynq_fsbl_bsp/system.mss|system||

TRACE::2025-10-10.16:13:35::SCWMssOS::Sw design exists and opened at  /home/grads/t/tamu_vik/ECEN-722/lab5/top_decoder/zynq_fsbl/zynq_fsbl_bsp/system.mss
TRACE::2025-10-10.16:13:35::SCWWriter::formatted JSON is {
	"platformName":	"top_decoder",
	"sprVersion":	"2.0",
	"mode":	"gui",
	"dsaType":	"Fixed",
	"platformDesc":	"top_decoder",
	"platHandOff":	"/home/grads/t/tamu_vik/ECEN-722/lab5/lab5_base/base/top_decoder.xsa",
	"platIntHandOff":	"<platformDir>/hw/top_decoder.xsa",
	"deviceType":	"zynq",
	"platIsPrebuiltAutogen":	"false",
	"platIsNoBootBsp":	"false",
	"platFsblTarget":	"ps7_cortexa9_0",
	"hasFsblMakeHasChanges":	"false",
	"hasPmufwMakeHasChanges":	"false",
	"fsblExtraCompilerFlags":	"-MMD -MP       -mcpu=cortex-a9 -mfpu=vfpv3 -mfloat-abi=hard ",
	"platPreBuiltFlag":	false,
	"platformSamplesDir":	"",
	"platActiveSys":	"top_decoder",
	"systems":	[{
			"systemName":	"top_decoder",
			"systemDesc":	"top_decoder",
			"sysIsBootAutoGen":	"true",
			"systemDispName":	"top_decoder",
			"sysActiveDom":	"zynq_fsbl",
			"sysDefaultDom":	"",
			"domains":	[{
					"domainName":	"zynq_fsbl",
					"domainDispName":	"zynq_fsbl",
					"domainDesc":	"FSBL Application BSP - Auto Generated.",
					"processors":	"ps7_cortexa9_0",
					"os":	"standalone",
					"sdxOs":	"standalone",
					"debugEnable":	"",
					"domRuntimes":	["cpp"],
					"swRepo":	"",
					"mssOsVer":	"8.1",
					"mssFile":	"",
					"md5Digest":	"1a300d4c46cf1b1c73cbeaf9df7474db",
					"compatibleApp":	"zynq_fsbl",
					"domType":	"bootDomain",
					"arch":	"32-bit",
					"appSettings":	{
						"appCompilerFlags":	"",
						"appLinkerFlags":	""
					},
					"addedLibs":	["xilffs:5.0", "xilrsa:1.6"],
					"libOptions":	{
						"libsContainingOptions":	[]
					},
					"prebuiltLibs":	{
						"prebuiltIncPath":	[],
						"prebuiltLibPath":	[]
					},
					"isolation":	{
					}
				}]
		}]
}
TRACE::2025-10-10.16:13:35::SCWMssOS::Saving the mss changes /home/grads/t/tamu_vik/ECEN-722/lab5/top_decoder/zynq_fsbl/zynq_fsbl_bsp/system.mss
TRACE::2025-10-10.16:13:35::SCWMssOS::Found a swdesign opened with the mssfile.
TRACE::2025-10-10.16:13:35::SCWMssOS::Completed writemss as part of save.
TRACE::2025-10-10.16:13:35::SCWMssOS::Commit changes completed.
TRACE::2025-10-10.16:13:35::SCWPlatform::Trying to open the hw design at /home/grads/t/tamu_vik/ECEN-722/lab5/top_decoder/hw/top_decoder.xsa
TRACE::2025-10-10.16:13:35::SCWPlatform::DSA given /home/grads/t/tamu_vik/ECEN-722/lab5/top_decoder/hw/top_decoder.xsa
TRACE::2025-10-10.16:13:35::SCWPlatform::DSA absoulate path /home/grads/t/tamu_vik/ECEN-722/lab5/top_decoder/hw/top_decoder.xsa
TRACE::2025-10-10.16:13:35::SCWPlatform::DSA directory /home/grads/t/tamu_vik/ECEN-722/lab5/top_decoder/hw
TRACE::2025-10-10.16:13:35::SCWPlatform:: Platform Path /home/grads/t/tamu_vik/ECEN-722/lab5/top_decoder/hw/top_decoder.xsa
TRACE::2025-10-10.16:13:35::SCWPlatform:: Unique name xilinx:zybo-z7-10::0.0
TRACE::2025-10-10.16:13:35::SCWPlatform::Trying to set the existing hwdb with name top_decoder_0
TRACE::2025-10-10.16:13:35::SCWPlatform::Opened existing hwdb top_decoder_0
TRACE::2025-10-10.16:13:35::SCWPlatform::Found the Hw Db part of the input DSA
TRACE::2025-10-10.16:13:35::SCWMssOS::Checking the sw design at  /home/grads/t/tamu_vik/ECEN-722/lab5/top_decoder/zynq_fsbl/zynq_fsbl_bsp/system.mss
TRACE::2025-10-10.16:13:35::SCWMssOS::DEBUG:  swdes dump  /home/grads/t/tamu_vik/ECEN-722/lab5/top_decoder/zynq_fsbl/zynq_fsbl_bsp/system.mss|system||

TRACE::2025-10-10.16:13:35::SCWMssOS::Sw design exists and opened at  /home/grads/t/tamu_vik/ECEN-722/lab5/top_decoder/zynq_fsbl/zynq_fsbl_bsp/system.mss
TRACE::2025-10-10.16:13:35::SCWPlatform::Trying to open the hw design at /home/grads/t/tamu_vik/ECEN-722/lab5/top_decoder/hw/top_decoder.xsa
TRACE::2025-10-10.16:13:35::SCWPlatform::DSA given /home/grads/t/tamu_vik/ECEN-722/lab5/top_decoder/hw/top_decoder.xsa
TRACE::2025-10-10.16:13:35::SCWPlatform::DSA absoulate path /home/grads/t/tamu_vik/ECEN-722/lab5/top_decoder/hw/top_decoder.xsa
TRACE::2025-10-10.16:13:35::SCWPlatform::DSA directory /home/grads/t/tamu_vik/ECEN-722/lab5/top_decoder/hw
TRACE::2025-10-10.16:13:35::SCWPlatform:: Platform Path /home/grads/t/tamu_vik/ECEN-722/lab5/top_decoder/hw/top_decoder.xsa
TRACE::2025-10-10.16:13:35::SCWPlatform:: Unique name xilinx:zybo-z7-10::0.0
TRACE::2025-10-10.16:13:35::SCWPlatform::Trying to set the existing hwdb with name top_decoder_0
TRACE::2025-10-10.16:13:35::SCWPlatform::Opened existing hwdb top_decoder_0
TRACE::2025-10-10.16:13:35::SCWPlatform::Found the Hw Db part of the input DSA
TRACE::2025-10-10.16:13:35::SCWMssOS::Checking the sw design at  /home/grads/t/tamu_vik/ECEN-722/lab5/top_decoder/zynq_fsbl/zynq_fsbl_bsp/system.mss
TRACE::2025-10-10.16:13:35::SCWMssOS::DEBUG:  swdes dump  /home/grads/t/tamu_vik/ECEN-722/lab5/top_decoder/zynq_fsbl/zynq_fsbl_bsp/system.mss|system||

TRACE::2025-10-10.16:13:35::SCWMssOS::Sw design exists and opened at  /home/grads/t/tamu_vik/ECEN-722/lab5/top_decoder/zynq_fsbl/zynq_fsbl_bsp/system.mss
TRACE::2025-10-10.16:13:35::SCWPlatform::Trying to open the hw design at /home/grads/t/tamu_vik/ECEN-722/lab5/top_decoder/hw/top_decoder.xsa
TRACE::2025-10-10.16:13:35::SCWPlatform::DSA given /home/grads/t/tamu_vik/ECEN-722/lab5/top_decoder/hw/top_decoder.xsa
TRACE::2025-10-10.16:13:35::SCWPlatform::DSA absoulate path /home/grads/t/tamu_vik/ECEN-722/lab5/top_decoder/hw/top_decoder.xsa
TRACE::2025-10-10.16:13:35::SCWPlatform::DSA directory /home/grads/t/tamu_vik/ECEN-722/lab5/top_decoder/hw
TRACE::2025-10-10.16:13:35::SCWPlatform:: Platform Path /home/grads/t/tamu_vik/ECEN-722/lab5/top_decoder/hw/top_decoder.xsa
TRACE::2025-10-10.16:13:35::SCWPlatform:: Unique name xilinx:zybo-z7-10::0.0
TRACE::2025-10-10.16:13:35::SCWPlatform::Trying to set the existing hwdb with name top_decoder_0
TRACE::2025-10-10.16:13:35::SCWPlatform::Opened existing hwdb top_decoder_0
TRACE::2025-10-10.16:13:35::SCWPlatform::Found the Hw Db part of the input DSA
TRACE::2025-10-10.16:13:35::SCWMssOS::Checking the sw design at  /home/grads/t/tamu_vik/ECEN-722/lab5/top_decoder/zynq_fsbl/zynq_fsbl_bsp/system.mss
TRACE::2025-10-10.16:13:35::SCWMssOS::DEBUG:  swdes dump  /home/grads/t/tamu_vik/ECEN-722/lab5/top_decoder/zynq_fsbl/zynq_fsbl_bsp/system.mss|system||

TRACE::2025-10-10.16:13:35::SCWMssOS::Sw design exists and opened at  /home/grads/t/tamu_vik/ECEN-722/lab5/top_decoder/zynq_fsbl/zynq_fsbl_bsp/system.mss
TRACE::2025-10-10.16:13:35::SCWWriter::formatted JSON is {
	"platformName":	"top_decoder",
	"sprVersion":	"2.0",
	"mode":	"gui",
	"dsaType":	"Fixed",
	"platformDesc":	"top_decoder",
	"platHandOff":	"/home/grads/t/tamu_vik/ECEN-722/lab5/lab5_base/base/top_decoder.xsa",
	"platIntHandOff":	"<platformDir>/hw/top_decoder.xsa",
	"deviceType":	"zynq",
	"platIsPrebuiltAutogen":	"false",
	"platIsNoBootBsp":	"false",
	"platFsblTarget":	"ps7_cortexa9_0",
	"hasFsblMakeHasChanges":	"false",
	"hasPmufwMakeHasChanges":	"false",
	"fsblExtraCompilerFlags":	"-MMD -MP       -mcpu=cortex-a9 -mfpu=vfpv3 -mfloat-abi=hard ",
	"platPreBuiltFlag":	false,
	"platformSamplesDir":	"",
	"platActiveSys":	"top_decoder",
	"systems":	[{
			"systemName":	"top_decoder",
			"systemDesc":	"top_decoder",
			"sysIsBootAutoGen":	"true",
			"systemDispName":	"top_decoder",
			"sysActiveDom":	"zynq_fsbl",
			"sysDefaultDom":	"",
			"domains":	[{
					"domainName":	"zynq_fsbl",
					"domainDispName":	"zynq_fsbl",
					"domainDesc":	"FSBL Application BSP - Auto Generated.",
					"processors":	"ps7_cortexa9_0",
					"os":	"standalone",
					"sdxOs":	"standalone",
					"debugEnable":	"",
					"domRuntimes":	["cpp"],
					"swRepo":	"",
					"mssOsVer":	"8.1",
					"mssFile":	"",
					"md5Digest":	"1a300d4c46cf1b1c73cbeaf9df7474db",
					"compatibleApp":	"zynq_fsbl",
					"domType":	"bootDomain",
					"arch":	"32-bit",
					"appSettings":	{
						"appCompilerFlags":	"",
						"appLinkerFlags":	""
					},
					"addedLibs":	["xilffs:5.0", "xilrsa:1.6"],
					"libOptions":	{
						"libsContainingOptions":	[]
					},
					"prebuiltLibs":	{
						"prebuiltIncPath":	[],
						"prebuiltLibPath":	[]
					},
					"isolation":	{
					}
				}]
		}]
}
TRACE::2025-10-10.16:13:36::SCWPlatform::Trying to open the hw design at /home/grads/t/tamu_vik/ECEN-722/lab5/top_decoder/hw/top_decoder.xsa
TRACE::2025-10-10.16:13:36::SCWPlatform::DSA given /home/grads/t/tamu_vik/ECEN-722/lab5/top_decoder/hw/top_decoder.xsa
TRACE::2025-10-10.16:13:36::SCWPlatform::DSA absoulate path /home/grads/t/tamu_vik/ECEN-722/lab5/top_decoder/hw/top_decoder.xsa
TRACE::2025-10-10.16:13:36::SCWPlatform::DSA directory /home/grads/t/tamu_vik/ECEN-722/lab5/top_decoder/hw
TRACE::2025-10-10.16:13:36::SCWPlatform:: Platform Path /home/grads/t/tamu_vik/ECEN-722/lab5/top_decoder/hw/top_decoder.xsa
TRACE::2025-10-10.16:13:36::SCWPlatform:: Unique name xilinx:zybo-z7-10::0.0
TRACE::2025-10-10.16:13:36::SCWPlatform::Trying to set the existing hwdb with name top_decoder_0
TRACE::2025-10-10.16:13:36::SCWPlatform::Opened existing hwdb top_decoder_0
TRACE::2025-10-10.16:13:36::SCWPlatform::Found the Hw Db part of the input DSA
TRACE::2025-10-10.16:13:36::SCWDomain::checking for install qemu data   : 
TRACE::2025-10-10.16:13:36::SCWDomain:: Using the QEMU Data from install at  : /opt/coe/Xilinx/Vitis/2023.1/data/emulation/platforms/zynq/sw/a9_standalone/qemu/
TRACE::2025-10-10.16:13:36::SCWDomain:: Using the QEMU args  from install at  : /opt/coe/Xilinx/Vitis/2023.1/data/emulation/platforms/zynq/sw/a9_standalone/qemu/qemu_args.txt
TRACE::2025-10-10.16:13:36::SCWPlatform::Trying to open the hw design at /home/grads/t/tamu_vik/ECEN-722/lab5/top_decoder/hw/top_decoder.xsa
TRACE::2025-10-10.16:13:36::SCWPlatform::DSA given /home/grads/t/tamu_vik/ECEN-722/lab5/top_decoder/hw/top_decoder.xsa
TRACE::2025-10-10.16:13:36::SCWPlatform::DSA absoulate path /home/grads/t/tamu_vik/ECEN-722/lab5/top_decoder/hw/top_decoder.xsa
TRACE::2025-10-10.16:13:36::SCWPlatform::DSA directory /home/grads/t/tamu_vik/ECEN-722/lab5/top_decoder/hw
TRACE::2025-10-10.16:13:36::SCWPlatform:: Platform Path /home/grads/t/tamu_vik/ECEN-722/lab5/top_decoder/hw/top_decoder.xsa
TRACE::2025-10-10.16:13:36::SCWPlatform:: Unique name xilinx:zybo-z7-10::0.0
TRACE::2025-10-10.16:13:36::SCWPlatform::Trying to set the existing hwdb with name top_decoder_0
TRACE::2025-10-10.16:13:36::SCWPlatform::Opened existing hwdb top_decoder_0
TRACE::2025-10-10.16:13:36::SCWPlatform::Found the Hw Db part of the input DSA
TRACE::2025-10-10.16:13:36::SCWPlatform::Trying to open the hw design at /home/grads/t/tamu_vik/ECEN-722/lab5/top_decoder/hw/top_decoder.xsa
TRACE::2025-10-10.16:13:36::SCWPlatform::DSA given /home/grads/t/tamu_vik/ECEN-722/lab5/top_decoder/hw/top_decoder.xsa
TRACE::2025-10-10.16:13:36::SCWPlatform::DSA absoulate path /home/grads/t/tamu_vik/ECEN-722/lab5/top_decoder/hw/top_decoder.xsa
TRACE::2025-10-10.16:13:36::SCWPlatform::DSA directory /home/grads/t/tamu_vik/ECEN-722/lab5/top_decoder/hw
TRACE::2025-10-10.16:13:36::SCWPlatform:: Platform Path /home/grads/t/tamu_vik/ECEN-722/lab5/top_decoder/hw/top_decoder.xsa
TRACE::2025-10-10.16:13:36::SCWPlatform:: Unique name xilinx:zybo-z7-10::0.0
TRACE::2025-10-10.16:13:36::SCWPlatform::Trying to set the existing hwdb with name top_decoder_0
TRACE::2025-10-10.16:13:36::SCWPlatform::Opened existing hwdb top_decoder_0
TRACE::2025-10-10.16:13:36::SCWPlatform::Found the Hw Db part of the input DSA
TRACE::2025-10-10.16:13:36::SCWDomain::Qemu Directory name is changed from "" to "qemu"
TRACE::2025-10-10.16:13:36::SCWPlatform::Trying to open the hw design at /home/grads/t/tamu_vik/ECEN-722/lab5/top_decoder/hw/top_decoder.xsa
TRACE::2025-10-10.16:13:36::SCWPlatform::DSA given /home/grads/t/tamu_vik/ECEN-722/lab5/top_decoder/hw/top_decoder.xsa
TRACE::2025-10-10.16:13:36::SCWPlatform::DSA absoulate path /home/grads/t/tamu_vik/ECEN-722/lab5/top_decoder/hw/top_decoder.xsa
TRACE::2025-10-10.16:13:36::SCWPlatform::DSA directory /home/grads/t/tamu_vik/ECEN-722/lab5/top_decoder/hw
TRACE::2025-10-10.16:13:36::SCWPlatform:: Platform Path /home/grads/t/tamu_vik/ECEN-722/lab5/top_decoder/hw/top_decoder.xsa
TRACE::2025-10-10.16:13:36::SCWPlatform:: Unique name xilinx:zybo-z7-10::0.0
TRACE::2025-10-10.16:13:36::SCWPlatform::Trying to set the existing hwdb with name top_decoder_0
TRACE::2025-10-10.16:13:36::SCWPlatform::Opened existing hwdb top_decoder_0
TRACE::2025-10-10.16:13:36::SCWPlatform::Found the Hw Db part of the input DSA
TRACE::2025-10-10.16:13:36::SCWMssOS::Checking the sw design at  /home/grads/t/tamu_vik/ECEN-722/lab5/top_decoder/ps7_cortexa9_0/standalone_ps7_cortexa9_0/bsp/system.mss
TRACE::2025-10-10.16:13:36::SCWMssOS::DEBUG:  swdes dump  /home/grads/t/tamu_vik/ECEN-722/lab5/top_decoder/zynq_fsbl/zynq_fsbl_bsp/system.mss|system||

TRACE::2025-10-10.16:13:36::SCWMssOS::No sw design opened at  /home/grads/t/tamu_vik/ECEN-722/lab5/top_decoder/ps7_cortexa9_0/standalone_ps7_cortexa9_0/bsp/system.mss
TRACE::2025-10-10.16:13:36::SCWMssOS::mss does not exists at /home/grads/t/tamu_vik/ECEN-722/lab5/top_decoder/ps7_cortexa9_0/standalone_ps7_cortexa9_0/bsp/system.mss
TRACE::2025-10-10.16:13:36::SCWMssOS::Creating sw design at  /home/grads/t/tamu_vik/ECEN-722/lab5/top_decoder/ps7_cortexa9_0/standalone_ps7_cortexa9_0/bsp/system.mss
TRACE::2025-10-10.16:13:36::SCWMssOS::Adding the swdes entry, created swdb /home/grads/t/tamu_vik/ECEN-722/lab5/top_decoder/ps7_cortexa9_0/standalone_ps7_cortexa9_0/bsp/system.mss with des name /home/grads/t/tamu_vik/ECEN-722/lab5/top_decoder/ps7_cortexa9_0/standalone_ps7_cortexa9_0/bsp/system.mss
TRACE::2025-10-10.16:13:36::SCWMssOS::updating the scw layer changes to swdes at   /home/grads/t/tamu_vik/ECEN-722/lab5/top_decoder/ps7_cortexa9_0/standalone_ps7_cortexa9_0/bsp/system.mss
TRACE::2025-10-10.16:13:36::SCWMssOS::Writing mss at /home/grads/t/tamu_vik/ECEN-722/lab5/top_decoder/ps7_cortexa9_0/standalone_ps7_cortexa9_0/bsp/system.mss
TRACE::2025-10-10.16:13:36::SCWMssOS::Completed writing the mss file at /home/grads/t/tamu_vik/ECEN-722/lab5/top_decoder/ps7_cortexa9_0/standalone_ps7_cortexa9_0/bsp
TRACE::2025-10-10.16:13:36::SCWMssOS::Picking up changes from newly written mss file into SCW Layer. 
TRACE::2025-10-10.16:13:36::SCWMssOS::Updated the changes from newly written mss file into SCW Layer. 
TRACE::2025-10-10.16:13:36::SCWMssOS::Completed writing the mss file at /home/grads/t/tamu_vik/ECEN-722/lab5/top_decoder/ps7_cortexa9_0/standalone_ps7_cortexa9_0/bsp
TRACE::2025-10-10.16:13:36::SCWMssOS::Forcing BSP Sources regeneration.
TRACE::2025-10-10.16:13:52::SCWMssOS::Saving the mss changes /home/grads/t/tamu_vik/ECEN-722/lab5/top_decoder/zynq_fsbl/zynq_fsbl_bsp/system.mss
TRACE::2025-10-10.16:13:52::SCWMssOS::Found a swdesign opened with the mssfile.
TRACE::2025-10-10.16:13:52::SCWMssOS::Completed writemss as part of save.
TRACE::2025-10-10.16:13:52::SCWMssOS::Commit changes completed.
TRACE::2025-10-10.16:13:52::SCWMssOS::Saving the mss changes /home/grads/t/tamu_vik/ECEN-722/lab5/top_decoder/ps7_cortexa9_0/standalone_ps7_cortexa9_0/bsp/system.mss
TRACE::2025-10-10.16:13:52::SCWMssOS::Adding the swdes entry, mss present, able to open swdb /home/grads/t/tamu_vik/ECEN-722/lab5/top_decoder/ps7_cortexa9_0/standalone_ps7_cortexa9_0/bsp/system.mss with des name system_0
TRACE::2025-10-10.16:13:52::SCWMssOS::Writing the mss file completed /home/grads/t/tamu_vik/ECEN-722/lab5/top_decoder/ps7_cortexa9_0/standalone_ps7_cortexa9_0/bsp/system.mss
TRACE::2025-10-10.16:13:52::SCWMssOS::Commit changes completed.
TRACE::2025-10-10.16:13:52::SCWPlatform::Trying to open the hw design at /home/grads/t/tamu_vik/ECEN-722/lab5/top_decoder/hw/top_decoder.xsa
TRACE::2025-10-10.16:13:52::SCWPlatform::DSA given /home/grads/t/tamu_vik/ECEN-722/lab5/top_decoder/hw/top_decoder.xsa
TRACE::2025-10-10.16:13:52::SCWPlatform::DSA absoulate path /home/grads/t/tamu_vik/ECEN-722/lab5/top_decoder/hw/top_decoder.xsa
TRACE::2025-10-10.16:13:52::SCWPlatform::DSA directory /home/grads/t/tamu_vik/ECEN-722/lab5/top_decoder/hw
TRACE::2025-10-10.16:13:52::SCWPlatform:: Platform Path /home/grads/t/tamu_vik/ECEN-722/lab5/top_decoder/hw/top_decoder.xsa
TRACE::2025-10-10.16:13:52::SCWPlatform:: Unique name xilinx:zybo-z7-10::0.0
TRACE::2025-10-10.16:13:52::SCWPlatform::Trying to set the existing hwdb with name top_decoder_0
TRACE::2025-10-10.16:13:52::SCWPlatform::Opened existing hwdb top_decoder_0
TRACE::2025-10-10.16:13:52::SCWPlatform::Found the Hw Db part of the input DSA
TRACE::2025-10-10.16:13:52::SCWMssOS::Checking the sw design at  /home/grads/t/tamu_vik/ECEN-722/lab5/top_decoder/zynq_fsbl/zynq_fsbl_bsp/system.mss
TRACE::2025-10-10.16:13:52::SCWMssOS::DEBUG:  swdes dump  /home/grads/t/tamu_vik/ECEN-722/lab5/top_decoder/ps7_cortexa9_0/standalone_ps7_cortexa9_0/bsp/system.mss|system_0||
/home/grads/t/tamu_vik/ECEN-722/lab5/top_decoder/zynq_fsbl/zynq_fsbl_bsp/system.mss|system||

TRACE::2025-10-10.16:13:52::SCWMssOS::Sw design exists and opened at  /home/grads/t/tamu_vik/ECEN-722/lab5/top_decoder/zynq_fsbl/zynq_fsbl_bsp/system.mss
TRACE::2025-10-10.16:13:52::SCWPlatform::Trying to open the hw design at /home/grads/t/tamu_vik/ECEN-722/lab5/top_decoder/hw/top_decoder.xsa
TRACE::2025-10-10.16:13:52::SCWPlatform::DSA given /home/grads/t/tamu_vik/ECEN-722/lab5/top_decoder/hw/top_decoder.xsa
TRACE::2025-10-10.16:13:52::SCWPlatform::DSA absoulate path /home/grads/t/tamu_vik/ECEN-722/lab5/top_decoder/hw/top_decoder.xsa
TRACE::2025-10-10.16:13:52::SCWPlatform::DSA directory /home/grads/t/tamu_vik/ECEN-722/lab5/top_decoder/hw
TRACE::2025-10-10.16:13:52::SCWPlatform:: Platform Path /home/grads/t/tamu_vik/ECEN-722/lab5/top_decoder/hw/top_decoder.xsa
TRACE::2025-10-10.16:13:52::SCWPlatform:: Unique name xilinx:zybo-z7-10::0.0
TRACE::2025-10-10.16:13:52::SCWPlatform::Trying to set the existing hwdb with name top_decoder_0
TRACE::2025-10-10.16:13:52::SCWPlatform::Opened existing hwdb top_decoder_0
TRACE::2025-10-10.16:13:52::SCWPlatform::Found the Hw Db part of the input DSA
TRACE::2025-10-10.16:13:52::SCWMssOS::Checking the sw design at  /home/grads/t/tamu_vik/ECEN-722/lab5/top_decoder/zynq_fsbl/zynq_fsbl_bsp/system.mss
TRACE::2025-10-10.16:13:52::SCWMssOS::DEBUG:  swdes dump  /home/grads/t/tamu_vik/ECEN-722/lab5/top_decoder/ps7_cortexa9_0/standalone_ps7_cortexa9_0/bsp/system.mss|system_0||
/home/grads/t/tamu_vik/ECEN-722/lab5/top_decoder/zynq_fsbl/zynq_fsbl_bsp/system.mss|system||

TRACE::2025-10-10.16:13:52::SCWMssOS::Sw design exists and opened at  /home/grads/t/tamu_vik/ECEN-722/lab5/top_decoder/zynq_fsbl/zynq_fsbl_bsp/system.mss
TRACE::2025-10-10.16:13:52::SCWPlatform::Trying to open the hw design at /home/grads/t/tamu_vik/ECEN-722/lab5/top_decoder/hw/top_decoder.xsa
TRACE::2025-10-10.16:13:52::SCWPlatform::DSA given /home/grads/t/tamu_vik/ECEN-722/lab5/top_decoder/hw/top_decoder.xsa
TRACE::2025-10-10.16:13:52::SCWPlatform::DSA absoulate path /home/grads/t/tamu_vik/ECEN-722/lab5/top_decoder/hw/top_decoder.xsa
TRACE::2025-10-10.16:13:52::SCWPlatform::DSA directory /home/grads/t/tamu_vik/ECEN-722/lab5/top_decoder/hw
TRACE::2025-10-10.16:13:52::SCWPlatform:: Platform Path /home/grads/t/tamu_vik/ECEN-722/lab5/top_decoder/hw/top_decoder.xsa
TRACE::2025-10-10.16:13:52::SCWPlatform:: Unique name xilinx:zybo-z7-10::0.0
TRACE::2025-10-10.16:13:52::SCWPlatform::Trying to set the existing hwdb with name top_decoder_0
TRACE::2025-10-10.16:13:52::SCWPlatform::Opened existing hwdb top_decoder_0
TRACE::2025-10-10.16:13:52::SCWPlatform::Found the Hw Db part of the input DSA
TRACE::2025-10-10.16:13:52::SCWMssOS::Checking the sw design at  /home/grads/t/tamu_vik/ECEN-722/lab5/top_decoder/zynq_fsbl/zynq_fsbl_bsp/system.mss
TRACE::2025-10-10.16:13:52::SCWMssOS::DEBUG:  swdes dump  /home/grads/t/tamu_vik/ECEN-722/lab5/top_decoder/ps7_cortexa9_0/standalone_ps7_cortexa9_0/bsp/system.mss|system_0||
/home/grads/t/tamu_vik/ECEN-722/lab5/top_decoder/zynq_fsbl/zynq_fsbl_bsp/system.mss|system||

TRACE::2025-10-10.16:13:52::SCWMssOS::Sw design exists and opened at  /home/grads/t/tamu_vik/ECEN-722/lab5/top_decoder/zynq_fsbl/zynq_fsbl_bsp/system.mss
TRACE::2025-10-10.16:13:52::SCWPlatform::Trying to open the hw design at /home/grads/t/tamu_vik/ECEN-722/lab5/top_decoder/hw/top_decoder.xsa
TRACE::2025-10-10.16:13:52::SCWPlatform::DSA given /home/grads/t/tamu_vik/ECEN-722/lab5/top_decoder/hw/top_decoder.xsa
TRACE::2025-10-10.16:13:52::SCWPlatform::DSA absoulate path /home/grads/t/tamu_vik/ECEN-722/lab5/top_decoder/hw/top_decoder.xsa
TRACE::2025-10-10.16:13:52::SCWPlatform::DSA directory /home/grads/t/tamu_vik/ECEN-722/lab5/top_decoder/hw
TRACE::2025-10-10.16:13:52::SCWPlatform:: Platform Path /home/grads/t/tamu_vik/ECEN-722/lab5/top_decoder/hw/top_decoder.xsa
TRACE::2025-10-10.16:13:52::SCWPlatform:: Unique name xilinx:zybo-z7-10::0.0
TRACE::2025-10-10.16:13:52::SCWPlatform::Trying to set the existing hwdb with name top_decoder_0
TRACE::2025-10-10.16:13:52::SCWPlatform::Opened existing hwdb top_decoder_0
TRACE::2025-10-10.16:13:52::SCWPlatform::Found the Hw Db part of the input DSA
TRACE::2025-10-10.16:13:52::SCWMssOS::Checking the sw design at  /home/grads/t/tamu_vik/ECEN-722/lab5/top_decoder/ps7_cortexa9_0/standalone_ps7_cortexa9_0/bsp/system.mss
TRACE::2025-10-10.16:13:52::SCWMssOS::DEBUG:  swdes dump  /home/grads/t/tamu_vik/ECEN-722/lab5/top_decoder/ps7_cortexa9_0/standalone_ps7_cortexa9_0/bsp/system.mss|system_0||
/home/grads/t/tamu_vik/ECEN-722/lab5/top_decoder/zynq_fsbl/zynq_fsbl_bsp/system.mss|system||

TRACE::2025-10-10.16:13:52::SCWMssOS::Sw design exists and opened at  /home/grads/t/tamu_vik/ECEN-722/lab5/top_decoder/ps7_cortexa9_0/standalone_ps7_cortexa9_0/bsp/system.mss
TRACE::2025-10-10.16:13:52::SCWPlatform::Trying to open the hw design at /home/grads/t/tamu_vik/ECEN-722/lab5/top_decoder/hw/top_decoder.xsa
TRACE::2025-10-10.16:13:52::SCWPlatform::DSA given /home/grads/t/tamu_vik/ECEN-722/lab5/top_decoder/hw/top_decoder.xsa
TRACE::2025-10-10.16:13:52::SCWPlatform::DSA absoulate path /home/grads/t/tamu_vik/ECEN-722/lab5/top_decoder/hw/top_decoder.xsa
TRACE::2025-10-10.16:13:52::SCWPlatform::DSA directory /home/grads/t/tamu_vik/ECEN-722/lab5/top_decoder/hw
TRACE::2025-10-10.16:13:52::SCWPlatform:: Platform Path /home/grads/t/tamu_vik/ECEN-722/lab5/top_decoder/hw/top_decoder.xsa
TRACE::2025-10-10.16:13:52::SCWPlatform:: Unique name xilinx:zybo-z7-10::0.0
TRACE::2025-10-10.16:13:52::SCWPlatform::Trying to set the existing hwdb with name top_decoder_0
TRACE::2025-10-10.16:13:52::SCWPlatform::Opened existing hwdb top_decoder_0
TRACE::2025-10-10.16:13:52::SCWPlatform::Found the Hw Db part of the input DSA
TRACE::2025-10-10.16:13:52::SCWMssOS::Checking the sw design at  /home/grads/t/tamu_vik/ECEN-722/lab5/top_decoder/ps7_cortexa9_0/standalone_ps7_cortexa9_0/bsp/system.mss
TRACE::2025-10-10.16:13:52::SCWMssOS::DEBUG:  swdes dump  /home/grads/t/tamu_vik/ECEN-722/lab5/top_decoder/ps7_cortexa9_0/standalone_ps7_cortexa9_0/bsp/system.mss|system_0||
/home/grads/t/tamu_vik/ECEN-722/lab5/top_decoder/zynq_fsbl/zynq_fsbl_bsp/system.mss|system||

TRACE::2025-10-10.16:13:52::SCWMssOS::Sw design exists and opened at  /home/grads/t/tamu_vik/ECEN-722/lab5/top_decoder/ps7_cortexa9_0/standalone_ps7_cortexa9_0/bsp/system.mss
TRACE::2025-10-10.16:13:52::SCWPlatform::Trying to open the hw design at /home/grads/t/tamu_vik/ECEN-722/lab5/top_decoder/hw/top_decoder.xsa
TRACE::2025-10-10.16:13:52::SCWPlatform::DSA given /home/grads/t/tamu_vik/ECEN-722/lab5/top_decoder/hw/top_decoder.xsa
TRACE::2025-10-10.16:13:52::SCWPlatform::DSA absoulate path /home/grads/t/tamu_vik/ECEN-722/lab5/top_decoder/hw/top_decoder.xsa
TRACE::2025-10-10.16:13:52::SCWPlatform::DSA directory /home/grads/t/tamu_vik/ECEN-722/lab5/top_decoder/hw
TRACE::2025-10-10.16:13:52::SCWPlatform:: Platform Path /home/grads/t/tamu_vik/ECEN-722/lab5/top_decoder/hw/top_decoder.xsa
TRACE::2025-10-10.16:13:52::SCWPlatform:: Unique name xilinx:zybo-z7-10::0.0
TRACE::2025-10-10.16:13:52::SCWPlatform::Trying to set the existing hwdb with name top_decoder_0
TRACE::2025-10-10.16:13:52::SCWPlatform::Opened existing hwdb top_decoder_0
TRACE::2025-10-10.16:13:52::SCWPlatform::Found the Hw Db part of the input DSA
TRACE::2025-10-10.16:13:52::SCWMssOS::Checking the sw design at  /home/grads/t/tamu_vik/ECEN-722/lab5/top_decoder/ps7_cortexa9_0/standalone_ps7_cortexa9_0/bsp/system.mss
TRACE::2025-10-10.16:13:52::SCWMssOS::DEBUG:  swdes dump  /home/grads/t/tamu_vik/ECEN-722/lab5/top_decoder/ps7_cortexa9_0/standalone_ps7_cortexa9_0/bsp/system.mss|system_0||
/home/grads/t/tamu_vik/ECEN-722/lab5/top_decoder/zynq_fsbl/zynq_fsbl_bsp/system.mss|system||

TRACE::2025-10-10.16:13:52::SCWMssOS::Sw design exists and opened at  /home/grads/t/tamu_vik/ECEN-722/lab5/top_decoder/ps7_cortexa9_0/standalone_ps7_cortexa9_0/bsp/system.mss
TRACE::2025-10-10.16:13:52::SCWWriter::formatted JSON is {
	"platformName":	"top_decoder",
	"sprVersion":	"2.0",
	"mode":	"gui",
	"dsaType":	"Fixed",
	"platformDesc":	"top_decoder",
	"platHandOff":	"/home/grads/t/tamu_vik/ECEN-722/lab5/lab5_base/base/top_decoder.xsa",
	"platIntHandOff":	"<platformDir>/hw/top_decoder.xsa",
	"deviceType":	"zynq",
	"platIsPrebuiltAutogen":	"false",
	"platIsNoBootBsp":	"false",
	"platFsblTarget":	"ps7_cortexa9_0",
	"hasFsblMakeHasChanges":	"false",
	"hasPmufwMakeHasChanges":	"false",
	"fsblExtraCompilerFlags":	"-MMD -MP       -mcpu=cortex-a9 -mfpu=vfpv3 -mfloat-abi=hard ",
	"platPreBuiltFlag":	false,
	"platformSamplesDir":	"",
	"platActiveSys":	"top_decoder",
	"systems":	[{
			"systemName":	"top_decoder",
			"systemDesc":	"top_decoder",
			"sysIsBootAutoGen":	"true",
			"systemDispName":	"top_decoder",
			"sysActiveDom":	"standalone_ps7_cortexa9_0",
			"sysDefaultDom":	"standalone_ps7_cortexa9_0",
			"domains":	[{
					"domainName":	"zynq_fsbl",
					"domainDispName":	"zynq_fsbl",
					"domainDesc":	"FSBL Application BSP - Auto Generated.",
					"processors":	"ps7_cortexa9_0",
					"os":	"standalone",
					"sdxOs":	"standalone",
					"debugEnable":	"",
					"domRuntimes":	["cpp"],
					"swRepo":	"",
					"mssOsVer":	"8.1",
					"mssFile":	"",
					"md5Digest":	"1a300d4c46cf1b1c73cbeaf9df7474db",
					"compatibleApp":	"zynq_fsbl",
					"domType":	"bootDomain",
					"arch":	"32-bit",
					"appSettings":	{
						"appCompilerFlags":	"",
						"appLinkerFlags":	""
					},
					"addedLibs":	["xilffs:5.0", "xilrsa:1.6"],
					"libOptions":	{
						"libsContainingOptions":	[]
					},
					"prebuiltLibs":	{
						"prebuiltIncPath":	[],
						"prebuiltLibPath":	[]
					},
					"isolation":	{
					}
				}, {
					"domainName":	"standalone_ps7_cortexa9_0",
					"domainDispName":	"standalone_ps7_cortexa9_0",
					"domainDesc":	"standalone_ps7_cortexa9_0",
					"processors":	"ps7_cortexa9_0",
					"os":	"standalone",
					"sdxOs":	"standalone",
					"qemuArgs":	"<platformDir>/resources/top_decoder/standalone_ps7_cortexa9_0/qemu_args.txt",
					"qemuData":	"<platformDir>/resources/top_decoder/standalone_ps7_cortexa9_0/qemu",
					"debugEnable":	"False",
					"domRuntimes":	["cpp"],
					"swRepo":	"",
					"mssOsVer":	"8.1",
					"mssFile":	"",
					"md5Digest":	"1a300d4c46cf1b1c73cbeaf9df7474db",
					"compatibleApp":	"zynq_fsbl",
					"domType":	"mssDomain",
					"arch":	"32-bit",
					"appSettings":	{
						"appCompilerFlags":	"",
						"appLinkerFlags":	""
					},
					"addedLibs":	["xilffs:5.0", "xilrsa:1.6"],
					"libOptions":	{
						"libsContainingOptions":	[]
					},
					"prebuiltLibs":	{
						"prebuiltIncPath":	[],
						"prebuiltLibPath":	[]
					},
					"isolation":	{
					}
				}]
		}]
}
LOG::2025-10-10.16:13:52::SCWPlatform::Started generating the artifacts platform top_decoder
TRACE::2025-10-10.16:13:52::SCWPlatform::Sanity checking of platform is completed
LOG::2025-10-10.16:13:52::SCWPlatform::Started generating the artifacts for system configuration top_decoder
LOG::2025-10-10.16:13:52::SCWSystem::Checking the domain zynq_fsbl
LOG::2025-10-10.16:13:52::SCWSystem::Doing application build for :  zynq_fsbl
TRACE::2025-10-10.16:13:52::SCWBDomain::Not a forced makefile updation, No changes are present. 
TRACE::2025-10-10.16:13:52::SCWDomain::Skipping the build for domain :  zynq_fsbl
LOG::2025-10-10.16:13:52::SCWSystem::Checking the domain standalone_ps7_cortexa9_0
LOG::2025-10-10.16:13:52::SCWSystem::Not a boot domain 
LOG::2025-10-10.16:13:52::SCWSystem::Started Processing the domain standalone_ps7_cortexa9_0
TRACE::2025-10-10.16:13:52::SCWDomain::Generating domain artifcats
TRACE::2025-10-10.16:13:52::SCWMssOS::Generating standalone artifcats
TRACE::2025-10-10.16:13:52::SCWMssOS::Copying the qemu file from  /home/grads/t/tamu_vik/ECEN-722/lab5/top_decoder/resources/top_decoder/standalone_ps7_cortexa9_0/qemu_args.txt To /home/grads/t/tamu_vik/ECEN-722/lab5/top_decoder/export/top_decoder/sw/top_decoder/qemu/
TRACE::2025-10-10.16:13:52::SCWMssOS::Copying the qemu file from  /home/grads/t/tamu_vik/ECEN-722/lab5/top_decoder/resources/top_decoder/standalone_ps7_cortexa9_0/qemu_args.txt To /home/grads/t/tamu_vik/ECEN-722/lab5/top_decoder/export/top_decoder/sw/top_decoder/standalone_ps7_cortexa9_0/qemu/
TRACE::2025-10-10.16:13:52::SCWMssOS:: Copying the user libraries. 
TRACE::2025-10-10.16:13:53::SCWPlatform::Trying to open the hw design at /home/grads/t/tamu_vik/ECEN-722/lab5/top_decoder/hw/top_decoder.xsa
TRACE::2025-10-10.16:13:53::SCWPlatform::DSA given /home/grads/t/tamu_vik/ECEN-722/lab5/top_decoder/hw/top_decoder.xsa
TRACE::2025-10-10.16:13:53::SCWPlatform::DSA absoulate path /home/grads/t/tamu_vik/ECEN-722/lab5/top_decoder/hw/top_decoder.xsa
TRACE::2025-10-10.16:13:53::SCWPlatform::DSA directory /home/grads/t/tamu_vik/ECEN-722/lab5/top_decoder/hw
TRACE::2025-10-10.16:13:53::SCWPlatform:: Platform Path /home/grads/t/tamu_vik/ECEN-722/lab5/top_decoder/hw/top_decoder.xsa
TRACE::2025-10-10.16:13:53::SCWPlatform:: Unique name xilinx:zybo-z7-10::0.0
TRACE::2025-10-10.16:13:53::SCWPlatform::Trying to set the existing hwdb with name top_decoder_0
TRACE::2025-10-10.16:13:53::SCWPlatform::Opened existing hwdb top_decoder_0
TRACE::2025-10-10.16:13:53::SCWPlatform::Found the Hw Db part of the input DSA
TRACE::2025-10-10.16:13:53::SCWMssOS::Checking the sw design at  /home/grads/t/tamu_vik/ECEN-722/lab5/top_decoder/ps7_cortexa9_0/standalone_ps7_cortexa9_0/bsp/system.mss
TRACE::2025-10-10.16:13:53::SCWMssOS::DEBUG:  swdes dump  /home/grads/t/tamu_vik/ECEN-722/lab5/top_decoder/ps7_cortexa9_0/standalone_ps7_cortexa9_0/bsp/system.mss|system_0||
/home/grads/t/tamu_vik/ECEN-722/lab5/top_decoder/zynq_fsbl/zynq_fsbl_bsp/system.mss|system||

TRACE::2025-10-10.16:13:53::SCWMssOS::Sw design exists and opened at  /home/grads/t/tamu_vik/ECEN-722/lab5/top_decoder/ps7_cortexa9_0/standalone_ps7_cortexa9_0/bsp/system.mss
TRACE::2025-10-10.16:13:53::SCWMssOS::Completed writing the mss file at /home/grads/t/tamu_vik/ECEN-722/lab5/top_decoder/ps7_cortexa9_0/standalone_ps7_cortexa9_0/bsp
TRACE::2025-10-10.16:13:53::SCWMssOS::Mss edits present, copying mssfile into export location /home/grads/t/tamu_vik/ECEN-722/lab5/top_decoder/ps7_cortexa9_0/standalone_ps7_cortexa9_0/bsp/system.mss
TRACE::2025-10-10.16:13:53::SCWMssOS::bsp generated is upto date with the mss file. Skipping bsp generation.
TRACE::2025-10-10.16:13:53::SCWMssOS::BSP is already built. skipping the bsp build ... 
TRACE::2025-10-10.16:13:53::SCWDomain::Skipping the build for domain :  standalone_ps7_cortexa9_0
TRACE::2025-10-10.16:13:53::SCWMssOS::skipping the bsp build ... 
TRACE::2025-10-10.16:13:53::SCWMssOS::Copying to export directory.
TRACE::2025-10-10.16:13:53::SCWMssOS:: Checking if to create the Supporting Applications
TRACE::2025-10-10.16:13:53::SCWMssOS:: No Linux domain exists, trying to generate FSBL 
TRACE::2025-10-10.16:13:53::SCWMssOS:: Completed Standalone Artifacts creation 
LOG::2025-10-10.16:13:53::SCWSystem::Completed Processing the domain standalone_ps7_cortexa9_0
LOG::2025-10-10.16:13:53::SCWSystem::Completed Processing the sysconfig top_decoder
LOG::2025-10-10.16:13:53::SCWPlatform::Completed generating the artifacts for system configuration top_decoder
TRACE::2025-10-10.16:13:53::SCWPlatform::Started preparing the platform 
TRACE::2025-10-10.16:13:53::SCWSystem::Writing the bif file for system config top_decoder
TRACE::2025-10-10.16:13:53::SCWSystem::dir created 
TRACE::2025-10-10.16:13:53::SCWSystem::Writing the bif 
TRACE::2025-10-10.16:13:53::SCWPlatform::Started writing the spfm file 
TRACE::2025-10-10.16:13:53::SCWPlatform::Started writing the xpfm file 
TRACE::2025-10-10.16:13:53::SCWPlatform::Completed generating the platform
TRACE::2025-10-10.16:13:53::SCWMssOS::Saving the mss changes /home/grads/t/tamu_vik/ECEN-722/lab5/top_decoder/zynq_fsbl/zynq_fsbl_bsp/system.mss
TRACE::2025-10-10.16:13:53::SCWMssOS::Found a swdesign opened with the mssfile.
TRACE::2025-10-10.16:13:53::SCWMssOS::Completed writemss as part of save.
TRACE::2025-10-10.16:13:53::SCWMssOS::Commit changes completed.
TRACE::2025-10-10.16:13:53::SCWMssOS::Saving the mss changes /home/grads/t/tamu_vik/ECEN-722/lab5/top_decoder/ps7_cortexa9_0/standalone_ps7_cortexa9_0/bsp/system.mss
TRACE::2025-10-10.16:13:53::SCWMssOS::Found a swdesign opened with the mssfile.
TRACE::2025-10-10.16:13:53::SCWMssOS::Completed writemss as part of save.
TRACE::2025-10-10.16:13:53::SCWMssOS::Commit changes completed.
TRACE::2025-10-10.16:13:53::SCWPlatform::Trying to open the hw design at /home/grads/t/tamu_vik/ECEN-722/lab5/top_decoder/hw/top_decoder.xsa
TRACE::2025-10-10.16:13:53::SCWPlatform::DSA given /home/grads/t/tamu_vik/ECEN-722/lab5/top_decoder/hw/top_decoder.xsa
TRACE::2025-10-10.16:13:53::SCWPlatform::DSA absoulate path /home/grads/t/tamu_vik/ECEN-722/lab5/top_decoder/hw/top_decoder.xsa
TRACE::2025-10-10.16:13:53::SCWPlatform::DSA directory /home/grads/t/tamu_vik/ECEN-722/lab5/top_decoder/hw
TRACE::2025-10-10.16:13:53::SCWPlatform:: Platform Path /home/grads/t/tamu_vik/ECEN-722/lab5/top_decoder/hw/top_decoder.xsa
TRACE::2025-10-10.16:13:53::SCWPlatform:: Unique name xilinx:zybo-z7-10::0.0
TRACE::2025-10-10.16:13:53::SCWPlatform::Trying to set the existing hwdb with name top_decoder_0
TRACE::2025-10-10.16:13:53::SCWPlatform::Opened existing hwdb top_decoder_0
TRACE::2025-10-10.16:13:53::SCWPlatform::Found the Hw Db part of the input DSA
TRACE::2025-10-10.16:13:53::SCWMssOS::Checking the sw design at  /home/grads/t/tamu_vik/ECEN-722/lab5/top_decoder/zynq_fsbl/zynq_fsbl_bsp/system.mss
TRACE::2025-10-10.16:13:53::SCWMssOS::DEBUG:  swdes dump  /home/grads/t/tamu_vik/ECEN-722/lab5/top_decoder/ps7_cortexa9_0/standalone_ps7_cortexa9_0/bsp/system.mss|system_0||
/home/grads/t/tamu_vik/ECEN-722/lab5/top_decoder/zynq_fsbl/zynq_fsbl_bsp/system.mss|system||

TRACE::2025-10-10.16:13:53::SCWMssOS::Sw design exists and opened at  /home/grads/t/tamu_vik/ECEN-722/lab5/top_decoder/zynq_fsbl/zynq_fsbl_bsp/system.mss
TRACE::2025-10-10.16:13:53::SCWPlatform::Trying to open the hw design at /home/grads/t/tamu_vik/ECEN-722/lab5/top_decoder/hw/top_decoder.xsa
TRACE::2025-10-10.16:13:53::SCWPlatform::DSA given /home/grads/t/tamu_vik/ECEN-722/lab5/top_decoder/hw/top_decoder.xsa
TRACE::2025-10-10.16:13:53::SCWPlatform::DSA absoulate path /home/grads/t/tamu_vik/ECEN-722/lab5/top_decoder/hw/top_decoder.xsa
TRACE::2025-10-10.16:13:53::SCWPlatform::DSA directory /home/grads/t/tamu_vik/ECEN-722/lab5/top_decoder/hw
TRACE::2025-10-10.16:13:53::SCWPlatform:: Platform Path /home/grads/t/tamu_vik/ECEN-722/lab5/top_decoder/hw/top_decoder.xsa
TRACE::2025-10-10.16:13:53::SCWPlatform:: Unique name xilinx:zybo-z7-10::0.0
TRACE::2025-10-10.16:13:53::SCWPlatform::Trying to set the existing hwdb with name top_decoder_0
TRACE::2025-10-10.16:13:53::SCWPlatform::Opened existing hwdb top_decoder_0
TRACE::2025-10-10.16:13:53::SCWPlatform::Found the Hw Db part of the input DSA
TRACE::2025-10-10.16:13:53::SCWMssOS::Checking the sw design at  /home/grads/t/tamu_vik/ECEN-722/lab5/top_decoder/zynq_fsbl/zynq_fsbl_bsp/system.mss
TRACE::2025-10-10.16:13:53::SCWMssOS::DEBUG:  swdes dump  /home/grads/t/tamu_vik/ECEN-722/lab5/top_decoder/ps7_cortexa9_0/standalone_ps7_cortexa9_0/bsp/system.mss|system_0||
/home/grads/t/tamu_vik/ECEN-722/lab5/top_decoder/zynq_fsbl/zynq_fsbl_bsp/system.mss|system||

TRACE::2025-10-10.16:13:53::SCWMssOS::Sw design exists and opened at  /home/grads/t/tamu_vik/ECEN-722/lab5/top_decoder/zynq_fsbl/zynq_fsbl_bsp/system.mss
TRACE::2025-10-10.16:13:53::SCWPlatform::Trying to open the hw design at /home/grads/t/tamu_vik/ECEN-722/lab5/top_decoder/hw/top_decoder.xsa
TRACE::2025-10-10.16:13:53::SCWPlatform::DSA given /home/grads/t/tamu_vik/ECEN-722/lab5/top_decoder/hw/top_decoder.xsa
TRACE::2025-10-10.16:13:53::SCWPlatform::DSA absoulate path /home/grads/t/tamu_vik/ECEN-722/lab5/top_decoder/hw/top_decoder.xsa
TRACE::2025-10-10.16:13:53::SCWPlatform::DSA directory /home/grads/t/tamu_vik/ECEN-722/lab5/top_decoder/hw
TRACE::2025-10-10.16:13:53::SCWPlatform:: Platform Path /home/grads/t/tamu_vik/ECEN-722/lab5/top_decoder/hw/top_decoder.xsa
TRACE::2025-10-10.16:13:53::SCWPlatform:: Unique name xilinx:zybo-z7-10::0.0
TRACE::2025-10-10.16:13:53::SCWPlatform::Trying to set the existing hwdb with name top_decoder_0
TRACE::2025-10-10.16:13:53::SCWPlatform::Opened existing hwdb top_decoder_0
TRACE::2025-10-10.16:13:53::SCWPlatform::Found the Hw Db part of the input DSA
TRACE::2025-10-10.16:13:53::SCWMssOS::Checking the sw design at  /home/grads/t/tamu_vik/ECEN-722/lab5/top_decoder/zynq_fsbl/zynq_fsbl_bsp/system.mss
TRACE::2025-10-10.16:13:53::SCWMssOS::DEBUG:  swdes dump  /home/grads/t/tamu_vik/ECEN-722/lab5/top_decoder/ps7_cortexa9_0/standalone_ps7_cortexa9_0/bsp/system.mss|system_0||
/home/grads/t/tamu_vik/ECEN-722/lab5/top_decoder/zynq_fsbl/zynq_fsbl_bsp/system.mss|system||

TRACE::2025-10-10.16:13:53::SCWMssOS::Sw design exists and opened at  /home/grads/t/tamu_vik/ECEN-722/lab5/top_decoder/zynq_fsbl/zynq_fsbl_bsp/system.mss
TRACE::2025-10-10.16:13:53::SCWPlatform::Trying to open the hw design at /home/grads/t/tamu_vik/ECEN-722/lab5/top_decoder/hw/top_decoder.xsa
TRACE::2025-10-10.16:13:53::SCWPlatform::DSA given /home/grads/t/tamu_vik/ECEN-722/lab5/top_decoder/hw/top_decoder.xsa
TRACE::2025-10-10.16:13:53::SCWPlatform::DSA absoulate path /home/grads/t/tamu_vik/ECEN-722/lab5/top_decoder/hw/top_decoder.xsa
TRACE::2025-10-10.16:13:53::SCWPlatform::DSA directory /home/grads/t/tamu_vik/ECEN-722/lab5/top_decoder/hw
TRACE::2025-10-10.16:13:53::SCWPlatform:: Platform Path /home/grads/t/tamu_vik/ECEN-722/lab5/top_decoder/hw/top_decoder.xsa
TRACE::2025-10-10.16:13:53::SCWPlatform:: Unique name xilinx:zybo-z7-10::0.0
TRACE::2025-10-10.16:13:53::SCWPlatform::Trying to set the existing hwdb with name top_decoder_0
TRACE::2025-10-10.16:13:53::SCWPlatform::Opened existing hwdb top_decoder_0
TRACE::2025-10-10.16:13:53::SCWPlatform::Found the Hw Db part of the input DSA
TRACE::2025-10-10.16:13:53::SCWMssOS::Checking the sw design at  /home/grads/t/tamu_vik/ECEN-722/lab5/top_decoder/ps7_cortexa9_0/standalone_ps7_cortexa9_0/bsp/system.mss
TRACE::2025-10-10.16:13:53::SCWMssOS::DEBUG:  swdes dump  /home/grads/t/tamu_vik/ECEN-722/lab5/top_decoder/ps7_cortexa9_0/standalone_ps7_cortexa9_0/bsp/system.mss|system_0||
/home/grads/t/tamu_vik/ECEN-722/lab5/top_decoder/zynq_fsbl/zynq_fsbl_bsp/system.mss|system||

TRACE::2025-10-10.16:13:53::SCWMssOS::Sw design exists and opened at  /home/grads/t/tamu_vik/ECEN-722/lab5/top_decoder/ps7_cortexa9_0/standalone_ps7_cortexa9_0/bsp/system.mss
TRACE::2025-10-10.16:13:53::SCWPlatform::Trying to open the hw design at /home/grads/t/tamu_vik/ECEN-722/lab5/top_decoder/hw/top_decoder.xsa
TRACE::2025-10-10.16:13:53::SCWPlatform::DSA given /home/grads/t/tamu_vik/ECEN-722/lab5/top_decoder/hw/top_decoder.xsa
TRACE::2025-10-10.16:13:53::SCWPlatform::DSA absoulate path /home/grads/t/tamu_vik/ECEN-722/lab5/top_decoder/hw/top_decoder.xsa
TRACE::2025-10-10.16:13:53::SCWPlatform::DSA directory /home/grads/t/tamu_vik/ECEN-722/lab5/top_decoder/hw
TRACE::2025-10-10.16:13:53::SCWPlatform:: Platform Path /home/grads/t/tamu_vik/ECEN-722/lab5/top_decoder/hw/top_decoder.xsa
TRACE::2025-10-10.16:13:53::SCWPlatform:: Unique name xilinx:zybo-z7-10::0.0
TRACE::2025-10-10.16:13:53::SCWPlatform::Trying to set the existing hwdb with name top_decoder_0
TRACE::2025-10-10.16:13:53::SCWPlatform::Opened existing hwdb top_decoder_0
TRACE::2025-10-10.16:13:53::SCWPlatform::Found the Hw Db part of the input DSA
TRACE::2025-10-10.16:13:53::SCWMssOS::Checking the sw design at  /home/grads/t/tamu_vik/ECEN-722/lab5/top_decoder/ps7_cortexa9_0/standalone_ps7_cortexa9_0/bsp/system.mss
TRACE::2025-10-10.16:13:53::SCWMssOS::DEBUG:  swdes dump  /home/grads/t/tamu_vik/ECEN-722/lab5/top_decoder/ps7_cortexa9_0/standalone_ps7_cortexa9_0/bsp/system.mss|system_0||
/home/grads/t/tamu_vik/ECEN-722/lab5/top_decoder/zynq_fsbl/zynq_fsbl_bsp/system.mss|system||

TRACE::2025-10-10.16:13:53::SCWMssOS::Sw design exists and opened at  /home/grads/t/tamu_vik/ECEN-722/lab5/top_decoder/ps7_cortexa9_0/standalone_ps7_cortexa9_0/bsp/system.mss
TRACE::2025-10-10.16:13:53::SCWPlatform::Trying to open the hw design at /home/grads/t/tamu_vik/ECEN-722/lab5/top_decoder/hw/top_decoder.xsa
TRACE::2025-10-10.16:13:53::SCWPlatform::DSA given /home/grads/t/tamu_vik/ECEN-722/lab5/top_decoder/hw/top_decoder.xsa
TRACE::2025-10-10.16:13:53::SCWPlatform::DSA absoulate path /home/grads/t/tamu_vik/ECEN-722/lab5/top_decoder/hw/top_decoder.xsa
TRACE::2025-10-10.16:13:53::SCWPlatform::DSA directory /home/grads/t/tamu_vik/ECEN-722/lab5/top_decoder/hw
TRACE::2025-10-10.16:13:53::SCWPlatform:: Platform Path /home/grads/t/tamu_vik/ECEN-722/lab5/top_decoder/hw/top_decoder.xsa
TRACE::2025-10-10.16:13:53::SCWPlatform:: Unique name xilinx:zybo-z7-10::0.0
TRACE::2025-10-10.16:13:53::SCWPlatform::Trying to set the existing hwdb with name top_decoder_0
TRACE::2025-10-10.16:13:53::SCWPlatform::Opened existing hwdb top_decoder_0
TRACE::2025-10-10.16:13:53::SCWPlatform::Found the Hw Db part of the input DSA
TRACE::2025-10-10.16:13:53::SCWMssOS::Checking the sw design at  /home/grads/t/tamu_vik/ECEN-722/lab5/top_decoder/ps7_cortexa9_0/standalone_ps7_cortexa9_0/bsp/system.mss
TRACE::2025-10-10.16:13:53::SCWMssOS::DEBUG:  swdes dump  /home/grads/t/tamu_vik/ECEN-722/lab5/top_decoder/ps7_cortexa9_0/standalone_ps7_cortexa9_0/bsp/system.mss|system_0||
/home/grads/t/tamu_vik/ECEN-722/lab5/top_decoder/zynq_fsbl/zynq_fsbl_bsp/system.mss|system||

TRACE::2025-10-10.16:13:53::SCWMssOS::Sw design exists and opened at  /home/grads/t/tamu_vik/ECEN-722/lab5/top_decoder/ps7_cortexa9_0/standalone_ps7_cortexa9_0/bsp/system.mss
TRACE::2025-10-10.16:13:53::SCWWriter::formatted JSON is {
	"platformName":	"top_decoder",
	"sprVersion":	"2.0",
	"mode":	"gui",
	"dsaType":	"Fixed",
	"platformDesc":	"top_decoder",
	"platHandOff":	"/home/grads/t/tamu_vik/ECEN-722/lab5/lab5_base/base/top_decoder.xsa",
	"platIntHandOff":	"<platformDir>/hw/top_decoder.xsa",
	"deviceType":	"zynq",
	"platIsPrebuiltAutogen":	"false",
	"platIsNoBootBsp":	"false",
	"platFsblTarget":	"ps7_cortexa9_0",
	"hasFsblMakeHasChanges":	"false",
	"hasPmufwMakeHasChanges":	"false",
	"fsblExtraCompilerFlags":	"-MMD -MP       -mcpu=cortex-a9 -mfpu=vfpv3 -mfloat-abi=hard ",
	"platPreBuiltFlag":	false,
	"platformSamplesDir":	"",
	"platActiveSys":	"top_decoder",
	"systems":	[{
			"systemName":	"top_decoder",
			"systemDesc":	"top_decoder",
			"sysIsBootAutoGen":	"true",
			"systemDispName":	"top_decoder",
			"sysActiveDom":	"standalone_ps7_cortexa9_0",
			"sysDefaultDom":	"standalone_ps7_cortexa9_0",
			"domains":	[{
					"domainName":	"zynq_fsbl",
					"domainDispName":	"zynq_fsbl",
					"domainDesc":	"FSBL Application BSP - Auto Generated.",
					"processors":	"ps7_cortexa9_0",
					"os":	"standalone",
					"sdxOs":	"standalone",
					"debugEnable":	"",
					"domRuntimes":	["cpp"],
					"swRepo":	"",
					"mssOsVer":	"8.1",
					"mssFile":	"",
					"md5Digest":	"1a300d4c46cf1b1c73cbeaf9df7474db",
					"compatibleApp":	"zynq_fsbl",
					"domType":	"bootDomain",
					"arch":	"32-bit",
					"appSettings":	{
						"appCompilerFlags":	"",
						"appLinkerFlags":	""
					},
					"addedLibs":	["xilffs:5.0", "xilrsa:1.6"],
					"libOptions":	{
						"libsContainingOptions":	[]
					},
					"prebuiltLibs":	{
						"prebuiltIncPath":	[],
						"prebuiltLibPath":	[]
					},
					"isolation":	{
					}
				}, {
					"domainName":	"standalone_ps7_cortexa9_0",
					"domainDispName":	"standalone_ps7_cortexa9_0",
					"domainDesc":	"standalone_ps7_cortexa9_0",
					"processors":	"ps7_cortexa9_0",
					"os":	"standalone",
					"sdxOs":	"standalone",
					"qemuArgs":	"<platformDir>/resources/top_decoder/standalone_ps7_cortexa9_0/qemu_args.txt",
					"qemuData":	"<platformDir>/resources/top_decoder/standalone_ps7_cortexa9_0/qemu",
					"debugEnable":	"False",
					"domRuntimes":	["cpp"],
					"swRepo":	"",
					"mssOsVer":	"8.1",
					"mssFile":	"",
					"md5Digest":	"1a300d4c46cf1b1c73cbeaf9df7474db",
					"compatibleApp":	"zynq_fsbl",
					"domType":	"mssDomain",
					"arch":	"32-bit",
					"appSettings":	{
						"appCompilerFlags":	"",
						"appLinkerFlags":	""
					},
					"addedLibs":	["xilffs:5.0", "xilrsa:1.6"],
					"libOptions":	{
						"libsContainingOptions":	[]
					},
					"prebuiltLibs":	{
						"prebuiltIncPath":	[],
						"prebuiltLibPath":	[]
					},
					"isolation":	{
					}
				}]
		}]
}
KEYINFO::2025-10-10.16:13:53::SCWPlatform::updated the xpfm file.
TRACE::2025-10-10.16:13:55::SCWPlatform::Trying to open the hw design at /home/grads/t/tamu_vik/ECEN-722/lab5/top_decoder/hw/top_decoder.xsa
TRACE::2025-10-10.16:13:55::SCWPlatform::DSA given /home/grads/t/tamu_vik/ECEN-722/lab5/top_decoder/hw/top_decoder.xsa
TRACE::2025-10-10.16:13:55::SCWPlatform::DSA absoulate path /home/grads/t/tamu_vik/ECEN-722/lab5/top_decoder/hw/top_decoder.xsa
TRACE::2025-10-10.16:13:55::SCWPlatform::DSA directory /home/grads/t/tamu_vik/ECEN-722/lab5/top_decoder/hw
TRACE::2025-10-10.16:13:55::SCWPlatform:: Platform Path /home/grads/t/tamu_vik/ECEN-722/lab5/top_decoder/hw/top_decoder.xsa
TRACE::2025-10-10.16:13:55::SCWPlatform:: Unique name xilinx:zybo-z7-10::0.0
TRACE::2025-10-10.16:13:55::SCWPlatform::Trying to set the existing hwdb with name top_decoder_0
TRACE::2025-10-10.16:13:55::SCWPlatform::Opened existing hwdb top_decoder_0
TRACE::2025-10-10.16:13:55::SCWPlatform::Found the Hw Db part of the input DSA
TRACE::2025-10-10.16:13:55::SCWMssOS::Checking the sw design at  /home/grads/t/tamu_vik/ECEN-722/lab5/top_decoder/ps7_cortexa9_0/standalone_ps7_cortexa9_0/bsp/system.mss
TRACE::2025-10-10.16:13:55::SCWMssOS::DEBUG:  swdes dump  /home/grads/t/tamu_vik/ECEN-722/lab5/top_decoder/ps7_cortexa9_0/standalone_ps7_cortexa9_0/bsp/system.mss|system_0||
/home/grads/t/tamu_vik/ECEN-722/lab5/top_decoder/zynq_fsbl/zynq_fsbl_bsp/system.mss|system||

TRACE::2025-10-10.16:13:55::SCWMssOS::Sw design exists and opened at  /home/grads/t/tamu_vik/ECEN-722/lab5/top_decoder/ps7_cortexa9_0/standalone_ps7_cortexa9_0/bsp/system.mss
TRACE::2025-10-10.16:13:55::SCWMssOS::Saving the mss changes /home/grads/t/tamu_vik/ECEN-722/lab5/top_decoder/zynq_fsbl/zynq_fsbl_bsp/system.mss
TRACE::2025-10-10.16:13:55::SCWMssOS::Found a swdesign opened with the mssfile.
TRACE::2025-10-10.16:13:55::SCWMssOS::Completed writemss as part of save.
TRACE::2025-10-10.16:13:55::SCWMssOS::Commit changes completed.
TRACE::2025-10-10.16:13:55::SCWMssOS::Saving the mss changes /home/grads/t/tamu_vik/ECEN-722/lab5/top_decoder/ps7_cortexa9_0/standalone_ps7_cortexa9_0/bsp/system.mss
TRACE::2025-10-10.16:13:55::SCWMssOS::Found a swdesign opened with the mssfile.
TRACE::2025-10-10.16:13:55::SCWMssOS::Completed writemss as part of save.
TRACE::2025-10-10.16:13:55::SCWMssOS::Commit changes completed.
TRACE::2025-10-10.16:13:55::SCWPlatform::Trying to open the hw design at /home/grads/t/tamu_vik/ECEN-722/lab5/top_decoder/hw/top_decoder.xsa
TRACE::2025-10-10.16:13:55::SCWPlatform::DSA given /home/grads/t/tamu_vik/ECEN-722/lab5/top_decoder/hw/top_decoder.xsa
TRACE::2025-10-10.16:13:55::SCWPlatform::DSA absoulate path /home/grads/t/tamu_vik/ECEN-722/lab5/top_decoder/hw/top_decoder.xsa
TRACE::2025-10-10.16:13:55::SCWPlatform::DSA directory /home/grads/t/tamu_vik/ECEN-722/lab5/top_decoder/hw
TRACE::2025-10-10.16:13:55::SCWPlatform:: Platform Path /home/grads/t/tamu_vik/ECEN-722/lab5/top_decoder/hw/top_decoder.xsa
TRACE::2025-10-10.16:13:55::SCWPlatform:: Unique name xilinx:zybo-z7-10::0.0
TRACE::2025-10-10.16:13:55::SCWPlatform::Trying to set the existing hwdb with name top_decoder_0
TRACE::2025-10-10.16:13:55::SCWPlatform::Opened existing hwdb top_decoder_0
TRACE::2025-10-10.16:13:55::SCWPlatform::Found the Hw Db part of the input DSA
TRACE::2025-10-10.16:13:55::SCWMssOS::Checking the sw design at  /home/grads/t/tamu_vik/ECEN-722/lab5/top_decoder/zynq_fsbl/zynq_fsbl_bsp/system.mss
TRACE::2025-10-10.16:13:55::SCWMssOS::DEBUG:  swdes dump  /home/grads/t/tamu_vik/ECEN-722/lab5/top_decoder/ps7_cortexa9_0/standalone_ps7_cortexa9_0/bsp/system.mss|system_0||
/home/grads/t/tamu_vik/ECEN-722/lab5/top_decoder/zynq_fsbl/zynq_fsbl_bsp/system.mss|system||

TRACE::2025-10-10.16:13:55::SCWMssOS::Sw design exists and opened at  /home/grads/t/tamu_vik/ECEN-722/lab5/top_decoder/zynq_fsbl/zynq_fsbl_bsp/system.mss
TRACE::2025-10-10.16:13:55::SCWPlatform::Trying to open the hw design at /home/grads/t/tamu_vik/ECEN-722/lab5/top_decoder/hw/top_decoder.xsa
TRACE::2025-10-10.16:13:55::SCWPlatform::DSA given /home/grads/t/tamu_vik/ECEN-722/lab5/top_decoder/hw/top_decoder.xsa
TRACE::2025-10-10.16:13:55::SCWPlatform::DSA absoulate path /home/grads/t/tamu_vik/ECEN-722/lab5/top_decoder/hw/top_decoder.xsa
TRACE::2025-10-10.16:13:55::SCWPlatform::DSA directory /home/grads/t/tamu_vik/ECEN-722/lab5/top_decoder/hw
TRACE::2025-10-10.16:13:55::SCWPlatform:: Platform Path /home/grads/t/tamu_vik/ECEN-722/lab5/top_decoder/hw/top_decoder.xsa
TRACE::2025-10-10.16:13:55::SCWPlatform:: Unique name xilinx:zybo-z7-10::0.0
TRACE::2025-10-10.16:13:55::SCWPlatform::Trying to set the existing hwdb with name top_decoder_0
TRACE::2025-10-10.16:13:55::SCWPlatform::Opened existing hwdb top_decoder_0
TRACE::2025-10-10.16:13:55::SCWPlatform::Found the Hw Db part of the input DSA
TRACE::2025-10-10.16:13:55::SCWMssOS::Checking the sw design at  /home/grads/t/tamu_vik/ECEN-722/lab5/top_decoder/zynq_fsbl/zynq_fsbl_bsp/system.mss
TRACE::2025-10-10.16:13:55::SCWMssOS::DEBUG:  swdes dump  /home/grads/t/tamu_vik/ECEN-722/lab5/top_decoder/ps7_cortexa9_0/standalone_ps7_cortexa9_0/bsp/system.mss|system_0||
/home/grads/t/tamu_vik/ECEN-722/lab5/top_decoder/zynq_fsbl/zynq_fsbl_bsp/system.mss|system||

TRACE::2025-10-10.16:13:55::SCWMssOS::Sw design exists and opened at  /home/grads/t/tamu_vik/ECEN-722/lab5/top_decoder/zynq_fsbl/zynq_fsbl_bsp/system.mss
TRACE::2025-10-10.16:13:55::SCWPlatform::Trying to open the hw design at /home/grads/t/tamu_vik/ECEN-722/lab5/top_decoder/hw/top_decoder.xsa
TRACE::2025-10-10.16:13:55::SCWPlatform::DSA given /home/grads/t/tamu_vik/ECEN-722/lab5/top_decoder/hw/top_decoder.xsa
TRACE::2025-10-10.16:13:55::SCWPlatform::DSA absoulate path /home/grads/t/tamu_vik/ECEN-722/lab5/top_decoder/hw/top_decoder.xsa
TRACE::2025-10-10.16:13:55::SCWPlatform::DSA directory /home/grads/t/tamu_vik/ECEN-722/lab5/top_decoder/hw
TRACE::2025-10-10.16:13:55::SCWPlatform:: Platform Path /home/grads/t/tamu_vik/ECEN-722/lab5/top_decoder/hw/top_decoder.xsa
TRACE::2025-10-10.16:13:55::SCWPlatform:: Unique name xilinx:zybo-z7-10::0.0
TRACE::2025-10-10.16:13:55::SCWPlatform::Trying to set the existing hwdb with name top_decoder_0
TRACE::2025-10-10.16:13:55::SCWPlatform::Opened existing hwdb top_decoder_0
TRACE::2025-10-10.16:13:55::SCWPlatform::Found the Hw Db part of the input DSA
TRACE::2025-10-10.16:13:55::SCWMssOS::Checking the sw design at  /home/grads/t/tamu_vik/ECEN-722/lab5/top_decoder/zynq_fsbl/zynq_fsbl_bsp/system.mss
TRACE::2025-10-10.16:13:55::SCWMssOS::DEBUG:  swdes dump  /home/grads/t/tamu_vik/ECEN-722/lab5/top_decoder/ps7_cortexa9_0/standalone_ps7_cortexa9_0/bsp/system.mss|system_0||
/home/grads/t/tamu_vik/ECEN-722/lab5/top_decoder/zynq_fsbl/zynq_fsbl_bsp/system.mss|system||

TRACE::2025-10-10.16:13:55::SCWMssOS::Sw design exists and opened at  /home/grads/t/tamu_vik/ECEN-722/lab5/top_decoder/zynq_fsbl/zynq_fsbl_bsp/system.mss
TRACE::2025-10-10.16:13:55::SCWPlatform::Trying to open the hw design at /home/grads/t/tamu_vik/ECEN-722/lab5/top_decoder/hw/top_decoder.xsa
TRACE::2025-10-10.16:13:55::SCWPlatform::DSA given /home/grads/t/tamu_vik/ECEN-722/lab5/top_decoder/hw/top_decoder.xsa
TRACE::2025-10-10.16:13:55::SCWPlatform::DSA absoulate path /home/grads/t/tamu_vik/ECEN-722/lab5/top_decoder/hw/top_decoder.xsa
TRACE::2025-10-10.16:13:55::SCWPlatform::DSA directory /home/grads/t/tamu_vik/ECEN-722/lab5/top_decoder/hw
TRACE::2025-10-10.16:13:55::SCWPlatform:: Platform Path /home/grads/t/tamu_vik/ECEN-722/lab5/top_decoder/hw/top_decoder.xsa
TRACE::2025-10-10.16:13:55::SCWPlatform:: Unique name xilinx:zybo-z7-10::0.0
TRACE::2025-10-10.16:13:55::SCWPlatform::Trying to set the existing hwdb with name top_decoder_0
TRACE::2025-10-10.16:13:55::SCWPlatform::Opened existing hwdb top_decoder_0
TRACE::2025-10-10.16:13:55::SCWPlatform::Found the Hw Db part of the input DSA
TRACE::2025-10-10.16:13:55::SCWMssOS::Checking the sw design at  /home/grads/t/tamu_vik/ECEN-722/lab5/top_decoder/ps7_cortexa9_0/standalone_ps7_cortexa9_0/bsp/system.mss
TRACE::2025-10-10.16:13:55::SCWMssOS::DEBUG:  swdes dump  /home/grads/t/tamu_vik/ECEN-722/lab5/top_decoder/ps7_cortexa9_0/standalone_ps7_cortexa9_0/bsp/system.mss|system_0||
/home/grads/t/tamu_vik/ECEN-722/lab5/top_decoder/zynq_fsbl/zynq_fsbl_bsp/system.mss|system||

TRACE::2025-10-10.16:13:55::SCWMssOS::Sw design exists and opened at  /home/grads/t/tamu_vik/ECEN-722/lab5/top_decoder/ps7_cortexa9_0/standalone_ps7_cortexa9_0/bsp/system.mss
TRACE::2025-10-10.16:13:55::SCWPlatform::Trying to open the hw design at /home/grads/t/tamu_vik/ECEN-722/lab5/top_decoder/hw/top_decoder.xsa
TRACE::2025-10-10.16:13:55::SCWPlatform::DSA given /home/grads/t/tamu_vik/ECEN-722/lab5/top_decoder/hw/top_decoder.xsa
TRACE::2025-10-10.16:13:55::SCWPlatform::DSA absoulate path /home/grads/t/tamu_vik/ECEN-722/lab5/top_decoder/hw/top_decoder.xsa
TRACE::2025-10-10.16:13:55::SCWPlatform::DSA directory /home/grads/t/tamu_vik/ECEN-722/lab5/top_decoder/hw
TRACE::2025-10-10.16:13:55::SCWPlatform:: Platform Path /home/grads/t/tamu_vik/ECEN-722/lab5/top_decoder/hw/top_decoder.xsa
TRACE::2025-10-10.16:13:55::SCWPlatform:: Unique name xilinx:zybo-z7-10::0.0
TRACE::2025-10-10.16:13:55::SCWPlatform::Trying to set the existing hwdb with name top_decoder_0
TRACE::2025-10-10.16:13:55::SCWPlatform::Opened existing hwdb top_decoder_0
TRACE::2025-10-10.16:13:55::SCWPlatform::Found the Hw Db part of the input DSA
TRACE::2025-10-10.16:13:55::SCWMssOS::Checking the sw design at  /home/grads/t/tamu_vik/ECEN-722/lab5/top_decoder/ps7_cortexa9_0/standalone_ps7_cortexa9_0/bsp/system.mss
TRACE::2025-10-10.16:13:55::SCWMssOS::DEBUG:  swdes dump  /home/grads/t/tamu_vik/ECEN-722/lab5/top_decoder/ps7_cortexa9_0/standalone_ps7_cortexa9_0/bsp/system.mss|system_0||
/home/grads/t/tamu_vik/ECEN-722/lab5/top_decoder/zynq_fsbl/zynq_fsbl_bsp/system.mss|system||

TRACE::2025-10-10.16:13:55::SCWMssOS::Sw design exists and opened at  /home/grads/t/tamu_vik/ECEN-722/lab5/top_decoder/ps7_cortexa9_0/standalone_ps7_cortexa9_0/bsp/system.mss
TRACE::2025-10-10.16:13:55::SCWPlatform::Trying to open the hw design at /home/grads/t/tamu_vik/ECEN-722/lab5/top_decoder/hw/top_decoder.xsa
TRACE::2025-10-10.16:13:55::SCWPlatform::DSA given /home/grads/t/tamu_vik/ECEN-722/lab5/top_decoder/hw/top_decoder.xsa
TRACE::2025-10-10.16:13:55::SCWPlatform::DSA absoulate path /home/grads/t/tamu_vik/ECEN-722/lab5/top_decoder/hw/top_decoder.xsa
TRACE::2025-10-10.16:13:55::SCWPlatform::DSA directory /home/grads/t/tamu_vik/ECEN-722/lab5/top_decoder/hw
TRACE::2025-10-10.16:13:55::SCWPlatform:: Platform Path /home/grads/t/tamu_vik/ECEN-722/lab5/top_decoder/hw/top_decoder.xsa
TRACE::2025-10-10.16:13:55::SCWPlatform:: Unique name xilinx:zybo-z7-10::0.0
TRACE::2025-10-10.16:13:55::SCWPlatform::Trying to set the existing hwdb with name top_decoder_0
TRACE::2025-10-10.16:13:55::SCWPlatform::Opened existing hwdb top_decoder_0
TRACE::2025-10-10.16:13:55::SCWPlatform::Found the Hw Db part of the input DSA
TRACE::2025-10-10.16:13:55::SCWMssOS::Checking the sw design at  /home/grads/t/tamu_vik/ECEN-722/lab5/top_decoder/ps7_cortexa9_0/standalone_ps7_cortexa9_0/bsp/system.mss
TRACE::2025-10-10.16:13:55::SCWMssOS::DEBUG:  swdes dump  /home/grads/t/tamu_vik/ECEN-722/lab5/top_decoder/ps7_cortexa9_0/standalone_ps7_cortexa9_0/bsp/system.mss|system_0||
/home/grads/t/tamu_vik/ECEN-722/lab5/top_decoder/zynq_fsbl/zynq_fsbl_bsp/system.mss|system||

TRACE::2025-10-10.16:13:55::SCWMssOS::Sw design exists and opened at  /home/grads/t/tamu_vik/ECEN-722/lab5/top_decoder/ps7_cortexa9_0/standalone_ps7_cortexa9_0/bsp/system.mss
TRACE::2025-10-10.16:13:55::SCWWriter::formatted JSON is {
	"platformName":	"top_decoder",
	"sprVersion":	"2.0",
	"mode":	"gui",
	"dsaType":	"Fixed",
	"platformDesc":	"top_decoder",
	"platHandOff":	"/home/grads/t/tamu_vik/ECEN-722/lab5/lab5_base/base/top_decoder.xsa",
	"platIntHandOff":	"<platformDir>/hw/top_decoder.xsa",
	"deviceType":	"zynq",
	"platIsPrebuiltAutogen":	"false",
	"platIsNoBootBsp":	"false",
	"platFsblTarget":	"ps7_cortexa9_0",
	"hasFsblMakeHasChanges":	"false",
	"hasPmufwMakeHasChanges":	"false",
	"fsblExtraCompilerFlags":	"-MMD -MP       -mcpu=cortex-a9 -mfpu=vfpv3 -mfloat-abi=hard ",
	"platPreBuiltFlag":	false,
	"platformSamplesDir":	"",
	"platActiveSys":	"top_decoder",
	"systems":	[{
			"systemName":	"top_decoder",
			"systemDesc":	"top_decoder",
			"sysIsBootAutoGen":	"true",
			"systemDispName":	"top_decoder",
			"sysActiveDom":	"standalone_ps7_cortexa9_0",
			"sysDefaultDom":	"standalone_ps7_cortexa9_0",
			"domains":	[{
					"domainName":	"zynq_fsbl",
					"domainDispName":	"zynq_fsbl",
					"domainDesc":	"FSBL Application BSP - Auto Generated.",
					"processors":	"ps7_cortexa9_0",
					"os":	"standalone",
					"sdxOs":	"standalone",
					"debugEnable":	"",
					"domRuntimes":	["cpp"],
					"swRepo":	"",
					"mssOsVer":	"8.1",
					"mssFile":	"",
					"md5Digest":	"1a300d4c46cf1b1c73cbeaf9df7474db",
					"compatibleApp":	"zynq_fsbl",
					"domType":	"bootDomain",
					"arch":	"32-bit",
					"appSettings":	{
						"appCompilerFlags":	"",
						"appLinkerFlags":	""
					},
					"addedLibs":	["xilffs:5.0", "xilrsa:1.6"],
					"libOptions":	{
						"libsContainingOptions":	[]
					},
					"prebuiltLibs":	{
						"prebuiltIncPath":	[],
						"prebuiltLibPath":	[]
					},
					"isolation":	{
					}
				}, {
					"domainName":	"standalone_ps7_cortexa9_0",
					"domainDispName":	"standalone_ps7_cortexa9_0",
					"domainDesc":	"standalone_ps7_cortexa9_0",
					"processors":	"ps7_cortexa9_0",
					"os":	"standalone",
					"sdxOs":	"standalone",
					"qemuArgs":	"<platformDir>/resources/top_decoder/standalone_ps7_cortexa9_0/qemu_args.txt",
					"qemuData":	"<platformDir>/resources/top_decoder/standalone_ps7_cortexa9_0/qemu",
					"debugEnable":	"False",
					"domRuntimes":	["cpp"],
					"swRepo":	"",
					"mssOsVer":	"8.1",
					"mssFile":	"",
					"md5Digest":	"1a300d4c46cf1b1c73cbeaf9df7474db",
					"compatibleApp":	"zynq_fsbl",
					"domType":	"mssDomain",
					"arch":	"32-bit",
					"appSettings":	{
						"appCompilerFlags":	"",
						"appLinkerFlags":	""
					},
					"addedLibs":	["xilffs:5.0", "xilrsa:1.6"],
					"libOptions":	{
						"libsContainingOptions":	[]
					},
					"prebuiltLibs":	{
						"prebuiltIncPath":	[],
						"prebuiltLibPath":	[]
					},
					"isolation":	{
					}
				}]
		}]
}
TRACE::2025-10-10.16:13:55::SCWPlatform::Trying to open the hw design at /home/grads/t/tamu_vik/ECEN-722/lab5/top_decoder/hw/top_decoder.xsa
TRACE::2025-10-10.16:13:55::SCWPlatform::DSA given /home/grads/t/tamu_vik/ECEN-722/lab5/top_decoder/hw/top_decoder.xsa
TRACE::2025-10-10.16:13:55::SCWPlatform::DSA absoulate path /home/grads/t/tamu_vik/ECEN-722/lab5/top_decoder/hw/top_decoder.xsa
TRACE::2025-10-10.16:13:55::SCWPlatform::DSA directory /home/grads/t/tamu_vik/ECEN-722/lab5/top_decoder/hw
TRACE::2025-10-10.16:13:55::SCWPlatform:: Platform Path /home/grads/t/tamu_vik/ECEN-722/lab5/top_decoder/hw/top_decoder.xsa
TRACE::2025-10-10.16:13:55::SCWPlatform:: Unique name xilinx:zybo-z7-10::0.0
TRACE::2025-10-10.16:13:55::SCWPlatform::Trying to set the existing hwdb with name top_decoder_0
TRACE::2025-10-10.16:13:55::SCWPlatform::Opened existing hwdb top_decoder_0
TRACE::2025-10-10.16:13:55::SCWPlatform::Found the Hw Db part of the input DSA
TRACE::2025-10-10.16:13:55::SCWMssOS::Checking the sw design at  /home/grads/t/tamu_vik/ECEN-722/lab5/top_decoder/ps7_cortexa9_0/standalone_ps7_cortexa9_0/bsp/system.mss
TRACE::2025-10-10.16:13:55::SCWMssOS::DEBUG:  swdes dump  /home/grads/t/tamu_vik/ECEN-722/lab5/top_decoder/ps7_cortexa9_0/standalone_ps7_cortexa9_0/bsp/system.mss|system_0||
/home/grads/t/tamu_vik/ECEN-722/lab5/top_decoder/zynq_fsbl/zynq_fsbl_bsp/system.mss|system||

TRACE::2025-10-10.16:13:55::SCWMssOS::Sw design exists and opened at  /home/grads/t/tamu_vik/ECEN-722/lab5/top_decoder/ps7_cortexa9_0/standalone_ps7_cortexa9_0/bsp/system.mss
TRACE::2025-10-10.16:13:55::SCWPlatform::Trying to open the hw design at /home/grads/t/tamu_vik/ECEN-722/lab5/top_decoder/hw/top_decoder.xsa
TRACE::2025-10-10.16:13:55::SCWPlatform::DSA given /home/grads/t/tamu_vik/ECEN-722/lab5/top_decoder/hw/top_decoder.xsa
TRACE::2025-10-10.16:13:55::SCWPlatform::DSA absoulate path /home/grads/t/tamu_vik/ECEN-722/lab5/top_decoder/hw/top_decoder.xsa
TRACE::2025-10-10.16:13:55::SCWPlatform::DSA directory /home/grads/t/tamu_vik/ECEN-722/lab5/top_decoder/hw
TRACE::2025-10-10.16:13:55::SCWPlatform:: Platform Path /home/grads/t/tamu_vik/ECEN-722/lab5/top_decoder/hw/top_decoder.xsa
TRACE::2025-10-10.16:13:55::SCWPlatform:: Unique name xilinx:zybo-z7-10::0.0
TRACE::2025-10-10.16:13:55::SCWPlatform::Trying to set the existing hwdb with name top_decoder_0
TRACE::2025-10-10.16:13:55::SCWPlatform::Opened existing hwdb top_decoder_0
TRACE::2025-10-10.16:13:55::SCWPlatform::Found the Hw Db part of the input DSA
TRACE::2025-10-10.16:13:55::SCWMssOS::Checking the sw design at  /home/grads/t/tamu_vik/ECEN-722/lab5/top_decoder/ps7_cortexa9_0/standalone_ps7_cortexa9_0/bsp/system.mss
TRACE::2025-10-10.16:13:55::SCWMssOS::DEBUG:  swdes dump  /home/grads/t/tamu_vik/ECEN-722/lab5/top_decoder/ps7_cortexa9_0/standalone_ps7_cortexa9_0/bsp/system.mss|system_0||
/home/grads/t/tamu_vik/ECEN-722/lab5/top_decoder/zynq_fsbl/zynq_fsbl_bsp/system.mss|system||

TRACE::2025-10-10.16:13:55::SCWMssOS::Sw design exists and opened at  /home/grads/t/tamu_vik/ECEN-722/lab5/top_decoder/ps7_cortexa9_0/standalone_ps7_cortexa9_0/bsp/system.mss
TRACE::2025-10-10.16:13:55::SCWMssOS::Saving the mss changes /home/grads/t/tamu_vik/ECEN-722/lab5/top_decoder/zynq_fsbl/zynq_fsbl_bsp/system.mss
TRACE::2025-10-10.16:13:55::SCWMssOS::Found a swdesign opened with the mssfile.
TRACE::2025-10-10.16:13:55::SCWMssOS::Completed writemss as part of save.
TRACE::2025-10-10.16:13:55::SCWMssOS::Commit changes completed.
TRACE::2025-10-10.16:13:55::SCWMssOS::Saving the mss changes /home/grads/t/tamu_vik/ECEN-722/lab5/top_decoder/ps7_cortexa9_0/standalone_ps7_cortexa9_0/bsp/system.mss
TRACE::2025-10-10.16:13:55::SCWMssOS::Found a swdesign opened with the mssfile.
TRACE::2025-10-10.16:13:55::SCWMssOS::Completed writemss as part of save.
TRACE::2025-10-10.16:13:55::SCWMssOS::Commit changes completed.
TRACE::2025-10-10.16:13:55::SCWPlatform::Trying to open the hw design at /home/grads/t/tamu_vik/ECEN-722/lab5/top_decoder/hw/top_decoder.xsa
TRACE::2025-10-10.16:13:55::SCWPlatform::DSA given /home/grads/t/tamu_vik/ECEN-722/lab5/top_decoder/hw/top_decoder.xsa
TRACE::2025-10-10.16:13:55::SCWPlatform::DSA absoulate path /home/grads/t/tamu_vik/ECEN-722/lab5/top_decoder/hw/top_decoder.xsa
TRACE::2025-10-10.16:13:55::SCWPlatform::DSA directory /home/grads/t/tamu_vik/ECEN-722/lab5/top_decoder/hw
TRACE::2025-10-10.16:13:55::SCWPlatform:: Platform Path /home/grads/t/tamu_vik/ECEN-722/lab5/top_decoder/hw/top_decoder.xsa
TRACE::2025-10-10.16:13:55::SCWPlatform:: Unique name xilinx:zybo-z7-10::0.0
TRACE::2025-10-10.16:13:55::SCWPlatform::Trying to set the existing hwdb with name top_decoder_0
TRACE::2025-10-10.16:13:55::SCWPlatform::Opened existing hwdb top_decoder_0
TRACE::2025-10-10.16:13:55::SCWPlatform::Found the Hw Db part of the input DSA
TRACE::2025-10-10.16:13:55::SCWMssOS::Checking the sw design at  /home/grads/t/tamu_vik/ECEN-722/lab5/top_decoder/zynq_fsbl/zynq_fsbl_bsp/system.mss
TRACE::2025-10-10.16:13:55::SCWMssOS::DEBUG:  swdes dump  /home/grads/t/tamu_vik/ECEN-722/lab5/top_decoder/ps7_cortexa9_0/standalone_ps7_cortexa9_0/bsp/system.mss|system_0||
/home/grads/t/tamu_vik/ECEN-722/lab5/top_decoder/zynq_fsbl/zynq_fsbl_bsp/system.mss|system||

TRACE::2025-10-10.16:13:55::SCWMssOS::Sw design exists and opened at  /home/grads/t/tamu_vik/ECEN-722/lab5/top_decoder/zynq_fsbl/zynq_fsbl_bsp/system.mss
TRACE::2025-10-10.16:13:55::SCWPlatform::Trying to open the hw design at /home/grads/t/tamu_vik/ECEN-722/lab5/top_decoder/hw/top_decoder.xsa
TRACE::2025-10-10.16:13:55::SCWPlatform::DSA given /home/grads/t/tamu_vik/ECEN-722/lab5/top_decoder/hw/top_decoder.xsa
TRACE::2025-10-10.16:13:55::SCWPlatform::DSA absoulate path /home/grads/t/tamu_vik/ECEN-722/lab5/top_decoder/hw/top_decoder.xsa
TRACE::2025-10-10.16:13:55::SCWPlatform::DSA directory /home/grads/t/tamu_vik/ECEN-722/lab5/top_decoder/hw
TRACE::2025-10-10.16:13:55::SCWPlatform:: Platform Path /home/grads/t/tamu_vik/ECEN-722/lab5/top_decoder/hw/top_decoder.xsa
TRACE::2025-10-10.16:13:55::SCWPlatform:: Unique name xilinx:zybo-z7-10::0.0
TRACE::2025-10-10.16:13:55::SCWPlatform::Trying to set the existing hwdb with name top_decoder_0
TRACE::2025-10-10.16:13:55::SCWPlatform::Opened existing hwdb top_decoder_0
TRACE::2025-10-10.16:13:55::SCWPlatform::Found the Hw Db part of the input DSA
TRACE::2025-10-10.16:13:55::SCWMssOS::Checking the sw design at  /home/grads/t/tamu_vik/ECEN-722/lab5/top_decoder/zynq_fsbl/zynq_fsbl_bsp/system.mss
TRACE::2025-10-10.16:13:55::SCWMssOS::DEBUG:  swdes dump  /home/grads/t/tamu_vik/ECEN-722/lab5/top_decoder/ps7_cortexa9_0/standalone_ps7_cortexa9_0/bsp/system.mss|system_0||
/home/grads/t/tamu_vik/ECEN-722/lab5/top_decoder/zynq_fsbl/zynq_fsbl_bsp/system.mss|system||

TRACE::2025-10-10.16:13:55::SCWMssOS::Sw design exists and opened at  /home/grads/t/tamu_vik/ECEN-722/lab5/top_decoder/zynq_fsbl/zynq_fsbl_bsp/system.mss
TRACE::2025-10-10.16:13:55::SCWPlatform::Trying to open the hw design at /home/grads/t/tamu_vik/ECEN-722/lab5/top_decoder/hw/top_decoder.xsa
TRACE::2025-10-10.16:13:55::SCWPlatform::DSA given /home/grads/t/tamu_vik/ECEN-722/lab5/top_decoder/hw/top_decoder.xsa
TRACE::2025-10-10.16:13:55::SCWPlatform::DSA absoulate path /home/grads/t/tamu_vik/ECEN-722/lab5/top_decoder/hw/top_decoder.xsa
TRACE::2025-10-10.16:13:55::SCWPlatform::DSA directory /home/grads/t/tamu_vik/ECEN-722/lab5/top_decoder/hw
TRACE::2025-10-10.16:13:55::SCWPlatform:: Platform Path /home/grads/t/tamu_vik/ECEN-722/lab5/top_decoder/hw/top_decoder.xsa
TRACE::2025-10-10.16:13:55::SCWPlatform:: Unique name xilinx:zybo-z7-10::0.0
TRACE::2025-10-10.16:13:55::SCWPlatform::Trying to set the existing hwdb with name top_decoder_0
TRACE::2025-10-10.16:13:55::SCWPlatform::Opened existing hwdb top_decoder_0
TRACE::2025-10-10.16:13:55::SCWPlatform::Found the Hw Db part of the input DSA
TRACE::2025-10-10.16:13:55::SCWMssOS::Checking the sw design at  /home/grads/t/tamu_vik/ECEN-722/lab5/top_decoder/zynq_fsbl/zynq_fsbl_bsp/system.mss
TRACE::2025-10-10.16:13:55::SCWMssOS::DEBUG:  swdes dump  /home/grads/t/tamu_vik/ECEN-722/lab5/top_decoder/ps7_cortexa9_0/standalone_ps7_cortexa9_0/bsp/system.mss|system_0||
/home/grads/t/tamu_vik/ECEN-722/lab5/top_decoder/zynq_fsbl/zynq_fsbl_bsp/system.mss|system||

TRACE::2025-10-10.16:13:55::SCWMssOS::Sw design exists and opened at  /home/grads/t/tamu_vik/ECEN-722/lab5/top_decoder/zynq_fsbl/zynq_fsbl_bsp/system.mss
TRACE::2025-10-10.16:13:55::SCWPlatform::Trying to open the hw design at /home/grads/t/tamu_vik/ECEN-722/lab5/top_decoder/hw/top_decoder.xsa
TRACE::2025-10-10.16:13:56::SCWPlatform::DSA given /home/grads/t/tamu_vik/ECEN-722/lab5/top_decoder/hw/top_decoder.xsa
TRACE::2025-10-10.16:13:56::SCWPlatform::DSA absoulate path /home/grads/t/tamu_vik/ECEN-722/lab5/top_decoder/hw/top_decoder.xsa
TRACE::2025-10-10.16:13:56::SCWPlatform::DSA directory /home/grads/t/tamu_vik/ECEN-722/lab5/top_decoder/hw
TRACE::2025-10-10.16:13:56::SCWPlatform:: Platform Path /home/grads/t/tamu_vik/ECEN-722/lab5/top_decoder/hw/top_decoder.xsa
TRACE::2025-10-10.16:13:56::SCWPlatform:: Unique name xilinx:zybo-z7-10::0.0
TRACE::2025-10-10.16:13:56::SCWPlatform::Trying to set the existing hwdb with name top_decoder_0
TRACE::2025-10-10.16:13:56::SCWPlatform::Opened existing hwdb top_decoder_0
TRACE::2025-10-10.16:13:56::SCWPlatform::Found the Hw Db part of the input DSA
TRACE::2025-10-10.16:13:56::SCWMssOS::Checking the sw design at  /home/grads/t/tamu_vik/ECEN-722/lab5/top_decoder/ps7_cortexa9_0/standalone_ps7_cortexa9_0/bsp/system.mss
TRACE::2025-10-10.16:13:56::SCWMssOS::DEBUG:  swdes dump  /home/grads/t/tamu_vik/ECEN-722/lab5/top_decoder/ps7_cortexa9_0/standalone_ps7_cortexa9_0/bsp/system.mss|system_0||
/home/grads/t/tamu_vik/ECEN-722/lab5/top_decoder/zynq_fsbl/zynq_fsbl_bsp/system.mss|system||

TRACE::2025-10-10.16:13:56::SCWMssOS::Sw design exists and opened at  /home/grads/t/tamu_vik/ECEN-722/lab5/top_decoder/ps7_cortexa9_0/standalone_ps7_cortexa9_0/bsp/system.mss
TRACE::2025-10-10.16:13:56::SCWPlatform::Trying to open the hw design at /home/grads/t/tamu_vik/ECEN-722/lab5/top_decoder/hw/top_decoder.xsa
TRACE::2025-10-10.16:13:56::SCWPlatform::DSA given /home/grads/t/tamu_vik/ECEN-722/lab5/top_decoder/hw/top_decoder.xsa
TRACE::2025-10-10.16:13:56::SCWPlatform::DSA absoulate path /home/grads/t/tamu_vik/ECEN-722/lab5/top_decoder/hw/top_decoder.xsa
TRACE::2025-10-10.16:13:56::SCWPlatform::DSA directory /home/grads/t/tamu_vik/ECEN-722/lab5/top_decoder/hw
TRACE::2025-10-10.16:13:56::SCWPlatform:: Platform Path /home/grads/t/tamu_vik/ECEN-722/lab5/top_decoder/hw/top_decoder.xsa
TRACE::2025-10-10.16:13:56::SCWPlatform:: Unique name xilinx:zybo-z7-10::0.0
TRACE::2025-10-10.16:13:56::SCWPlatform::Trying to set the existing hwdb with name top_decoder_0
TRACE::2025-10-10.16:13:56::SCWPlatform::Opened existing hwdb top_decoder_0
TRACE::2025-10-10.16:13:56::SCWPlatform::Found the Hw Db part of the input DSA
TRACE::2025-10-10.16:13:56::SCWMssOS::Checking the sw design at  /home/grads/t/tamu_vik/ECEN-722/lab5/top_decoder/ps7_cortexa9_0/standalone_ps7_cortexa9_0/bsp/system.mss
TRACE::2025-10-10.16:13:56::SCWMssOS::DEBUG:  swdes dump  /home/grads/t/tamu_vik/ECEN-722/lab5/top_decoder/ps7_cortexa9_0/standalone_ps7_cortexa9_0/bsp/system.mss|system_0||
/home/grads/t/tamu_vik/ECEN-722/lab5/top_decoder/zynq_fsbl/zynq_fsbl_bsp/system.mss|system||

TRACE::2025-10-10.16:13:56::SCWMssOS::Sw design exists and opened at  /home/grads/t/tamu_vik/ECEN-722/lab5/top_decoder/ps7_cortexa9_0/standalone_ps7_cortexa9_0/bsp/system.mss
TRACE::2025-10-10.16:13:56::SCWPlatform::Trying to open the hw design at /home/grads/t/tamu_vik/ECEN-722/lab5/top_decoder/hw/top_decoder.xsa
TRACE::2025-10-10.16:13:56::SCWPlatform::DSA given /home/grads/t/tamu_vik/ECEN-722/lab5/top_decoder/hw/top_decoder.xsa
TRACE::2025-10-10.16:13:56::SCWPlatform::DSA absoulate path /home/grads/t/tamu_vik/ECEN-722/lab5/top_decoder/hw/top_decoder.xsa
TRACE::2025-10-10.16:13:56::SCWPlatform::DSA directory /home/grads/t/tamu_vik/ECEN-722/lab5/top_decoder/hw
TRACE::2025-10-10.16:13:56::SCWPlatform:: Platform Path /home/grads/t/tamu_vik/ECEN-722/lab5/top_decoder/hw/top_decoder.xsa
TRACE::2025-10-10.16:13:56::SCWPlatform:: Unique name xilinx:zybo-z7-10::0.0
TRACE::2025-10-10.16:13:56::SCWPlatform::Trying to set the existing hwdb with name top_decoder_0
TRACE::2025-10-10.16:13:56::SCWPlatform::Opened existing hwdb top_decoder_0
TRACE::2025-10-10.16:13:56::SCWPlatform::Found the Hw Db part of the input DSA
TRACE::2025-10-10.16:13:56::SCWMssOS::Checking the sw design at  /home/grads/t/tamu_vik/ECEN-722/lab5/top_decoder/ps7_cortexa9_0/standalone_ps7_cortexa9_0/bsp/system.mss
TRACE::2025-10-10.16:13:56::SCWMssOS::DEBUG:  swdes dump  /home/grads/t/tamu_vik/ECEN-722/lab5/top_decoder/ps7_cortexa9_0/standalone_ps7_cortexa9_0/bsp/system.mss|system_0||
/home/grads/t/tamu_vik/ECEN-722/lab5/top_decoder/zynq_fsbl/zynq_fsbl_bsp/system.mss|system||

TRACE::2025-10-10.16:13:56::SCWMssOS::Sw design exists and opened at  /home/grads/t/tamu_vik/ECEN-722/lab5/top_decoder/ps7_cortexa9_0/standalone_ps7_cortexa9_0/bsp/system.mss
TRACE::2025-10-10.16:13:56::SCWWriter::formatted JSON is {
	"platformName":	"top_decoder",
	"sprVersion":	"2.0",
	"mode":	"gui",
	"dsaType":	"Fixed",
	"platformDesc":	"top_decoder",
	"platHandOff":	"/home/grads/t/tamu_vik/ECEN-722/lab5/lab5_base/base/top_decoder.xsa",
	"platIntHandOff":	"<platformDir>/hw/top_decoder.xsa",
	"deviceType":	"zynq",
	"platIsPrebuiltAutogen":	"false",
	"platIsNoBootBsp":	"false",
	"platFsblTarget":	"ps7_cortexa9_0",
	"hasFsblMakeHasChanges":	"false",
	"hasPmufwMakeHasChanges":	"false",
	"fsblExtraCompilerFlags":	"-MMD -MP       -mcpu=cortex-a9 -mfpu=vfpv3 -mfloat-abi=hard ",
	"platPreBuiltFlag":	false,
	"platformSamplesDir":	"",
	"platActiveSys":	"top_decoder",
	"systems":	[{
			"systemName":	"top_decoder",
			"systemDesc":	"top_decoder",
			"sysIsBootAutoGen":	"true",
			"systemDispName":	"top_decoder",
			"sysActiveDom":	"standalone_ps7_cortexa9_0",
			"sysDefaultDom":	"standalone_ps7_cortexa9_0",
			"domains":	[{
					"domainName":	"zynq_fsbl",
					"domainDispName":	"zynq_fsbl",
					"domainDesc":	"FSBL Application BSP - Auto Generated.",
					"processors":	"ps7_cortexa9_0",
					"os":	"standalone",
					"sdxOs":	"standalone",
					"debugEnable":	"",
					"domRuntimes":	["cpp"],
					"swRepo":	"",
					"mssOsVer":	"8.1",
					"mssFile":	"",
					"md5Digest":	"1a300d4c46cf1b1c73cbeaf9df7474db",
					"compatibleApp":	"zynq_fsbl",
					"domType":	"bootDomain",
					"arch":	"32-bit",
					"appSettings":	{
						"appCompilerFlags":	"",
						"appLinkerFlags":	""
					},
					"addedLibs":	["xilffs:5.0", "xilrsa:1.6"],
					"libOptions":	{
						"libsContainingOptions":	[]
					},
					"prebuiltLibs":	{
						"prebuiltIncPath":	[],
						"prebuiltLibPath":	[]
					},
					"isolation":	{
					}
				}, {
					"domainName":	"standalone_ps7_cortexa9_0",
					"domainDispName":	"standalone_ps7_cortexa9_0",
					"domainDesc":	"standalone_ps7_cortexa9_0",
					"processors":	"ps7_cortexa9_0",
					"os":	"standalone",
					"sdxOs":	"standalone",
					"qemuArgs":	"<platformDir>/resources/top_decoder/standalone_ps7_cortexa9_0/qemu_args.txt",
					"qemuData":	"<platformDir>/resources/top_decoder/standalone_ps7_cortexa9_0/qemu",
					"debugEnable":	"False",
					"domRuntimes":	["cpp"],
					"swRepo":	"",
					"mssOsVer":	"8.1",
					"mssFile":	"",
					"md5Digest":	"1a300d4c46cf1b1c73cbeaf9df7474db",
					"compatibleApp":	"zynq_fsbl",
					"domType":	"mssDomain",
					"arch":	"32-bit",
					"appSettings":	{
						"appCompilerFlags":	"",
						"appLinkerFlags":	""
					},
					"addedLibs":	["xilffs:5.0", "xilrsa:1.6"],
					"libOptions":	{
						"libsContainingOptions":	[]
					},
					"prebuiltLibs":	{
						"prebuiltIncPath":	[],
						"prebuiltLibPath":	[]
					},
					"isolation":	{
					}
				}]
		}]
}
LOG::2025-10-10.16:13:56::SCWPlatform::Started generating the artifacts platform top_decoder
TRACE::2025-10-10.16:13:56::SCWPlatform::Sanity checking of platform is completed
LOG::2025-10-10.16:13:56::SCWPlatform::Started generating the artifacts for system configuration top_decoder
LOG::2025-10-10.16:13:56::SCWSystem::Started Processing the domain standalone_ps7_cortexa9_0
TRACE::2025-10-10.16:13:56::SCWDomain::Generating domain artifcats
TRACE::2025-10-10.16:13:56::SCWMssOS::Generating standalone artifcats
TRACE::2025-10-10.16:13:56::SCWMssOS::Copying the qemu file from  /home/grads/t/tamu_vik/ECEN-722/lab5/top_decoder/resources/top_decoder/standalone_ps7_cortexa9_0/qemu_args.txt To /home/grads/t/tamu_vik/ECEN-722/lab5/top_decoder/export/top_decoder/sw/top_decoder/qemu/
TRACE::2025-10-10.16:13:56::SCWMssOS::Copying the qemu file from  /home/grads/t/tamu_vik/ECEN-722/lab5/top_decoder/resources/top_decoder/standalone_ps7_cortexa9_0/qemu_args.txt To /home/grads/t/tamu_vik/ECEN-722/lab5/top_decoder/export/top_decoder/sw/top_decoder/standalone_ps7_cortexa9_0/qemu/
TRACE::2025-10-10.16:13:56::SCWMssOS:: Copying the user libraries. 
TRACE::2025-10-10.16:13:56::SCWPlatform::Trying to open the hw design at /home/grads/t/tamu_vik/ECEN-722/lab5/top_decoder/hw/top_decoder.xsa
TRACE::2025-10-10.16:13:56::SCWPlatform::DSA given /home/grads/t/tamu_vik/ECEN-722/lab5/top_decoder/hw/top_decoder.xsa
TRACE::2025-10-10.16:13:56::SCWPlatform::DSA absoulate path /home/grads/t/tamu_vik/ECEN-722/lab5/top_decoder/hw/top_decoder.xsa
TRACE::2025-10-10.16:13:56::SCWPlatform::DSA directory /home/grads/t/tamu_vik/ECEN-722/lab5/top_decoder/hw
TRACE::2025-10-10.16:13:56::SCWPlatform:: Platform Path /home/grads/t/tamu_vik/ECEN-722/lab5/top_decoder/hw/top_decoder.xsa
TRACE::2025-10-10.16:13:56::SCWPlatform:: Unique name xilinx:zybo-z7-10::0.0
TRACE::2025-10-10.16:13:56::SCWPlatform::Trying to set the existing hwdb with name top_decoder_0
TRACE::2025-10-10.16:13:56::SCWPlatform::Opened existing hwdb top_decoder_0
TRACE::2025-10-10.16:13:56::SCWPlatform::Found the Hw Db part of the input DSA
TRACE::2025-10-10.16:13:56::SCWMssOS::Checking the sw design at  /home/grads/t/tamu_vik/ECEN-722/lab5/top_decoder/ps7_cortexa9_0/standalone_ps7_cortexa9_0/bsp/system.mss
TRACE::2025-10-10.16:13:56::SCWMssOS::DEBUG:  swdes dump  /home/grads/t/tamu_vik/ECEN-722/lab5/top_decoder/ps7_cortexa9_0/standalone_ps7_cortexa9_0/bsp/system.mss|system_0||
/home/grads/t/tamu_vik/ECEN-722/lab5/top_decoder/zynq_fsbl/zynq_fsbl_bsp/system.mss|system||

TRACE::2025-10-10.16:13:56::SCWMssOS::Sw design exists and opened at  /home/grads/t/tamu_vik/ECEN-722/lab5/top_decoder/ps7_cortexa9_0/standalone_ps7_cortexa9_0/bsp/system.mss
TRACE::2025-10-10.16:13:56::SCWMssOS::Completed writing the mss file at /home/grads/t/tamu_vik/ECEN-722/lab5/top_decoder/ps7_cortexa9_0/standalone_ps7_cortexa9_0/bsp
TRACE::2025-10-10.16:13:56::SCWMssOS::Mss edits present, copying mssfile into export location /home/grads/t/tamu_vik/ECEN-722/lab5/top_decoder/ps7_cortexa9_0/standalone_ps7_cortexa9_0/bsp/system.mss
TRACE::2025-10-10.16:13:56::SCWMssOS::bsp generated is upto date with the mss file. Skipping bsp generation.
TRACE::2025-10-10.16:13:56::SCWMssOS::BSP is already built. skipping the bsp build ... 
TRACE::2025-10-10.16:13:56::SCWDomain::Building the domain as part of full build :  standalone_ps7_cortexa9_0
TRACE::2025-10-10.16:13:56::SCWMssOS::skipping the bsp build ... 
TRACE::2025-10-10.16:13:56::SCWMssOS::Copying to export directory.
TRACE::2025-10-10.16:13:56::SCWMssOS:: Checking if to create the Supporting Applications
TRACE::2025-10-10.16:13:56::SCWMssOS:: No Linux domain exists, trying to generate FSBL 
TRACE::2025-10-10.16:13:56::SCWMssOS:: Completed Standalone Artifacts creation 
LOG::2025-10-10.16:13:56::SCWSystem::Completed Processing the domain standalone_ps7_cortexa9_0
LOG::2025-10-10.16:13:56::SCWSystem::Completed Processing the sysconfig top_decoder
LOG::2025-10-10.16:13:56::SCWPlatform::Completed generating the artifacts for system configuration top_decoder
TRACE::2025-10-10.16:13:56::SCWPlatform::Started preparing the platform 
TRACE::2025-10-10.16:13:56::SCWSystem::Writing the bif file for system config top_decoder
TRACE::2025-10-10.16:13:56::SCWSystem::dir created 
TRACE::2025-10-10.16:13:56::SCWSystem::Writing the bif 
TRACE::2025-10-10.16:13:56::SCWPlatform::Started writing the spfm file 
TRACE::2025-10-10.16:13:56::SCWPlatform::Started writing the xpfm file 
TRACE::2025-10-10.16:13:56::SCWPlatform::Completed generating the platform
TRACE::2025-10-10.16:13:56::SCWMssOS::Saving the mss changes /home/grads/t/tamu_vik/ECEN-722/lab5/top_decoder/zynq_fsbl/zynq_fsbl_bsp/system.mss
TRACE::2025-10-10.16:13:56::SCWMssOS::Found a swdesign opened with the mssfile.
TRACE::2025-10-10.16:13:56::SCWMssOS::Completed writemss as part of save.
TRACE::2025-10-10.16:13:56::SCWMssOS::Commit changes completed.
TRACE::2025-10-10.16:13:56::SCWMssOS::Saving the mss changes /home/grads/t/tamu_vik/ECEN-722/lab5/top_decoder/ps7_cortexa9_0/standalone_ps7_cortexa9_0/bsp/system.mss
TRACE::2025-10-10.16:13:56::SCWMssOS::Found a swdesign opened with the mssfile.
TRACE::2025-10-10.16:13:56::SCWMssOS::Completed writemss as part of save.
TRACE::2025-10-10.16:13:56::SCWMssOS::Commit changes completed.
TRACE::2025-10-10.16:13:56::SCWPlatform::Trying to open the hw design at /home/grads/t/tamu_vik/ECEN-722/lab5/top_decoder/hw/top_decoder.xsa
TRACE::2025-10-10.16:13:56::SCWPlatform::DSA given /home/grads/t/tamu_vik/ECEN-722/lab5/top_decoder/hw/top_decoder.xsa
TRACE::2025-10-10.16:13:56::SCWPlatform::DSA absoulate path /home/grads/t/tamu_vik/ECEN-722/lab5/top_decoder/hw/top_decoder.xsa
TRACE::2025-10-10.16:13:56::SCWPlatform::DSA directory /home/grads/t/tamu_vik/ECEN-722/lab5/top_decoder/hw
TRACE::2025-10-10.16:13:57::SCWPlatform:: Platform Path /home/grads/t/tamu_vik/ECEN-722/lab5/top_decoder/hw/top_decoder.xsa
TRACE::2025-10-10.16:13:57::SCWPlatform:: Unique name xilinx:zybo-z7-10::0.0
TRACE::2025-10-10.16:13:57::SCWPlatform::Trying to set the existing hwdb with name top_decoder_0
TRACE::2025-10-10.16:13:57::SCWPlatform::Opened existing hwdb top_decoder_0
TRACE::2025-10-10.16:13:57::SCWPlatform::Found the Hw Db part of the input DSA
TRACE::2025-10-10.16:13:57::SCWMssOS::Checking the sw design at  /home/grads/t/tamu_vik/ECEN-722/lab5/top_decoder/zynq_fsbl/zynq_fsbl_bsp/system.mss
TRACE::2025-10-10.16:13:57::SCWMssOS::DEBUG:  swdes dump  /home/grads/t/tamu_vik/ECEN-722/lab5/top_decoder/ps7_cortexa9_0/standalone_ps7_cortexa9_0/bsp/system.mss|system_0||
/home/grads/t/tamu_vik/ECEN-722/lab5/top_decoder/zynq_fsbl/zynq_fsbl_bsp/system.mss|system||

TRACE::2025-10-10.16:13:57::SCWMssOS::Sw design exists and opened at  /home/grads/t/tamu_vik/ECEN-722/lab5/top_decoder/zynq_fsbl/zynq_fsbl_bsp/system.mss
TRACE::2025-10-10.16:13:57::SCWPlatform::Trying to open the hw design at /home/grads/t/tamu_vik/ECEN-722/lab5/top_decoder/hw/top_decoder.xsa
TRACE::2025-10-10.16:13:57::SCWPlatform::DSA given /home/grads/t/tamu_vik/ECEN-722/lab5/top_decoder/hw/top_decoder.xsa
TRACE::2025-10-10.16:13:57::SCWPlatform::DSA absoulate path /home/grads/t/tamu_vik/ECEN-722/lab5/top_decoder/hw/top_decoder.xsa
TRACE::2025-10-10.16:13:57::SCWPlatform::DSA directory /home/grads/t/tamu_vik/ECEN-722/lab5/top_decoder/hw
TRACE::2025-10-10.16:13:57::SCWPlatform:: Platform Path /home/grads/t/tamu_vik/ECEN-722/lab5/top_decoder/hw/top_decoder.xsa
TRACE::2025-10-10.16:13:57::SCWPlatform:: Unique name xilinx:zybo-z7-10::0.0
TRACE::2025-10-10.16:13:57::SCWPlatform::Trying to set the existing hwdb with name top_decoder_0
TRACE::2025-10-10.16:13:57::SCWPlatform::Opened existing hwdb top_decoder_0
TRACE::2025-10-10.16:13:57::SCWPlatform::Found the Hw Db part of the input DSA
TRACE::2025-10-10.16:13:57::SCWMssOS::Checking the sw design at  /home/grads/t/tamu_vik/ECEN-722/lab5/top_decoder/zynq_fsbl/zynq_fsbl_bsp/system.mss
TRACE::2025-10-10.16:13:57::SCWMssOS::DEBUG:  swdes dump  /home/grads/t/tamu_vik/ECEN-722/lab5/top_decoder/ps7_cortexa9_0/standalone_ps7_cortexa9_0/bsp/system.mss|system_0||
/home/grads/t/tamu_vik/ECEN-722/lab5/top_decoder/zynq_fsbl/zynq_fsbl_bsp/system.mss|system||

TRACE::2025-10-10.16:13:57::SCWMssOS::Sw design exists and opened at  /home/grads/t/tamu_vik/ECEN-722/lab5/top_decoder/zynq_fsbl/zynq_fsbl_bsp/system.mss
TRACE::2025-10-10.16:13:57::SCWPlatform::Trying to open the hw design at /home/grads/t/tamu_vik/ECEN-722/lab5/top_decoder/hw/top_decoder.xsa
TRACE::2025-10-10.16:13:57::SCWPlatform::DSA given /home/grads/t/tamu_vik/ECEN-722/lab5/top_decoder/hw/top_decoder.xsa
TRACE::2025-10-10.16:13:57::SCWPlatform::DSA absoulate path /home/grads/t/tamu_vik/ECEN-722/lab5/top_decoder/hw/top_decoder.xsa
TRACE::2025-10-10.16:13:57::SCWPlatform::DSA directory /home/grads/t/tamu_vik/ECEN-722/lab5/top_decoder/hw
TRACE::2025-10-10.16:13:57::SCWPlatform:: Platform Path /home/grads/t/tamu_vik/ECEN-722/lab5/top_decoder/hw/top_decoder.xsa
TRACE::2025-10-10.16:13:57::SCWPlatform:: Unique name xilinx:zybo-z7-10::0.0
TRACE::2025-10-10.16:13:57::SCWPlatform::Trying to set the existing hwdb with name top_decoder_0
TRACE::2025-10-10.16:13:57::SCWPlatform::Opened existing hwdb top_decoder_0
TRACE::2025-10-10.16:13:57::SCWPlatform::Found the Hw Db part of the input DSA
TRACE::2025-10-10.16:13:57::SCWMssOS::Checking the sw design at  /home/grads/t/tamu_vik/ECEN-722/lab5/top_decoder/zynq_fsbl/zynq_fsbl_bsp/system.mss
TRACE::2025-10-10.16:13:57::SCWMssOS::DEBUG:  swdes dump  /home/grads/t/tamu_vik/ECEN-722/lab5/top_decoder/ps7_cortexa9_0/standalone_ps7_cortexa9_0/bsp/system.mss|system_0||
/home/grads/t/tamu_vik/ECEN-722/lab5/top_decoder/zynq_fsbl/zynq_fsbl_bsp/system.mss|system||

TRACE::2025-10-10.16:13:57::SCWMssOS::Sw design exists and opened at  /home/grads/t/tamu_vik/ECEN-722/lab5/top_decoder/zynq_fsbl/zynq_fsbl_bsp/system.mss
TRACE::2025-10-10.16:13:57::SCWPlatform::Trying to open the hw design at /home/grads/t/tamu_vik/ECEN-722/lab5/top_decoder/hw/top_decoder.xsa
TRACE::2025-10-10.16:13:57::SCWPlatform::DSA given /home/grads/t/tamu_vik/ECEN-722/lab5/top_decoder/hw/top_decoder.xsa
TRACE::2025-10-10.16:13:57::SCWPlatform::DSA absoulate path /home/grads/t/tamu_vik/ECEN-722/lab5/top_decoder/hw/top_decoder.xsa
TRACE::2025-10-10.16:13:57::SCWPlatform::DSA directory /home/grads/t/tamu_vik/ECEN-722/lab5/top_decoder/hw
TRACE::2025-10-10.16:13:57::SCWPlatform:: Platform Path /home/grads/t/tamu_vik/ECEN-722/lab5/top_decoder/hw/top_decoder.xsa
TRACE::2025-10-10.16:13:57::SCWPlatform:: Unique name xilinx:zybo-z7-10::0.0
TRACE::2025-10-10.16:13:57::SCWPlatform::Trying to set the existing hwdb with name top_decoder_0
TRACE::2025-10-10.16:13:57::SCWPlatform::Opened existing hwdb top_decoder_0
TRACE::2025-10-10.16:13:57::SCWPlatform::Found the Hw Db part of the input DSA
TRACE::2025-10-10.16:13:57::SCWMssOS::Checking the sw design at  /home/grads/t/tamu_vik/ECEN-722/lab5/top_decoder/ps7_cortexa9_0/standalone_ps7_cortexa9_0/bsp/system.mss
TRACE::2025-10-10.16:13:57::SCWMssOS::DEBUG:  swdes dump  /home/grads/t/tamu_vik/ECEN-722/lab5/top_decoder/ps7_cortexa9_0/standalone_ps7_cortexa9_0/bsp/system.mss|system_0||
/home/grads/t/tamu_vik/ECEN-722/lab5/top_decoder/zynq_fsbl/zynq_fsbl_bsp/system.mss|system||

TRACE::2025-10-10.16:13:57::SCWMssOS::Sw design exists and opened at  /home/grads/t/tamu_vik/ECEN-722/lab5/top_decoder/ps7_cortexa9_0/standalone_ps7_cortexa9_0/bsp/system.mss
TRACE::2025-10-10.16:13:57::SCWPlatform::Trying to open the hw design at /home/grads/t/tamu_vik/ECEN-722/lab5/top_decoder/hw/top_decoder.xsa
TRACE::2025-10-10.16:13:57::SCWPlatform::DSA given /home/grads/t/tamu_vik/ECEN-722/lab5/top_decoder/hw/top_decoder.xsa
TRACE::2025-10-10.16:13:57::SCWPlatform::DSA absoulate path /home/grads/t/tamu_vik/ECEN-722/lab5/top_decoder/hw/top_decoder.xsa
TRACE::2025-10-10.16:13:57::SCWPlatform::DSA directory /home/grads/t/tamu_vik/ECEN-722/lab5/top_decoder/hw
TRACE::2025-10-10.16:13:57::SCWPlatform:: Platform Path /home/grads/t/tamu_vik/ECEN-722/lab5/top_decoder/hw/top_decoder.xsa
TRACE::2025-10-10.16:13:57::SCWPlatform:: Unique name xilinx:zybo-z7-10::0.0
TRACE::2025-10-10.16:13:57::SCWPlatform::Trying to set the existing hwdb with name top_decoder_0
TRACE::2025-10-10.16:13:57::SCWPlatform::Opened existing hwdb top_decoder_0
TRACE::2025-10-10.16:13:57::SCWPlatform::Found the Hw Db part of the input DSA
TRACE::2025-10-10.16:13:57::SCWMssOS::Checking the sw design at  /home/grads/t/tamu_vik/ECEN-722/lab5/top_decoder/ps7_cortexa9_0/standalone_ps7_cortexa9_0/bsp/system.mss
TRACE::2025-10-10.16:13:57::SCWMssOS::DEBUG:  swdes dump  /home/grads/t/tamu_vik/ECEN-722/lab5/top_decoder/ps7_cortexa9_0/standalone_ps7_cortexa9_0/bsp/system.mss|system_0||
/home/grads/t/tamu_vik/ECEN-722/lab5/top_decoder/zynq_fsbl/zynq_fsbl_bsp/system.mss|system||

TRACE::2025-10-10.16:13:57::SCWMssOS::Sw design exists and opened at  /home/grads/t/tamu_vik/ECEN-722/lab5/top_decoder/ps7_cortexa9_0/standalone_ps7_cortexa9_0/bsp/system.mss
TRACE::2025-10-10.16:13:57::SCWPlatform::Trying to open the hw design at /home/grads/t/tamu_vik/ECEN-722/lab5/top_decoder/hw/top_decoder.xsa
TRACE::2025-10-10.16:13:57::SCWPlatform::DSA given /home/grads/t/tamu_vik/ECEN-722/lab5/top_decoder/hw/top_decoder.xsa
TRACE::2025-10-10.16:13:57::SCWPlatform::DSA absoulate path /home/grads/t/tamu_vik/ECEN-722/lab5/top_decoder/hw/top_decoder.xsa
TRACE::2025-10-10.16:13:57::SCWPlatform::DSA directory /home/grads/t/tamu_vik/ECEN-722/lab5/top_decoder/hw
TRACE::2025-10-10.16:13:57::SCWPlatform:: Platform Path /home/grads/t/tamu_vik/ECEN-722/lab5/top_decoder/hw/top_decoder.xsa
TRACE::2025-10-10.16:13:57::SCWPlatform:: Unique name xilinx:zybo-z7-10::0.0
TRACE::2025-10-10.16:13:57::SCWPlatform::Trying to set the existing hwdb with name top_decoder_0
TRACE::2025-10-10.16:13:57::SCWPlatform::Opened existing hwdb top_decoder_0
TRACE::2025-10-10.16:13:57::SCWPlatform::Found the Hw Db part of the input DSA
TRACE::2025-10-10.16:13:57::SCWMssOS::Checking the sw design at  /home/grads/t/tamu_vik/ECEN-722/lab5/top_decoder/ps7_cortexa9_0/standalone_ps7_cortexa9_0/bsp/system.mss
TRACE::2025-10-10.16:13:57::SCWMssOS::DEBUG:  swdes dump  /home/grads/t/tamu_vik/ECEN-722/lab5/top_decoder/ps7_cortexa9_0/standalone_ps7_cortexa9_0/bsp/system.mss|system_0||
/home/grads/t/tamu_vik/ECEN-722/lab5/top_decoder/zynq_fsbl/zynq_fsbl_bsp/system.mss|system||

TRACE::2025-10-10.16:13:57::SCWMssOS::Sw design exists and opened at  /home/grads/t/tamu_vik/ECEN-722/lab5/top_decoder/ps7_cortexa9_0/standalone_ps7_cortexa9_0/bsp/system.mss
TRACE::2025-10-10.16:13:57::SCWWriter::formatted JSON is {
	"platformName":	"top_decoder",
	"sprVersion":	"2.0",
	"mode":	"gui",
	"dsaType":	"Fixed",
	"platformDesc":	"top_decoder",
	"platHandOff":	"/home/grads/t/tamu_vik/ECEN-722/lab5/lab5_base/base/top_decoder.xsa",
	"platIntHandOff":	"<platformDir>/hw/top_decoder.xsa",
	"deviceType":	"zynq",
	"platIsPrebuiltAutogen":	"false",
	"platIsNoBootBsp":	"false",
	"platFsblTarget":	"ps7_cortexa9_0",
	"hasFsblMakeHasChanges":	"false",
	"hasPmufwMakeHasChanges":	"false",
	"fsblExtraCompilerFlags":	"-MMD -MP       -mcpu=cortex-a9 -mfpu=vfpv3 -mfloat-abi=hard ",
	"platPreBuiltFlag":	false,
	"platformSamplesDir":	"",
	"platActiveSys":	"top_decoder",
	"systems":	[{
			"systemName":	"top_decoder",
			"systemDesc":	"top_decoder",
			"sysIsBootAutoGen":	"true",
			"systemDispName":	"top_decoder",
			"sysActiveDom":	"standalone_ps7_cortexa9_0",
			"sysDefaultDom":	"standalone_ps7_cortexa9_0",
			"domains":	[{
					"domainName":	"zynq_fsbl",
					"domainDispName":	"zynq_fsbl",
					"domainDesc":	"FSBL Application BSP - Auto Generated.",
					"processors":	"ps7_cortexa9_0",
					"os":	"standalone",
					"sdxOs":	"standalone",
					"debugEnable":	"",
					"domRuntimes":	["cpp"],
					"swRepo":	"",
					"mssOsVer":	"8.1",
					"mssFile":	"",
					"md5Digest":	"1a300d4c46cf1b1c73cbeaf9df7474db",
					"compatibleApp":	"zynq_fsbl",
					"domType":	"bootDomain",
					"arch":	"32-bit",
					"appSettings":	{
						"appCompilerFlags":	"",
						"appLinkerFlags":	""
					},
					"addedLibs":	["xilffs:5.0", "xilrsa:1.6"],
					"libOptions":	{
						"libsContainingOptions":	[]
					},
					"prebuiltLibs":	{
						"prebuiltIncPath":	[],
						"prebuiltLibPath":	[]
					},
					"isolation":	{
					}
				}, {
					"domainName":	"standalone_ps7_cortexa9_0",
					"domainDispName":	"standalone_ps7_cortexa9_0",
					"domainDesc":	"standalone_ps7_cortexa9_0",
					"processors":	"ps7_cortexa9_0",
					"os":	"standalone",
					"sdxOs":	"standalone",
					"qemuArgs":	"<platformDir>/resources/top_decoder/standalone_ps7_cortexa9_0/qemu_args.txt",
					"qemuData":	"<platformDir>/resources/top_decoder/standalone_ps7_cortexa9_0/qemu",
					"debugEnable":	"False",
					"domRuntimes":	["cpp"],
					"swRepo":	"",
					"mssOsVer":	"8.1",
					"mssFile":	"",
					"md5Digest":	"1a300d4c46cf1b1c73cbeaf9df7474db",
					"compatibleApp":	"zynq_fsbl",
					"domType":	"mssDomain",
					"arch":	"32-bit",
					"appSettings":	{
						"appCompilerFlags":	"",
						"appLinkerFlags":	""
					},
					"addedLibs":	["xilffs:5.0", "xilrsa:1.6"],
					"libOptions":	{
						"libsContainingOptions":	[]
					},
					"prebuiltLibs":	{
						"prebuiltIncPath":	[],
						"prebuiltLibPath":	[]
					},
					"isolation":	{
					}
				}]
		}]
}
KEYINFO::2025-10-10.16:13:57::SCWPlatform::updated the xpfm file.
LOG::2025-10-10.16:14:24::SCWPlatform::Started generating the artifacts platform top_decoder
TRACE::2025-10-10.16:14:24::SCWPlatform::Sanity checking of platform is completed
LOG::2025-10-10.16:14:24::SCWPlatform::Started generating the artifacts for system configuration top_decoder
LOG::2025-10-10.16:14:25::SCWSystem::Checking the domain zynq_fsbl
LOG::2025-10-10.16:14:25::SCWSystem::Doing application build for :  zynq_fsbl
TRACE::2025-10-10.16:14:25::SCWBDomain::Not a forced makefile updation, No changes are present. 
TRACE::2025-10-10.16:14:25::SCWDomain::Building the domain as part of full build :  zynq_fsbl
TRACE::2025-10-10.16:14:25::SCWPlatform::Trying to open the hw design at /home/grads/t/tamu_vik/ECEN-722/lab5/top_decoder/hw/top_decoder.xsa
TRACE::2025-10-10.16:14:25::SCWPlatform::DSA given /home/grads/t/tamu_vik/ECEN-722/lab5/top_decoder/hw/top_decoder.xsa
TRACE::2025-10-10.16:14:25::SCWPlatform::DSA absoulate path /home/grads/t/tamu_vik/ECEN-722/lab5/top_decoder/hw/top_decoder.xsa
TRACE::2025-10-10.16:14:25::SCWPlatform::DSA directory /home/grads/t/tamu_vik/ECEN-722/lab5/top_decoder/hw
TRACE::2025-10-10.16:14:25::SCWPlatform:: Platform Path /home/grads/t/tamu_vik/ECEN-722/lab5/top_decoder/hw/top_decoder.xsa
TRACE::2025-10-10.16:14:25::SCWPlatform:: Unique name xilinx:zybo-z7-10::0.0
TRACE::2025-10-10.16:14:25::SCWPlatform::Trying to set the existing hwdb with name top_decoder_0
TRACE::2025-10-10.16:14:25::SCWPlatform::Opened existing hwdb top_decoder_0
TRACE::2025-10-10.16:14:25::SCWPlatform::Found the Hw Db part of the input DSA
TRACE::2025-10-10.16:14:25::SCWMssOS::Checking the sw design at  /home/grads/t/tamu_vik/ECEN-722/lab5/top_decoder/zynq_fsbl/zynq_fsbl_bsp/system.mss
TRACE::2025-10-10.16:14:25::SCWMssOS::DEBUG:  swdes dump  /home/grads/t/tamu_vik/ECEN-722/lab5/top_decoder/ps7_cortexa9_0/standalone_ps7_cortexa9_0/bsp/system.mss|system_0||
/home/grads/t/tamu_vik/ECEN-722/lab5/top_decoder/zynq_fsbl/zynq_fsbl_bsp/system.mss|system||

TRACE::2025-10-10.16:14:25::SCWMssOS::Sw design exists and opened at  /home/grads/t/tamu_vik/ECEN-722/lab5/top_decoder/zynq_fsbl/zynq_fsbl_bsp/system.mss
TRACE::2025-10-10.16:14:25::SCWBDomain::Completed writing the mss file at /home/grads/t/tamu_vik/ECEN-722/lab5/top_decoder/zynq_fsbl/zynq_fsbl_bsp
TRACE::2025-10-10.16:14:25::SCWBDomain::bsp generated is upto date with the mss file. Skipping bsp generation.
TRACE::2025-10-10.16:14:25::SCWBDomain::Not a forced makefile updation, No changes are present. 
TRACE::2025-10-10.16:14:25::SCWBDomain::System Command Ran  cd  /home/grads/t/tamu_vik/ECEN-722/lab5/top_decoder/zynq_fsbl ; bash -c " make -C zynq_fsbl_bsp ; make  " 
TRACE::2025-10-10.16:14:25::SCWBDomain::make: Entering directory '/home/grads/t/tamu_vik/ECEN-722/lab5/top_decoder/zynq_fsbl/zynq_fsbl_bsp'

TRACE::2025-10-10.16:14:25::SCWBDomain::make --no-print-directory seq_libs

TRACE::2025-10-10.16:14:25::SCWBDomain::Running Make include in ps7_cortexa9_0/libsrc/qspips_v3_10/src

TRACE::2025-10-10.16:14:25::SCWBDomain::make -C ps7_cortexa9_0/libsrc/qspips_v3_10/src -s include  "SHELL=/bin/sh" "COMPILER=arm-none-eabi-gcc" "ASSEMBLER=arm-none-eab
TRACE::2025-10-10.16:14:25::SCWBDomain::i-as" "ARCHIVER=arm-none-eabi-ar" "COMPILER_FLAGS=  -O2 -c" "EXTRA_COMPILER_FLAGS=-mcpu=cortex-a9 -mfpu=vfpv3 -mfloat-abi=hard 
TRACE::2025-10-10.16:14:25::SCWBDomain::-nostartfiles -g -Wall -Wextra -fno-tree-loop-distribute-patterns"

TRACE::2025-10-10.16:14:25::SCWBDomain::Running Make include in ps7_cortexa9_0/libsrc/scuwdt_v2_4/src

TRACE::2025-10-10.16:14:25::SCWBDomain::make -C ps7_cortexa9_0/libsrc/scuwdt_v2_4/src -s include  "SHELL=/bin/sh" "COMPILER=arm-none-eabi-gcc" "ASSEMBLER=arm-none-eabi
TRACE::2025-10-10.16:14:25::SCWBDomain::-as" "ARCHIVER=arm-none-eabi-ar" "COMPILER_FLAGS=  -O2 -c" "EXTRA_COMPILER_FLAGS=-mcpu=cortex-a9 -mfpu=vfpv3 -mfloat-abi=hard -
TRACE::2025-10-10.16:14:25::SCWBDomain::nostartfiles -g -Wall -Wextra -fno-tree-loop-distribute-patterns"

TRACE::2025-10-10.16:14:25::SCWBDomain::Running Make include in ps7_cortexa9_0/libsrc/trans_v1_0/src

TRACE::2025-10-10.16:14:25::SCWBDomain::make -C ps7_cortexa9_0/libsrc/trans_v1_0/src -s include  "SHELL=/bin/sh" "COMPILER=arm-none-eabi-gcc" "ASSEMBLER=arm-none-eabi-
TRACE::2025-10-10.16:14:25::SCWBDomain::as" "ARCHIVER=arm-none-eabi-ar" "COMPILER_FLAGS=  -O2 -c" "EXTRA_COMPILER_FLAGS=-mcpu=cortex-a9 -mfpu=vfpv3 -mfloat-abi=hard -n
TRACE::2025-10-10.16:14:25::SCWBDomain::ostartfiles -g -Wall -Wextra -fno-tree-loop-distribute-patterns"

TRACE::2025-10-10.16:14:25::SCWBDomain::Running Make include in ps7_cortexa9_0/libsrc/devcfg_v3_7/src

TRACE::2025-10-10.16:14:25::SCWBDomain::make -C ps7_cortexa9_0/libsrc/devcfg_v3_7/src -s include  "SHELL=/bin/sh" "COMPILER=arm-none-eabi-gcc" "ASSEMBLER=arm-none-eabi
TRACE::2025-10-10.16:14:25::SCWBDomain::-as" "ARCHIVER=arm-none-eabi-ar" "COMPILER_FLAGS=  -O2 -c" "EXTRA_COMPILER_FLAGS=-mcpu=cortex-a9 -mfpu=vfpv3 -mfloat-abi=hard -
TRACE::2025-10-10.16:14:25::SCWBDomain::nostartfiles -g -Wall -Wextra -fno-tree-loop-distribute-patterns"

TRACE::2025-10-10.16:14:25::SCWBDomain::Running Make include in ps7_cortexa9_0/libsrc/xilrsa_v1_6/src

TRACE::2025-10-10.16:14:25::SCWBDomain::make -C ps7_cortexa9_0/libsrc/xilrsa_v1_6/src -s include  "SHELL=/bin/sh" "COMPILER=arm-none-eabi-gcc" "ASSEMBLER=arm-none-eabi
TRACE::2025-10-10.16:14:25::SCWBDomain::-as" "ARCHIVER=arm-none-eabi-ar" "COMPILER_FLAGS=  -O2 -c" "EXTRA_COMPILER_FLAGS=-mcpu=cortex-a9 -mfpu=vfpv3 -mfloat-abi=hard -
TRACE::2025-10-10.16:14:25::SCWBDomain::nostartfiles -g -Wall -Wextra -fno-tree-loop-distribute-patterns"

TRACE::2025-10-10.16:14:25::SCWBDomain::Running Make include in ps7_cortexa9_0/libsrc/xilffs_v5_0/src

TRACE::2025-10-10.16:14:25::SCWBDomain::make -C ps7_cortexa9_0/libsrc/xilffs_v5_0/src -s include  "SHELL=/bin/sh" "COMPILER=arm-none-eabi-gcc" "ASSEMBLER=arm-none-eabi
TRACE::2025-10-10.16:14:25::SCWBDomain::-as" "ARCHIVER=arm-none-eabi-ar" "COMPILER_FLAGS=  -O2 -c" "EXTRA_COMPILER_FLAGS=-mcpu=cortex-a9 -mfpu=vfpv3 -mfloat-abi=hard -
TRACE::2025-10-10.16:14:25::SCWBDomain::nostartfiles -g -Wall -Wextra -fno-tree-loop-distribute-patterns"

TRACE::2025-10-10.16:14:25::SCWBDomain::Running Make include in ps7_cortexa9_0/libsrc/scutimer_v2_4/src

TRACE::2025-10-10.16:14:25::SCWBDomain::make -C ps7_cortexa9_0/libsrc/scutimer_v2_4/src -s include  "SHELL=/bin/sh" "COMPILER=arm-none-eabi-gcc" "ASSEMBLER=arm-none-ea
TRACE::2025-10-10.16:14:25::SCWBDomain::bi-as" "ARCHIVER=arm-none-eabi-ar" "COMPILER_FLAGS=  -O2 -c" "EXTRA_COMPILER_FLAGS=-mcpu=cortex-a9 -mfpu=vfpv3 -mfloat-abi=hard
TRACE::2025-10-10.16:14:25::SCWBDomain:: -nostartfiles -g -Wall -Wextra -fno-tree-loop-distribute-patterns"

TRACE::2025-10-10.16:14:25::SCWBDomain::Running Make include in ps7_cortexa9_0/libsrc/scugic_v5_1/src

TRACE::2025-10-10.16:14:25::SCWBDomain::make -C ps7_cortexa9_0/libsrc/scugic_v5_1/src -s include  "SHELL=/bin/sh" "COMPILER=arm-none-eabi-gcc" "ASSEMBLER=arm-none-eabi
TRACE::2025-10-10.16:14:25::SCWBDomain::-as" "ARCHIVER=arm-none-eabi-ar" "COMPILER_FLAGS=  -O2 -c" "EXTRA_COMPILER_FLAGS=-mcpu=cortex-a9 -mfpu=vfpv3 -mfloat-abi=hard -
TRACE::2025-10-10.16:14:25::SCWBDomain::nostartfiles -g -Wall -Wextra -fno-tree-loop-distribute-patterns"

TRACE::2025-10-10.16:14:25::SCWBDomain::Running Make include in ps7_cortexa9_0/libsrc/emacps_v3_18/src

TRACE::2025-10-10.16:14:25::SCWBDomain::make -C ps7_cortexa9_0/libsrc/emacps_v3_18/src -s include  "SHELL=/bin/sh" "COMPILER=arm-none-eabi-gcc" "ASSEMBLER=arm-none-eab
TRACE::2025-10-10.16:14:25::SCWBDomain::i-as" "ARCHIVER=arm-none-eabi-ar" "COMPILER_FLAGS=  -O2 -c" "EXTRA_COMPILER_FLAGS=-mcpu=cortex-a9 -mfpu=vfpv3 -mfloat-abi=hard 
TRACE::2025-10-10.16:14:25::SCWBDomain::-nostartfiles -g -Wall -Wextra -fno-tree-loop-distribute-patterns"

TRACE::2025-10-10.16:14:26::SCWBDomain::Running Make include in ps7_cortexa9_0/libsrc/ttcps_v3_17/src

TRACE::2025-10-10.16:14:26::SCWBDomain::make -C ps7_cortexa9_0/libsrc/ttcps_v3_17/src -s include  "SHELL=/bin/sh" "COMPILER=arm-none-eabi-gcc" "ASSEMBLER=arm-none-eabi
TRACE::2025-10-10.16:14:26::SCWBDomain::-as" "ARCHIVER=arm-none-eabi-ar" "COMPILER_FLAGS=  -O2 -c" "EXTRA_COMPILER_FLAGS=-mcpu=cortex-a9 -mfpu=vfpv3 -mfloat-abi=hard -
TRACE::2025-10-10.16:14:26::SCWBDomain::nostartfiles -g -Wall -Wextra -fno-tree-loop-distribute-patterns"

TRACE::2025-10-10.16:14:26::SCWBDomain::Running Make include in ps7_cortexa9_0/libsrc/uartps_v3_12/src

TRACE::2025-10-10.16:14:26::SCWBDomain::make -C ps7_cortexa9_0/libsrc/uartps_v3_12/src -s include  "SHELL=/bin/sh" "COMPILER=arm-none-eabi-gcc" "ASSEMBLER=arm-none-eab
TRACE::2025-10-10.16:14:26::SCWBDomain::i-as" "ARCHIVER=arm-none-eabi-ar" "COMPILER_FLAGS=  -O2 -c" "EXTRA_COMPILER_FLAGS=-mcpu=cortex-a9 -mfpu=vfpv3 -mfloat-abi=hard 
TRACE::2025-10-10.16:14:26::SCWBDomain::-nostartfiles -g -Wall -Wextra -fno-tree-loop-distribute-patterns"

TRACE::2025-10-10.16:14:26::SCWBDomain::Running Make include in ps7_cortexa9_0/libsrc/usbps_v2_7/src

TRACE::2025-10-10.16:14:26::SCWBDomain::make -C ps7_cortexa9_0/libsrc/usbps_v2_7/src -s include  "SHELL=/bin/sh" "COMPILER=arm-none-eabi-gcc" "ASSEMBLER=arm-none-eabi-
TRACE::2025-10-10.16:14:26::SCWBDomain::as" "ARCHIVER=arm-none-eabi-ar" "COMPILER_FLAGS=  -O2 -c" "EXTRA_COMPILER_FLAGS=-mcpu=cortex-a9 -mfpu=vfpv3 -mfloat-abi=hard -n
TRACE::2025-10-10.16:14:26::SCWBDomain::ostartfiles -g -Wall -Wextra -fno-tree-loop-distribute-patterns"

TRACE::2025-10-10.16:14:26::SCWBDomain::Running Make include in ps7_cortexa9_0/libsrc/coresightps_dcc_v1_8/src

TRACE::2025-10-10.16:14:26::SCWBDomain::make -C ps7_cortexa9_0/libsrc/coresightps_dcc_v1_8/src -s include  "SHELL=/bin/sh" "COMPILER=arm-none-eabi-gcc" "ASSEMBLER=arm-
TRACE::2025-10-10.16:14:26::SCWBDomain::none-eabi-as" "ARCHIVER=arm-none-eabi-ar" "COMPILER_FLAGS=  -O2 -c" "EXTRA_COMPILER_FLAGS=-mcpu=cortex-a9 -mfpu=vfpv3 -mfloat-a
TRACE::2025-10-10.16:14:26::SCWBDomain::bi=hard -nostartfiles -g -Wall -Wextra -fno-tree-loop-distribute-patterns"

TRACE::2025-10-10.16:14:26::SCWBDomain::Running Make include in ps7_cortexa9_0/libsrc/sdps_v4_1/src

TRACE::2025-10-10.16:14:26::SCWBDomain::make -C ps7_cortexa9_0/libsrc/sdps_v4_1/src -s include  "SHELL=/bin/sh" "COMPILER=arm-none-eabi-gcc" "ASSEMBLER=arm-none-eabi-a
TRACE::2025-10-10.16:14:26::SCWBDomain::s" "ARCHIVER=arm-none-eabi-ar" "COMPILER_FLAGS=  -O2 -c" "EXTRA_COMPILER_FLAGS=-mcpu=cortex-a9 -mfpu=vfpv3 -mfloat-abi=hard -no
TRACE::2025-10-10.16:14:26::SCWBDomain::startfiles -g -Wall -Wextra -fno-tree-loop-distribute-patterns"

TRACE::2025-10-10.16:14:26::SCWBDomain::Running Make include in ps7_cortexa9_0/libsrc/ddrps_v1_2/src

TRACE::2025-10-10.16:14:26::SCWBDomain::make -C ps7_cortexa9_0/libsrc/ddrps_v1_2/src -s include  "SHELL=/bin/sh" "COMPILER=arm-none-eabi-gcc" "ASSEMBLER=arm-none-eabi-
TRACE::2025-10-10.16:14:26::SCWBDomain::as" "ARCHIVER=arm-none-eabi-ar" "COMPILER_FLAGS=  -O2 -c" "EXTRA_COMPILER_FLAGS=-mcpu=cortex-a9 -mfpu=vfpv3 -mfloat-abi=hard -n
TRACE::2025-10-10.16:14:26::SCWBDomain::ostartfiles -g -Wall -Wextra -fno-tree-loop-distribute-patterns"

TRACE::2025-10-10.16:14:26::SCWBDomain::Running Make include in ps7_cortexa9_0/libsrc/standalone_v8_1/src

TRACE::2025-10-10.16:14:26::SCWBDomain::make -C ps7_cortexa9_0/libsrc/standalone_v8_1/src -s include  "SHELL=/bin/sh" "COMPILER=arm-none-eabi-gcc" "ASSEMBLER=arm-none-
TRACE::2025-10-10.16:14:26::SCWBDomain::eabi-as" "ARCHIVER=arm-none-eabi-ar" "COMPILER_FLAGS=  -O2 -c" "EXTRA_COMPILER_FLAGS=-mcpu=cortex-a9 -mfpu=vfpv3 -mfloat-abi=ha
TRACE::2025-10-10.16:14:26::SCWBDomain::rd -nostartfiles -g -Wall -Wextra -fno-tree-loop-distribute-patterns"

TRACE::2025-10-10.16:14:27::SCWBDomain::Running Make include in ps7_cortexa9_0/libsrc/gpiops_v3_11/src

TRACE::2025-10-10.16:14:27::SCWBDomain::make -C ps7_cortexa9_0/libsrc/gpiops_v3_11/src -s include  "SHELL=/bin/sh" "COMPILER=arm-none-eabi-gcc" "ASSEMBLER=arm-none-eab
TRACE::2025-10-10.16:14:27::SCWBDomain::i-as" "ARCHIVER=arm-none-eabi-ar" "COMPILER_FLAGS=  -O2 -c" "EXTRA_COMPILER_FLAGS=-mcpu=cortex-a9 -mfpu=vfpv3 -mfloat-abi=hard 
TRACE::2025-10-10.16:14:27::SCWBDomain::-nostartfiles -g -Wall -Wextra -fno-tree-loop-distribute-patterns"

TRACE::2025-10-10.16:14:27::SCWBDomain::Running Make include in ps7_cortexa9_0/libsrc/xadcps_v2_6/src

TRACE::2025-10-10.16:14:27::SCWBDomain::make -C ps7_cortexa9_0/libsrc/xadcps_v2_6/src -s include  "SHELL=/bin/sh" "COMPILER=arm-none-eabi-gcc" "ASSEMBLER=arm-none-eabi
TRACE::2025-10-10.16:14:27::SCWBDomain::-as" "ARCHIVER=arm-none-eabi-ar" "COMPILER_FLAGS=  -O2 -c" "EXTRA_COMPILER_FLAGS=-mcpu=cortex-a9 -mfpu=vfpv3 -mfloat-abi=hard -
TRACE::2025-10-10.16:14:27::SCWBDomain::nostartfiles -g -Wall -Wextra -fno-tree-loop-distribute-patterns"

TRACE::2025-10-10.16:14:28::SCWBDomain::Running Make include in ps7_cortexa9_0/libsrc/cpu_cortexa9_v2_11/src

TRACE::2025-10-10.16:14:28::SCWBDomain::make -C ps7_cortexa9_0/libsrc/cpu_cortexa9_v2_11/src -s include  "SHELL=/bin/sh" "COMPILER=arm-none-eabi-gcc" "ASSEMBLER=arm-no
TRACE::2025-10-10.16:14:28::SCWBDomain::ne-eabi-as" "ARCHIVER=arm-none-eabi-ar" "COMPILER_FLAGS=  -O2 -c" "EXTRA_COMPILER_FLAGS=-mcpu=cortex-a9 -mfpu=vfpv3 -mfloat-abi
TRACE::2025-10-10.16:14:28::SCWBDomain::=hard -nostartfiles -g -Wall -Wextra -fno-tree-loop-distribute-patterns"

TRACE::2025-10-10.16:14:28::SCWBDomain::Running Make include in ps7_cortexa9_0/libsrc/dmaps_v2_8/src

TRACE::2025-10-10.16:14:28::SCWBDomain::make -C ps7_cortexa9_0/libsrc/dmaps_v2_8/src -s include  "SHELL=/bin/sh" "COMPILER=arm-none-eabi-gcc" "ASSEMBLER=arm-none-eabi-
TRACE::2025-10-10.16:14:28::SCWBDomain::as" "ARCHIVER=arm-none-eabi-ar" "COMPILER_FLAGS=  -O2 -c" "EXTRA_COMPILER_FLAGS=-mcpu=cortex-a9 -mfpu=vfpv3 -mfloat-abi=hard -n
TRACE::2025-10-10.16:14:28::SCWBDomain::ostartfiles -g -Wall -Wextra -fno-tree-loop-distribute-patterns"

TRACE::2025-10-10.16:14:28::SCWBDomain::Running Make libs in ps7_cortexa9_0/libsrc/xilrsa_v1_6/src

TRACE::2025-10-10.16:14:28::SCWBDomain::make -C ps7_cortexa9_0/libsrc/xilrsa_v1_6/src -s libs  "SHELL=/bin/sh" "COMPILER=arm-none-eabi-gcc" "ASSEMBLER=arm-none-eabi-as
TRACE::2025-10-10.16:14:28::SCWBDomain::" "ARCHIVER=arm-none-eabi-ar" "COMPILER_FLAGS=  -O2 -c" "EXTRA_COMPILER_FLAGS=-mcpu=cortex-a9 -mfpu=vfpv3 -mfloat-abi=hard -nos
TRACE::2025-10-10.16:14:28::SCWBDomain::tartfiles -g -Wall -Wextra -fno-tree-loop-distribute-patterns"

TRACE::2025-10-10.16:14:28::SCWBDomain::Running Make libs in ps7_cortexa9_0/libsrc/trans_v1_0/src

TRACE::2025-10-10.16:14:28::SCWBDomain::make -C ps7_cortexa9_0/libsrc/trans_v1_0/src -s libs  "SHELL=/bin/sh" "COMPILER=arm-none-eabi-gcc" "ASSEMBLER=arm-none-eabi-as"
TRACE::2025-10-10.16:14:28::SCWBDomain:: "ARCHIVER=arm-none-eabi-ar" "COMPILER_FLAGS=  -O2 -c" "EXTRA_COMPILER_FLAGS=-mcpu=cortex-a9 -mfpu=vfpv3 -mfloat-abi=hard -nost
TRACE::2025-10-10.16:14:28::SCWBDomain::artfiles -g -Wall -Wextra -fno-tree-loop-distribute-patterns"

TRACE::2025-10-10.16:14:28::SCWBDomain::Compiling simple_adder...

TRACE::2025-10-10.16:14:28::SCWBDomain::Finished building libraries sequentially.

TRACE::2025-10-10.16:14:28::SCWBDomain::make -j 10 --no-print-directory par_libs

TRACE::2025-10-10.16:14:28::SCWBDomain::Running Make include in ps7_cortexa9_0/libsrc/qspips_v3_10/src

TRACE::2025-10-10.16:14:28::SCWBDomain::Running Make include in ps7_cortexa9_0/libsrc/scuwdt_v2_4/src

TRACE::2025-10-10.16:14:28::SCWBDomain::make -C ps7_cortexa9_0/libsrc/qspips_v3_10/src -s include  "SHELL=/bin/sh" "COMPILER=arm-none-eabi-gcc" "ASSEMBLER=arm-none-eab
TRACE::2025-10-10.16:14:28::SCWBDomain::i-as" "ARCHIVER=arm-none-eabi-ar" "COMPILER_FLAGS=  -O2 -c" "EXTRA_COMPILER_FLAGS=-mcpu=cortex-a9 -mfpu=vfpv3 -mfloat-abi=hard 
TRACE::2025-10-10.16:14:28::SCWBDomain::-nostartfiles -g -Wall -Wextra -fno-tree-loop-distribute-patterns"

TRACE::2025-10-10.16:14:28::SCWBDomain::make -C ps7_cortexa9_0/libsrc/scuwdt_v2_4/src -s include  "SHELL=/bin/sh" "COMPILER=arm-none-eabi-gcc" "ASSEMBLER=arm-none-eabi
TRACE::2025-10-10.16:14:28::SCWBDomain::-as" "ARCHIVER=arm-none-eabi-ar" "COMPILER_FLAGS=  -O2 -c" "EXTRA_COMPILER_FLAGS=-mcpu=cortex-a9 -mfpu=vfpv3 -mfloat-abi=hard -
TRACE::2025-10-10.16:14:28::SCWBDomain::nostartfiles -g -Wall -Wextra -fno-tree-loop-distribute-patterns"

TRACE::2025-10-10.16:14:28::SCWBDomain::Running Make include in ps7_cortexa9_0/libsrc/trans_v1_0/src

TRACE::2025-10-10.16:14:28::SCWBDomain::make -C ps7_cortexa9_0/libsrc/trans_v1_0/src -s include  "SHELL=/bin/sh" "COMPILER=arm-none-eabi-gcc" "ASSEMBLER=arm-none-eabi-
TRACE::2025-10-10.16:14:28::SCWBDomain::as" "ARCHIVER=arm-none-eabi-ar" "COMPILER_FLAGS=  -O2 -c" "EXTRA_COMPILER_FLAGS=-mcpu=cortex-a9 -mfpu=vfpv3 -mfloat-abi=hard -n
TRACE::2025-10-10.16:14:28::SCWBDomain::ostartfiles -g -Wall -Wextra -fno-tree-loop-distribute-patterns"

TRACE::2025-10-10.16:14:28::SCWBDomain::Running Make include in ps7_cortexa9_0/libsrc/devcfg_v3_7/src

TRACE::2025-10-10.16:14:28::SCWBDomain::Running Make include in ps7_cortexa9_0/libsrc/xilrsa_v1_6/src

TRACE::2025-10-10.16:14:28::SCWBDomain::make -C ps7_cortexa9_0/libsrc/devcfg_v3_7/src -s include  "SHELL=/bin/sh" "COMPILER=arm-none-eabi-gcc" "ASSEMBLER=arm-none-eabi
TRACE::2025-10-10.16:14:28::SCWBDomain::-as" "ARCHIVER=arm-none-eabi-ar" "COMPILER_FLAGS=  -O2 -c" "EXTRA_COMPILER_FLAGS=-mcpu=cortex-a9 -mfpu=vfpv3 -mfloat-abi=hard -
TRACE::2025-10-10.16:14:29::SCWBDomain::nostartfiles -g -Wall -Wextra -fno-tree-loop-distribute-patterns"

TRACE::2025-10-10.16:14:29::SCWBDomain::make -C ps7_cortexa9_0/libsrc/xilrsa_v1_6/src -s include  "SHELL=/bin/sh" "COMPILER=arm-none-eabi-gcc" "ASSEMBLER=arm-none-eabi
TRACE::2025-10-10.16:14:29::SCWBDomain::-as" "ARCHIVER=arm-none-eabi-ar" "COMPILER_FLAGS=  -O2 -c" "EXTRA_COMPILER_FLAGS=-mcpu=cortex-a9 -mfpu=vfpv3 -mfloat-abi=hard -
TRACE::2025-10-10.16:14:29::SCWBDomain::nostartfiles -g -Wall -Wextra -fno-tree-loop-distribute-patterns"

TRACE::2025-10-10.16:14:29::SCWBDomain::Running Make include in ps7_cortexa9_0/libsrc/xilffs_v5_0/src

TRACE::2025-10-10.16:14:29::SCWBDomain::Running Make include in ps7_cortexa9_0/libsrc/scutimer_v2_4/src

TRACE::2025-10-10.16:14:29::SCWBDomain::make -C ps7_cortexa9_0/libsrc/xilffs_v5_0/src -s include  "SHELL=/bin/sh" "COMPILER=arm-none-eabi-gcc" "ASSEMBLER=arm-none-eabi
TRACE::2025-10-10.16:14:29::SCWBDomain::-as" "ARCHIVER=arm-none-eabi-ar" "COMPILER_FLAGS=  -O2 -c" "EXTRA_COMPILER_FLAGS=-mcpu=cortex-a9 -mfpu=vfpv3 -mfloat-abi=hard -
TRACE::2025-10-10.16:14:29::SCWBDomain::nostartfiles -g -Wall -Wextra -fno-tree-loop-distribute-patterns"

TRACE::2025-10-10.16:14:29::SCWBDomain::make -C ps7_cortexa9_0/libsrc/scutimer_v2_4/src -s include  "SHELL=/bin/sh" "COMPILER=arm-none-eabi-gcc" "ASSEMBLER=arm-none-ea
TRACE::2025-10-10.16:14:29::SCWBDomain::bi-as" "ARCHIVER=arm-none-eabi-ar" "COMPILER_FLAGS=  -O2 -c" "EXTRA_COMPILER_FLAGS=-mcpu=cortex-a9 -mfpu=vfpv3 -mfloat-abi=hard
TRACE::2025-10-10.16:14:29::SCWBDomain:: -nostartfiles -g -Wall -Wextra -fno-tree-loop-distribute-patterns"

TRACE::2025-10-10.16:14:29::SCWBDomain::Running Make include in ps7_cortexa9_0/libsrc/scugic_v5_1/src

TRACE::2025-10-10.16:14:29::SCWBDomain::make -C ps7_cortexa9_0/libsrc/scugic_v5_1/src -s include  "SHELL=/bin/sh" "COMPILER=arm-none-eabi-gcc" "ASSEMBLER=arm-none-eabi
TRACE::2025-10-10.16:14:29::SCWBDomain::-as" "ARCHIVER=arm-none-eabi-ar" "COMPILER_FLAGS=  -O2 -c" "EXTRA_COMPILER_FLAGS=-mcpu=cortex-a9 -mfpu=vfpv3 -mfloat-abi=hard -
TRACE::2025-10-10.16:14:29::SCWBDomain::nostartfiles -g -Wall -Wextra -fno-tree-loop-distribute-patterns"

TRACE::2025-10-10.16:14:29::SCWBDomain::Running Make include in ps7_cortexa9_0/libsrc/emacps_v3_18/src

TRACE::2025-10-10.16:14:29::SCWBDomain::make -C ps7_cortexa9_0/libsrc/emacps_v3_18/src -s include  "SHELL=/bin/sh" "COMPILER=arm-none-eabi-gcc" "ASSEMBLER=arm-none-eab
TRACE::2025-10-10.16:14:29::SCWBDomain::i-as" "ARCHIVER=arm-none-eabi-ar" "COMPILER_FLAGS=  -O2 -c" "EXTRA_COMPILER_FLAGS=-mcpu=cortex-a9 -mfpu=vfpv3 -mfloat-abi=hard 
TRACE::2025-10-10.16:14:29::SCWBDomain::-nostartfiles -g -Wall -Wextra -fno-tree-loop-distribute-patterns"

TRACE::2025-10-10.16:14:29::SCWBDomain::Running Make include in ps7_cortexa9_0/libsrc/ttcps_v3_17/src

TRACE::2025-10-10.16:14:29::SCWBDomain::make -C ps7_cortexa9_0/libsrc/ttcps_v3_17/src -s include  "SHELL=/bin/sh" "COMPILER=arm-none-eabi-gcc" "ASSEMBLER=arm-none-eabi
TRACE::2025-10-10.16:14:29::SCWBDomain::-as" "ARCHIVER=arm-none-eabi-ar" "COMPILER_FLAGS=  -O2 -c" "EXTRA_COMPILER_FLAGS=-mcpu=cortex-a9 -mfpu=vfpv3 -mfloat-abi=hard -
TRACE::2025-10-10.16:14:29::SCWBDomain::nostartfiles -g -Wall -Wextra -fno-tree-loop-distribute-patterns"

TRACE::2025-10-10.16:14:29::SCWBDomain::Running Make include in ps7_cortexa9_0/libsrc/uartps_v3_12/src

TRACE::2025-10-10.16:14:29::SCWBDomain::make -C ps7_cortexa9_0/libsrc/uartps_v3_12/src -s include  "SHELL=/bin/sh" "COMPILER=arm-none-eabi-gcc" "ASSEMBLER=arm-none-eab
TRACE::2025-10-10.16:14:29::SCWBDomain::i-as" "ARCHIVER=arm-none-eabi-ar" "COMPILER_FLAGS=  -O2 -c" "EXTRA_COMPILER_FLAGS=-mcpu=cortex-a9 -mfpu=vfpv3 -mfloat-abi=hard 
TRACE::2025-10-10.16:14:29::SCWBDomain::-nostartfiles -g -Wall -Wextra -fno-tree-loop-distribute-patterns"

TRACE::2025-10-10.16:14:29::SCWBDomain::Running Make include in ps7_cortexa9_0/libsrc/usbps_v2_7/src

TRACE::2025-10-10.16:14:29::SCWBDomain::make -C ps7_cortexa9_0/libsrc/usbps_v2_7/src -s include  "SHELL=/bin/sh" "COMPILER=arm-none-eabi-gcc" "ASSEMBLER=arm-none-eabi-
TRACE::2025-10-10.16:14:29::SCWBDomain::as" "ARCHIVER=arm-none-eabi-ar" "COMPILER_FLAGS=  -O2 -c" "EXTRA_COMPILER_FLAGS=-mcpu=cortex-a9 -mfpu=vfpv3 -mfloat-abi=hard -n
TRACE::2025-10-10.16:14:29::SCWBDomain::ostartfiles -g -Wall -Wextra -fno-tree-loop-distribute-patterns"

TRACE::2025-10-10.16:14:29::SCWBDomain::Running Make include in ps7_cortexa9_0/libsrc/coresightps_dcc_v1_8/src

TRACE::2025-10-10.16:14:30::SCWBDomain::make -C ps7_cortexa9_0/libsrc/coresightps_dcc_v1_8/src -s include  "SHELL=/bin/sh" "COMPILER=arm-none-eabi-gcc" "ASSEMBLER=arm-
TRACE::2025-10-10.16:14:30::SCWBDomain::none-eabi-as" "ARCHIVER=arm-none-eabi-ar" "COMPILER_FLAGS=  -O2 -c" "EXTRA_COMPILER_FLAGS=-mcpu=cortex-a9 -mfpu=vfpv3 -mfloat-a
TRACE::2025-10-10.16:14:30::SCWBDomain::bi=hard -nostartfiles -g -Wall -Wextra -fno-tree-loop-distribute-patterns"

TRACE::2025-10-10.16:14:30::SCWBDomain::Running Make include in ps7_cortexa9_0/libsrc/sdps_v4_1/src

TRACE::2025-10-10.16:14:30::SCWBDomain::make -C ps7_cortexa9_0/libsrc/sdps_v4_1/src -s include  "SHELL=/bin/sh" "COMPILER=arm-none-eabi-gcc" "ASSEMBLER=arm-none-eabi-a
TRACE::2025-10-10.16:14:30::SCWBDomain::s" "ARCHIVER=arm-none-eabi-ar" "COMPILER_FLAGS=  -O2 -c" "EXTRA_COMPILER_FLAGS=-mcpu=cortex-a9 -mfpu=vfpv3 -mfloat-abi=hard -no
TRACE::2025-10-10.16:14:30::SCWBDomain::startfiles -g -Wall -Wextra -fno-tree-loop-distribute-patterns"

TRACE::2025-10-10.16:14:30::SCWBDomain::Running Make include in ps7_cortexa9_0/libsrc/ddrps_v1_2/src

TRACE::2025-10-10.16:14:30::SCWBDomain::make -C ps7_cortexa9_0/libsrc/ddrps_v1_2/src -s include  "SHELL=/bin/sh" "COMPILER=arm-none-eabi-gcc" "ASSEMBLER=arm-none-eabi-
TRACE::2025-10-10.16:14:30::SCWBDomain::as" "ARCHIVER=arm-none-eabi-ar" "COMPILER_FLAGS=  -O2 -c" "EXTRA_COMPILER_FLAGS=-mcpu=cortex-a9 -mfpu=vfpv3 -mfloat-abi=hard -n
TRACE::2025-10-10.16:14:30::SCWBDomain::ostartfiles -g -Wall -Wextra -fno-tree-loop-distribute-patterns"

TRACE::2025-10-10.16:14:31::SCWBDomain::Running Make include in ps7_cortexa9_0/libsrc/standalone_v8_1/src

TRACE::2025-10-10.16:14:31::SCWBDomain::make -C ps7_cortexa9_0/libsrc/standalone_v8_1/src -s include  "SHELL=/bin/sh" "COMPILER=arm-none-eabi-gcc" "ASSEMBLER=arm-none-
TRACE::2025-10-10.16:14:31::SCWBDomain::eabi-as" "ARCHIVER=arm-none-eabi-ar" "COMPILER_FLAGS=  -O2 -c" "EXTRA_COMPILER_FLAGS=-mcpu=cortex-a9 -mfpu=vfpv3 -mfloat-abi=ha
TRACE::2025-10-10.16:14:31::SCWBDomain::rd -nostartfiles -g -Wall -Wextra -fno-tree-loop-distribute-patterns"

TRACE::2025-10-10.16:14:31::SCWBDomain::Running Make include in ps7_cortexa9_0/libsrc/gpiops_v3_11/src

TRACE::2025-10-10.16:14:31::SCWBDomain::make -C ps7_cortexa9_0/libsrc/gpiops_v3_11/src -s include  "SHELL=/bin/sh" "COMPILER=arm-none-eabi-gcc" "ASSEMBLER=arm-none-eab
TRACE::2025-10-10.16:14:31::SCWBDomain::i-as" "ARCHIVER=arm-none-eabi-ar" "COMPILER_FLAGS=  -O2 -c" "EXTRA_COMPILER_FLAGS=-mcpu=cortex-a9 -mfpu=vfpv3 -mfloat-abi=hard 
TRACE::2025-10-10.16:14:31::SCWBDomain::-nostartfiles -g -Wall -Wextra -fno-tree-loop-distribute-patterns"

TRACE::2025-10-10.16:14:31::SCWBDomain::Running Make include in ps7_cortexa9_0/libsrc/xadcps_v2_6/src

TRACE::2025-10-10.16:14:31::SCWBDomain::make -C ps7_cortexa9_0/libsrc/xadcps_v2_6/src -s include  "SHELL=/bin/sh" "COMPILER=arm-none-eabi-gcc" "ASSEMBLER=arm-none-eabi
TRACE::2025-10-10.16:14:31::SCWBDomain::-as" "ARCHIVER=arm-none-eabi-ar" "COMPILER_FLAGS=  -O2 -c" "EXTRA_COMPILER_FLAGS=-mcpu=cortex-a9 -mfpu=vfpv3 -mfloat-abi=hard -
TRACE::2025-10-10.16:14:31::SCWBDomain::nostartfiles -g -Wall -Wextra -fno-tree-loop-distribute-patterns"

TRACE::2025-10-10.16:14:31::SCWBDomain::Running Make include in ps7_cortexa9_0/libsrc/cpu_cortexa9_v2_11/src

TRACE::2025-10-10.16:14:31::SCWBDomain::make -C ps7_cortexa9_0/libsrc/cpu_cortexa9_v2_11/src -s include  "SHELL=/bin/sh" "COMPILER=arm-none-eabi-gcc" "ASSEMBLER=arm-no
TRACE::2025-10-10.16:14:31::SCWBDomain::ne-eabi-as" "ARCHIVER=arm-none-eabi-ar" "COMPILER_FLAGS=  -O2 -c" "EXTRA_COMPILER_FLAGS=-mcpu=cortex-a9 -mfpu=vfpv3 -mfloat-abi
TRACE::2025-10-10.16:14:31::SCWBDomain::=hard -nostartfiles -g -Wall -Wextra -fno-tree-loop-distribute-patterns"

TRACE::2025-10-10.16:14:31::SCWBDomain::Running Make include in ps7_cortexa9_0/libsrc/dmaps_v2_8/src

TRACE::2025-10-10.16:14:31::SCWBDomain::make -C ps7_cortexa9_0/libsrc/dmaps_v2_8/src -s include  "SHELL=/bin/sh" "COMPILER=arm-none-eabi-gcc" "ASSEMBLER=arm-none-eabi-
TRACE::2025-10-10.16:14:31::SCWBDomain::as" "ARCHIVER=arm-none-eabi-ar" "COMPILER_FLAGS=  -O2 -c" "EXTRA_COMPILER_FLAGS=-mcpu=cortex-a9 -mfpu=vfpv3 -mfloat-abi=hard -n
TRACE::2025-10-10.16:14:31::SCWBDomain::ostartfiles -g -Wall -Wextra -fno-tree-loop-distribute-patterns"

TRACE::2025-10-10.16:14:31::SCWBDomain::Running Make libs in ps7_cortexa9_0/libsrc/qspips_v3_10/src

TRACE::2025-10-10.16:14:31::SCWBDomain::Running Make libs in ps7_cortexa9_0/libsrc/devcfg_v3_7/src

TRACE::2025-10-10.16:14:32::SCWBDomain::Running Make libs in ps7_cortexa9_0/libsrc/scuwdt_v2_4/src

TRACE::2025-10-10.16:14:32::SCWBDomain::make -C ps7_cortexa9_0/libsrc/qspips_v3_10/src -s libs  "SHELL=/bin/sh" "COMPILER=arm-none-eabi-gcc" "ASSEMBLER=arm-none-eabi-a
TRACE::2025-10-10.16:14:32::SCWBDomain::s" "ARCHIVER=arm-none-eabi-ar" "COMPILER_FLAGS=  -O2 -c" "EXTRA_COMPILER_FLAGS=-mcpu=cortex-a9 -mfpu=vfpv3 -mfloat-abi=hard -no
TRACE::2025-10-10.16:14:32::SCWBDomain::startfiles -g -Wall -Wextra -fno-tree-loop-distribute-patterns"

TRACE::2025-10-10.16:14:32::SCWBDomain::Running Make libs in ps7_cortexa9_0/libsrc/xilffs_v5_0/src

TRACE::2025-10-10.16:14:32::SCWBDomain::Running Make libs in ps7_cortexa9_0/libsrc/scugic_v5_1/src

TRACE::2025-10-10.16:14:32::SCWBDomain::Running Make libs in ps7_cortexa9_0/libsrc/scutimer_v2_4/src

TRACE::2025-10-10.16:14:32::SCWBDomain::make -C ps7_cortexa9_0/libsrc/scuwdt_v2_4/src -s libs  "SHELL=/bin/sh" "COMPILER=arm-none-eabi-gcc" "ASSEMBLER=arm-none-eabi-as
TRACE::2025-10-10.16:14:32::SCWBDomain::" "ARCHIVER=arm-none-eabi-ar" "COMPILER_FLAGS=  -O2 -c" "EXTRA_COMPILER_FLAGS=-mcpu=cortex-a9 -mfpu=vfpv3 -mfloat-abi=hard -nos
TRACE::2025-10-10.16:14:32::SCWBDomain::tartfiles -g -Wall -Wextra -fno-tree-loop-distribute-patterns"

TRACE::2025-10-10.16:14:32::SCWBDomain::make -C ps7_cortexa9_0/libsrc/devcfg_v3_7/src -s libs  "SHELL=/bin/sh" "COMPILER=arm-none-eabi-gcc" "ASSEMBLER=arm-none-eabi-as
TRACE::2025-10-10.16:14:32::SCWBDomain::" "ARCHIVER=arm-none-eabi-ar" "COMPILER_FLAGS=  -O2 -c" "EXTRA_COMPILER_FLAGS=-mcpu=cortex-a9 -mfpu=vfpv3 -mfloat-abi=hard -nos
TRACE::2025-10-10.16:14:32::SCWBDomain::tartfiles -g -Wall -Wextra -fno-tree-loop-distribute-patterns"

TRACE::2025-10-10.16:14:32::SCWBDomain::Running Make libs in ps7_cortexa9_0/libsrc/emacps_v3_18/src

TRACE::2025-10-10.16:14:33::SCWBDomain::make -C ps7_cortexa9_0/libsrc/xilffs_v5_0/src -s libs  "SHELL=/bin/sh" "COMPILER=arm-none-eabi-gcc" "ASSEMBLER=arm-none-eabi-as
TRACE::2025-10-10.16:14:33::SCWBDomain::" "ARCHIVER=arm-none-eabi-ar" "COMPILER_FLAGS=  -O2 -c" "EXTRA_COMPILER_FLAGS=-mcpu=cortex-a9 -mfpu=vfpv3 -mfloat-abi=hard -nos
TRACE::2025-10-10.16:14:33::SCWBDomain::tartfiles -g -Wall -Wextra -fno-tree-loop-distribute-patterns"

TRACE::2025-10-10.16:14:33::SCWBDomain::make -C ps7_cortexa9_0/libsrc/scutimer_v2_4/src -s libs  "SHELL=/bin/sh" "COMPILER=arm-none-eabi-gcc" "ASSEMBLER=arm-none-eabi-
TRACE::2025-10-10.16:14:33::SCWBDomain::as" "ARCHIVER=arm-none-eabi-ar" "COMPILER_FLAGS=  -O2 -c" "EXTRA_COMPILER_FLAGS=-mcpu=cortex-a9 -mfpu=vfpv3 -mfloat-abi=hard -n
TRACE::2025-10-10.16:14:33::SCWBDomain::ostartfiles -g -Wall -Wextra -fno-tree-loop-distribute-patterns"

TRACE::2025-10-10.16:14:33::SCWBDomain::make -C ps7_cortexa9_0/libsrc/scugic_v5_1/src -s libs  "SHELL=/bin/sh" "COMPILER=arm-none-eabi-gcc" "ASSEMBLER=arm-none-eabi-as
TRACE::2025-10-10.16:14:33::SCWBDomain::" "ARCHIVER=arm-none-eabi-ar" "COMPILER_FLAGS=  -O2 -c" "EXTRA_COMPILER_FLAGS=-mcpu=cortex-a9 -mfpu=vfpv3 -mfloat-abi=hard -nos
TRACE::2025-10-10.16:14:33::SCWBDomain::tartfiles -g -Wall -Wextra -fno-tree-loop-distribute-patterns"

TRACE::2025-10-10.16:14:33::SCWBDomain::make -C ps7_cortexa9_0/libsrc/emacps_v3_18/src -s libs  "SHELL=/bin/sh" "COMPILER=arm-none-eabi-gcc" "ASSEMBLER=arm-none-eabi-a
TRACE::2025-10-10.16:14:34::SCWBDomain::s" "ARCHIVER=arm-none-eabi-ar" "COMPILER_FLAGS=  -O2 -c" "EXTRA_COMPILER_FLAGS=-mcpu=cortex-a9 -mfpu=vfpv3 -mfloat-abi=hard -no
TRACE::2025-10-10.16:14:34::SCWBDomain::startfiles -g -Wall -Wextra -fno-tree-loop-distribute-patterns"

TRACE::2025-10-10.16:14:34::SCWBDomain::Running Make libs in ps7_cortexa9_0/libsrc/uartps_v3_12/src

TRACE::2025-10-10.16:14:34::SCWBDomain::make -C ps7_cortexa9_0/libsrc/uartps_v3_12/src -s libs  "SHELL=/bin/sh" "COMPILER=arm-none-eabi-gcc" "ASSEMBLER=arm-none-eabi-a
TRACE::2025-10-10.16:14:34::SCWBDomain::s" "ARCHIVER=arm-none-eabi-ar" "COMPILER_FLAGS=  -O2 -c" "EXTRA_COMPILER_FLAGS=-mcpu=cortex-a9 -mfpu=vfpv3 -mfloat-abi=hard -no
TRACE::2025-10-10.16:14:34::SCWBDomain::startfiles -g -Wall -Wextra -fno-tree-loop-distribute-patterns"

TRACE::2025-10-10.16:14:34::SCWBDomain::Running Make libs in ps7_cortexa9_0/libsrc/ttcps_v3_17/src

TRACE::2025-10-10.16:14:34::SCWBDomain::make -C ps7_cortexa9_0/libsrc/ttcps_v3_17/src -s libs  "SHELL=/bin/sh" "COMPILER=arm-none-eabi-gcc" "ASSEMBLER=arm-none-eabi-as
TRACE::2025-10-10.16:14:34::SCWBDomain::" "ARCHIVER=arm-none-eabi-ar" "COMPILER_FLAGS=  -O2 -c" "EXTRA_COMPILER_FLAGS=-mcpu=cortex-a9 -mfpu=vfpv3 -mfloat-abi=hard -nos
TRACE::2025-10-10.16:14:34::SCWBDomain::tartfiles -g -Wall -Wextra -fno-tree-loop-distribute-patterns"

TRACE::2025-10-10.16:14:34::SCWBDomain::Running Make libs in ps7_cortexa9_0/libsrc/usbps_v2_7/src

TRACE::2025-10-10.16:14:34::SCWBDomain::make -C ps7_cortexa9_0/libsrc/usbps_v2_7/src -s libs  "SHELL=/bin/sh" "COMPILER=arm-none-eabi-gcc" "ASSEMBLER=arm-none-eabi-as"
TRACE::2025-10-10.16:14:34::SCWBDomain:: "ARCHIVER=arm-none-eabi-ar" "COMPILER_FLAGS=  -O2 -c" "EXTRA_COMPILER_FLAGS=-mcpu=cortex-a9 -mfpu=vfpv3 -mfloat-abi=hard -nost
TRACE::2025-10-10.16:14:34::SCWBDomain::artfiles -g -Wall -Wextra -fno-tree-loop-distribute-patterns"

TRACE::2025-10-10.16:14:36::SCWBDomain::Running Make libs in ps7_cortexa9_0/libsrc/coresightps_dcc_v1_8/src

TRACE::2025-10-10.16:14:36::SCWBDomain::make -C ps7_cortexa9_0/libsrc/coresightps_dcc_v1_8/src -s libs  "SHELL=/bin/sh" "COMPILER=arm-none-eabi-gcc" "ASSEMBLER=arm-non
TRACE::2025-10-10.16:14:36::SCWBDomain::e-eabi-as" "ARCHIVER=arm-none-eabi-ar" "COMPILER_FLAGS=  -O2 -c" "EXTRA_COMPILER_FLAGS=-mcpu=cortex-a9 -mfpu=vfpv3 -mfloat-abi=
TRACE::2025-10-10.16:14:36::SCWBDomain::hard -nostartfiles -g -Wall -Wextra -fno-tree-loop-distribute-patterns"

TRACE::2025-10-10.16:14:38::SCWBDomain::Running Make libs in ps7_cortexa9_0/libsrc/sdps_v4_1/src

TRACE::2025-10-10.16:14:38::SCWBDomain::make -C ps7_cortexa9_0/libsrc/sdps_v4_1/src -s libs  "SHELL=/bin/sh" "COMPILER=arm-none-eabi-gcc" "ASSEMBLER=arm-none-eabi-as" 
TRACE::2025-10-10.16:14:38::SCWBDomain::"ARCHIVER=arm-none-eabi-ar" "COMPILER_FLAGS=  -O2 -c" "EXTRA_COMPILER_FLAGS=-mcpu=cortex-a9 -mfpu=vfpv3 -mfloat-abi=hard -nosta
TRACE::2025-10-10.16:14:38::SCWBDomain::rtfiles -g -Wall -Wextra -fno-tree-loop-distribute-patterns"

TRACE::2025-10-10.16:14:38::SCWBDomain::Running Make libs in ps7_cortexa9_0/libsrc/ddrps_v1_2/src

TRACE::2025-10-10.16:14:38::SCWBDomain::make -C ps7_cortexa9_0/libsrc/ddrps_v1_2/src -s libs  "SHELL=/bin/sh" "COMPILER=arm-none-eabi-gcc" "ASSEMBLER=arm-none-eabi-as"
TRACE::2025-10-10.16:14:38::SCWBDomain:: "ARCHIVER=arm-none-eabi-ar" "COMPILER_FLAGS=  -O2 -c" "EXTRA_COMPILER_FLAGS=-mcpu=cortex-a9 -mfpu=vfpv3 -mfloat-abi=hard -nost
TRACE::2025-10-10.16:14:38::SCWBDomain::artfiles -g -Wall -Wextra -fno-tree-loop-distribute-patterns"

TRACE::2025-10-10.16:14:38::SCWBDomain::Running Make libs in ps7_cortexa9_0/libsrc/standalone_v8_1/src

TRACE::2025-10-10.16:14:38::SCWBDomain::make -C ps7_cortexa9_0/libsrc/standalone_v8_1/src -s libs  "SHELL=/bin/sh" "COMPILER=arm-none-eabi-gcc" "ASSEMBLER=arm-none-eab
TRACE::2025-10-10.16:14:38::SCWBDomain::i-as" "ARCHIVER=arm-none-eabi-ar" "COMPILER_FLAGS=  -O2 -c" "EXTRA_COMPILER_FLAGS=-mcpu=cortex-a9 -mfpu=vfpv3 -mfloat-abi=hard 
TRACE::2025-10-10.16:14:38::SCWBDomain::-nostartfiles -g -Wall -Wextra -fno-tree-loop-distribute-patterns"

TRACE::2025-10-10.16:14:38::SCWBDomain::Running Make libs in ps7_cortexa9_0/libsrc/gpiops_v3_11/src

TRACE::2025-10-10.16:14:38::SCWBDomain::make -C ps7_cortexa9_0/libsrc/gpiops_v3_11/src -s libs  "SHELL=/bin/sh" "COMPILER=arm-none-eabi-gcc" "ASSEMBLER=arm-none-eabi-a
TRACE::2025-10-10.16:14:39::SCWBDomain::s" "ARCHIVER=arm-none-eabi-ar" "COMPILER_FLAGS=  -O2 -c" "EXTRA_COMPILER_FLAGS=-mcpu=cortex-a9 -mfpu=vfpv3 -mfloat-abi=hard -no
TRACE::2025-10-10.16:14:39::SCWBDomain::startfiles -g -Wall -Wextra -fno-tree-loop-distribute-patterns"

TRACE::2025-10-10.16:14:39::SCWBDomain::Running Make libs in ps7_cortexa9_0/libsrc/xadcps_v2_6/src

TRACE::2025-10-10.16:14:39::SCWBDomain::make -C ps7_cortexa9_0/libsrc/xadcps_v2_6/src -s libs  "SHELL=/bin/sh" "COMPILER=arm-none-eabi-gcc" "ASSEMBLER=arm-none-eabi-as
TRACE::2025-10-10.16:14:39::SCWBDomain::" "ARCHIVER=arm-none-eabi-ar" "COMPILER_FLAGS=  -O2 -c" "EXTRA_COMPILER_FLAGS=-mcpu=cortex-a9 -mfpu=vfpv3 -mfloat-abi=hard -nos
TRACE::2025-10-10.16:14:39::SCWBDomain::tartfiles -g -Wall -Wextra -fno-tree-loop-distribute-patterns"

TRACE::2025-10-10.16:14:39::SCWBDomain::Running Make libs in ps7_cortexa9_0/libsrc/cpu_cortexa9_v2_11/src

TRACE::2025-10-10.16:14:39::SCWBDomain::make -C ps7_cortexa9_0/libsrc/cpu_cortexa9_v2_11/src -s libs  "SHELL=/bin/sh" "COMPILER=arm-none-eabi-gcc" "ASSEMBLER=arm-none-
TRACE::2025-10-10.16:14:39::SCWBDomain::eabi-as" "ARCHIVER=arm-none-eabi-ar" "COMPILER_FLAGS=  -O2 -c" "EXTRA_COMPILER_FLAGS=-mcpu=cortex-a9 -mfpu=vfpv3 -mfloat-abi=ha
TRACE::2025-10-10.16:14:39::SCWBDomain::rd -nostartfiles -g -Wall -Wextra -fno-tree-loop-distribute-patterns"

TRACE::2025-10-10.16:14:41::SCWBDomain::Running Make libs in ps7_cortexa9_0/libsrc/dmaps_v2_8/src

TRACE::2025-10-10.16:14:41::SCWBDomain::make -C ps7_cortexa9_0/libsrc/dmaps_v2_8/src -s libs  "SHELL=/bin/sh" "COMPILER=arm-none-eabi-gcc" "ASSEMBLER=arm-none-eabi-as"
TRACE::2025-10-10.16:14:41::SCWBDomain:: "ARCHIVER=arm-none-eabi-ar" "COMPILER_FLAGS=  -O2 -c" "EXTRA_COMPILER_FLAGS=-mcpu=cortex-a9 -mfpu=vfpv3 -mfloat-abi=hard -nost
TRACE::2025-10-10.16:14:41::SCWBDomain::artfiles -g -Wall -Wextra -fno-tree-loop-distribute-patterns"

TRACE::2025-10-10.16:14:45::SCWBDomain::Finished building libraries parallelly.

TRACE::2025-10-10.16:14:45::SCWBDomain::make --no-print-directory archive

TRACE::2025-10-10.16:14:45::SCWBDomain::arm-none-eabi-ar -r  ps7_cortexa9_0/lib/libxil.a ps7_cortexa9_0/lib/_exit.o ps7_cortexa9_0/lib/_open.o ps7_cortexa9_0/lib/_sbrk
TRACE::2025-10-10.16:14:45::SCWBDomain::.o ps7_cortexa9_0/lib/abort.o ps7_cortexa9_0/lib/asm_vectors.o ps7_cortexa9_0/lib/boot.o ps7_cortexa9_0/lib/close.o ps7_cortexa
TRACE::2025-10-10.16:14:45::SCWBDomain::9_0/lib/cpputest_time.o ps7_cortexa9_0/lib/cpu_init.o ps7_cortexa9_0/lib/errno.o ps7_cortexa9_0/lib/fcntl.o ps7_cortexa9_0/lib/
TRACE::2025-10-10.16:14:45::SCWBDomain::fstat.o ps7_cortexa9_0/lib/getentropy.o ps7_cortexa9_0/lib/getpid.o ps7_cortexa9_0/lib/inbyte.o ps7_cortexa9_0/lib/isatty.o ps7
TRACE::2025-10-10.16:14:45::SCWBDomain::_cortexa9_0/lib/kill.o ps7_cortexa9_0/lib/lseek.o ps7_cortexa9_0/lib/open.o ps7_cortexa9_0/lib/outbyte.o ps7_cortexa9_0/lib/pri
TRACE::2025-10-10.16:14:45::SCWBDomain::nt.o ps7_cortexa9_0/lib/putnum.o ps7_cortexa9_0/lib/read.o ps7_cortexa9_0/lib/sbrk.o ps7_cortexa9_0/lib/sleep.o ps7_cortexa9_0/
TRACE::2025-10-10.16:14:45::SCWBDomain::lib/time.o ps7_cortexa9_0/lib/translation_table.o ps7_cortexa9_0/lib/unlink.o ps7_cortexa9_0/lib/usleep.o ps7_cortexa9_0/lib/ve
TRACE::2025-10-10.16:14:45::SCWBDomain::ctors.o ps7_cortexa9_0/lib/write.o ps7_cortexa9_0/lib/xadcps.o ps7_cortexa9_0/lib/xadcps_g.o ps7_cortexa9_0/lib/xadcps_intr.o p
TRACE::2025-10-10.16:14:45::SCWBDomain::s7_cortexa9_0/lib/xadcps_selftest.o ps7_cortexa9_0/lib/xadcps_sinit.o ps7_cortexa9_0/lib/xcoresightpsdcc.o ps7_cortexa9_0/lib/x
TRACE::2025-10-10.16:14:45::SCWBDomain::devcfg.o ps7_cortexa9_0/lib/xdevcfg_g.o ps7_cortexa9_0/lib/xdevcfg_hw.o ps7_cortexa9_0/lib/xdevcfg_intr.o ps7_cortexa9_0/lib/xd
TRACE::2025-10-10.16:14:45::SCWBDomain::evcfg_selftest.o ps7_cortexa9_0/lib/xdevcfg_sinit.o ps7_cortexa9_0/lib/xdmaps.o ps7_cortexa9_0/lib/xdmaps_g.o ps7_cortexa9_0/li
TRACE::2025-10-10.16:14:45::SCWBDomain::b/xdmaps_hw.o ps7_cortexa9_0/lib/xdmaps_selftest.o ps7_cortexa9_0/lib/xdmaps_sinit.o ps7_cortexa9_0/lib/xemacps.o ps7_cortexa9_
TRACE::2025-10-10.16:14:45::SCWBDomain::0/lib/xemacps_bdring.o ps7_cortexa9_0/lib/xemacps_control.o ps7_cortexa9_0/lib/xemacps_g.o ps7_cortexa9_0/lib/xemacps_hw.o ps7_
TRACE::2025-10-10.16:14:45::SCWBDomain::cortexa9_0/lib/xemacps_intr.o ps7_cortexa9_0/lib/xemacps_sinit.o ps7_cortexa9_0/lib/xgpiops.o ps7_cortexa9_0/lib/xgpiops_g.o ps
TRACE::2025-10-10.16:14:45::SCWBDomain::7_cortexa9_0/lib/xgpiops_hw.o ps7_cortexa9_0/lib/xgpiops_intr.o ps7_cortexa9_0/lib/xgpiops_selftest.o ps7_cortexa9_0/lib/xgpiop
TRACE::2025-10-10.16:14:45::SCWBDomain::s_sinit.o ps7_cortexa9_0/lib/xil-crt0.o ps7_cortexa9_0/lib/xil_assert.o ps7_cortexa9_0/lib/xil_cache.o ps7_cortexa9_0/lib/xil_c
TRACE::2025-10-10.16:14:45::SCWBDomain::locking.o ps7_cortexa9_0/lib/xil_exception.o ps7_cortexa9_0/lib/xil_mem.o ps7_cortexa9_0/lib/xil_misc_psreset_api.o ps7_cortexa
TRACE::2025-10-10.16:14:45::SCWBDomain::9_0/lib/xil_mmu.o ps7_cortexa9_0/lib/xil_printf.o ps7_cortexa9_0/lib/xil_sleepcommon.o ps7_cortexa9_0/lib/xil_sleeptimer.o ps7_
TRACE::2025-10-10.16:14:45::SCWBDomain::cortexa9_0/lib/xil_spinlock.o ps7_cortexa9_0/lib/xil_testcache.o ps7_cortexa9_0/lib/xil_testio.o ps7_cortexa9_0/lib/xil_testmem
TRACE::2025-10-10.16:14:45::SCWBDomain::.o ps7_cortexa9_0/lib/xil_util.o ps7_cortexa9_0/lib/xinterrupt_wrap.o ps7_cortexa9_0/lib/xl2cc_counter.o ps7_cortexa9_0/lib/xpl
TRACE::2025-10-10.16:14:45::SCWBDomain::atform_info.o ps7_cortexa9_0/lib/xpm_counter.o ps7_cortexa9_0/lib/xqspips.o ps7_cortexa9_0/lib/xqspips_g.o ps7_cortexa9_0/lib/x
TRACE::2025-10-10.16:14:45::SCWBDomain::qspips_hw.o ps7_cortexa9_0/lib/xqspips_options.o ps7_cortexa9_0/lib/xqspips_selftest.o ps7_cortexa9_0/lib/xqspips_sinit.o ps7_c
TRACE::2025-10-10.16:14:45::SCWBDomain::ortexa9_0/lib/xscugic.o ps7_cortexa9_0/lib/xscugic_g.o ps7_cortexa9_0/lib/xscugic_hw.o ps7_cortexa9_0/lib/xscugic_intr.o ps7_co
TRACE::2025-10-10.16:14:45::SCWBDomain::rtexa9_0/lib/xscugic_selftest.o ps7_cortexa9_0/lib/xscugic_sinit.o ps7_cortexa9_0/lib/xscutimer.o ps7_cortexa9_0/lib/xscutimer_
TRACE::2025-10-10.16:14:45::SCWBDomain::g.o ps7_cortexa9_0/lib/xscutimer_selftest.o ps7_cortexa9_0/lib/xscutimer_sinit.o ps7_cortexa9_0/lib/xscuwdt.o ps7_cortexa9_0/li
TRACE::2025-10-10.16:14:45::SCWBDomain::b/xscuwdt_g.o ps7_cortexa9_0/lib/xscuwdt_selftest.o ps7_cortexa9_0/lib/xscuwdt_sinit.o ps7_cortexa9_0/lib/xsdps.o ps7_cortexa9_
TRACE::2025-10-10.16:14:45::SCWBDomain::0/lib/xsdps_card.o ps7_cortexa9_0/lib/xsdps_g.o ps7_cortexa9_0/lib/xsdps_host.o ps7_cortexa9_0/lib/xsdps_options.o ps7_cortexa9
TRACE::2025-10-10.16:14:45::SCWBDomain::_0/lib/xsdps_sinit.o ps7_cortexa9_0/lib/xtime_l.o ps7_cortexa9_0/lib/xttcps.o ps7_cortexa9_0/lib/xttcps_g.o ps7_cortexa9_0/lib/
TRACE::2025-10-10.16:14:45::SCWBDomain::xttcps_options.o ps7_cortexa9_0/lib/xttcps_selftest.o ps7_cortexa9_0/lib/xttcps_sinit.o ps7_cortexa9_0/lib/xuartps.o ps7_cortex
TRACE::2025-10-10.16:14:45::SCWBDomain::a9_0/lib/xuartps_g.o ps7_cortexa9_0/lib/xuartps_hw.o ps7_cortexa9_0/lib/xuartps_intr.o ps7_cortexa9_0/lib/xuartps_options.o ps7
TRACE::2025-10-10.16:14:45::SCWBDomain::_cortexa9_0/lib/xuartps_selftest.o ps7_cortexa9_0/lib/xuartps_sinit.o ps7_cortexa9_0/lib/xusbps.o ps7_cortexa9_0/lib/xusbps_end
TRACE::2025-10-10.16:14:45::SCWBDomain::point.o ps7_cortexa9_0/lib/xusbps_g.o ps7_cortexa9_0/lib/xusbps_hw.o ps7_cortexa9_0/lib/xusbps_intr.o ps7_cortexa9_0/lib/xusbps
TRACE::2025-10-10.16:14:45::SCWBDomain::_sinit.o

TRACE::2025-10-10.16:14:46::SCWBDomain::Finished building libraries

TRACE::2025-10-10.16:14:46::SCWBDomain::make: Leaving directory '/home/grads/t/tamu_vik/ECEN-722/lab5/top_decoder/zynq_fsbl/zynq_fsbl_bsp'

TRACE::2025-10-10.16:14:46::SCWBDomain::arm-none-eabi-gcc  -O2 -c -MMD -MP       -mcpu=cortex-a9 -mfpu=vfpv3 -mfloat-abi=hard  -c nand.c -o nand.o -Izynq_fsbl_bsp/ps7_
TRACE::2025-10-10.16:14:46::SCWBDomain::cortexa9_0/include -I.

TRACE::2025-10-10.16:14:46::SCWBDomain::arm-none-eabi-gcc  -O2 -c -MMD -MP       -mcpu=cortex-a9 -mfpu=vfpv3 -mfloat-abi=hard  -c pcap.c -o pcap.o -Izynq_fsbl_bsp/ps7_
TRACE::2025-10-10.16:14:46::SCWBDomain::cortexa9_0/include -I.

TRACE::2025-10-10.16:14:47::SCWBDomain::arm-none-eabi-gcc  -O2 -c -MMD -MP       -mcpu=cortex-a9 -mfpu=vfpv3 -mfloat-abi=hard  -c ps7_init.c -o ps7_init.o -Izynq_fsbl_
TRACE::2025-10-10.16:14:47::SCWBDomain::bsp/ps7_cortexa9_0/include -I.

TRACE::2025-10-10.16:14:47::SCWBDomain::arm-none-eabi-gcc  -O2 -c -MMD -MP       -mcpu=cortex-a9 -mfpu=vfpv3 -mfloat-abi=hard  -c qspi.c -o qspi.o -Izynq_fsbl_bsp/ps7_
TRACE::2025-10-10.16:14:47::SCWBDomain::cortexa9_0/include -I.

TRACE::2025-10-10.16:14:48::SCWBDomain::arm-none-eabi-gcc  -O2 -c -MMD -MP       -mcpu=cortex-a9 -mfpu=vfpv3 -mfloat-abi=hard  -c rsa.c -o rsa.o -Izynq_fsbl_bsp/ps7_co
TRACE::2025-10-10.16:14:48::SCWBDomain::rtexa9_0/include -I.

TRACE::2025-10-10.16:14:48::SCWBDomain::arm-none-eabi-gcc  -O2 -c -MMD -MP       -mcpu=cortex-a9 -mfpu=vfpv3 -mfloat-abi=hard  -c main.c -o main.o -Izynq_fsbl_bsp/ps7_
TRACE::2025-10-10.16:14:48::SCWBDomain::cortexa9_0/include -I.

TRACE::2025-10-10.16:14:49::SCWBDomain::arm-none-eabi-gcc  -O2 -c -MMD -MP       -mcpu=cortex-a9 -mfpu=vfpv3 -mfloat-abi=hard  -c fsbl_hooks.c -o fsbl_hooks.o -Izynq_f
TRACE::2025-10-10.16:14:49::SCWBDomain::sbl_bsp/ps7_cortexa9_0/include -I.

TRACE::2025-10-10.16:14:49::SCWBDomain::arm-none-eabi-gcc  -O2 -c -MMD -MP       -mcpu=cortex-a9 -mfpu=vfpv3 -mfloat-abi=hard  -c md5.c -o md5.o -Izynq_fsbl_bsp/ps7_co
TRACE::2025-10-10.16:14:49::SCWBDomain::rtexa9_0/include -I.

TRACE::2025-10-10.16:14:49::SCWBDomain::arm-none-eabi-gcc  -O2 -c -MMD -MP       -mcpu=cortex-a9 -mfpu=vfpv3 -mfloat-abi=hard  -c image_mover.c -o image_mover.o -Izynq
TRACE::2025-10-10.16:14:49::SCWBDomain::_fsbl_bsp/ps7_cortexa9_0/include -I.

TRACE::2025-10-10.16:14:50::SCWBDomain::arm-none-eabi-gcc  -O2 -c -MMD -MP       -mcpu=cortex-a9 -mfpu=vfpv3 -mfloat-abi=hard  -c nor.c -o nor.o -Izynq_fsbl_bsp/ps7_co
TRACE::2025-10-10.16:14:50::SCWBDomain::rtexa9_0/include -I.

TRACE::2025-10-10.16:14:50::SCWBDomain::arm-none-eabi-gcc  -O2 -c -MMD -MP       -mcpu=cortex-a9 -mfpu=vfpv3 -mfloat-abi=hard  -c sd.c -o sd.o -Izynq_fsbl_bsp/ps7_cort
TRACE::2025-10-10.16:14:50::SCWBDomain::exa9_0/include -I.

TRACE::2025-10-10.16:14:51::SCWBDomain::arm-none-eabi-gcc  -O2 -c -MMD -MP       -mcpu=cortex-a9 -mfpu=vfpv3 -mfloat-abi=hard  -c fsbl_handoff.S -o fsbl_handoff.o -Izy
TRACE::2025-10-10.16:14:51::SCWBDomain::nq_fsbl_bsp/ps7_cortexa9_0/include -I.

TRACE::2025-10-10.16:14:51::SCWBDomain::arm-none-eabi-gcc -o fsbl.elf fsbl_handoff.o fsbl_hooks.o image_mover.o main.o md5.o nand.o nor.o pcap.o ps7_init.o qspi.o rsa.
TRACE::2025-10-10.16:14:51::SCWBDomain::o sd.o -MMD -MP       -mcpu=cortex-a9 -mfpu=vfpv3 -mfloat-abi=hard   -mcpu=cortex-a9 -mfpu=vfpv3 -mfloat-abi=hard -Wl,-build-id
TRACE::2025-10-10.16:14:51::SCWBDomain::=none -specs=Xilinx.spec  -lrsa -Wl,--start-group,-lxil,-lgcc,-lc,--end-group -Wl,--start-group,-lxilffs,-lxil,-lgcc,-lc,--end-
TRACE::2025-10-10.16:14:51::SCWBDomain::group -Wl,--start-group,-lrsa,-lxil,-lgcc,-lc,--end-group                                     -Wl,--gc-sections -Lzynq_fsbl_bsp
TRACE::2025-10-10.16:14:51::SCWBDomain::/ps7_cortexa9_0/lib -L./ -Tlscript.ld

LOG::2025-10-10.16:14:51::SCWSystem::Checking the domain standalone_ps7_cortexa9_0
LOG::2025-10-10.16:14:51::SCWSystem::Not a boot domain 
LOG::2025-10-10.16:14:51::SCWSystem::Started Processing the domain standalone_ps7_cortexa9_0
TRACE::2025-10-10.16:14:51::SCWDomain::Generating domain artifcats
TRACE::2025-10-10.16:14:51::SCWMssOS::Generating standalone artifcats
TRACE::2025-10-10.16:14:51::SCWMssOS::Copying the qemu file from  /home/grads/t/tamu_vik/ECEN-722/lab5/top_decoder/resources/top_decoder/standalone_ps7_cortexa9_0/qemu_args.txt To /home/grads/t/tamu_vik/ECEN-722/lab5/top_decoder/export/top_decoder/sw/top_decoder/qemu/
TRACE::2025-10-10.16:14:51::SCWMssOS::Copying the qemu file from  /home/grads/t/tamu_vik/ECEN-722/lab5/top_decoder/resources/top_decoder/standalone_ps7_cortexa9_0/qemu_args.txt To /home/grads/t/tamu_vik/ECEN-722/lab5/top_decoder/export/top_decoder/sw/top_decoder/standalone_ps7_cortexa9_0/qemu/
TRACE::2025-10-10.16:14:51::SCWMssOS:: Copying the user libraries. 
TRACE::2025-10-10.16:14:51::SCWPlatform::Trying to open the hw design at /home/grads/t/tamu_vik/ECEN-722/lab5/top_decoder/hw/top_decoder.xsa
TRACE::2025-10-10.16:14:51::SCWPlatform::DSA given /home/grads/t/tamu_vik/ECEN-722/lab5/top_decoder/hw/top_decoder.xsa
TRACE::2025-10-10.16:14:51::SCWPlatform::DSA absoulate path /home/grads/t/tamu_vik/ECEN-722/lab5/top_decoder/hw/top_decoder.xsa
TRACE::2025-10-10.16:14:51::SCWPlatform::DSA directory /home/grads/t/tamu_vik/ECEN-722/lab5/top_decoder/hw
TRACE::2025-10-10.16:14:51::SCWPlatform:: Platform Path /home/grads/t/tamu_vik/ECEN-722/lab5/top_decoder/hw/top_decoder.xsa
TRACE::2025-10-10.16:14:51::SCWPlatform:: Unique name xilinx:zybo-z7-10::0.0
TRACE::2025-10-10.16:14:51::SCWPlatform::Trying to set the existing hwdb with name top_decoder_0
TRACE::2025-10-10.16:14:51::SCWPlatform::Opened existing hwdb top_decoder_0
TRACE::2025-10-10.16:14:51::SCWPlatform::Found the Hw Db part of the input DSA
TRACE::2025-10-10.16:14:51::SCWMssOS::Checking the sw design at  /home/grads/t/tamu_vik/ECEN-722/lab5/top_decoder/ps7_cortexa9_0/standalone_ps7_cortexa9_0/bsp/system.mss
TRACE::2025-10-10.16:14:51::SCWMssOS::DEBUG:  swdes dump  /home/grads/t/tamu_vik/ECEN-722/lab5/top_decoder/ps7_cortexa9_0/standalone_ps7_cortexa9_0/bsp/system.mss|system_0||
/home/grads/t/tamu_vik/ECEN-722/lab5/top_decoder/zynq_fsbl/zynq_fsbl_bsp/system.mss|system||

TRACE::2025-10-10.16:14:51::SCWMssOS::Sw design exists and opened at  /home/grads/t/tamu_vik/ECEN-722/lab5/top_decoder/ps7_cortexa9_0/standalone_ps7_cortexa9_0/bsp/system.mss
TRACE::2025-10-10.16:14:51::SCWMssOS::Completed writing the mss file at /home/grads/t/tamu_vik/ECEN-722/lab5/top_decoder/ps7_cortexa9_0/standalone_ps7_cortexa9_0/bsp
TRACE::2025-10-10.16:14:51::SCWMssOS::Mss edits present, copying mssfile into export location /home/grads/t/tamu_vik/ECEN-722/lab5/top_decoder/ps7_cortexa9_0/standalone_ps7_cortexa9_0/bsp/system.mss
TRACE::2025-10-10.16:14:51::SCWMssOS::bsp generated is upto date with the mss file. Skipping bsp generation.
TRACE::2025-10-10.16:14:51::SCWMssOS::BSP is already built. skipping the bsp build ... 
TRACE::2025-10-10.16:14:51::SCWDomain::Building the domain as part of full build :  standalone_ps7_cortexa9_0
TRACE::2025-10-10.16:14:51::SCWMssOS::doing bsp build ... 
TRACE::2025-10-10.16:14:51::SCWMssOS::System Command Ran  cd  /home/grads/t/tamu_vik/ECEN-722/lab5/top_decoder/ps7_cortexa9_0/standalone_ps7_cortexa9_0/bsp ; bash -c "make  " 
TRACE::2025-10-10.16:14:51::SCWMssOS::make --no-print-directory seq_libs

TRACE::2025-10-10.16:14:52::SCWMssOS::Running Make include in ps7_cortexa9_0/libsrc/qspips_v3_10/src

TRACE::2025-10-10.16:14:52::SCWMssOS::make -C ps7_cortexa9_0/libsrc/qspips_v3_10/src -s include  "SHELL=/bin/sh" "COMPILER=arm-none-eabi-gcc" "ASSEMBLER=arm-none-eab
TRACE::2025-10-10.16:14:52::SCWMssOS::i-as" "ARCHIVER=arm-none-eabi-ar" "COMPILER_FLAGS=  -O2 -c" "EXTRA_COMPILER_FLAGS=-mcpu=cortex-a9 -mfpu=vfpv3 -mfloat-abi=hard 
TRACE::2025-10-10.16:14:52::SCWMssOS::-nostartfiles -g -Wall -Wextra -fno-tree-loop-distribute-patterns"

TRACE::2025-10-10.16:14:52::SCWMssOS::Running Make include in ps7_cortexa9_0/libsrc/scuwdt_v2_4/src

TRACE::2025-10-10.16:14:52::SCWMssOS::make -C ps7_cortexa9_0/libsrc/scuwdt_v2_4/src -s include  "SHELL=/bin/sh" "COMPILER=arm-none-eabi-gcc" "ASSEMBLER=arm-none-eabi
TRACE::2025-10-10.16:14:52::SCWMssOS::-as" "ARCHIVER=arm-none-eabi-ar" "COMPILER_FLAGS=  -O2 -c" "EXTRA_COMPILER_FLAGS=-mcpu=cortex-a9 -mfpu=vfpv3 -mfloat-abi=hard -
TRACE::2025-10-10.16:14:52::SCWMssOS::nostartfiles -g -Wall -Wextra -fno-tree-loop-distribute-patterns"

TRACE::2025-10-10.16:14:52::SCWMssOS::Running Make include in ps7_cortexa9_0/libsrc/trans_v1_0/src

TRACE::2025-10-10.16:14:52::SCWMssOS::make -C ps7_cortexa9_0/libsrc/trans_v1_0/src -s include  "SHELL=/bin/sh" "COMPILER=arm-none-eabi-gcc" "ASSEMBLER=arm-none-eabi-
TRACE::2025-10-10.16:14:52::SCWMssOS::as" "ARCHIVER=arm-none-eabi-ar" "COMPILER_FLAGS=  -O2 -c" "EXTRA_COMPILER_FLAGS=-mcpu=cortex-a9 -mfpu=vfpv3 -mfloat-abi=hard -n
TRACE::2025-10-10.16:14:52::SCWMssOS::ostartfiles -g -Wall -Wextra -fno-tree-loop-distribute-patterns"

TRACE::2025-10-10.16:14:52::SCWMssOS::Running Make include in ps7_cortexa9_0/libsrc/devcfg_v3_7/src

TRACE::2025-10-10.16:14:52::SCWMssOS::make -C ps7_cortexa9_0/libsrc/devcfg_v3_7/src -s include  "SHELL=/bin/sh" "COMPILER=arm-none-eabi-gcc" "ASSEMBLER=arm-none-eabi
TRACE::2025-10-10.16:14:52::SCWMssOS::-as" "ARCHIVER=arm-none-eabi-ar" "COMPILER_FLAGS=  -O2 -c" "EXTRA_COMPILER_FLAGS=-mcpu=cortex-a9 -mfpu=vfpv3 -mfloat-abi=hard -
TRACE::2025-10-10.16:14:52::SCWMssOS::nostartfiles -g -Wall -Wextra -fno-tree-loop-distribute-patterns"

TRACE::2025-10-10.16:14:52::SCWMssOS::Running Make include in ps7_cortexa9_0/libsrc/xilrsa_v1_6/src

TRACE::2025-10-10.16:14:52::SCWMssOS::make -C ps7_cortexa9_0/libsrc/xilrsa_v1_6/src -s include  "SHELL=/bin/sh" "COMPILER=arm-none-eabi-gcc" "ASSEMBLER=arm-none-eabi
TRACE::2025-10-10.16:14:52::SCWMssOS::-as" "ARCHIVER=arm-none-eabi-ar" "COMPILER_FLAGS=  -O2 -c" "EXTRA_COMPILER_FLAGS=-mcpu=cortex-a9 -mfpu=vfpv3 -mfloat-abi=hard -
TRACE::2025-10-10.16:14:52::SCWMssOS::nostartfiles -g -Wall -Wextra -fno-tree-loop-distribute-patterns"

TRACE::2025-10-10.16:14:52::SCWMssOS::Running Make include in ps7_cortexa9_0/libsrc/xilffs_v5_0/src

TRACE::2025-10-10.16:14:52::SCWMssOS::make -C ps7_cortexa9_0/libsrc/xilffs_v5_0/src -s include  "SHELL=/bin/sh" "COMPILER=arm-none-eabi-gcc" "ASSEMBLER=arm-none-eabi
TRACE::2025-10-10.16:14:52::SCWMssOS::-as" "ARCHIVER=arm-none-eabi-ar" "COMPILER_FLAGS=  -O2 -c" "EXTRA_COMPILER_FLAGS=-mcpu=cortex-a9 -mfpu=vfpv3 -mfloat-abi=hard -
TRACE::2025-10-10.16:14:52::SCWMssOS::nostartfiles -g -Wall -Wextra -fno-tree-loop-distribute-patterns"

TRACE::2025-10-10.16:14:52::SCWMssOS::Running Make include in ps7_cortexa9_0/libsrc/scutimer_v2_4/src

TRACE::2025-10-10.16:14:52::SCWMssOS::make -C ps7_cortexa9_0/libsrc/scutimer_v2_4/src -s include  "SHELL=/bin/sh" "COMPILER=arm-none-eabi-gcc" "ASSEMBLER=arm-none-ea
TRACE::2025-10-10.16:14:52::SCWMssOS::bi-as" "ARCHIVER=arm-none-eabi-ar" "COMPILER_FLAGS=  -O2 -c" "EXTRA_COMPILER_FLAGS=-mcpu=cortex-a9 -mfpu=vfpv3 -mfloat-abi=hard
TRACE::2025-10-10.16:14:52::SCWMssOS:: -nostartfiles -g -Wall -Wextra -fno-tree-loop-distribute-patterns"

TRACE::2025-10-10.16:14:52::SCWMssOS::Running Make include in ps7_cortexa9_0/libsrc/scugic_v5_1/src

TRACE::2025-10-10.16:14:52::SCWMssOS::make -C ps7_cortexa9_0/libsrc/scugic_v5_1/src -s include  "SHELL=/bin/sh" "COMPILER=arm-none-eabi-gcc" "ASSEMBLER=arm-none-eabi
TRACE::2025-10-10.16:14:52::SCWMssOS::-as" "ARCHIVER=arm-none-eabi-ar" "COMPILER_FLAGS=  -O2 -c" "EXTRA_COMPILER_FLAGS=-mcpu=cortex-a9 -mfpu=vfpv3 -mfloat-abi=hard -
TRACE::2025-10-10.16:14:52::SCWMssOS::nostartfiles -g -Wall -Wextra -fno-tree-loop-distribute-patterns"

TRACE::2025-10-10.16:14:52::SCWMssOS::Running Make include in ps7_cortexa9_0/libsrc/emacps_v3_18/src

TRACE::2025-10-10.16:14:52::SCWMssOS::make -C ps7_cortexa9_0/libsrc/emacps_v3_18/src -s include  "SHELL=/bin/sh" "COMPILER=arm-none-eabi-gcc" "ASSEMBLER=arm-none-eab
TRACE::2025-10-10.16:14:52::SCWMssOS::i-as" "ARCHIVER=arm-none-eabi-ar" "COMPILER_FLAGS=  -O2 -c" "EXTRA_COMPILER_FLAGS=-mcpu=cortex-a9 -mfpu=vfpv3 -mfloat-abi=hard 
TRACE::2025-10-10.16:14:52::SCWMssOS::-nostartfiles -g -Wall -Wextra -fno-tree-loop-distribute-patterns"

TRACE::2025-10-10.16:14:53::SCWMssOS::Running Make include in ps7_cortexa9_0/libsrc/ttcps_v3_17/src

TRACE::2025-10-10.16:14:53::SCWMssOS::make -C ps7_cortexa9_0/libsrc/ttcps_v3_17/src -s include  "SHELL=/bin/sh" "COMPILER=arm-none-eabi-gcc" "ASSEMBLER=arm-none-eabi
TRACE::2025-10-10.16:14:53::SCWMssOS::-as" "ARCHIVER=arm-none-eabi-ar" "COMPILER_FLAGS=  -O2 -c" "EXTRA_COMPILER_FLAGS=-mcpu=cortex-a9 -mfpu=vfpv3 -mfloat-abi=hard -
TRACE::2025-10-10.16:14:53::SCWMssOS::nostartfiles -g -Wall -Wextra -fno-tree-loop-distribute-patterns"

TRACE::2025-10-10.16:14:53::SCWMssOS::Running Make include in ps7_cortexa9_0/libsrc/uartps_v3_12/src

TRACE::2025-10-10.16:14:53::SCWMssOS::make -C ps7_cortexa9_0/libsrc/uartps_v3_12/src -s include  "SHELL=/bin/sh" "COMPILER=arm-none-eabi-gcc" "ASSEMBLER=arm-none-eab
TRACE::2025-10-10.16:14:53::SCWMssOS::i-as" "ARCHIVER=arm-none-eabi-ar" "COMPILER_FLAGS=  -O2 -c" "EXTRA_COMPILER_FLAGS=-mcpu=cortex-a9 -mfpu=vfpv3 -mfloat-abi=hard 
TRACE::2025-10-10.16:14:53::SCWMssOS::-nostartfiles -g -Wall -Wextra -fno-tree-loop-distribute-patterns"

TRACE::2025-10-10.16:14:54::SCWMssOS::Running Make include in ps7_cortexa9_0/libsrc/usbps_v2_7/src

TRACE::2025-10-10.16:14:54::SCWMssOS::make -C ps7_cortexa9_0/libsrc/usbps_v2_7/src -s include  "SHELL=/bin/sh" "COMPILER=arm-none-eabi-gcc" "ASSEMBLER=arm-none-eabi-
TRACE::2025-10-10.16:14:54::SCWMssOS::as" "ARCHIVER=arm-none-eabi-ar" "COMPILER_FLAGS=  -O2 -c" "EXTRA_COMPILER_FLAGS=-mcpu=cortex-a9 -mfpu=vfpv3 -mfloat-abi=hard -n
TRACE::2025-10-10.16:14:54::SCWMssOS::ostartfiles -g -Wall -Wextra -fno-tree-loop-distribute-patterns"

TRACE::2025-10-10.16:14:55::SCWMssOS::Running Make include in ps7_cortexa9_0/libsrc/coresightps_dcc_v1_8/src

TRACE::2025-10-10.16:14:55::SCWMssOS::make -C ps7_cortexa9_0/libsrc/coresightps_dcc_v1_8/src -s include  "SHELL=/bin/sh" "COMPILER=arm-none-eabi-gcc" "ASSEMBLER=arm-
TRACE::2025-10-10.16:14:55::SCWMssOS::none-eabi-as" "ARCHIVER=arm-none-eabi-ar" "COMPILER_FLAGS=  -O2 -c" "EXTRA_COMPILER_FLAGS=-mcpu=cortex-a9 -mfpu=vfpv3 -mfloat-a
TRACE::2025-10-10.16:14:55::SCWMssOS::bi=hard -nostartfiles -g -Wall -Wextra -fno-tree-loop-distribute-patterns"

TRACE::2025-10-10.16:14:55::SCWMssOS::Running Make include in ps7_cortexa9_0/libsrc/sdps_v4_1/src

TRACE::2025-10-10.16:14:55::SCWMssOS::make -C ps7_cortexa9_0/libsrc/sdps_v4_1/src -s include  "SHELL=/bin/sh" "COMPILER=arm-none-eabi-gcc" "ASSEMBLER=arm-none-eabi-a
TRACE::2025-10-10.16:14:55::SCWMssOS::s" "ARCHIVER=arm-none-eabi-ar" "COMPILER_FLAGS=  -O2 -c" "EXTRA_COMPILER_FLAGS=-mcpu=cortex-a9 -mfpu=vfpv3 -mfloat-abi=hard -no
TRACE::2025-10-10.16:14:55::SCWMssOS::startfiles -g -Wall -Wextra -fno-tree-loop-distribute-patterns"

TRACE::2025-10-10.16:14:57::SCWMssOS::Running Make include in ps7_cortexa9_0/libsrc/ddrps_v1_2/src

TRACE::2025-10-10.16:14:57::SCWMssOS::make -C ps7_cortexa9_0/libsrc/ddrps_v1_2/src -s include  "SHELL=/bin/sh" "COMPILER=arm-none-eabi-gcc" "ASSEMBLER=arm-none-eabi-
TRACE::2025-10-10.16:14:57::SCWMssOS::as" "ARCHIVER=arm-none-eabi-ar" "COMPILER_FLAGS=  -O2 -c" "EXTRA_COMPILER_FLAGS=-mcpu=cortex-a9 -mfpu=vfpv3 -mfloat-abi=hard -n
TRACE::2025-10-10.16:14:57::SCWMssOS::ostartfiles -g -Wall -Wextra -fno-tree-loop-distribute-patterns"

TRACE::2025-10-10.16:14:57::SCWMssOS::Running Make include in ps7_cortexa9_0/libsrc/standalone_v8_1/src

TRACE::2025-10-10.16:14:57::SCWMssOS::make -C ps7_cortexa9_0/libsrc/standalone_v8_1/src -s include  "SHELL=/bin/sh" "COMPILER=arm-none-eabi-gcc" "ASSEMBLER=arm-none-
TRACE::2025-10-10.16:14:57::SCWMssOS::eabi-as" "ARCHIVER=arm-none-eabi-ar" "COMPILER_FLAGS=  -O2 -c" "EXTRA_COMPILER_FLAGS=-mcpu=cortex-a9 -mfpu=vfpv3 -mfloat-abi=ha
TRACE::2025-10-10.16:14:57::SCWMssOS::rd -nostartfiles -g -Wall -Wextra -fno-tree-loop-distribute-patterns"

TRACE::2025-10-10.16:15:00::SCWMssOS::Running Make include in ps7_cortexa9_0/libsrc/gpiops_v3_11/src

TRACE::2025-10-10.16:15:00::SCWMssOS::make -C ps7_cortexa9_0/libsrc/gpiops_v3_11/src -s include  "SHELL=/bin/sh" "COMPILER=arm-none-eabi-gcc" "ASSEMBLER=arm-none-eab
TRACE::2025-10-10.16:15:00::SCWMssOS::i-as" "ARCHIVER=arm-none-eabi-ar" "COMPILER_FLAGS=  -O2 -c" "EXTRA_COMPILER_FLAGS=-mcpu=cortex-a9 -mfpu=vfpv3 -mfloat-abi=hard 
TRACE::2025-10-10.16:15:00::SCWMssOS::-nostartfiles -g -Wall -Wextra -fno-tree-loop-distribute-patterns"

TRACE::2025-10-10.16:15:00::SCWMssOS::Running Make include in ps7_cortexa9_0/libsrc/xadcps_v2_6/src

TRACE::2025-10-10.16:15:00::SCWMssOS::make -C ps7_cortexa9_0/libsrc/xadcps_v2_6/src -s include  "SHELL=/bin/sh" "COMPILER=arm-none-eabi-gcc" "ASSEMBLER=arm-none-eabi
TRACE::2025-10-10.16:15:00::SCWMssOS::-as" "ARCHIVER=arm-none-eabi-ar" "COMPILER_FLAGS=  -O2 -c" "EXTRA_COMPILER_FLAGS=-mcpu=cortex-a9 -mfpu=vfpv3 -mfloat-abi=hard -
TRACE::2025-10-10.16:15:00::SCWMssOS::nostartfiles -g -Wall -Wextra -fno-tree-loop-distribute-patterns"

TRACE::2025-10-10.16:15:00::SCWMssOS::Running Make include in ps7_cortexa9_0/libsrc/cpu_cortexa9_v2_11/src

TRACE::2025-10-10.16:15:00::SCWMssOS::make -C ps7_cortexa9_0/libsrc/cpu_cortexa9_v2_11/src -s include  "SHELL=/bin/sh" "COMPILER=arm-none-eabi-gcc" "ASSEMBLER=arm-no
TRACE::2025-10-10.16:15:00::SCWMssOS::ne-eabi-as" "ARCHIVER=arm-none-eabi-ar" "COMPILER_FLAGS=  -O2 -c" "EXTRA_COMPILER_FLAGS=-mcpu=cortex-a9 -mfpu=vfpv3 -mfloat-abi
TRACE::2025-10-10.16:15:00::SCWMssOS::=hard -nostartfiles -g -Wall -Wextra -fno-tree-loop-distribute-patterns"

TRACE::2025-10-10.16:15:00::SCWMssOS::Running Make include in ps7_cortexa9_0/libsrc/dmaps_v2_8/src

TRACE::2025-10-10.16:15:00::SCWMssOS::make -C ps7_cortexa9_0/libsrc/dmaps_v2_8/src -s include  "SHELL=/bin/sh" "COMPILER=arm-none-eabi-gcc" "ASSEMBLER=arm-none-eabi-
TRACE::2025-10-10.16:15:00::SCWMssOS::as" "ARCHIVER=arm-none-eabi-ar" "COMPILER_FLAGS=  -O2 -c" "EXTRA_COMPILER_FLAGS=-mcpu=cortex-a9 -mfpu=vfpv3 -mfloat-abi=hard -n
TRACE::2025-10-10.16:15:00::SCWMssOS::ostartfiles -g -Wall -Wextra -fno-tree-loop-distribute-patterns"

TRACE::2025-10-10.16:15:00::SCWMssOS::Running Make libs in ps7_cortexa9_0/libsrc/xilrsa_v1_6/src

TRACE::2025-10-10.16:15:00::SCWMssOS::make -C ps7_cortexa9_0/libsrc/xilrsa_v1_6/src -s libs  "SHELL=/bin/sh" "COMPILER=arm-none-eabi-gcc" "ASSEMBLER=arm-none-eabi-as
TRACE::2025-10-10.16:15:00::SCWMssOS::" "ARCHIVER=arm-none-eabi-ar" "COMPILER_FLAGS=  -O2 -c" "EXTRA_COMPILER_FLAGS=-mcpu=cortex-a9 -mfpu=vfpv3 -mfloat-abi=hard -nos
TRACE::2025-10-10.16:15:00::SCWMssOS::tartfiles -g -Wall -Wextra -fno-tree-loop-distribute-patterns"

TRACE::2025-10-10.16:15:00::SCWMssOS::Running Make libs in ps7_cortexa9_0/libsrc/trans_v1_0/src

TRACE::2025-10-10.16:15:00::SCWMssOS::make -C ps7_cortexa9_0/libsrc/trans_v1_0/src -s libs  "SHELL=/bin/sh" "COMPILER=arm-none-eabi-gcc" "ASSEMBLER=arm-none-eabi-as"
TRACE::2025-10-10.16:15:00::SCWMssOS:: "ARCHIVER=arm-none-eabi-ar" "COMPILER_FLAGS=  -O2 -c" "EXTRA_COMPILER_FLAGS=-mcpu=cortex-a9 -mfpu=vfpv3 -mfloat-abi=hard -nost
TRACE::2025-10-10.16:15:00::SCWMssOS::artfiles -g -Wall -Wextra -fno-tree-loop-distribute-patterns"

TRACE::2025-10-10.16:15:00::SCWMssOS::Compiling simple_adder...

TRACE::2025-10-10.16:15:01::SCWMssOS::Finished building libraries sequentially.

TRACE::2025-10-10.16:15:01::SCWMssOS::make -j 10 --no-print-directory par_libs

TRACE::2025-10-10.16:15:01::SCWMssOS::Running Make include in ps7_cortexa9_0/libsrc/qspips_v3_10/src

TRACE::2025-10-10.16:15:01::SCWMssOS::Running Make include in ps7_cortexa9_0/libsrc/scuwdt_v2_4/src

TRACE::2025-10-10.16:15:01::SCWMssOS::make -C ps7_cortexa9_0/libsrc/qspips_v3_10/src -s include  "SHELL=/bin/sh" "COMPILER=arm-none-eabi-gcc" "ASSEMBLER=arm-none-eab
TRACE::2025-10-10.16:15:01::SCWMssOS::i-as" "ARCHIVER=arm-none-eabi-ar" "COMPILER_FLAGS=  -O2 -c" "EXTRA_COMPILER_FLAGS=-mcpu=cortex-a9 -mfpu=vfpv3 -mfloat-abi=hard 
TRACE::2025-10-10.16:15:01::SCWMssOS::-nostartfiles -g -Wall -Wextra -fno-tree-loop-distribute-patterns"

TRACE::2025-10-10.16:15:01::SCWMssOS::make -C ps7_cortexa9_0/libsrc/scuwdt_v2_4/src -s include  "SHELL=/bin/sh" "COMPILER=arm-none-eabi-gcc" "ASSEMBLER=arm-none-eabi
TRACE::2025-10-10.16:15:01::SCWMssOS::-as" "ARCHIVER=arm-none-eabi-ar" "COMPILER_FLAGS=  -O2 -c" "EXTRA_COMPILER_FLAGS=-mcpu=cortex-a9 -mfpu=vfpv3 -mfloat-abi=hard -
TRACE::2025-10-10.16:15:01::SCWMssOS::nostartfiles -g -Wall -Wextra -fno-tree-loop-distribute-patterns"

TRACE::2025-10-10.16:15:01::SCWMssOS::Running Make include in ps7_cortexa9_0/libsrc/trans_v1_0/src

TRACE::2025-10-10.16:15:01::SCWMssOS::make -C ps7_cortexa9_0/libsrc/trans_v1_0/src -s include  "SHELL=/bin/sh" "COMPILER=arm-none-eabi-gcc" "ASSEMBLER=arm-none-eabi-
TRACE::2025-10-10.16:15:01::SCWMssOS::as" "ARCHIVER=arm-none-eabi-ar" "COMPILER_FLAGS=  -O2 -c" "EXTRA_COMPILER_FLAGS=-mcpu=cortex-a9 -mfpu=vfpv3 -mfloat-abi=hard -n
TRACE::2025-10-10.16:15:01::SCWMssOS::ostartfiles -g -Wall -Wextra -fno-tree-loop-distribute-patterns"

TRACE::2025-10-10.16:15:01::SCWMssOS::Running Make include in ps7_cortexa9_0/libsrc/devcfg_v3_7/src

TRACE::2025-10-10.16:15:01::SCWMssOS::Running Make include in ps7_cortexa9_0/libsrc/xilrsa_v1_6/src

TRACE::2025-10-10.16:15:01::SCWMssOS::make -C ps7_cortexa9_0/libsrc/devcfg_v3_7/src -s include  "SHELL=/bin/sh" "COMPILER=arm-none-eabi-gcc" "ASSEMBLER=arm-none-eabi
TRACE::2025-10-10.16:15:01::SCWMssOS::-as" "ARCHIVER=arm-none-eabi-ar" "COMPILER_FLAGS=  -O2 -c" "EXTRA_COMPILER_FLAGS=-mcpu=cortex-a9 -mfpu=vfpv3 -mfloat-abi=hard -
TRACE::2025-10-10.16:15:01::SCWMssOS::nostartfiles -g -Wall -Wextra -fno-tree-loop-distribute-patterns"

TRACE::2025-10-10.16:15:02::SCWMssOS::Running Make include in ps7_cortexa9_0/libsrc/xilffs_v5_0/src

TRACE::2025-10-10.16:15:02::SCWMssOS::make -C ps7_cortexa9_0/libsrc/xilrsa_v1_6/src -s include  "SHELL=/bin/sh" "COMPILER=arm-none-eabi-gcc" "ASSEMBLER=arm-none-eabi
TRACE::2025-10-10.16:15:02::SCWMssOS::-as" "ARCHIVER=arm-none-eabi-ar" "COMPILER_FLAGS=  -O2 -c" "EXTRA_COMPILER_FLAGS=-mcpu=cortex-a9 -mfpu=vfpv3 -mfloat-abi=hard -
TRACE::2025-10-10.16:15:02::SCWMssOS::nostartfiles -g -Wall -Wextra -fno-tree-loop-distribute-patterns"

TRACE::2025-10-10.16:15:02::SCWMssOS::Running Make include in ps7_cortexa9_0/libsrc/scutimer_v2_4/src

TRACE::2025-10-10.16:15:02::SCWMssOS::Running Make include in ps7_cortexa9_0/libsrc/scugic_v5_1/src

TRACE::2025-10-10.16:15:02::SCWMssOS::make -C ps7_cortexa9_0/libsrc/xilffs_v5_0/src -s include  "SHELL=/bin/sh" "COMPILER=arm-none-eabi-gcc" "ASSEMBLER=arm-none-eabi
TRACE::2025-10-10.16:15:02::SCWMssOS::-as" "ARCHIVER=arm-none-eabi-ar" "COMPILER_FLAGS=  -O2 -c" "EXTRA_COMPILER_FLAGS=-mcpu=cortex-a9 -mfpu=vfpv3 -mfloat-abi=hard -
TRACE::2025-10-10.16:15:02::SCWMssOS::nostartfiles -g -Wall -Wextra -fno-tree-loop-distribute-patterns"

TRACE::2025-10-10.16:15:02::SCWMssOS::make -C ps7_cortexa9_0/libsrc/scutimer_v2_4/src -s include  "SHELL=/bin/sh" "COMPILER=arm-none-eabi-gcc" "ASSEMBLER=arm-none-ea
TRACE::2025-10-10.16:15:02::SCWMssOS::bi-as" "ARCHIVER=arm-none-eabi-ar" "COMPILER_FLAGS=  -O2 -c" "EXTRA_COMPILER_FLAGS=-mcpu=cortex-a9 -mfpu=vfpv3 -mfloat-abi=hard
TRACE::2025-10-10.16:15:02::SCWMssOS:: -nostartfiles -g -Wall -Wextra -fno-tree-loop-distribute-patterns"

TRACE::2025-10-10.16:15:02::SCWMssOS::make -C ps7_cortexa9_0/libsrc/scugic_v5_1/src -s include  "SHELL=/bin/sh" "COMPILER=arm-none-eabi-gcc" "ASSEMBLER=arm-none-eabi
TRACE::2025-10-10.16:15:02::SCWMssOS::-as" "ARCHIVER=arm-none-eabi-ar" "COMPILER_FLAGS=  -O2 -c" "EXTRA_COMPILER_FLAGS=-mcpu=cortex-a9 -mfpu=vfpv3 -mfloat-abi=hard -
TRACE::2025-10-10.16:15:02::SCWMssOS::nostartfiles -g -Wall -Wextra -fno-tree-loop-distribute-patterns"

TRACE::2025-10-10.16:15:02::SCWMssOS::Running Make include in ps7_cortexa9_0/libsrc/emacps_v3_18/src

TRACE::2025-10-10.16:15:02::SCWMssOS::make -C ps7_cortexa9_0/libsrc/emacps_v3_18/src -s include  "SHELL=/bin/sh" "COMPILER=arm-none-eabi-gcc" "ASSEMBLER=arm-none-eab
TRACE::2025-10-10.16:15:03::SCWMssOS::i-as" "ARCHIVER=arm-none-eabi-ar" "COMPILER_FLAGS=  -O2 -c" "EXTRA_COMPILER_FLAGS=-mcpu=cortex-a9 -mfpu=vfpv3 -mfloat-abi=hard 
TRACE::2025-10-10.16:15:03::SCWMssOS::-nostartfiles -g -Wall -Wextra -fno-tree-loop-distribute-patterns"

TRACE::2025-10-10.16:15:03::SCWMssOS::Running Make include in ps7_cortexa9_0/libsrc/ttcps_v3_17/src

TRACE::2025-10-10.16:15:03::SCWMssOS::make -C ps7_cortexa9_0/libsrc/ttcps_v3_17/src -s include  "SHELL=/bin/sh" "COMPILER=arm-none-eabi-gcc" "ASSEMBLER=arm-none-eabi
TRACE::2025-10-10.16:15:03::SCWMssOS::-as" "ARCHIVER=arm-none-eabi-ar" "COMPILER_FLAGS=  -O2 -c" "EXTRA_COMPILER_FLAGS=-mcpu=cortex-a9 -mfpu=vfpv3 -mfloat-abi=hard -
TRACE::2025-10-10.16:15:03::SCWMssOS::nostartfiles -g -Wall -Wextra -fno-tree-loop-distribute-patterns"

TRACE::2025-10-10.16:15:03::SCWMssOS::Running Make include in ps7_cortexa9_0/libsrc/uartps_v3_12/src

TRACE::2025-10-10.16:15:03::SCWMssOS::make -C ps7_cortexa9_0/libsrc/uartps_v3_12/src -s include  "SHELL=/bin/sh" "COMPILER=arm-none-eabi-gcc" "ASSEMBLER=arm-none-eab
TRACE::2025-10-10.16:15:04::SCWMssOS::i-as" "ARCHIVER=arm-none-eabi-ar" "COMPILER_FLAGS=  -O2 -c" "EXTRA_COMPILER_FLAGS=-mcpu=cortex-a9 -mfpu=vfpv3 -mfloat-abi=hard 
TRACE::2025-10-10.16:15:04::SCWMssOS::-nostartfiles -g -Wall -Wextra -fno-tree-loop-distribute-patterns"

TRACE::2025-10-10.16:15:04::SCWMssOS::Running Make include in ps7_cortexa9_0/libsrc/usbps_v2_7/src

TRACE::2025-10-10.16:15:04::SCWMssOS::make -C ps7_cortexa9_0/libsrc/usbps_v2_7/src -s include  "SHELL=/bin/sh" "COMPILER=arm-none-eabi-gcc" "ASSEMBLER=arm-none-eabi-
TRACE::2025-10-10.16:15:04::SCWMssOS::as" "ARCHIVER=arm-none-eabi-ar" "COMPILER_FLAGS=  -O2 -c" "EXTRA_COMPILER_FLAGS=-mcpu=cortex-a9 -mfpu=vfpv3 -mfloat-abi=hard -n
TRACE::2025-10-10.16:15:04::SCWMssOS::ostartfiles -g -Wall -Wextra -fno-tree-loop-distribute-patterns"

TRACE::2025-10-10.16:15:04::SCWMssOS::Running Make include in ps7_cortexa9_0/libsrc/coresightps_dcc_v1_8/src

TRACE::2025-10-10.16:15:05::SCWMssOS::make -C ps7_cortexa9_0/libsrc/coresightps_dcc_v1_8/src -s include  "SHELL=/bin/sh" "COMPILER=arm-none-eabi-gcc" "ASSEMBLER=arm-
TRACE::2025-10-10.16:15:05::SCWMssOS::none-eabi-as" "ARCHIVER=arm-none-eabi-ar" "COMPILER_FLAGS=  -O2 -c" "EXTRA_COMPILER_FLAGS=-mcpu=cortex-a9 -mfpu=vfpv3 -mfloat-a
TRACE::2025-10-10.16:15:05::SCWMssOS::bi=hard -nostartfiles -g -Wall -Wextra -fno-tree-loop-distribute-patterns"

TRACE::2025-10-10.16:15:05::SCWMssOS::Running Make include in ps7_cortexa9_0/libsrc/sdps_v4_1/src

TRACE::2025-10-10.16:15:05::SCWMssOS::make -C ps7_cortexa9_0/libsrc/sdps_v4_1/src -s include  "SHELL=/bin/sh" "COMPILER=arm-none-eabi-gcc" "ASSEMBLER=arm-none-eabi-a
TRACE::2025-10-10.16:15:05::SCWMssOS::s" "ARCHIVER=arm-none-eabi-ar" "COMPILER_FLAGS=  -O2 -c" "EXTRA_COMPILER_FLAGS=-mcpu=cortex-a9 -mfpu=vfpv3 -mfloat-abi=hard -no
TRACE::2025-10-10.16:15:05::SCWMssOS::startfiles -g -Wall -Wextra -fno-tree-loop-distribute-patterns"

TRACE::2025-10-10.16:15:05::SCWMssOS::Running Make include in ps7_cortexa9_0/libsrc/ddrps_v1_2/src

TRACE::2025-10-10.16:15:05::SCWMssOS::make -C ps7_cortexa9_0/libsrc/ddrps_v1_2/src -s include  "SHELL=/bin/sh" "COMPILER=arm-none-eabi-gcc" "ASSEMBLER=arm-none-eabi-
TRACE::2025-10-10.16:15:06::SCWMssOS::as" "ARCHIVER=arm-none-eabi-ar" "COMPILER_FLAGS=  -O2 -c" "EXTRA_COMPILER_FLAGS=-mcpu=cortex-a9 -mfpu=vfpv3 -mfloat-abi=hard -n
TRACE::2025-10-10.16:15:06::SCWMssOS::ostartfiles -g -Wall -Wextra -fno-tree-loop-distribute-patterns"

TRACE::2025-10-10.16:15:07::SCWMssOS::Running Make include in ps7_cortexa9_0/libsrc/standalone_v8_1/src

TRACE::2025-10-10.16:15:07::SCWMssOS::make -C ps7_cortexa9_0/libsrc/standalone_v8_1/src -s include  "SHELL=/bin/sh" "COMPILER=arm-none-eabi-gcc" "ASSEMBLER=arm-none-
TRACE::2025-10-10.16:15:07::SCWMssOS::eabi-as" "ARCHIVER=arm-none-eabi-ar" "COMPILER_FLAGS=  -O2 -c" "EXTRA_COMPILER_FLAGS=-mcpu=cortex-a9 -mfpu=vfpv3 -mfloat-abi=ha
TRACE::2025-10-10.16:15:07::SCWMssOS::rd -nostartfiles -g -Wall -Wextra -fno-tree-loop-distribute-patterns"

TRACE::2025-10-10.16:15:07::SCWMssOS::Running Make include in ps7_cortexa9_0/libsrc/gpiops_v3_11/src

TRACE::2025-10-10.16:15:07::SCWMssOS::make -C ps7_cortexa9_0/libsrc/gpiops_v3_11/src -s include  "SHELL=/bin/sh" "COMPILER=arm-none-eabi-gcc" "ASSEMBLER=arm-none-eab
TRACE::2025-10-10.16:15:07::SCWMssOS::i-as" "ARCHIVER=arm-none-eabi-ar" "COMPILER_FLAGS=  -O2 -c" "EXTRA_COMPILER_FLAGS=-mcpu=cortex-a9 -mfpu=vfpv3 -mfloat-abi=hard 
TRACE::2025-10-10.16:15:07::SCWMssOS::-nostartfiles -g -Wall -Wextra -fno-tree-loop-distribute-patterns"

TRACE::2025-10-10.16:15:07::SCWMssOS::Running Make include in ps7_cortexa9_0/libsrc/xadcps_v2_6/src

TRACE::2025-10-10.16:15:07::SCWMssOS::make -C ps7_cortexa9_0/libsrc/xadcps_v2_6/src -s include  "SHELL=/bin/sh" "COMPILER=arm-none-eabi-gcc" "ASSEMBLER=arm-none-eabi
TRACE::2025-10-10.16:15:08::SCWMssOS::-as" "ARCHIVER=arm-none-eabi-ar" "COMPILER_FLAGS=  -O2 -c" "EXTRA_COMPILER_FLAGS=-mcpu=cortex-a9 -mfpu=vfpv3 -mfloat-abi=hard -
TRACE::2025-10-10.16:15:08::SCWMssOS::nostartfiles -g -Wall -Wextra -fno-tree-loop-distribute-patterns"

TRACE::2025-10-10.16:15:08::SCWMssOS::Running Make include in ps7_cortexa9_0/libsrc/cpu_cortexa9_v2_11/src

TRACE::2025-10-10.16:15:08::SCWMssOS::make -C ps7_cortexa9_0/libsrc/cpu_cortexa9_v2_11/src -s include  "SHELL=/bin/sh" "COMPILER=arm-none-eabi-gcc" "ASSEMBLER=arm-no
TRACE::2025-10-10.16:15:09::SCWMssOS::ne-eabi-as" "ARCHIVER=arm-none-eabi-ar" "COMPILER_FLAGS=  -O2 -c" "EXTRA_COMPILER_FLAGS=-mcpu=cortex-a9 -mfpu=vfpv3 -mfloat-abi
TRACE::2025-10-10.16:15:09::SCWMssOS::=hard -nostartfiles -g -Wall -Wextra -fno-tree-loop-distribute-patterns"

TRACE::2025-10-10.16:15:09::SCWMssOS::Running Make include in ps7_cortexa9_0/libsrc/dmaps_v2_8/src

TRACE::2025-10-10.16:15:09::SCWMssOS::make -C ps7_cortexa9_0/libsrc/dmaps_v2_8/src -s include  "SHELL=/bin/sh" "COMPILER=arm-none-eabi-gcc" "ASSEMBLER=arm-none-eabi-
TRACE::2025-10-10.16:15:09::SCWMssOS::as" "ARCHIVER=arm-none-eabi-ar" "COMPILER_FLAGS=  -O2 -c" "EXTRA_COMPILER_FLAGS=-mcpu=cortex-a9 -mfpu=vfpv3 -mfloat-abi=hard -n
TRACE::2025-10-10.16:15:09::SCWMssOS::ostartfiles -g -Wall -Wextra -fno-tree-loop-distribute-patterns"

TRACE::2025-10-10.16:15:09::SCWMssOS::Running Make libs in ps7_cortexa9_0/libsrc/qspips_v3_10/src

TRACE::2025-10-10.16:15:09::SCWMssOS::Running Make libs in ps7_cortexa9_0/libsrc/scuwdt_v2_4/src

TRACE::2025-10-10.16:15:09::SCWMssOS::Running Make libs in ps7_cortexa9_0/libsrc/devcfg_v3_7/src

TRACE::2025-10-10.16:15:09::SCWMssOS::Running Make libs in ps7_cortexa9_0/libsrc/xilffs_v5_0/src

TRACE::2025-10-10.16:15:09::SCWMssOS::Running Make libs in ps7_cortexa9_0/libsrc/scutimer_v2_4/src

TRACE::2025-10-10.16:15:10::SCWMssOS::make -C ps7_cortexa9_0/libsrc/qspips_v3_10/src -s libs  "SHELL=/bin/sh" "COMPILER=arm-none-eabi-gcc" "ASSEMBLER=arm-none-eabi-a
TRACE::2025-10-10.16:15:10::SCWMssOS::s" "ARCHIVER=arm-none-eabi-ar" "COMPILER_FLAGS=  -O2 -c" "EXTRA_COMPILER_FLAGS=-mcpu=cortex-a9 -mfpu=vfpv3 -mfloat-abi=hard -no
TRACE::2025-10-10.16:15:10::SCWMssOS::startfiles -g -Wall -Wextra -fno-tree-loop-distribute-patterns"

TRACE::2025-10-10.16:15:10::SCWMssOS::Running Make libs in ps7_cortexa9_0/libsrc/scugic_v5_1/src

TRACE::2025-10-10.16:15:10::SCWMssOS::make -C ps7_cortexa9_0/libsrc/scuwdt_v2_4/src -s libs  "SHELL=/bin/sh" "COMPILER=arm-none-eabi-gcc" "ASSEMBLER=arm-none-eabi-as
TRACE::2025-10-10.16:15:10::SCWMssOS::" "ARCHIVER=arm-none-eabi-ar" "COMPILER_FLAGS=  -O2 -c" "EXTRA_COMPILER_FLAGS=-mcpu=cortex-a9 -mfpu=vfpv3 -mfloat-abi=hard -nos
TRACE::2025-10-10.16:15:10::SCWMssOS::tartfiles -g -Wall -Wextra -fno-tree-loop-distribute-patterns"

TRACE::2025-10-10.16:15:10::SCWMssOS::Running Make libs in ps7_cortexa9_0/libsrc/ttcps_v3_17/src

TRACE::2025-10-10.16:15:10::SCWMssOS::make -C ps7_cortexa9_0/libsrc/devcfg_v3_7/src -s libs  "SHELL=/bin/sh" "COMPILER=arm-none-eabi-gcc" "ASSEMBLER=arm-none-eabi-as
TRACE::2025-10-10.16:15:10::SCWMssOS::" "ARCHIVER=arm-none-eabi-ar" "COMPILER_FLAGS=  -O2 -c" "EXTRA_COMPILER_FLAGS=-mcpu=cortex-a9 -mfpu=vfpv3 -mfloat-abi=hard -nos
TRACE::2025-10-10.16:15:10::SCWMssOS::tartfiles -g -Wall -Wextra -fno-tree-loop-distribute-patterns"

TRACE::2025-10-10.16:15:10::SCWMssOS::Running Make libs in ps7_cortexa9_0/libsrc/emacps_v3_18/src

TRACE::2025-10-10.16:15:10::SCWMssOS::make -C ps7_cortexa9_0/libsrc/xilffs_v5_0/src -s libs  "SHELL=/bin/sh" "COMPILER=arm-none-eabi-gcc" "ASSEMBLER=arm-none-eabi-as
TRACE::2025-10-10.16:15:10::SCWMssOS::" "ARCHIVER=arm-none-eabi-ar" "COMPILER_FLAGS=  -O2 -c" "EXTRA_COMPILER_FLAGS=-mcpu=cortex-a9 -mfpu=vfpv3 -mfloat-abi=hard -nos
TRACE::2025-10-10.16:15:11::SCWMssOS::tartfiles -g -Wall -Wextra -fno-tree-loop-distribute-patterns"

TRACE::2025-10-10.16:15:11::SCWMssOS::make -C ps7_cortexa9_0/libsrc/scutimer_v2_4/src -s libs  "SHELL=/bin/sh" "COMPILER=arm-none-eabi-gcc" "ASSEMBLER=arm-none-eabi-
TRACE::2025-10-10.16:15:11::SCWMssOS::as" "ARCHIVER=arm-none-eabi-ar" "COMPILER_FLAGS=  -O2 -c" "EXTRA_COMPILER_FLAGS=-mcpu=cortex-a9 -mfpu=vfpv3 -mfloat-abi=hard -n
TRACE::2025-10-10.16:15:11::SCWMssOS::ostartfiles -g -Wall -Wextra -fno-tree-loop-distribute-patterns"

TRACE::2025-10-10.16:15:11::SCWMssOS::Running Make libs in ps7_cortexa9_0/libsrc/uartps_v3_12/src

TRACE::2025-10-10.16:15:11::SCWMssOS::make -C ps7_cortexa9_0/libsrc/scugic_v5_1/src -s libs  "SHELL=/bin/sh" "COMPILER=arm-none-eabi-gcc" "ASSEMBLER=arm-none-eabi-as
TRACE::2025-10-10.16:15:11::SCWMssOS::" "ARCHIVER=arm-none-eabi-ar" "COMPILER_FLAGS=  -O2 -c" "EXTRA_COMPILER_FLAGS=-mcpu=cortex-a9 -mfpu=vfpv3 -mfloat-abi=hard -nos
TRACE::2025-10-10.16:15:11::SCWMssOS::tartfiles -g -Wall -Wextra -fno-tree-loop-distribute-patterns"

TRACE::2025-10-10.16:15:11::SCWMssOS::make -C ps7_cortexa9_0/libsrc/emacps_v3_18/src -s libs  "SHELL=/bin/sh" "COMPILER=arm-none-eabi-gcc" "ASSEMBLER=arm-none-eabi-a
TRACE::2025-10-10.16:15:11::SCWMssOS::s" "ARCHIVER=arm-none-eabi-ar" "COMPILER_FLAGS=  -O2 -c" "EXTRA_COMPILER_FLAGS=-mcpu=cortex-a9 -mfpu=vfpv3 -mfloat-abi=hard -no
TRACE::2025-10-10.16:15:11::SCWMssOS::startfiles -g -Wall -Wextra -fno-tree-loop-distribute-patterns"

TRACE::2025-10-10.16:15:11::SCWMssOS::make -C ps7_cortexa9_0/libsrc/ttcps_v3_17/src -s libs  "SHELL=/bin/sh" "COMPILER=arm-none-eabi-gcc" "ASSEMBLER=arm-none-eabi-as
TRACE::2025-10-10.16:15:12::SCWMssOS::" "ARCHIVER=arm-none-eabi-ar" "COMPILER_FLAGS=  -O2 -c" "EXTRA_COMPILER_FLAGS=-mcpu=cortex-a9 -mfpu=vfpv3 -mfloat-abi=hard -nos
TRACE::2025-10-10.16:15:12::SCWMssOS::tartfiles -g -Wall -Wextra -fno-tree-loop-distribute-patterns"

TRACE::2025-10-10.16:15:13::SCWMssOS::make -C ps7_cortexa9_0/libsrc/uartps_v3_12/src -s libs  "SHELL=/bin/sh" "COMPILER=arm-none-eabi-gcc" "ASSEMBLER=arm-none-eabi-a
TRACE::2025-10-10.16:15:13::SCWMssOS::s" "ARCHIVER=arm-none-eabi-ar" "COMPILER_FLAGS=  -O2 -c" "EXTRA_COMPILER_FLAGS=-mcpu=cortex-a9 -mfpu=vfpv3 -mfloat-abi=hard -no
TRACE::2025-10-10.16:15:13::SCWMssOS::startfiles -g -Wall -Wextra -fno-tree-loop-distribute-patterns"

TRACE::2025-10-10.16:15:13::SCWMssOS::Running Make libs in ps7_cortexa9_0/libsrc/usbps_v2_7/src

TRACE::2025-10-10.16:15:13::SCWMssOS::make -C ps7_cortexa9_0/libsrc/usbps_v2_7/src -s libs  "SHELL=/bin/sh" "COMPILER=arm-none-eabi-gcc" "ASSEMBLER=arm-none-eabi-as"
TRACE::2025-10-10.16:15:13::SCWMssOS:: "ARCHIVER=arm-none-eabi-ar" "COMPILER_FLAGS=  -O2 -c" "EXTRA_COMPILER_FLAGS=-mcpu=cortex-a9 -mfpu=vfpv3 -mfloat-abi=hard -nost
TRACE::2025-10-10.16:15:13::SCWMssOS::artfiles -g -Wall -Wextra -fno-tree-loop-distribute-patterns"

TRACE::2025-10-10.16:15:13::SCWMssOS::Running Make libs in ps7_cortexa9_0/libsrc/coresightps_dcc_v1_8/src

TRACE::2025-10-10.16:15:13::SCWMssOS::make -C ps7_cortexa9_0/libsrc/coresightps_dcc_v1_8/src -s libs  "SHELL=/bin/sh" "COMPILER=arm-none-eabi-gcc" "ASSEMBLER=arm-non
TRACE::2025-10-10.16:15:13::SCWMssOS::e-eabi-as" "ARCHIVER=arm-none-eabi-ar" "COMPILER_FLAGS=  -O2 -c" "EXTRA_COMPILER_FLAGS=-mcpu=cortex-a9 -mfpu=vfpv3 -mfloat-abi=
TRACE::2025-10-10.16:15:13::SCWMssOS::hard -nostartfiles -g -Wall -Wextra -fno-tree-loop-distribute-patterns"

TRACE::2025-10-10.16:15:14::SCWMssOS::Running Make libs in ps7_cortexa9_0/libsrc/sdps_v4_1/src

TRACE::2025-10-10.16:15:14::SCWMssOS::make -C ps7_cortexa9_0/libsrc/sdps_v4_1/src -s libs  "SHELL=/bin/sh" "COMPILER=arm-none-eabi-gcc" "ASSEMBLER=arm-none-eabi-as" 
TRACE::2025-10-10.16:15:15::SCWMssOS::"ARCHIVER=arm-none-eabi-ar" "COMPILER_FLAGS=  -O2 -c" "EXTRA_COMPILER_FLAGS=-mcpu=cortex-a9 -mfpu=vfpv3 -mfloat-abi=hard -nosta
TRACE::2025-10-10.16:15:15::SCWMssOS::rtfiles -g -Wall -Wextra -fno-tree-loop-distribute-patterns"

TRACE::2025-10-10.16:15:15::SCWMssOS::Running Make libs in ps7_cortexa9_0/libsrc/ddrps_v1_2/src

TRACE::2025-10-10.16:15:15::SCWMssOS::make -C ps7_cortexa9_0/libsrc/ddrps_v1_2/src -s libs  "SHELL=/bin/sh" "COMPILER=arm-none-eabi-gcc" "ASSEMBLER=arm-none-eabi-as"
TRACE::2025-10-10.16:15:15::SCWMssOS:: "ARCHIVER=arm-none-eabi-ar" "COMPILER_FLAGS=  -O2 -c" "EXTRA_COMPILER_FLAGS=-mcpu=cortex-a9 -mfpu=vfpv3 -mfloat-abi=hard -nost
TRACE::2025-10-10.16:15:15::SCWMssOS::artfiles -g -Wall -Wextra -fno-tree-loop-distribute-patterns"

TRACE::2025-10-10.16:15:15::SCWMssOS::Running Make libs in ps7_cortexa9_0/libsrc/standalone_v8_1/src

TRACE::2025-10-10.16:15:15::SCWMssOS::make -C ps7_cortexa9_0/libsrc/standalone_v8_1/src -s libs  "SHELL=/bin/sh" "COMPILER=arm-none-eabi-gcc" "ASSEMBLER=arm-none-eab
TRACE::2025-10-10.16:15:15::SCWMssOS::i-as" "ARCHIVER=arm-none-eabi-ar" "COMPILER_FLAGS=  -O2 -c" "EXTRA_COMPILER_FLAGS=-mcpu=cortex-a9 -mfpu=vfpv3 -mfloat-abi=hard 
TRACE::2025-10-10.16:15:15::SCWMssOS::-nostartfiles -g -Wall -Wextra -fno-tree-loop-distribute-patterns"

TRACE::2025-10-10.16:15:15::SCWMssOS::Running Make libs in ps7_cortexa9_0/libsrc/gpiops_v3_11/src

TRACE::2025-10-10.16:15:15::SCWMssOS::make -C ps7_cortexa9_0/libsrc/gpiops_v3_11/src -s libs  "SHELL=/bin/sh" "COMPILER=arm-none-eabi-gcc" "ASSEMBLER=arm-none-eabi-a
TRACE::2025-10-10.16:15:15::SCWMssOS::s" "ARCHIVER=arm-none-eabi-ar" "COMPILER_FLAGS=  -O2 -c" "EXTRA_COMPILER_FLAGS=-mcpu=cortex-a9 -mfpu=vfpv3 -mfloat-abi=hard -no
TRACE::2025-10-10.16:15:15::SCWMssOS::startfiles -g -Wall -Wextra -fno-tree-loop-distribute-patterns"

TRACE::2025-10-10.16:15:15::SCWMssOS::Running Make libs in ps7_cortexa9_0/libsrc/xadcps_v2_6/src

TRACE::2025-10-10.16:15:15::SCWMssOS::make -C ps7_cortexa9_0/libsrc/xadcps_v2_6/src -s libs  "SHELL=/bin/sh" "COMPILER=arm-none-eabi-gcc" "ASSEMBLER=arm-none-eabi-as
TRACE::2025-10-10.16:15:15::SCWMssOS::" "ARCHIVER=arm-none-eabi-ar" "COMPILER_FLAGS=  -O2 -c" "EXTRA_COMPILER_FLAGS=-mcpu=cortex-a9 -mfpu=vfpv3 -mfloat-abi=hard -nos
TRACE::2025-10-10.16:15:15::SCWMssOS::tartfiles -g -Wall -Wextra -fno-tree-loop-distribute-patterns"

TRACE::2025-10-10.16:15:15::SCWMssOS::Running Make libs in ps7_cortexa9_0/libsrc/cpu_cortexa9_v2_11/src

TRACE::2025-10-10.16:15:16::SCWMssOS::make -C ps7_cortexa9_0/libsrc/cpu_cortexa9_v2_11/src -s libs  "SHELL=/bin/sh" "COMPILER=arm-none-eabi-gcc" "ASSEMBLER=arm-none-
TRACE::2025-10-10.16:15:16::SCWMssOS::eabi-as" "ARCHIVER=arm-none-eabi-ar" "COMPILER_FLAGS=  -O2 -c" "EXTRA_COMPILER_FLAGS=-mcpu=cortex-a9 -mfpu=vfpv3 -mfloat-abi=ha
TRACE::2025-10-10.16:15:16::SCWMssOS::rd -nostartfiles -g -Wall -Wextra -fno-tree-loop-distribute-patterns"

TRACE::2025-10-10.16:15:16::SCWMssOS::Running Make libs in ps7_cortexa9_0/libsrc/dmaps_v2_8/src

TRACE::2025-10-10.16:15:16::SCWMssOS::make -C ps7_cortexa9_0/libsrc/dmaps_v2_8/src -s libs  "SHELL=/bin/sh" "COMPILER=arm-none-eabi-gcc" "ASSEMBLER=arm-none-eabi-as"
TRACE::2025-10-10.16:15:17::SCWMssOS:: "ARCHIVER=arm-none-eabi-ar" "COMPILER_FLAGS=  -O2 -c" "EXTRA_COMPILER_FLAGS=-mcpu=cortex-a9 -mfpu=vfpv3 -mfloat-abi=hard -nost
TRACE::2025-10-10.16:15:17::SCWMssOS::artfiles -g -Wall -Wextra -fno-tree-loop-distribute-patterns"

TRACE::2025-10-10.16:15:20::SCWMssOS::Finished building libraries parallelly.

TRACE::2025-10-10.16:15:20::SCWMssOS::make --no-print-directory archive

TRACE::2025-10-10.16:15:20::SCWMssOS::arm-none-eabi-ar -r  ps7_cortexa9_0/lib/libxil.a ps7_cortexa9_0/lib/_exit.o ps7_cortexa9_0/lib/_open.o ps7_cortexa9_0/lib/_sbrk
TRACE::2025-10-10.16:15:20::SCWMssOS::.o ps7_cortexa9_0/lib/abort.o ps7_cortexa9_0/lib/asm_vectors.o ps7_cortexa9_0/lib/boot.o ps7_cortexa9_0/lib/close.o ps7_cortexa
TRACE::2025-10-10.16:15:20::SCWMssOS::9_0/lib/cpputest_time.o ps7_cortexa9_0/lib/cpu_init.o ps7_cortexa9_0/lib/errno.o ps7_cortexa9_0/lib/fcntl.o ps7_cortexa9_0/lib/
TRACE::2025-10-10.16:15:20::SCWMssOS::fstat.o ps7_cortexa9_0/lib/getentropy.o ps7_cortexa9_0/lib/getpid.o ps7_cortexa9_0/lib/inbyte.o ps7_cortexa9_0/lib/isatty.o ps7
TRACE::2025-10-10.16:15:20::SCWMssOS::_cortexa9_0/lib/kill.o ps7_cortexa9_0/lib/lseek.o ps7_cortexa9_0/lib/open.o ps7_cortexa9_0/lib/outbyte.o ps7_cortexa9_0/lib/pri
TRACE::2025-10-10.16:15:20::SCWMssOS::nt.o ps7_cortexa9_0/lib/putnum.o ps7_cortexa9_0/lib/read.o ps7_cortexa9_0/lib/sbrk.o ps7_cortexa9_0/lib/sleep.o ps7_cortexa9_0/
TRACE::2025-10-10.16:15:20::SCWMssOS::lib/time.o ps7_cortexa9_0/lib/translation_table.o ps7_cortexa9_0/lib/unlink.o ps7_cortexa9_0/lib/usleep.o ps7_cortexa9_0/lib/ve
TRACE::2025-10-10.16:15:20::SCWMssOS::ctors.o ps7_cortexa9_0/lib/write.o ps7_cortexa9_0/lib/xadcps.o ps7_cortexa9_0/lib/xadcps_g.o ps7_cortexa9_0/lib/xadcps_intr.o p
TRACE::2025-10-10.16:15:20::SCWMssOS::s7_cortexa9_0/lib/xadcps_selftest.o ps7_cortexa9_0/lib/xadcps_sinit.o ps7_cortexa9_0/lib/xcoresightpsdcc.o ps7_cortexa9_0/lib/x
TRACE::2025-10-10.16:15:20::SCWMssOS::devcfg.o ps7_cortexa9_0/lib/xdevcfg_g.o ps7_cortexa9_0/lib/xdevcfg_hw.o ps7_cortexa9_0/lib/xdevcfg_intr.o ps7_cortexa9_0/lib/xd
TRACE::2025-10-10.16:15:20::SCWMssOS::evcfg_selftest.o ps7_cortexa9_0/lib/xdevcfg_sinit.o ps7_cortexa9_0/lib/xdmaps.o ps7_cortexa9_0/lib/xdmaps_g.o ps7_cortexa9_0/li
TRACE::2025-10-10.16:15:20::SCWMssOS::b/xdmaps_hw.o ps7_cortexa9_0/lib/xdmaps_selftest.o ps7_cortexa9_0/lib/xdmaps_sinit.o ps7_cortexa9_0/lib/xemacps.o ps7_cortexa9_
TRACE::2025-10-10.16:15:21::SCWMssOS::0/lib/xemacps_bdring.o ps7_cortexa9_0/lib/xemacps_control.o ps7_cortexa9_0/lib/xemacps_g.o ps7_cortexa9_0/lib/xemacps_hw.o ps7_
TRACE::2025-10-10.16:15:21::SCWMssOS::cortexa9_0/lib/xemacps_intr.o ps7_cortexa9_0/lib/xemacps_sinit.o ps7_cortexa9_0/lib/xgpiops.o ps7_cortexa9_0/lib/xgpiops_g.o ps
TRACE::2025-10-10.16:15:21::SCWMssOS::7_cortexa9_0/lib/xgpiops_hw.o ps7_cortexa9_0/lib/xgpiops_intr.o ps7_cortexa9_0/lib/xgpiops_selftest.o ps7_cortexa9_0/lib/xgpiop
TRACE::2025-10-10.16:15:21::SCWMssOS::s_sinit.o ps7_cortexa9_0/lib/xil-crt0.o ps7_cortexa9_0/lib/xil_assert.o ps7_cortexa9_0/lib/xil_cache.o ps7_cortexa9_0/lib/xil_c
TRACE::2025-10-10.16:15:21::SCWMssOS::locking.o ps7_cortexa9_0/lib/xil_exception.o ps7_cortexa9_0/lib/xil_mem.o ps7_cortexa9_0/lib/xil_misc_psreset_api.o ps7_cortexa
TRACE::2025-10-10.16:15:21::SCWMssOS::9_0/lib/xil_mmu.o ps7_cortexa9_0/lib/xil_printf.o ps7_cortexa9_0/lib/xil_sleepcommon.o ps7_cortexa9_0/lib/xil_sleeptimer.o ps7_
TRACE::2025-10-10.16:15:21::SCWMssOS::cortexa9_0/lib/xil_spinlock.o ps7_cortexa9_0/lib/xil_testcache.o ps7_cortexa9_0/lib/xil_testio.o ps7_cortexa9_0/lib/xil_testmem
TRACE::2025-10-10.16:15:21::SCWMssOS::.o ps7_cortexa9_0/lib/xil_util.o ps7_cortexa9_0/lib/xinterrupt_wrap.o ps7_cortexa9_0/lib/xl2cc_counter.o ps7_cortexa9_0/lib/xpl
TRACE::2025-10-10.16:15:21::SCWMssOS::atform_info.o ps7_cortexa9_0/lib/xpm_counter.o ps7_cortexa9_0/lib/xqspips.o ps7_cortexa9_0/lib/xqspips_g.o ps7_cortexa9_0/lib/x
TRACE::2025-10-10.16:15:21::SCWMssOS::qspips_hw.o ps7_cortexa9_0/lib/xqspips_options.o ps7_cortexa9_0/lib/xqspips_selftest.o ps7_cortexa9_0/lib/xqspips_sinit.o ps7_c
TRACE::2025-10-10.16:15:21::SCWMssOS::ortexa9_0/lib/xscugic.o ps7_cortexa9_0/lib/xscugic_g.o ps7_cortexa9_0/lib/xscugic_hw.o ps7_cortexa9_0/lib/xscugic_intr.o ps7_co
TRACE::2025-10-10.16:15:21::SCWMssOS::rtexa9_0/lib/xscugic_selftest.o ps7_cortexa9_0/lib/xscugic_sinit.o ps7_cortexa9_0/lib/xscutimer.o ps7_cortexa9_0/lib/xscutimer_
TRACE::2025-10-10.16:15:21::SCWMssOS::g.o ps7_cortexa9_0/lib/xscutimer_selftest.o ps7_cortexa9_0/lib/xscutimer_sinit.o ps7_cortexa9_0/lib/xscuwdt.o ps7_cortexa9_0/li
TRACE::2025-10-10.16:15:21::SCWMssOS::b/xscuwdt_g.o ps7_cortexa9_0/lib/xscuwdt_selftest.o ps7_cortexa9_0/lib/xscuwdt_sinit.o ps7_cortexa9_0/lib/xsdps.o ps7_cortexa9_
TRACE::2025-10-10.16:15:21::SCWMssOS::0/lib/xsdps_card.o ps7_cortexa9_0/lib/xsdps_g.o ps7_cortexa9_0/lib/xsdps_host.o ps7_cortexa9_0/lib/xsdps_options.o ps7_cortexa9
TRACE::2025-10-10.16:15:21::SCWMssOS::_0/lib/xsdps_sinit.o ps7_cortexa9_0/lib/xtime_l.o ps7_cortexa9_0/lib/xttcps.o ps7_cortexa9_0/lib/xttcps_g.o ps7_cortexa9_0/lib/
TRACE::2025-10-10.16:15:21::SCWMssOS::xttcps_options.o ps7_cortexa9_0/lib/xttcps_selftest.o ps7_cortexa9_0/lib/xttcps_sinit.o ps7_cortexa9_0/lib/xuartps.o ps7_cortex
TRACE::2025-10-10.16:15:21::SCWMssOS::a9_0/lib/xuartps_g.o ps7_cortexa9_0/lib/xuartps_hw.o ps7_cortexa9_0/lib/xuartps_intr.o ps7_cortexa9_0/lib/xuartps_options.o ps7
TRACE::2025-10-10.16:15:21::SCWMssOS::_cortexa9_0/lib/xuartps_selftest.o ps7_cortexa9_0/lib/xuartps_sinit.o ps7_cortexa9_0/lib/xusbps.o ps7_cortexa9_0/lib/xusbps_end
TRACE::2025-10-10.16:15:21::SCWMssOS::point.o ps7_cortexa9_0/lib/xusbps_g.o ps7_cortexa9_0/lib/xusbps_hw.o ps7_cortexa9_0/lib/xusbps_intr.o ps7_cortexa9_0/lib/xusbps
TRACE::2025-10-10.16:15:21::SCWMssOS::_sinit.o

TRACE::2025-10-10.16:15:22::SCWMssOS::Finished building libraries

TRACE::2025-10-10.16:15:33::SCWMssOS::Copying to export directory.
TRACE::2025-10-10.16:15:49::SCWMssOS:: Checking if to create the Supporting Applications
TRACE::2025-10-10.16:15:49::SCWMssOS:: No Linux domain exists, trying to generate FSBL 
LOG::2025-10-10.16:15:49::SCWSystem::Completed Processing the domain standalone_ps7_cortexa9_0
LOG::2025-10-10.16:15:49::SCWSystem::Completed Processing the sysconfig top_decoder
LOG::2025-10-10.16:15:49::SCWPlatform::Completed generating the artifacts for system configuration top_decoder
TRACE::2025-10-10.16:15:49::SCWPlatform::Started preparing the platform 
TRACE::2025-10-10.16:15:49::SCWSystem::Writing the bif file for system config top_decoder
TRACE::2025-10-10.16:15:49::SCWSystem::dir created 
TRACE::2025-10-10.16:15:49::SCWSystem::Writing the bif 
TRACE::2025-10-10.16:15:50::SCWPlatform::Started writing the spfm file 
TRACE::2025-10-10.16:15:50::SCWPlatform::Started writing the xpfm file 
TRACE::2025-10-10.16:15:50::SCWPlatform::Completed generating the platform
TRACE::2025-10-10.16:15:50::SCWMssOS::Saving the mss changes /home/grads/t/tamu_vik/ECEN-722/lab5/top_decoder/zynq_fsbl/zynq_fsbl_bsp/system.mss
TRACE::2025-10-10.16:15:50::SCWMssOS::Found a swdesign opened with the mssfile.
TRACE::2025-10-10.16:15:50::SCWMssOS::Completed writemss as part of save.
TRACE::2025-10-10.16:15:50::SCWMssOS::Commit changes completed.
TRACE::2025-10-10.16:15:50::SCWMssOS::Saving the mss changes /home/grads/t/tamu_vik/ECEN-722/lab5/top_decoder/ps7_cortexa9_0/standalone_ps7_cortexa9_0/bsp/system.mss
TRACE::2025-10-10.16:15:50::SCWMssOS::Found a swdesign opened with the mssfile.
TRACE::2025-10-10.16:15:50::SCWMssOS::Completed writemss as part of save.
TRACE::2025-10-10.16:15:50::SCWMssOS::Commit changes completed.
TRACE::2025-10-10.16:15:50::SCWPlatform::Trying to open the hw design at /home/grads/t/tamu_vik/ECEN-722/lab5/top_decoder/hw/top_decoder.xsa
TRACE::2025-10-10.16:15:50::SCWPlatform::DSA given /home/grads/t/tamu_vik/ECEN-722/lab5/top_decoder/hw/top_decoder.xsa
TRACE::2025-10-10.16:15:50::SCWPlatform::DSA absoulate path /home/grads/t/tamu_vik/ECEN-722/lab5/top_decoder/hw/top_decoder.xsa
TRACE::2025-10-10.16:15:50::SCWPlatform::DSA directory /home/grads/t/tamu_vik/ECEN-722/lab5/top_decoder/hw
TRACE::2025-10-10.16:15:50::SCWPlatform:: Platform Path /home/grads/t/tamu_vik/ECEN-722/lab5/top_decoder/hw/top_decoder.xsa
TRACE::2025-10-10.16:15:50::SCWPlatform:: Unique name xilinx:zybo-z7-10::0.0
TRACE::2025-10-10.16:15:50::SCWPlatform::Trying to set the existing hwdb with name top_decoder_0
TRACE::2025-10-10.16:15:50::SCWPlatform::Opened existing hwdb top_decoder_0
TRACE::2025-10-10.16:15:50::SCWPlatform::Found the Hw Db part of the input DSA
TRACE::2025-10-10.16:15:50::SCWMssOS::Checking the sw design at  /home/grads/t/tamu_vik/ECEN-722/lab5/top_decoder/zynq_fsbl/zynq_fsbl_bsp/system.mss
TRACE::2025-10-10.16:15:50::SCWMssOS::DEBUG:  swdes dump  /home/grads/t/tamu_vik/ECEN-722/lab5/top_decoder/ps7_cortexa9_0/standalone_ps7_cortexa9_0/bsp/system.mss|system_0||
/home/grads/t/tamu_vik/ECEN-722/lab5/top_decoder/zynq_fsbl/zynq_fsbl_bsp/system.mss|system||

TRACE::2025-10-10.16:15:50::SCWMssOS::Sw design exists and opened at  /home/grads/t/tamu_vik/ECEN-722/lab5/top_decoder/zynq_fsbl/zynq_fsbl_bsp/system.mss
TRACE::2025-10-10.16:15:50::SCWPlatform::Trying to open the hw design at /home/grads/t/tamu_vik/ECEN-722/lab5/top_decoder/hw/top_decoder.xsa
TRACE::2025-10-10.16:15:50::SCWPlatform::DSA given /home/grads/t/tamu_vik/ECEN-722/lab5/top_decoder/hw/top_decoder.xsa
TRACE::2025-10-10.16:15:50::SCWPlatform::DSA absoulate path /home/grads/t/tamu_vik/ECEN-722/lab5/top_decoder/hw/top_decoder.xsa
TRACE::2025-10-10.16:15:50::SCWPlatform::DSA directory /home/grads/t/tamu_vik/ECEN-722/lab5/top_decoder/hw
TRACE::2025-10-10.16:15:50::SCWPlatform:: Platform Path /home/grads/t/tamu_vik/ECEN-722/lab5/top_decoder/hw/top_decoder.xsa
TRACE::2025-10-10.16:15:50::SCWPlatform:: Unique name xilinx:zybo-z7-10::0.0
TRACE::2025-10-10.16:15:50::SCWPlatform::Trying to set the existing hwdb with name top_decoder_0
TRACE::2025-10-10.16:15:50::SCWPlatform::Opened existing hwdb top_decoder_0
TRACE::2025-10-10.16:15:50::SCWPlatform::Found the Hw Db part of the input DSA
TRACE::2025-10-10.16:15:50::SCWMssOS::Checking the sw design at  /home/grads/t/tamu_vik/ECEN-722/lab5/top_decoder/zynq_fsbl/zynq_fsbl_bsp/system.mss
TRACE::2025-10-10.16:15:50::SCWMssOS::DEBUG:  swdes dump  /home/grads/t/tamu_vik/ECEN-722/lab5/top_decoder/ps7_cortexa9_0/standalone_ps7_cortexa9_0/bsp/system.mss|system_0||
/home/grads/t/tamu_vik/ECEN-722/lab5/top_decoder/zynq_fsbl/zynq_fsbl_bsp/system.mss|system||

TRACE::2025-10-10.16:15:50::SCWMssOS::Sw design exists and opened at  /home/grads/t/tamu_vik/ECEN-722/lab5/top_decoder/zynq_fsbl/zynq_fsbl_bsp/system.mss
TRACE::2025-10-10.16:15:50::SCWPlatform::Trying to open the hw design at /home/grads/t/tamu_vik/ECEN-722/lab5/top_decoder/hw/top_decoder.xsa
TRACE::2025-10-10.16:15:50::SCWPlatform::DSA given /home/grads/t/tamu_vik/ECEN-722/lab5/top_decoder/hw/top_decoder.xsa
TRACE::2025-10-10.16:15:50::SCWPlatform::DSA absoulate path /home/grads/t/tamu_vik/ECEN-722/lab5/top_decoder/hw/top_decoder.xsa
TRACE::2025-10-10.16:15:50::SCWPlatform::DSA directory /home/grads/t/tamu_vik/ECEN-722/lab5/top_decoder/hw
TRACE::2025-10-10.16:15:50::SCWPlatform:: Platform Path /home/grads/t/tamu_vik/ECEN-722/lab5/top_decoder/hw/top_decoder.xsa
TRACE::2025-10-10.16:15:50::SCWPlatform:: Unique name xilinx:zybo-z7-10::0.0
TRACE::2025-10-10.16:15:50::SCWPlatform::Trying to set the existing hwdb with name top_decoder_0
TRACE::2025-10-10.16:15:50::SCWPlatform::Opened existing hwdb top_decoder_0
TRACE::2025-10-10.16:15:50::SCWPlatform::Found the Hw Db part of the input DSA
TRACE::2025-10-10.16:15:50::SCWMssOS::Checking the sw design at  /home/grads/t/tamu_vik/ECEN-722/lab5/top_decoder/zynq_fsbl/zynq_fsbl_bsp/system.mss
TRACE::2025-10-10.16:15:50::SCWMssOS::DEBUG:  swdes dump  /home/grads/t/tamu_vik/ECEN-722/lab5/top_decoder/ps7_cortexa9_0/standalone_ps7_cortexa9_0/bsp/system.mss|system_0||
/home/grads/t/tamu_vik/ECEN-722/lab5/top_decoder/zynq_fsbl/zynq_fsbl_bsp/system.mss|system||

TRACE::2025-10-10.16:15:50::SCWMssOS::Sw design exists and opened at  /home/grads/t/tamu_vik/ECEN-722/lab5/top_decoder/zynq_fsbl/zynq_fsbl_bsp/system.mss
TRACE::2025-10-10.16:15:50::SCWPlatform::Trying to open the hw design at /home/grads/t/tamu_vik/ECEN-722/lab5/top_decoder/hw/top_decoder.xsa
TRACE::2025-10-10.16:15:50::SCWPlatform::DSA given /home/grads/t/tamu_vik/ECEN-722/lab5/top_decoder/hw/top_decoder.xsa
TRACE::2025-10-10.16:15:50::SCWPlatform::DSA absoulate path /home/grads/t/tamu_vik/ECEN-722/lab5/top_decoder/hw/top_decoder.xsa
TRACE::2025-10-10.16:15:50::SCWPlatform::DSA directory /home/grads/t/tamu_vik/ECEN-722/lab5/top_decoder/hw
TRACE::2025-10-10.16:15:50::SCWPlatform:: Platform Path /home/grads/t/tamu_vik/ECEN-722/lab5/top_decoder/hw/top_decoder.xsa
TRACE::2025-10-10.16:15:50::SCWPlatform:: Unique name xilinx:zybo-z7-10::0.0
TRACE::2025-10-10.16:15:50::SCWPlatform::Trying to set the existing hwdb with name top_decoder_0
TRACE::2025-10-10.16:15:50::SCWPlatform::Opened existing hwdb top_decoder_0
TRACE::2025-10-10.16:15:50::SCWPlatform::Found the Hw Db part of the input DSA
TRACE::2025-10-10.16:15:50::SCWMssOS::Checking the sw design at  /home/grads/t/tamu_vik/ECEN-722/lab5/top_decoder/ps7_cortexa9_0/standalone_ps7_cortexa9_0/bsp/system.mss
TRACE::2025-10-10.16:15:50::SCWMssOS::DEBUG:  swdes dump  /home/grads/t/tamu_vik/ECEN-722/lab5/top_decoder/ps7_cortexa9_0/standalone_ps7_cortexa9_0/bsp/system.mss|system_0||
/home/grads/t/tamu_vik/ECEN-722/lab5/top_decoder/zynq_fsbl/zynq_fsbl_bsp/system.mss|system||

TRACE::2025-10-10.16:15:50::SCWMssOS::Sw design exists and opened at  /home/grads/t/tamu_vik/ECEN-722/lab5/top_decoder/ps7_cortexa9_0/standalone_ps7_cortexa9_0/bsp/system.mss
TRACE::2025-10-10.16:15:50::SCWPlatform::Trying to open the hw design at /home/grads/t/tamu_vik/ECEN-722/lab5/top_decoder/hw/top_decoder.xsa
TRACE::2025-10-10.16:15:50::SCWPlatform::DSA given /home/grads/t/tamu_vik/ECEN-722/lab5/top_decoder/hw/top_decoder.xsa
TRACE::2025-10-10.16:15:50::SCWPlatform::DSA absoulate path /home/grads/t/tamu_vik/ECEN-722/lab5/top_decoder/hw/top_decoder.xsa
TRACE::2025-10-10.16:15:50::SCWPlatform::DSA directory /home/grads/t/tamu_vik/ECEN-722/lab5/top_decoder/hw
TRACE::2025-10-10.16:15:50::SCWPlatform:: Platform Path /home/grads/t/tamu_vik/ECEN-722/lab5/top_decoder/hw/top_decoder.xsa
TRACE::2025-10-10.16:15:50::SCWPlatform:: Unique name xilinx:zybo-z7-10::0.0
TRACE::2025-10-10.16:15:50::SCWPlatform::Trying to set the existing hwdb with name top_decoder_0
TRACE::2025-10-10.16:15:50::SCWPlatform::Opened existing hwdb top_decoder_0
TRACE::2025-10-10.16:15:50::SCWPlatform::Found the Hw Db part of the input DSA
TRACE::2025-10-10.16:15:50::SCWMssOS::Checking the sw design at  /home/grads/t/tamu_vik/ECEN-722/lab5/top_decoder/ps7_cortexa9_0/standalone_ps7_cortexa9_0/bsp/system.mss
TRACE::2025-10-10.16:15:50::SCWMssOS::DEBUG:  swdes dump  /home/grads/t/tamu_vik/ECEN-722/lab5/top_decoder/ps7_cortexa9_0/standalone_ps7_cortexa9_0/bsp/system.mss|system_0||
/home/grads/t/tamu_vik/ECEN-722/lab5/top_decoder/zynq_fsbl/zynq_fsbl_bsp/system.mss|system||

TRACE::2025-10-10.16:15:50::SCWMssOS::Sw design exists and opened at  /home/grads/t/tamu_vik/ECEN-722/lab5/top_decoder/ps7_cortexa9_0/standalone_ps7_cortexa9_0/bsp/system.mss
TRACE::2025-10-10.16:15:50::SCWPlatform::Trying to open the hw design at /home/grads/t/tamu_vik/ECEN-722/lab5/top_decoder/hw/top_decoder.xsa
TRACE::2025-10-10.16:15:50::SCWPlatform::DSA given /home/grads/t/tamu_vik/ECEN-722/lab5/top_decoder/hw/top_decoder.xsa
TRACE::2025-10-10.16:15:51::SCWPlatform::DSA absoulate path /home/grads/t/tamu_vik/ECEN-722/lab5/top_decoder/hw/top_decoder.xsa
TRACE::2025-10-10.16:15:51::SCWPlatform::DSA directory /home/grads/t/tamu_vik/ECEN-722/lab5/top_decoder/hw
TRACE::2025-10-10.16:15:51::SCWPlatform:: Platform Path /home/grads/t/tamu_vik/ECEN-722/lab5/top_decoder/hw/top_decoder.xsa
TRACE::2025-10-10.16:15:51::SCWPlatform:: Unique name xilinx:zybo-z7-10::0.0
TRACE::2025-10-10.16:15:51::SCWPlatform::Trying to set the existing hwdb with name top_decoder_0
TRACE::2025-10-10.16:15:51::SCWPlatform::Opened existing hwdb top_decoder_0
TRACE::2025-10-10.16:15:51::SCWPlatform::Found the Hw Db part of the input DSA
TRACE::2025-10-10.16:15:51::SCWMssOS::Checking the sw design at  /home/grads/t/tamu_vik/ECEN-722/lab5/top_decoder/ps7_cortexa9_0/standalone_ps7_cortexa9_0/bsp/system.mss
TRACE::2025-10-10.16:15:51::SCWMssOS::DEBUG:  swdes dump  /home/grads/t/tamu_vik/ECEN-722/lab5/top_decoder/ps7_cortexa9_0/standalone_ps7_cortexa9_0/bsp/system.mss|system_0||
/home/grads/t/tamu_vik/ECEN-722/lab5/top_decoder/zynq_fsbl/zynq_fsbl_bsp/system.mss|system||

TRACE::2025-10-10.16:15:51::SCWMssOS::Sw design exists and opened at  /home/grads/t/tamu_vik/ECEN-722/lab5/top_decoder/ps7_cortexa9_0/standalone_ps7_cortexa9_0/bsp/system.mss
TRACE::2025-10-10.16:15:51::SCWWriter::formatted JSON is {
	"platformName":	"top_decoder",
	"sprVersion":	"2.0",
	"mode":	"gui",
	"dsaType":	"Fixed",
	"platformDesc":	"top_decoder",
	"platHandOff":	"/home/grads/t/tamu_vik/ECEN-722/lab5/lab5_base/base/top_decoder.xsa",
	"platIntHandOff":	"<platformDir>/hw/top_decoder.xsa",
	"deviceType":	"zynq",
	"platIsPrebuiltAutogen":	"false",
	"platIsNoBootBsp":	"false",
	"platFsblTarget":	"ps7_cortexa9_0",
	"hasFsblMakeHasChanges":	"false",
	"hasPmufwMakeHasChanges":	"false",
	"fsblExtraCompilerFlags":	"-MMD -MP       -mcpu=cortex-a9 -mfpu=vfpv3 -mfloat-abi=hard ",
	"platPreBuiltFlag":	false,
	"platformSamplesDir":	"",
	"platActiveSys":	"top_decoder",
	"systems":	[{
			"systemName":	"top_decoder",
			"systemDesc":	"top_decoder",
			"sysIsBootAutoGen":	"true",
			"systemDispName":	"top_decoder",
			"sysActiveDom":	"standalone_ps7_cortexa9_0",
			"sysDefaultDom":	"standalone_ps7_cortexa9_0",
			"domains":	[{
					"domainName":	"zynq_fsbl",
					"domainDispName":	"zynq_fsbl",
					"domainDesc":	"FSBL Application BSP - Auto Generated.",
					"processors":	"ps7_cortexa9_0",
					"os":	"standalone",
					"sdxOs":	"standalone",
					"debugEnable":	"",
					"domRuntimes":	["cpp"],
					"swRepo":	"",
					"mssOsVer":	"8.1",
					"mssFile":	"",
					"md5Digest":	"1a300d4c46cf1b1c73cbeaf9df7474db",
					"compatibleApp":	"zynq_fsbl",
					"domType":	"bootDomain",
					"arch":	"32-bit",
					"appSettings":	{
						"appCompilerFlags":	"",
						"appLinkerFlags":	""
					},
					"addedLibs":	["xilffs:5.0", "xilrsa:1.6"],
					"libOptions":	{
						"libsContainingOptions":	[]
					},
					"prebuiltLibs":	{
						"prebuiltIncPath":	[],
						"prebuiltLibPath":	[]
					},
					"isolation":	{
					}
				}, {
					"domainName":	"standalone_ps7_cortexa9_0",
					"domainDispName":	"standalone_ps7_cortexa9_0",
					"domainDesc":	"standalone_ps7_cortexa9_0",
					"processors":	"ps7_cortexa9_0",
					"os":	"standalone",
					"sdxOs":	"standalone",
					"qemuArgs":	"<platformDir>/resources/top_decoder/standalone_ps7_cortexa9_0/qemu_args.txt",
					"qemuData":	"<platformDir>/resources/top_decoder/standalone_ps7_cortexa9_0/qemu",
					"debugEnable":	"False",
					"domRuntimes":	["cpp"],
					"swRepo":	"",
					"mssOsVer":	"8.1",
					"mssFile":	"",
					"md5Digest":	"1a300d4c46cf1b1c73cbeaf9df7474db",
					"compatibleApp":	"zynq_fsbl",
					"domType":	"mssDomain",
					"arch":	"32-bit",
					"appSettings":	{
						"appCompilerFlags":	"",
						"appLinkerFlags":	""
					},
					"addedLibs":	["xilffs:5.0", "xilrsa:1.6"],
					"libOptions":	{
						"libsContainingOptions":	[]
					},
					"prebuiltLibs":	{
						"prebuiltIncPath":	[],
						"prebuiltLibPath":	[]
					},
					"isolation":	{
					}
				}]
		}]
}
KEYINFO::2025-10-10.16:15:51::SCWPlatform::updated the xpfm file.
TRACE::2025-10-10.16:15:52::SCWPlatform::Trying to open the hw design at /home/grads/t/tamu_vik/ECEN-722/lab5/top_decoder/hw/top_decoder.xsa
TRACE::2025-10-10.16:15:52::SCWPlatform::DSA given /home/grads/t/tamu_vik/ECEN-722/lab5/top_decoder/hw/top_decoder.xsa
TRACE::2025-10-10.16:15:52::SCWPlatform::DSA absoulate path /home/grads/t/tamu_vik/ECEN-722/lab5/top_decoder/hw/top_decoder.xsa
TRACE::2025-10-10.16:15:52::SCWPlatform::DSA directory /home/grads/t/tamu_vik/ECEN-722/lab5/top_decoder/hw
TRACE::2025-10-10.16:15:52::SCWPlatform:: Platform Path /home/grads/t/tamu_vik/ECEN-722/lab5/top_decoder/hw/top_decoder.xsa
TRACE::2025-10-10.16:15:52::SCWPlatform:: Unique name xilinx:zybo-z7-10::0.0
TRACE::2025-10-10.16:15:52::SCWPlatform::Trying to set the existing hwdb with name top_decoder_0
TRACE::2025-10-10.16:15:52::SCWPlatform::Opened existing hwdb top_decoder_0
TRACE::2025-10-10.16:15:52::SCWPlatform::Found the Hw Db part of the input DSA
TRACE::2025-10-10.16:15:52::SCWMssOS::Checking the sw design at  /home/grads/t/tamu_vik/ECEN-722/lab5/top_decoder/ps7_cortexa9_0/standalone_ps7_cortexa9_0/bsp/system.mss
TRACE::2025-10-10.16:15:52::SCWMssOS::DEBUG:  swdes dump  /home/grads/t/tamu_vik/ECEN-722/lab5/top_decoder/ps7_cortexa9_0/standalone_ps7_cortexa9_0/bsp/system.mss|system_0||
/home/grads/t/tamu_vik/ECEN-722/lab5/top_decoder/zynq_fsbl/zynq_fsbl_bsp/system.mss|system||

TRACE::2025-10-10.16:15:52::SCWMssOS::Sw design exists and opened at  /home/grads/t/tamu_vik/ECEN-722/lab5/top_decoder/ps7_cortexa9_0/standalone_ps7_cortexa9_0/bsp/system.mss
