Copyright 1986-2022 Xilinx, Inc. All Rights Reserved. Copyright 2022-2023 Advanced Micro Devices, Inc. All Rights Reserved.
-----------------------------------------------------------------------------------------------------------------------------------------------------------------------------------------------------
| Tool Version : Vivado v.2023.1 (lin64) Build 3865809 Sun May  7 15:04:56 MDT 2023
| Date         : Thu Nov  6 22:35:06 2025
| Host         : n01-zeus.olympus.ece.tamu.edu running 64-bit Red Hat Enterprise Linux release 8.10 (Ootpa)
| Command      : report_timing_summary -max_paths 10 -file top_kalman_timing_summary_routed.rpt -pb top_kalman_timing_summary_routed.pb -rpx top_kalman_timing_summary_routed.rpx -warn_on_violation
| Design       : top_kalman
| Device       : 7z020-clg400
| Speed File   : -1  PRODUCTION 1.12 2019-11-22
| Design State : Routed
-----------------------------------------------------------------------------------------------------------------------------------------------------------------------------------------------------

Timing Summary Report

------------------------------------------------------------------------------------------------
| Timer Settings
| --------------
------------------------------------------------------------------------------------------------

  Enable Multi Corner Analysis               :  Yes
  Enable Pessimism Removal                   :  Yes
  Pessimism Removal Resolution               :  Nearest Common Node
  Enable Input Delay Default Clock           :  No
  Enable Preset / Clear Arcs                 :  No
  Disable Flight Delays                      :  No
  Ignore I/O Paths                           :  No
  Timing Early Launch at Borrowing Latches   :  No
  Borrow Time for Max Delay Exceptions       :  Yes
  Merge Timing Exceptions                    :  Yes

  Corner  Analyze    Analyze    
  Name    Max Paths  Min Paths  
  ------  ---------  ---------  
  Slow    Yes        Yes        
  Fast    Yes        Yes        


------------------------------------------------------------------------------------------------
| Report Methodology
| ------------------
------------------------------------------------------------------------------------------------

Rule       Severity          Description                     Violations  
---------  ----------------  ------------------------------  ----------  
TIMING-17  Critical Warning  Non-clocked sequential cell     599         
DPIR-1     Warning           Asynchronous driver check       240         
LUTAR-1    Warning           LUT drives async reset alert    64          
SYNTH-10   Warning           Wide multiplier                 8           
TIMING-20  Warning           Non-clocked latch               32          
LATCH-1    Advisory          Existing latches in the design  1           

Note: This report is based on the most recent report_methodology run and may not be up-to-date. Run report_methodology on the current design for the latest report.



check_timing report

Table of Contents
-----------------
1. checking no_clock (663)
2. checking constant_clock (0)
3. checking pulse_width_clock (0)
4. checking unconstrained_internal_endpoints (2008)
5. checking no_input_delay (0)
6. checking no_output_delay (0)
7. checking multiple_clock (0)
8. checking generated_clocks (0)
9. checking loops (0)
10. checking partial_input_delay (0)
11. checking partial_output_delay (0)
12. checking latch_loops (0)

1. checking no_clock (663)
--------------------------
 There are 599 register/latch pins with no clock driven by root clock pin: cd0/clkout_reg/Q (HIGH)

 There are 32 register/latch pins with no clock driven by root clock pin: krst_reg/Q (HIGH)

 There is 1 register/latch pin with no clock driven by root clock pin: x0_reg[0]/Q (HIGH)

 There is 1 register/latch pin with no clock driven by root clock pin: x0_reg[10]/Q (HIGH)

 There is 1 register/latch pin with no clock driven by root clock pin: x0_reg[11]/Q (HIGH)

 There is 1 register/latch pin with no clock driven by root clock pin: x0_reg[12]/Q (HIGH)

 There is 1 register/latch pin with no clock driven by root clock pin: x0_reg[13]/Q (HIGH)

 There is 1 register/latch pin with no clock driven by root clock pin: x0_reg[14]/Q (HIGH)

 There is 1 register/latch pin with no clock driven by root clock pin: x0_reg[15]/Q (HIGH)

 There is 1 register/latch pin with no clock driven by root clock pin: x0_reg[16]/Q (HIGH)

 There is 1 register/latch pin with no clock driven by root clock pin: x0_reg[17]/Q (HIGH)

 There is 1 register/latch pin with no clock driven by root clock pin: x0_reg[18]/Q (HIGH)

 There is 1 register/latch pin with no clock driven by root clock pin: x0_reg[19]/Q (HIGH)

 There is 1 register/latch pin with no clock driven by root clock pin: x0_reg[1]/Q (HIGH)

 There is 1 register/latch pin with no clock driven by root clock pin: x0_reg[20]/Q (HIGH)

 There is 1 register/latch pin with no clock driven by root clock pin: x0_reg[21]/Q (HIGH)

 There is 1 register/latch pin with no clock driven by root clock pin: x0_reg[22]/Q (HIGH)

 There is 1 register/latch pin with no clock driven by root clock pin: x0_reg[23]/Q (HIGH)

 There is 1 register/latch pin with no clock driven by root clock pin: x0_reg[24]/Q (HIGH)

 There is 1 register/latch pin with no clock driven by root clock pin: x0_reg[25]/Q (HIGH)

 There is 1 register/latch pin with no clock driven by root clock pin: x0_reg[26]/Q (HIGH)

 There is 1 register/latch pin with no clock driven by root clock pin: x0_reg[27]/Q (HIGH)

 There is 1 register/latch pin with no clock driven by root clock pin: x0_reg[28]/Q (HIGH)

 There is 1 register/latch pin with no clock driven by root clock pin: x0_reg[29]/Q (HIGH)

 There is 1 register/latch pin with no clock driven by root clock pin: x0_reg[2]/Q (HIGH)

 There is 1 register/latch pin with no clock driven by root clock pin: x0_reg[30]/Q (HIGH)

 There is 1 register/latch pin with no clock driven by root clock pin: x0_reg[31]/Q (HIGH)

 There is 1 register/latch pin with no clock driven by root clock pin: x0_reg[3]/Q (HIGH)

 There is 1 register/latch pin with no clock driven by root clock pin: x0_reg[4]/Q (HIGH)

 There is 1 register/latch pin with no clock driven by root clock pin: x0_reg[5]/Q (HIGH)

 There is 1 register/latch pin with no clock driven by root clock pin: x0_reg[6]/Q (HIGH)

 There is 1 register/latch pin with no clock driven by root clock pin: x0_reg[7]/Q (HIGH)

 There is 1 register/latch pin with no clock driven by root clock pin: x0_reg[8]/Q (HIGH)

 There is 1 register/latch pin with no clock driven by root clock pin: x0_reg[9]/Q (HIGH)


2. checking constant_clock (0)
------------------------------
 There are 0 register/latch pins with constant_clock.


3. checking pulse_width_clock (0)
---------------------------------
 There are 0 register/latch pins which need pulse_width check


4. checking unconstrained_internal_endpoints (2008)
---------------------------------------------------
 There are 2008 pins that are not constrained for maximum delay. (HIGH)

 There are 0 pins that are not constrained for maximum delay due to constant clock.


5. checking no_input_delay (0)
------------------------------
 There are 0 input ports with no input delay specified.

 There are 0 input ports with no input delay but user has a false path constraint.


6. checking no_output_delay (0)
-------------------------------
 There are 0 ports with no output delay specified.

 There are 0 ports with no output delay but user has a false path constraint

 There are 0 ports with no output delay but with a timing clock defined on it or propagating through it


7. checking multiple_clock (0)
------------------------------
 There are 0 register/latch pins with multiple clocks.


8. checking generated_clocks (0)
--------------------------------
 There are 0 generated clocks that are not connected to a clock source.


9. checking loops (0)
---------------------
 There are 0 combinational loops in the design.


10. checking partial_input_delay (0)
------------------------------------
 There are 0 input ports with partial input delay specified.


11. checking partial_output_delay (0)
-------------------------------------
 There are 0 ports with partial output delay specified.


12. checking latch_loops (0)
----------------------------
 There are 0 combinational latch loops in the design through latch input



------------------------------------------------------------------------------------------------
| Design Timing Summary
| ---------------------
------------------------------------------------------------------------------------------------

    WNS(ns)      TNS(ns)  TNS Failing Endpoints  TNS Total Endpoints      WHS(ns)      THS(ns)  THS Failing Endpoints  THS Total Endpoints     WPWS(ns)     TPWS(ns)  TPWS Failing Endpoints  TPWS Total Endpoints  
    -------      -------  ---------------------  -------------------      -------      -------  ---------------------  -------------------     --------     --------  ----------------------  --------------------  
     26.945        0.000                      0                 1507        0.071        0.000                      0                 1507       15.520        0.000                       0                   663  


All user specified timing constraints are met.


------------------------------------------------------------------------------------------------
| Clock Summary
| -------------
------------------------------------------------------------------------------------------------

Clock       Waveform(ns)       Period(ns)      Frequency(MHz)
-----       ------------       ----------      --------------
clk_fpga_0  {0.000 16.500}     33.000          30.303          


------------------------------------------------------------------------------------------------
| Intra Clock Table
| -----------------
------------------------------------------------------------------------------------------------

Clock             WNS(ns)      TNS(ns)  TNS Failing Endpoints  TNS Total Endpoints      WHS(ns)      THS(ns)  THS Failing Endpoints  THS Total Endpoints     WPWS(ns)     TPWS(ns)  TPWS Failing Endpoints  TPWS Total Endpoints  
-----             -------      -------  ---------------------  -------------------      -------      -------  ---------------------  -------------------     --------     --------  ----------------------  --------------------  
clk_fpga_0         26.945        0.000                      0                 1507        0.071        0.000                      0                 1507       15.520        0.000                       0                   663  


------------------------------------------------------------------------------------------------
| Inter Clock Table
| -----------------
------------------------------------------------------------------------------------------------

From Clock    To Clock          WNS(ns)      TNS(ns)  TNS Failing Endpoints  TNS Total Endpoints      WHS(ns)      THS(ns)  THS Failing Endpoints  THS Total Endpoints  
----------    --------          -------      -------  ---------------------  -------------------      -------      -------  ---------------------  -------------------  


------------------------------------------------------------------------------------------------
| Other Path Groups Table
| -----------------------
------------------------------------------------------------------------------------------------

Path Group    From Clock    To Clock          WNS(ns)      TNS(ns)  TNS Failing Endpoints  TNS Total Endpoints      WHS(ns)      THS(ns)  THS Failing Endpoints  THS Total Endpoints  
----------    ----------    --------          -------      -------  ---------------------  -------------------      -------      -------  ---------------------  -------------------  


------------------------------------------------------------------------------------------------
| Timing Details
| --------------
------------------------------------------------------------------------------------------------


---------------------------------------------------------------------------------------------------
From Clock:  clk_fpga_0
  To Clock:  clk_fpga_0

Setup :            0  Failing Endpoints,  Worst Slack       26.945ns,  Total Violation        0.000ns
Hold  :            0  Failing Endpoints,  Worst Slack        0.071ns,  Total Violation        0.000ns
PW    :            0  Failing Endpoints,  Worst Slack       15.520ns,  Total Violation        0.000ns
---------------------------------------------------------------------------------------------------


Max Delay Paths
--------------------------------------------------------------------------------------
Slack (MET) :             26.945ns  (required time - arrival time)
  Source:                 mw0/datatrans_sys_i/processing_system7_0/inst/PS7_i/MAXIGP0ACLK
                            (rising edge-triggered cell PS7 clocked by clk_fpga_0  {rise@0.000ns fall@16.500ns period=33.000ns})
  Destination:            mw0/datatrans_sys_i/trans_0/inst/trans_v1_0_S00_AXI_inst/slv_reg2_reg[0]/CE
                            (rising edge-triggered cell FDRE clocked by clk_fpga_0  {rise@0.000ns fall@16.500ns period=33.000ns})
  Path Group:             clk_fpga_0
  Path Type:              Setup (Max at Slow Process Corner)
  Requirement:            33.000ns  (clk_fpga_0 rise@33.000ns - clk_fpga_0 rise@0.000ns)
  Data Path Delay:        5.001ns  (logic 1.840ns (36.794%)  route 3.161ns (63.206%))
  Logic Levels:           2  (LUT4=2)
  Clock Path Skew:        -0.145ns (DCD - SCD + CPR)
    Destination Clock Delay (DCD):    2.657ns = ( 35.657 - 33.000 ) 
    Source Clock Delay      (SCD):    3.031ns
    Clock Pessimism Removal (CPR):    0.229ns
  Clock Uncertainty:      0.496ns  ((TSJ^2 + TIJ^2)^1/2 + DJ) / 2 + PE
    Total System Jitter     (TSJ):    0.071ns
    Total Input Jitter      (TIJ):    0.990ns
    Discrete Jitter          (DJ):    0.000ns
    Phase Error              (PE):    0.000ns

    Location             Delay type                Incr(ns)  Path(ns)    Netlist Resource(s)
  -------------------------------------------------------------------    -------------------
                         (clock clk_fpga_0 rise edge)
                                                      0.000     0.000 r  
    PS7_X0Y0             PS7                          0.000     0.000 r  mw0/datatrans_sys_i/processing_system7_0/inst/PS7_i/FCLKCLK[0]
                         net (fo=1, routed)           1.193     1.193    mw0/datatrans_sys_i/processing_system7_0/inst/FCLK_CLK_unbuffered[0]
    BUFGCTRL_X0Y17       BUFG (Prop_bufg_I_O)         0.101     1.294 r  mw0/datatrans_sys_i/processing_system7_0/inst/buffer_fclk_clk_0.FCLK_CLK_0_BUFG/O
                         net (fo=663, routed)         1.737     3.031    mw0/datatrans_sys_i/processing_system7_0/inst/M_AXI_GP0_ACLK
    PS7_X0Y0             PS7                                          r  mw0/datatrans_sys_i/processing_system7_0/inst/PS7_i/MAXIGP0ACLK
  -------------------------------------------------------------------    -------------------
    PS7_X0Y0             PS7 (Prop_ps7_MAXIGP0ACLK_MAXIGP0WVALID)
                                                      1.334     4.365 r  mw0/datatrans_sys_i/processing_system7_0/inst/PS7_i/MAXIGP0WVALID
                         net (fo=6, routed)           1.173     5.538    mw0/datatrans_sys_i/trans_0/inst/trans_v1_0_S00_AXI_inst/s00_axi_wvalid
    SLICE_X31Y99         LUT4 (Prop_lut4_I3_O)        0.149     5.687 r  mw0/datatrans_sys_i/trans_0/inst/trans_v1_0_S00_AXI_inst/slv_reg0[0]_i_3/O
                         net (fo=12, routed)          1.207     6.894    mw0/datatrans_sys_i/trans_0/inst/trans_v1_0_S00_AXI_inst/slv_reg_wren__0
    SLICE_X31Y98         LUT4 (Prop_lut4_I0_O)        0.357     7.251 r  mw0/datatrans_sys_i/trans_0/inst/trans_v1_0_S00_AXI_inst/slv_reg2[7]_i_1/O
                         net (fo=8, routed)           0.781     8.032    mw0/datatrans_sys_i/trans_0/inst/trans_v1_0_S00_AXI_inst/slv_reg2[7]_i_1_n_0
    SLICE_X33Y91         FDRE                                         r  mw0/datatrans_sys_i/trans_0/inst/trans_v1_0_S00_AXI_inst/slv_reg2_reg[0]/CE
  -------------------------------------------------------------------    -------------------

                         (clock clk_fpga_0 rise edge)
                                                     33.000    33.000 r  
    PS7_X0Y0             PS7                          0.000    33.000 r  mw0/datatrans_sys_i/processing_system7_0/inst/PS7_i/FCLKCLK[0]
                         net (fo=1, routed)           1.088    34.088    mw0/datatrans_sys_i/processing_system7_0/inst/FCLK_CLK_unbuffered[0]
    BUFGCTRL_X0Y17       BUFG (Prop_bufg_I_O)         0.091    34.179 r  mw0/datatrans_sys_i/processing_system7_0/inst/buffer_fclk_clk_0.FCLK_CLK_0_BUFG/O
                         net (fo=663, routed)         1.478    35.657    mw0/datatrans_sys_i/trans_0/inst/trans_v1_0_S00_AXI_inst/s00_axi_aclk
    SLICE_X33Y91         FDRE                                         r  mw0/datatrans_sys_i/trans_0/inst/trans_v1_0_S00_AXI_inst/slv_reg2_reg[0]/C
                         clock pessimism              0.229    35.886    
                         clock uncertainty           -0.496    35.390    
    SLICE_X33Y91         FDRE (Setup_fdre_C_CE)      -0.413    34.977    mw0/datatrans_sys_i/trans_0/inst/trans_v1_0_S00_AXI_inst/slv_reg2_reg[0]
  -------------------------------------------------------------------
                         required time                         34.977    
                         arrival time                          -8.032    
  -------------------------------------------------------------------
                         slack                                 26.945    

Slack (MET) :             26.945ns  (required time - arrival time)
  Source:                 mw0/datatrans_sys_i/processing_system7_0/inst/PS7_i/MAXIGP0ACLK
                            (rising edge-triggered cell PS7 clocked by clk_fpga_0  {rise@0.000ns fall@16.500ns period=33.000ns})
  Destination:            mw0/datatrans_sys_i/trans_0/inst/trans_v1_0_S00_AXI_inst/slv_reg2_reg[2]/CE
                            (rising edge-triggered cell FDRE clocked by clk_fpga_0  {rise@0.000ns fall@16.500ns period=33.000ns})
  Path Group:             clk_fpga_0
  Path Type:              Setup (Max at Slow Process Corner)
  Requirement:            33.000ns  (clk_fpga_0 rise@33.000ns - clk_fpga_0 rise@0.000ns)
  Data Path Delay:        5.001ns  (logic 1.840ns (36.794%)  route 3.161ns (63.206%))
  Logic Levels:           2  (LUT4=2)
  Clock Path Skew:        -0.145ns (DCD - SCD + CPR)
    Destination Clock Delay (DCD):    2.657ns = ( 35.657 - 33.000 ) 
    Source Clock Delay      (SCD):    3.031ns
    Clock Pessimism Removal (CPR):    0.229ns
  Clock Uncertainty:      0.496ns  ((TSJ^2 + TIJ^2)^1/2 + DJ) / 2 + PE
    Total System Jitter     (TSJ):    0.071ns
    Total Input Jitter      (TIJ):    0.990ns
    Discrete Jitter          (DJ):    0.000ns
    Phase Error              (PE):    0.000ns

    Location             Delay type                Incr(ns)  Path(ns)    Netlist Resource(s)
  -------------------------------------------------------------------    -------------------
                         (clock clk_fpga_0 rise edge)
                                                      0.000     0.000 r  
    PS7_X0Y0             PS7                          0.000     0.000 r  mw0/datatrans_sys_i/processing_system7_0/inst/PS7_i/FCLKCLK[0]
                         net (fo=1, routed)           1.193     1.193    mw0/datatrans_sys_i/processing_system7_0/inst/FCLK_CLK_unbuffered[0]
    BUFGCTRL_X0Y17       BUFG (Prop_bufg_I_O)         0.101     1.294 r  mw0/datatrans_sys_i/processing_system7_0/inst/buffer_fclk_clk_0.FCLK_CLK_0_BUFG/O
                         net (fo=663, routed)         1.737     3.031    mw0/datatrans_sys_i/processing_system7_0/inst/M_AXI_GP0_ACLK
    PS7_X0Y0             PS7                                          r  mw0/datatrans_sys_i/processing_system7_0/inst/PS7_i/MAXIGP0ACLK
  -------------------------------------------------------------------    -------------------
    PS7_X0Y0             PS7 (Prop_ps7_MAXIGP0ACLK_MAXIGP0WVALID)
                                                      1.334     4.365 r  mw0/datatrans_sys_i/processing_system7_0/inst/PS7_i/MAXIGP0WVALID
                         net (fo=6, routed)           1.173     5.538    mw0/datatrans_sys_i/trans_0/inst/trans_v1_0_S00_AXI_inst/s00_axi_wvalid
    SLICE_X31Y99         LUT4 (Prop_lut4_I3_O)        0.149     5.687 r  mw0/datatrans_sys_i/trans_0/inst/trans_v1_0_S00_AXI_inst/slv_reg0[0]_i_3/O
                         net (fo=12, routed)          1.207     6.894    mw0/datatrans_sys_i/trans_0/inst/trans_v1_0_S00_AXI_inst/slv_reg_wren__0
    SLICE_X31Y98         LUT4 (Prop_lut4_I0_O)        0.357     7.251 r  mw0/datatrans_sys_i/trans_0/inst/trans_v1_0_S00_AXI_inst/slv_reg2[7]_i_1/O
                         net (fo=8, routed)           0.781     8.032    mw0/datatrans_sys_i/trans_0/inst/trans_v1_0_S00_AXI_inst/slv_reg2[7]_i_1_n_0
    SLICE_X33Y91         FDRE                                         r  mw0/datatrans_sys_i/trans_0/inst/trans_v1_0_S00_AXI_inst/slv_reg2_reg[2]/CE
  -------------------------------------------------------------------    -------------------

                         (clock clk_fpga_0 rise edge)
                                                     33.000    33.000 r  
    PS7_X0Y0             PS7                          0.000    33.000 r  mw0/datatrans_sys_i/processing_system7_0/inst/PS7_i/FCLKCLK[0]
                         net (fo=1, routed)           1.088    34.088    mw0/datatrans_sys_i/processing_system7_0/inst/FCLK_CLK_unbuffered[0]
    BUFGCTRL_X0Y17       BUFG (Prop_bufg_I_O)         0.091    34.179 r  mw0/datatrans_sys_i/processing_system7_0/inst/buffer_fclk_clk_0.FCLK_CLK_0_BUFG/O
                         net (fo=663, routed)         1.478    35.657    mw0/datatrans_sys_i/trans_0/inst/trans_v1_0_S00_AXI_inst/s00_axi_aclk
    SLICE_X33Y91         FDRE                                         r  mw0/datatrans_sys_i/trans_0/inst/trans_v1_0_S00_AXI_inst/slv_reg2_reg[2]/C
                         clock pessimism              0.229    35.886    
                         clock uncertainty           -0.496    35.390    
    SLICE_X33Y91         FDRE (Setup_fdre_C_CE)      -0.413    34.977    mw0/datatrans_sys_i/trans_0/inst/trans_v1_0_S00_AXI_inst/slv_reg2_reg[2]
  -------------------------------------------------------------------
                         required time                         34.977    
                         arrival time                          -8.032    
  -------------------------------------------------------------------
                         slack                                 26.945    

Slack (MET) :             26.945ns  (required time - arrival time)
  Source:                 mw0/datatrans_sys_i/processing_system7_0/inst/PS7_i/MAXIGP0ACLK
                            (rising edge-triggered cell PS7 clocked by clk_fpga_0  {rise@0.000ns fall@16.500ns period=33.000ns})
  Destination:            mw0/datatrans_sys_i/trans_0/inst/trans_v1_0_S00_AXI_inst/slv_reg2_reg[3]/CE
                            (rising edge-triggered cell FDRE clocked by clk_fpga_0  {rise@0.000ns fall@16.500ns period=33.000ns})
  Path Group:             clk_fpga_0
  Path Type:              Setup (Max at Slow Process Corner)
  Requirement:            33.000ns  (clk_fpga_0 rise@33.000ns - clk_fpga_0 rise@0.000ns)
  Data Path Delay:        5.001ns  (logic 1.840ns (36.794%)  route 3.161ns (63.206%))
  Logic Levels:           2  (LUT4=2)
  Clock Path Skew:        -0.145ns (DCD - SCD + CPR)
    Destination Clock Delay (DCD):    2.657ns = ( 35.657 - 33.000 ) 
    Source Clock Delay      (SCD):    3.031ns
    Clock Pessimism Removal (CPR):    0.229ns
  Clock Uncertainty:      0.496ns  ((TSJ^2 + TIJ^2)^1/2 + DJ) / 2 + PE
    Total System Jitter     (TSJ):    0.071ns
    Total Input Jitter      (TIJ):    0.990ns
    Discrete Jitter          (DJ):    0.000ns
    Phase Error              (PE):    0.000ns

    Location             Delay type                Incr(ns)  Path(ns)    Netlist Resource(s)
  -------------------------------------------------------------------    -------------------
                         (clock clk_fpga_0 rise edge)
                                                      0.000     0.000 r  
    PS7_X0Y0             PS7                          0.000     0.000 r  mw0/datatrans_sys_i/processing_system7_0/inst/PS7_i/FCLKCLK[0]
                         net (fo=1, routed)           1.193     1.193    mw0/datatrans_sys_i/processing_system7_0/inst/FCLK_CLK_unbuffered[0]
    BUFGCTRL_X0Y17       BUFG (Prop_bufg_I_O)         0.101     1.294 r  mw0/datatrans_sys_i/processing_system7_0/inst/buffer_fclk_clk_0.FCLK_CLK_0_BUFG/O
                         net (fo=663, routed)         1.737     3.031    mw0/datatrans_sys_i/processing_system7_0/inst/M_AXI_GP0_ACLK
    PS7_X0Y0             PS7                                          r  mw0/datatrans_sys_i/processing_system7_0/inst/PS7_i/MAXIGP0ACLK
  -------------------------------------------------------------------    -------------------
    PS7_X0Y0             PS7 (Prop_ps7_MAXIGP0ACLK_MAXIGP0WVALID)
                                                      1.334     4.365 r  mw0/datatrans_sys_i/processing_system7_0/inst/PS7_i/MAXIGP0WVALID
                         net (fo=6, routed)           1.173     5.538    mw0/datatrans_sys_i/trans_0/inst/trans_v1_0_S00_AXI_inst/s00_axi_wvalid
    SLICE_X31Y99         LUT4 (Prop_lut4_I3_O)        0.149     5.687 r  mw0/datatrans_sys_i/trans_0/inst/trans_v1_0_S00_AXI_inst/slv_reg0[0]_i_3/O
                         net (fo=12, routed)          1.207     6.894    mw0/datatrans_sys_i/trans_0/inst/trans_v1_0_S00_AXI_inst/slv_reg_wren__0
    SLICE_X31Y98         LUT4 (Prop_lut4_I0_O)        0.357     7.251 r  mw0/datatrans_sys_i/trans_0/inst/trans_v1_0_S00_AXI_inst/slv_reg2[7]_i_1/O
                         net (fo=8, routed)           0.781     8.032    mw0/datatrans_sys_i/trans_0/inst/trans_v1_0_S00_AXI_inst/slv_reg2[7]_i_1_n_0
    SLICE_X33Y91         FDRE                                         r  mw0/datatrans_sys_i/trans_0/inst/trans_v1_0_S00_AXI_inst/slv_reg2_reg[3]/CE
  -------------------------------------------------------------------    -------------------

                         (clock clk_fpga_0 rise edge)
                                                     33.000    33.000 r  
    PS7_X0Y0             PS7                          0.000    33.000 r  mw0/datatrans_sys_i/processing_system7_0/inst/PS7_i/FCLKCLK[0]
                         net (fo=1, routed)           1.088    34.088    mw0/datatrans_sys_i/processing_system7_0/inst/FCLK_CLK_unbuffered[0]
    BUFGCTRL_X0Y17       BUFG (Prop_bufg_I_O)         0.091    34.179 r  mw0/datatrans_sys_i/processing_system7_0/inst/buffer_fclk_clk_0.FCLK_CLK_0_BUFG/O
                         net (fo=663, routed)         1.478    35.657    mw0/datatrans_sys_i/trans_0/inst/trans_v1_0_S00_AXI_inst/s00_axi_aclk
    SLICE_X33Y91         FDRE                                         r  mw0/datatrans_sys_i/trans_0/inst/trans_v1_0_S00_AXI_inst/slv_reg2_reg[3]/C
                         clock pessimism              0.229    35.886    
                         clock uncertainty           -0.496    35.390    
    SLICE_X33Y91         FDRE (Setup_fdre_C_CE)      -0.413    34.977    mw0/datatrans_sys_i/trans_0/inst/trans_v1_0_S00_AXI_inst/slv_reg2_reg[3]
  -------------------------------------------------------------------
                         required time                         34.977    
                         arrival time                          -8.032    
  -------------------------------------------------------------------
                         slack                                 26.945    

Slack (MET) :             26.945ns  (required time - arrival time)
  Source:                 mw0/datatrans_sys_i/processing_system7_0/inst/PS7_i/MAXIGP0ACLK
                            (rising edge-triggered cell PS7 clocked by clk_fpga_0  {rise@0.000ns fall@16.500ns period=33.000ns})
  Destination:            mw0/datatrans_sys_i/trans_0/inst/trans_v1_0_S00_AXI_inst/slv_reg2_reg[5]/CE
                            (rising edge-triggered cell FDRE clocked by clk_fpga_0  {rise@0.000ns fall@16.500ns period=33.000ns})
  Path Group:             clk_fpga_0
  Path Type:              Setup (Max at Slow Process Corner)
  Requirement:            33.000ns  (clk_fpga_0 rise@33.000ns - clk_fpga_0 rise@0.000ns)
  Data Path Delay:        5.001ns  (logic 1.840ns (36.794%)  route 3.161ns (63.206%))
  Logic Levels:           2  (LUT4=2)
  Clock Path Skew:        -0.145ns (DCD - SCD + CPR)
    Destination Clock Delay (DCD):    2.657ns = ( 35.657 - 33.000 ) 
    Source Clock Delay      (SCD):    3.031ns
    Clock Pessimism Removal (CPR):    0.229ns
  Clock Uncertainty:      0.496ns  ((TSJ^2 + TIJ^2)^1/2 + DJ) / 2 + PE
    Total System Jitter     (TSJ):    0.071ns
    Total Input Jitter      (TIJ):    0.990ns
    Discrete Jitter          (DJ):    0.000ns
    Phase Error              (PE):    0.000ns

    Location             Delay type                Incr(ns)  Path(ns)    Netlist Resource(s)
  -------------------------------------------------------------------    -------------------
                         (clock clk_fpga_0 rise edge)
                                                      0.000     0.000 r  
    PS7_X0Y0             PS7                          0.000     0.000 r  mw0/datatrans_sys_i/processing_system7_0/inst/PS7_i/FCLKCLK[0]
                         net (fo=1, routed)           1.193     1.193    mw0/datatrans_sys_i/processing_system7_0/inst/FCLK_CLK_unbuffered[0]
    BUFGCTRL_X0Y17       BUFG (Prop_bufg_I_O)         0.101     1.294 r  mw0/datatrans_sys_i/processing_system7_0/inst/buffer_fclk_clk_0.FCLK_CLK_0_BUFG/O
                         net (fo=663, routed)         1.737     3.031    mw0/datatrans_sys_i/processing_system7_0/inst/M_AXI_GP0_ACLK
    PS7_X0Y0             PS7                                          r  mw0/datatrans_sys_i/processing_system7_0/inst/PS7_i/MAXIGP0ACLK
  -------------------------------------------------------------------    -------------------
    PS7_X0Y0             PS7 (Prop_ps7_MAXIGP0ACLK_MAXIGP0WVALID)
                                                      1.334     4.365 r  mw0/datatrans_sys_i/processing_system7_0/inst/PS7_i/MAXIGP0WVALID
                         net (fo=6, routed)           1.173     5.538    mw0/datatrans_sys_i/trans_0/inst/trans_v1_0_S00_AXI_inst/s00_axi_wvalid
    SLICE_X31Y99         LUT4 (Prop_lut4_I3_O)        0.149     5.687 r  mw0/datatrans_sys_i/trans_0/inst/trans_v1_0_S00_AXI_inst/slv_reg0[0]_i_3/O
                         net (fo=12, routed)          1.207     6.894    mw0/datatrans_sys_i/trans_0/inst/trans_v1_0_S00_AXI_inst/slv_reg_wren__0
    SLICE_X31Y98         LUT4 (Prop_lut4_I0_O)        0.357     7.251 r  mw0/datatrans_sys_i/trans_0/inst/trans_v1_0_S00_AXI_inst/slv_reg2[7]_i_1/O
                         net (fo=8, routed)           0.781     8.032    mw0/datatrans_sys_i/trans_0/inst/trans_v1_0_S00_AXI_inst/slv_reg2[7]_i_1_n_0
    SLICE_X33Y91         FDRE                                         r  mw0/datatrans_sys_i/trans_0/inst/trans_v1_0_S00_AXI_inst/slv_reg2_reg[5]/CE
  -------------------------------------------------------------------    -------------------

                         (clock clk_fpga_0 rise edge)
                                                     33.000    33.000 r  
    PS7_X0Y0             PS7                          0.000    33.000 r  mw0/datatrans_sys_i/processing_system7_0/inst/PS7_i/FCLKCLK[0]
                         net (fo=1, routed)           1.088    34.088    mw0/datatrans_sys_i/processing_system7_0/inst/FCLK_CLK_unbuffered[0]
    BUFGCTRL_X0Y17       BUFG (Prop_bufg_I_O)         0.091    34.179 r  mw0/datatrans_sys_i/processing_system7_0/inst/buffer_fclk_clk_0.FCLK_CLK_0_BUFG/O
                         net (fo=663, routed)         1.478    35.657    mw0/datatrans_sys_i/trans_0/inst/trans_v1_0_S00_AXI_inst/s00_axi_aclk
    SLICE_X33Y91         FDRE                                         r  mw0/datatrans_sys_i/trans_0/inst/trans_v1_0_S00_AXI_inst/slv_reg2_reg[5]/C
                         clock pessimism              0.229    35.886    
                         clock uncertainty           -0.496    35.390    
    SLICE_X33Y91         FDRE (Setup_fdre_C_CE)      -0.413    34.977    mw0/datatrans_sys_i/trans_0/inst/trans_v1_0_S00_AXI_inst/slv_reg2_reg[5]
  -------------------------------------------------------------------
                         required time                         34.977    
                         arrival time                          -8.032    
  -------------------------------------------------------------------
                         slack                                 26.945    

Slack (MET) :             26.960ns  (required time - arrival time)
  Source:                 mw0/datatrans_sys_i/processing_system7_0_axi_periph/s00_couplers/auto_pc/inst/gen_axilite.gen_b2s_conv.axilite_b2s/WR.aw_channel_0/aw_cmd_fsm_0/FSM_sequential_state_reg[1]/C
                            (rising edge-triggered cell FDRE clocked by clk_fpga_0  {rise@0.000ns fall@16.500ns period=33.000ns})
  Destination:            mw0/datatrans_sys_i/trans_0/inst/trans_v1_0_S00_AXI_inst/slv_reg1_reg[3]/CE
                            (rising edge-triggered cell FDRE clocked by clk_fpga_0  {rise@0.000ns fall@16.500ns period=33.000ns})
  Path Group:             clk_fpga_0
  Path Type:              Setup (Max at Slow Process Corner)
  Requirement:            33.000ns  (clk_fpga_0 rise@33.000ns - clk_fpga_0 rise@0.000ns)
  Data Path Delay:        5.077ns  (logic 1.149ns (22.634%)  route 3.928ns (77.366%))
  Logic Levels:           3  (LUT2=1 LUT4=2)
  Clock Path Skew:        -0.060ns (DCD - SCD + CPR)
    Destination Clock Delay (DCD):    2.658ns = ( 35.658 - 33.000 ) 
    Source Clock Delay      (SCD):    2.947ns
    Clock Pessimism Removal (CPR):    0.229ns
  Clock Uncertainty:      0.496ns  ((TSJ^2 + TIJ^2)^1/2 + DJ) / 2 + PE
    Total System Jitter     (TSJ):    0.071ns
    Total Input Jitter      (TIJ):    0.990ns
    Discrete Jitter          (DJ):    0.000ns
    Phase Error              (PE):    0.000ns

    Location             Delay type                Incr(ns)  Path(ns)    Netlist Resource(s)
  -------------------------------------------------------------------    -------------------
                         (clock clk_fpga_0 rise edge)
                                                      0.000     0.000 r  
    PS7_X0Y0             PS7                          0.000     0.000 r  mw0/datatrans_sys_i/processing_system7_0/inst/PS7_i/FCLKCLK[0]
                         net (fo=1, routed)           1.193     1.193    mw0/datatrans_sys_i/processing_system7_0/inst/FCLK_CLK_unbuffered[0]
    BUFGCTRL_X0Y17       BUFG (Prop_bufg_I_O)         0.101     1.294 r  mw0/datatrans_sys_i/processing_system7_0/inst/buffer_fclk_clk_0.FCLK_CLK_0_BUFG/O
                         net (fo=663, routed)         1.653     2.947    mw0/datatrans_sys_i/processing_system7_0_axi_periph/s00_couplers/auto_pc/inst/gen_axilite.gen_b2s_conv.axilite_b2s/WR.aw_channel_0/aw_cmd_fsm_0/aclk
    SLICE_X32Y99         FDRE                                         r  mw0/datatrans_sys_i/processing_system7_0_axi_periph/s00_couplers/auto_pc/inst/gen_axilite.gen_b2s_conv.axilite_b2s/WR.aw_channel_0/aw_cmd_fsm_0/FSM_sequential_state_reg[1]/C
  -------------------------------------------------------------------    -------------------
    SLICE_X32Y99         FDRE (Prop_fdre_C_Q)         0.518     3.465 r  mw0/datatrans_sys_i/processing_system7_0_axi_periph/s00_couplers/auto_pc/inst/gen_axilite.gen_b2s_conv.axilite_b2s/WR.aw_channel_0/aw_cmd_fsm_0/FSM_sequential_state_reg[1]/Q
                         net (fo=19, routed)          0.886     4.351    mw0/datatrans_sys_i/processing_system7_0_axi_periph/s00_couplers/auto_pc/inst/gen_axilite.gen_b2s_conv.axilite_b2s/WR.aw_channel_0/aw_cmd_fsm_0/Q[1]
    SLICE_X32Y98         LUT2 (Prop_lut2_I1_O)        0.124     4.475 r  mw0/datatrans_sys_i/processing_system7_0_axi_periph/s00_couplers/auto_pc/inst/gen_axilite.gen_b2s_conv.axilite_b2s/WR.aw_channel_0/aw_cmd_fsm_0/m_axi_awvalid_INST_0/O
                         net (fo=6, routed)           1.082     5.557    mw0/datatrans_sys_i/trans_0/inst/trans_v1_0_S00_AXI_inst/s00_axi_awvalid
    SLICE_X31Y99         LUT4 (Prop_lut4_I2_O)        0.149     5.706 r  mw0/datatrans_sys_i/trans_0/inst/trans_v1_0_S00_AXI_inst/slv_reg0[0]_i_3/O
                         net (fo=12, routed)          0.969     6.675    mw0/datatrans_sys_i/trans_0/inst/trans_v1_0_S00_AXI_inst/slv_reg_wren__0
    SLICE_X31Y98         LUT4 (Prop_lut4_I0_O)        0.358     7.033 r  mw0/datatrans_sys_i/trans_0/inst/trans_v1_0_S00_AXI_inst/slv_reg1[7]_i_1/O
                         net (fo=8, routed)           0.990     8.024    mw0/datatrans_sys_i/trans_0/inst/trans_v1_0_S00_AXI_inst/slv_reg1[7]_i_1_n_0
    SLICE_X35Y92         FDRE                                         r  mw0/datatrans_sys_i/trans_0/inst/trans_v1_0_S00_AXI_inst/slv_reg1_reg[3]/CE
  -------------------------------------------------------------------    -------------------

                         (clock clk_fpga_0 rise edge)
                                                     33.000    33.000 r  
    PS7_X0Y0             PS7                          0.000    33.000 r  mw0/datatrans_sys_i/processing_system7_0/inst/PS7_i/FCLKCLK[0]
                         net (fo=1, routed)           1.088    34.088    mw0/datatrans_sys_i/processing_system7_0/inst/FCLK_CLK_unbuffered[0]
    BUFGCTRL_X0Y17       BUFG (Prop_bufg_I_O)         0.091    34.179 r  mw0/datatrans_sys_i/processing_system7_0/inst/buffer_fclk_clk_0.FCLK_CLK_0_BUFG/O
                         net (fo=663, routed)         1.479    35.658    mw0/datatrans_sys_i/trans_0/inst/trans_v1_0_S00_AXI_inst/s00_axi_aclk
    SLICE_X35Y92         FDRE                                         r  mw0/datatrans_sys_i/trans_0/inst/trans_v1_0_S00_AXI_inst/slv_reg1_reg[3]/C
                         clock pessimism              0.229    35.887    
                         clock uncertainty           -0.496    35.391    
    SLICE_X35Y92         FDRE (Setup_fdre_C_CE)      -0.407    34.984    mw0/datatrans_sys_i/trans_0/inst/trans_v1_0_S00_AXI_inst/slv_reg1_reg[3]
  -------------------------------------------------------------------
                         required time                         34.984    
                         arrival time                          -8.024    
  -------------------------------------------------------------------
                         slack                                 26.960    

Slack (MET) :             27.021ns  (required time - arrival time)
  Source:                 mw0/datatrans_sys_i/processing_system7_0_axi_periph/s00_couplers/auto_pc/inst/gen_axilite.gen_b2s_conv.axilite_b2s/WR.b_channel_0/bid_fifo_0/cnt_read_reg[0]/C
                            (rising edge-triggered cell FDSE clocked by clk_fpga_0  {rise@0.000ns fall@16.500ns period=33.000ns})
  Destination:            mw0/datatrans_sys_i/processing_system7_0_axi_periph/s00_couplers/auto_pc/inst/gen_axilite.gen_b2s_conv.axilite_b2s/WR.b_channel_0/bresp_fifo_0/memory_reg[3][0]_srl4/CE
                            (rising edge-triggered cell SRL16E clocked by clk_fpga_0  {rise@0.000ns fall@16.500ns period=33.000ns})
  Path Group:             clk_fpga_0
  Path Type:              Setup (Max at Slow Process Corner)
  Requirement:            33.000ns  (clk_fpga_0 rise@33.000ns - clk_fpga_0 rise@0.000ns)
  Data Path Delay:        4.745ns  (logic 1.156ns (24.360%)  route 3.589ns (75.640%))
  Logic Levels:           3  (LUT2=1 LUT4=1 LUT5=1)
  Clock Path Skew:        -0.017ns (DCD - SCD + CPR)
    Destination Clock Delay (DCD):    2.875ns = ( 35.875 - 33.000 ) 
    Source Clock Delay      (SCD):    3.139ns
    Clock Pessimism Removal (CPR):    0.247ns
  Clock Uncertainty:      0.496ns  ((TSJ^2 + TIJ^2)^1/2 + DJ) / 2 + PE
    Total System Jitter     (TSJ):    0.071ns
    Total Input Jitter      (TIJ):    0.990ns
    Discrete Jitter          (DJ):    0.000ns
    Phase Error              (PE):    0.000ns

    Location             Delay type                Incr(ns)  Path(ns)    Netlist Resource(s)
  -------------------------------------------------------------------    -------------------
                         (clock clk_fpga_0 rise edge)
                                                      0.000     0.000 r  
    PS7_X0Y0             PS7                          0.000     0.000 r  mw0/datatrans_sys_i/processing_system7_0/inst/PS7_i/FCLKCLK[0]
                         net (fo=1, routed)           1.193     1.193    mw0/datatrans_sys_i/processing_system7_0/inst/FCLK_CLK_unbuffered[0]
    BUFGCTRL_X0Y17       BUFG (Prop_bufg_I_O)         0.101     1.294 r  mw0/datatrans_sys_i/processing_system7_0/inst/buffer_fclk_clk_0.FCLK_CLK_0_BUFG/O
                         net (fo=663, routed)         1.845     3.139    mw0/datatrans_sys_i/processing_system7_0_axi_periph/s00_couplers/auto_pc/inst/gen_axilite.gen_b2s_conv.axilite_b2s/WR.b_channel_0/bid_fifo_0/aclk
    SLICE_X32Y101        FDSE                                         r  mw0/datatrans_sys_i/processing_system7_0_axi_periph/s00_couplers/auto_pc/inst/gen_axilite.gen_b2s_conv.axilite_b2s/WR.b_channel_0/bid_fifo_0/cnt_read_reg[0]/C
  -------------------------------------------------------------------    -------------------
    SLICE_X32Y101        FDSE (Prop_fdse_C_Q)         0.518     3.657 f  mw0/datatrans_sys_i/processing_system7_0_axi_periph/s00_couplers/auto_pc/inst/gen_axilite.gen_b2s_conv.axilite_b2s/WR.b_channel_0/bid_fifo_0/cnt_read_reg[0]/Q
                         net (fo=23, routed)          1.131     4.788    mw0/datatrans_sys_i/processing_system7_0_axi_periph/s00_couplers/auto_pc/inst/gen_axilite.gen_b2s_conv.axilite_b2s/WR.b_channel_0/bid_fifo_0/addr[0]
    SLICE_X29Y102        LUT2 (Prop_lut2_I0_O)        0.124     4.912 r  mw0/datatrans_sys_i/processing_system7_0_axi_periph/s00_couplers/auto_pc/inst/gen_axilite.gen_b2s_conv.axilite_b2s/WR.b_channel_0/bid_fifo_0/memory_reg[3][0]_srl4_i_4/O
                         net (fo=1, routed)           0.667     5.579    mw0/datatrans_sys_i/processing_system7_0_axi_periph/s00_couplers/auto_pc/inst/gen_axilite.gen_b2s_conv.axilite_b2s/WR.b_channel_0/bid_fifo_0/bvalid_i21_in
    SLICE_X29Y102        LUT4 (Prop_lut4_I1_O)        0.152     5.731 r  mw0/datatrans_sys_i/processing_system7_0_axi_periph/s00_couplers/auto_pc/inst/gen_axilite.gen_b2s_conv.axilite_b2s/WR.b_channel_0/bid_fifo_0/memory_reg[3][0]_srl4_i_2/O
                         net (fo=1, routed)           1.106     6.837    mw0/datatrans_sys_i/processing_system7_0_axi_periph/s00_couplers/auto_pc/inst/gen_axilite.gen_b2s_conv.axilite_b2s/WR.b_channel_0/bid_fifo_0/memory_reg[3][0]_srl4_i_2_n_0
    SLICE_X29Y103        LUT5 (Prop_lut5_I0_O)        0.362     7.199 r  mw0/datatrans_sys_i/processing_system7_0_axi_periph/s00_couplers/auto_pc/inst/gen_axilite.gen_b2s_conv.axilite_b2s/WR.b_channel_0/bid_fifo_0/memory_reg[3][0]_srl4_i_1/O
                         net (fo=4, routed)           0.685     7.884    mw0/datatrans_sys_i/processing_system7_0_axi_periph/s00_couplers/auto_pc/inst/gen_axilite.gen_b2s_conv.axilite_b2s/WR.b_channel_0/bresp_fifo_0/bresp_push
    SLICE_X26Y100        SRL16E                                       r  mw0/datatrans_sys_i/processing_system7_0_axi_periph/s00_couplers/auto_pc/inst/gen_axilite.gen_b2s_conv.axilite_b2s/WR.b_channel_0/bresp_fifo_0/memory_reg[3][0]_srl4/CE
  -------------------------------------------------------------------    -------------------

                         (clock clk_fpga_0 rise edge)
                                                     33.000    33.000 r  
    PS7_X0Y0             PS7                          0.000    33.000 r  mw0/datatrans_sys_i/processing_system7_0/inst/PS7_i/FCLKCLK[0]
                         net (fo=1, routed)           1.088    34.088    mw0/datatrans_sys_i/processing_system7_0/inst/FCLK_CLK_unbuffered[0]
    BUFGCTRL_X0Y17       BUFG (Prop_bufg_I_O)         0.091    34.179 r  mw0/datatrans_sys_i/processing_system7_0/inst/buffer_fclk_clk_0.FCLK_CLK_0_BUFG/O
                         net (fo=663, routed)         1.696    35.875    mw0/datatrans_sys_i/processing_system7_0_axi_periph/s00_couplers/auto_pc/inst/gen_axilite.gen_b2s_conv.axilite_b2s/WR.b_channel_0/bresp_fifo_0/aclk
    SLICE_X26Y100        SRL16E                                       r  mw0/datatrans_sys_i/processing_system7_0_axi_periph/s00_couplers/auto_pc/inst/gen_axilite.gen_b2s_conv.axilite_b2s/WR.b_channel_0/bresp_fifo_0/memory_reg[3][0]_srl4/CLK
                         clock pessimism              0.247    36.122    
                         clock uncertainty           -0.496    35.626    
    SLICE_X26Y100        SRL16E (Setup_srl16e_CLK_CE)
                                                     -0.720    34.906    mw0/datatrans_sys_i/processing_system7_0_axi_periph/s00_couplers/auto_pc/inst/gen_axilite.gen_b2s_conv.axilite_b2s/WR.b_channel_0/bresp_fifo_0/memory_reg[3][0]_srl4
  -------------------------------------------------------------------
                         required time                         34.906    
                         arrival time                          -7.884    
  -------------------------------------------------------------------
                         slack                                 27.021    

Slack (MET) :             27.021ns  (required time - arrival time)
  Source:                 mw0/datatrans_sys_i/processing_system7_0_axi_periph/s00_couplers/auto_pc/inst/gen_axilite.gen_b2s_conv.axilite_b2s/WR.b_channel_0/bid_fifo_0/cnt_read_reg[0]/C
                            (rising edge-triggered cell FDSE clocked by clk_fpga_0  {rise@0.000ns fall@16.500ns period=33.000ns})
  Destination:            mw0/datatrans_sys_i/processing_system7_0_axi_periph/s00_couplers/auto_pc/inst/gen_axilite.gen_b2s_conv.axilite_b2s/WR.b_channel_0/bresp_fifo_0/memory_reg[3][1]_srl4/CE
                            (rising edge-triggered cell SRL16E clocked by clk_fpga_0  {rise@0.000ns fall@16.500ns period=33.000ns})
  Path Group:             clk_fpga_0
  Path Type:              Setup (Max at Slow Process Corner)
  Requirement:            33.000ns  (clk_fpga_0 rise@33.000ns - clk_fpga_0 rise@0.000ns)
  Data Path Delay:        4.745ns  (logic 1.156ns (24.360%)  route 3.589ns (75.640%))
  Logic Levels:           3  (LUT2=1 LUT4=1 LUT5=1)
  Clock Path Skew:        -0.017ns (DCD - SCD + CPR)
    Destination Clock Delay (DCD):    2.875ns = ( 35.875 - 33.000 ) 
    Source Clock Delay      (SCD):    3.139ns
    Clock Pessimism Removal (CPR):    0.247ns
  Clock Uncertainty:      0.496ns  ((TSJ^2 + TIJ^2)^1/2 + DJ) / 2 + PE
    Total System Jitter     (TSJ):    0.071ns
    Total Input Jitter      (TIJ):    0.990ns
    Discrete Jitter          (DJ):    0.000ns
    Phase Error              (PE):    0.000ns

    Location             Delay type                Incr(ns)  Path(ns)    Netlist Resource(s)
  -------------------------------------------------------------------    -------------------
                         (clock clk_fpga_0 rise edge)
                                                      0.000     0.000 r  
    PS7_X0Y0             PS7                          0.000     0.000 r  mw0/datatrans_sys_i/processing_system7_0/inst/PS7_i/FCLKCLK[0]
                         net (fo=1, routed)           1.193     1.193    mw0/datatrans_sys_i/processing_system7_0/inst/FCLK_CLK_unbuffered[0]
    BUFGCTRL_X0Y17       BUFG (Prop_bufg_I_O)         0.101     1.294 r  mw0/datatrans_sys_i/processing_system7_0/inst/buffer_fclk_clk_0.FCLK_CLK_0_BUFG/O
                         net (fo=663, routed)         1.845     3.139    mw0/datatrans_sys_i/processing_system7_0_axi_periph/s00_couplers/auto_pc/inst/gen_axilite.gen_b2s_conv.axilite_b2s/WR.b_channel_0/bid_fifo_0/aclk
    SLICE_X32Y101        FDSE                                         r  mw0/datatrans_sys_i/processing_system7_0_axi_periph/s00_couplers/auto_pc/inst/gen_axilite.gen_b2s_conv.axilite_b2s/WR.b_channel_0/bid_fifo_0/cnt_read_reg[0]/C
  -------------------------------------------------------------------    -------------------
    SLICE_X32Y101        FDSE (Prop_fdse_C_Q)         0.518     3.657 f  mw0/datatrans_sys_i/processing_system7_0_axi_periph/s00_couplers/auto_pc/inst/gen_axilite.gen_b2s_conv.axilite_b2s/WR.b_channel_0/bid_fifo_0/cnt_read_reg[0]/Q
                         net (fo=23, routed)          1.131     4.788    mw0/datatrans_sys_i/processing_system7_0_axi_periph/s00_couplers/auto_pc/inst/gen_axilite.gen_b2s_conv.axilite_b2s/WR.b_channel_0/bid_fifo_0/addr[0]
    SLICE_X29Y102        LUT2 (Prop_lut2_I0_O)        0.124     4.912 r  mw0/datatrans_sys_i/processing_system7_0_axi_periph/s00_couplers/auto_pc/inst/gen_axilite.gen_b2s_conv.axilite_b2s/WR.b_channel_0/bid_fifo_0/memory_reg[3][0]_srl4_i_4/O
                         net (fo=1, routed)           0.667     5.579    mw0/datatrans_sys_i/processing_system7_0_axi_periph/s00_couplers/auto_pc/inst/gen_axilite.gen_b2s_conv.axilite_b2s/WR.b_channel_0/bid_fifo_0/bvalid_i21_in
    SLICE_X29Y102        LUT4 (Prop_lut4_I1_O)        0.152     5.731 r  mw0/datatrans_sys_i/processing_system7_0_axi_periph/s00_couplers/auto_pc/inst/gen_axilite.gen_b2s_conv.axilite_b2s/WR.b_channel_0/bid_fifo_0/memory_reg[3][0]_srl4_i_2/O
                         net (fo=1, routed)           1.106     6.837    mw0/datatrans_sys_i/processing_system7_0_axi_periph/s00_couplers/auto_pc/inst/gen_axilite.gen_b2s_conv.axilite_b2s/WR.b_channel_0/bid_fifo_0/memory_reg[3][0]_srl4_i_2_n_0
    SLICE_X29Y103        LUT5 (Prop_lut5_I0_O)        0.362     7.199 r  mw0/datatrans_sys_i/processing_system7_0_axi_periph/s00_couplers/auto_pc/inst/gen_axilite.gen_b2s_conv.axilite_b2s/WR.b_channel_0/bid_fifo_0/memory_reg[3][0]_srl4_i_1/O
                         net (fo=4, routed)           0.685     7.884    mw0/datatrans_sys_i/processing_system7_0_axi_periph/s00_couplers/auto_pc/inst/gen_axilite.gen_b2s_conv.axilite_b2s/WR.b_channel_0/bresp_fifo_0/bresp_push
    SLICE_X26Y100        SRL16E                                       r  mw0/datatrans_sys_i/processing_system7_0_axi_periph/s00_couplers/auto_pc/inst/gen_axilite.gen_b2s_conv.axilite_b2s/WR.b_channel_0/bresp_fifo_0/memory_reg[3][1]_srl4/CE
  -------------------------------------------------------------------    -------------------

                         (clock clk_fpga_0 rise edge)
                                                     33.000    33.000 r  
    PS7_X0Y0             PS7                          0.000    33.000 r  mw0/datatrans_sys_i/processing_system7_0/inst/PS7_i/FCLKCLK[0]
                         net (fo=1, routed)           1.088    34.088    mw0/datatrans_sys_i/processing_system7_0/inst/FCLK_CLK_unbuffered[0]
    BUFGCTRL_X0Y17       BUFG (Prop_bufg_I_O)         0.091    34.179 r  mw0/datatrans_sys_i/processing_system7_0/inst/buffer_fclk_clk_0.FCLK_CLK_0_BUFG/O
                         net (fo=663, routed)         1.696    35.875    mw0/datatrans_sys_i/processing_system7_0_axi_periph/s00_couplers/auto_pc/inst/gen_axilite.gen_b2s_conv.axilite_b2s/WR.b_channel_0/bresp_fifo_0/aclk
    SLICE_X26Y100        SRL16E                                       r  mw0/datatrans_sys_i/processing_system7_0_axi_periph/s00_couplers/auto_pc/inst/gen_axilite.gen_b2s_conv.axilite_b2s/WR.b_channel_0/bresp_fifo_0/memory_reg[3][1]_srl4/CLK
                         clock pessimism              0.247    36.122    
                         clock uncertainty           -0.496    35.626    
    SLICE_X26Y100        SRL16E (Setup_srl16e_CLK_CE)
                                                     -0.720    34.906    mw0/datatrans_sys_i/processing_system7_0_axi_periph/s00_couplers/auto_pc/inst/gen_axilite.gen_b2s_conv.axilite_b2s/WR.b_channel_0/bresp_fifo_0/memory_reg[3][1]_srl4
  -------------------------------------------------------------------
                         required time                         34.906    
                         arrival time                          -7.884    
  -------------------------------------------------------------------
                         slack                                 27.021    

Slack (MET) :             27.063ns  (required time - arrival time)
  Source:                 mw0/datatrans_sys_i/processing_system7_0/inst/PS7_i/MAXIGP0ACLK
                            (rising edge-triggered cell PS7 clocked by clk_fpga_0  {rise@0.000ns fall@16.500ns period=33.000ns})
  Destination:            mw0/datatrans_sys_i/trans_0/inst/trans_v1_0_S00_AXI_inst/slv_reg1_reg[14]/CE
                            (rising edge-triggered cell FDRE clocked by clk_fpga_0  {rise@0.000ns fall@16.500ns period=33.000ns})
  Path Group:             clk_fpga_0
  Path Type:              Setup (Max at Slow Process Corner)
  Requirement:            33.000ns  (clk_fpga_0 rise@33.000ns - clk_fpga_0 rise@0.000ns)
  Data Path Delay:        5.092ns  (logic 1.815ns (35.646%)  route 3.277ns (64.354%))
  Logic Levels:           2  (LUT4=2)
  Clock Path Skew:        -0.144ns (DCD - SCD + CPR)
    Destination Clock Delay (DCD):    2.658ns = ( 35.658 - 33.000 ) 
    Source Clock Delay      (SCD):    3.031ns
    Clock Pessimism Removal (CPR):    0.229ns
  Clock Uncertainty:      0.496ns  ((TSJ^2 + TIJ^2)^1/2 + DJ) / 2 + PE
    Total System Jitter     (TSJ):    0.071ns
    Total Input Jitter      (TIJ):    0.990ns
    Discrete Jitter          (DJ):    0.000ns
    Phase Error              (PE):    0.000ns

    Location             Delay type                Incr(ns)  Path(ns)    Netlist Resource(s)
  -------------------------------------------------------------------    -------------------
                         (clock clk_fpga_0 rise edge)
                                                      0.000     0.000 r  
    PS7_X0Y0             PS7                          0.000     0.000 r  mw0/datatrans_sys_i/processing_system7_0/inst/PS7_i/FCLKCLK[0]
                         net (fo=1, routed)           1.193     1.193    mw0/datatrans_sys_i/processing_system7_0/inst/FCLK_CLK_unbuffered[0]
    BUFGCTRL_X0Y17       BUFG (Prop_bufg_I_O)         0.101     1.294 r  mw0/datatrans_sys_i/processing_system7_0/inst/buffer_fclk_clk_0.FCLK_CLK_0_BUFG/O
                         net (fo=663, routed)         1.737     3.031    mw0/datatrans_sys_i/processing_system7_0/inst/M_AXI_GP0_ACLK
    PS7_X0Y0             PS7                                          r  mw0/datatrans_sys_i/processing_system7_0/inst/PS7_i/MAXIGP0ACLK
  -------------------------------------------------------------------    -------------------
    PS7_X0Y0             PS7 (Prop_ps7_MAXIGP0ACLK_MAXIGP0WVALID)
                                                      1.334     4.365 r  mw0/datatrans_sys_i/processing_system7_0/inst/PS7_i/MAXIGP0WVALID
                         net (fo=6, routed)           1.173     5.538    mw0/datatrans_sys_i/trans_0/inst/trans_v1_0_S00_AXI_inst/s00_axi_wvalid
    SLICE_X31Y99         LUT4 (Prop_lut4_I3_O)        0.149     5.687 r  mw0/datatrans_sys_i/trans_0/inst/trans_v1_0_S00_AXI_inst/slv_reg0[0]_i_3/O
                         net (fo=12, routed)          1.207     6.894    mw0/datatrans_sys_i/trans_0/inst/trans_v1_0_S00_AXI_inst/slv_reg_wren__0
    SLICE_X31Y98         LUT4 (Prop_lut4_I0_O)        0.332     7.226 r  mw0/datatrans_sys_i/trans_0/inst/trans_v1_0_S00_AXI_inst/slv_reg1[14]_i_1/O
                         net (fo=8, routed)           0.897     8.122    mw0/datatrans_sys_i/trans_0/inst/trans_v1_0_S00_AXI_inst/slv_reg1[14]_i_1_n_0
    SLICE_X33Y95         FDRE                                         r  mw0/datatrans_sys_i/trans_0/inst/trans_v1_0_S00_AXI_inst/slv_reg1_reg[14]/CE
  -------------------------------------------------------------------    -------------------

                         (clock clk_fpga_0 rise edge)
                                                     33.000    33.000 r  
    PS7_X0Y0             PS7                          0.000    33.000 r  mw0/datatrans_sys_i/processing_system7_0/inst/PS7_i/FCLKCLK[0]
                         net (fo=1, routed)           1.088    34.088    mw0/datatrans_sys_i/processing_system7_0/inst/FCLK_CLK_unbuffered[0]
    BUFGCTRL_X0Y17       BUFG (Prop_bufg_I_O)         0.091    34.179 r  mw0/datatrans_sys_i/processing_system7_0/inst/buffer_fclk_clk_0.FCLK_CLK_0_BUFG/O
                         net (fo=663, routed)         1.479    35.658    mw0/datatrans_sys_i/trans_0/inst/trans_v1_0_S00_AXI_inst/s00_axi_aclk
    SLICE_X33Y95         FDRE                                         r  mw0/datatrans_sys_i/trans_0/inst/trans_v1_0_S00_AXI_inst/slv_reg1_reg[14]/C
                         clock pessimism              0.229    35.887    
                         clock uncertainty           -0.496    35.391    
    SLICE_X33Y95         FDRE (Setup_fdre_C_CE)      -0.205    35.186    mw0/datatrans_sys_i/trans_0/inst/trans_v1_0_S00_AXI_inst/slv_reg1_reg[14]
  -------------------------------------------------------------------
                         required time                         35.186    
                         arrival time                          -8.122    
  -------------------------------------------------------------------
                         slack                                 27.063    

Slack (MET) :             27.063ns  (required time - arrival time)
  Source:                 mw0/datatrans_sys_i/processing_system7_0/inst/PS7_i/MAXIGP0ACLK
                            (rising edge-triggered cell PS7 clocked by clk_fpga_0  {rise@0.000ns fall@16.500ns period=33.000ns})
  Destination:            mw0/datatrans_sys_i/trans_0/inst/trans_v1_0_S00_AXI_inst/slv_reg1_reg[15]/CE
                            (rising edge-triggered cell FDRE clocked by clk_fpga_0  {rise@0.000ns fall@16.500ns period=33.000ns})
  Path Group:             clk_fpga_0
  Path Type:              Setup (Max at Slow Process Corner)
  Requirement:            33.000ns  (clk_fpga_0 rise@33.000ns - clk_fpga_0 rise@0.000ns)
  Data Path Delay:        5.092ns  (logic 1.815ns (35.646%)  route 3.277ns (64.354%))
  Logic Levels:           2  (LUT4=2)
  Clock Path Skew:        -0.144ns (DCD - SCD + CPR)
    Destination Clock Delay (DCD):    2.658ns = ( 35.658 - 33.000 ) 
    Source Clock Delay      (SCD):    3.031ns
    Clock Pessimism Removal (CPR):    0.229ns
  Clock Uncertainty:      0.496ns  ((TSJ^2 + TIJ^2)^1/2 + DJ) / 2 + PE
    Total System Jitter     (TSJ):    0.071ns
    Total Input Jitter      (TIJ):    0.990ns
    Discrete Jitter          (DJ):    0.000ns
    Phase Error              (PE):    0.000ns

    Location             Delay type                Incr(ns)  Path(ns)    Netlist Resource(s)
  -------------------------------------------------------------------    -------------------
                         (clock clk_fpga_0 rise edge)
                                                      0.000     0.000 r  
    PS7_X0Y0             PS7                          0.000     0.000 r  mw0/datatrans_sys_i/processing_system7_0/inst/PS7_i/FCLKCLK[0]
                         net (fo=1, routed)           1.193     1.193    mw0/datatrans_sys_i/processing_system7_0/inst/FCLK_CLK_unbuffered[0]
    BUFGCTRL_X0Y17       BUFG (Prop_bufg_I_O)         0.101     1.294 r  mw0/datatrans_sys_i/processing_system7_0/inst/buffer_fclk_clk_0.FCLK_CLK_0_BUFG/O
                         net (fo=663, routed)         1.737     3.031    mw0/datatrans_sys_i/processing_system7_0/inst/M_AXI_GP0_ACLK
    PS7_X0Y0             PS7                                          r  mw0/datatrans_sys_i/processing_system7_0/inst/PS7_i/MAXIGP0ACLK
  -------------------------------------------------------------------    -------------------
    PS7_X0Y0             PS7 (Prop_ps7_MAXIGP0ACLK_MAXIGP0WVALID)
                                                      1.334     4.365 r  mw0/datatrans_sys_i/processing_system7_0/inst/PS7_i/MAXIGP0WVALID
                         net (fo=6, routed)           1.173     5.538    mw0/datatrans_sys_i/trans_0/inst/trans_v1_0_S00_AXI_inst/s00_axi_wvalid
    SLICE_X31Y99         LUT4 (Prop_lut4_I3_O)        0.149     5.687 r  mw0/datatrans_sys_i/trans_0/inst/trans_v1_0_S00_AXI_inst/slv_reg0[0]_i_3/O
                         net (fo=12, routed)          1.207     6.894    mw0/datatrans_sys_i/trans_0/inst/trans_v1_0_S00_AXI_inst/slv_reg_wren__0
    SLICE_X31Y98         LUT4 (Prop_lut4_I0_O)        0.332     7.226 r  mw0/datatrans_sys_i/trans_0/inst/trans_v1_0_S00_AXI_inst/slv_reg1[14]_i_1/O
                         net (fo=8, routed)           0.897     8.122    mw0/datatrans_sys_i/trans_0/inst/trans_v1_0_S00_AXI_inst/slv_reg1[14]_i_1_n_0
    SLICE_X33Y95         FDRE                                         r  mw0/datatrans_sys_i/trans_0/inst/trans_v1_0_S00_AXI_inst/slv_reg1_reg[15]/CE
  -------------------------------------------------------------------    -------------------

                         (clock clk_fpga_0 rise edge)
                                                     33.000    33.000 r  
    PS7_X0Y0             PS7                          0.000    33.000 r  mw0/datatrans_sys_i/processing_system7_0/inst/PS7_i/FCLKCLK[0]
                         net (fo=1, routed)           1.088    34.088    mw0/datatrans_sys_i/processing_system7_0/inst/FCLK_CLK_unbuffered[0]
    BUFGCTRL_X0Y17       BUFG (Prop_bufg_I_O)         0.091    34.179 r  mw0/datatrans_sys_i/processing_system7_0/inst/buffer_fclk_clk_0.FCLK_CLK_0_BUFG/O
                         net (fo=663, routed)         1.479    35.658    mw0/datatrans_sys_i/trans_0/inst/trans_v1_0_S00_AXI_inst/s00_axi_aclk
    SLICE_X33Y95         FDRE                                         r  mw0/datatrans_sys_i/trans_0/inst/trans_v1_0_S00_AXI_inst/slv_reg1_reg[15]/C
                         clock pessimism              0.229    35.887    
                         clock uncertainty           -0.496    35.391    
    SLICE_X33Y95         FDRE (Setup_fdre_C_CE)      -0.205    35.186    mw0/datatrans_sys_i/trans_0/inst/trans_v1_0_S00_AXI_inst/slv_reg1_reg[15]
  -------------------------------------------------------------------
                         required time                         35.186    
                         arrival time                          -8.122    
  -------------------------------------------------------------------
                         slack                                 27.063    

Slack (MET) :             27.063ns  (required time - arrival time)
  Source:                 mw0/datatrans_sys_i/processing_system7_0/inst/PS7_i/MAXIGP0ACLK
                            (rising edge-triggered cell PS7 clocked by clk_fpga_0  {rise@0.000ns fall@16.500ns period=33.000ns})
  Destination:            mw0/datatrans_sys_i/trans_0/inst/trans_v1_0_S00_AXI_inst/slv_reg1_reg[8]/CE
                            (rising edge-triggered cell FDRE clocked by clk_fpga_0  {rise@0.000ns fall@16.500ns period=33.000ns})
  Path Group:             clk_fpga_0
  Path Type:              Setup (Max at Slow Process Corner)
  Requirement:            33.000ns  (clk_fpga_0 rise@33.000ns - clk_fpga_0 rise@0.000ns)
  Data Path Delay:        5.092ns  (logic 1.815ns (35.646%)  route 3.277ns (64.354%))
  Logic Levels:           2  (LUT4=2)
  Clock Path Skew:        -0.144ns (DCD - SCD + CPR)
    Destination Clock Delay (DCD):    2.658ns = ( 35.658 - 33.000 ) 
    Source Clock Delay      (SCD):    3.031ns
    Clock Pessimism Removal (CPR):    0.229ns
  Clock Uncertainty:      0.496ns  ((TSJ^2 + TIJ^2)^1/2 + DJ) / 2 + PE
    Total System Jitter     (TSJ):    0.071ns
    Total Input Jitter      (TIJ):    0.990ns
    Discrete Jitter          (DJ):    0.000ns
    Phase Error              (PE):    0.000ns

    Location             Delay type                Incr(ns)  Path(ns)    Netlist Resource(s)
  -------------------------------------------------------------------    -------------------
                         (clock clk_fpga_0 rise edge)
                                                      0.000     0.000 r  
    PS7_X0Y0             PS7                          0.000     0.000 r  mw0/datatrans_sys_i/processing_system7_0/inst/PS7_i/FCLKCLK[0]
                         net (fo=1, routed)           1.193     1.193    mw0/datatrans_sys_i/processing_system7_0/inst/FCLK_CLK_unbuffered[0]
    BUFGCTRL_X0Y17       BUFG (Prop_bufg_I_O)         0.101     1.294 r  mw0/datatrans_sys_i/processing_system7_0/inst/buffer_fclk_clk_0.FCLK_CLK_0_BUFG/O
                         net (fo=663, routed)         1.737     3.031    mw0/datatrans_sys_i/processing_system7_0/inst/M_AXI_GP0_ACLK
    PS7_X0Y0             PS7                                          r  mw0/datatrans_sys_i/processing_system7_0/inst/PS7_i/MAXIGP0ACLK
  -------------------------------------------------------------------    -------------------
    PS7_X0Y0             PS7 (Prop_ps7_MAXIGP0ACLK_MAXIGP0WVALID)
                                                      1.334     4.365 r  mw0/datatrans_sys_i/processing_system7_0/inst/PS7_i/MAXIGP0WVALID
                         net (fo=6, routed)           1.173     5.538    mw0/datatrans_sys_i/trans_0/inst/trans_v1_0_S00_AXI_inst/s00_axi_wvalid
    SLICE_X31Y99         LUT4 (Prop_lut4_I3_O)        0.149     5.687 r  mw0/datatrans_sys_i/trans_0/inst/trans_v1_0_S00_AXI_inst/slv_reg0[0]_i_3/O
                         net (fo=12, routed)          1.207     6.894    mw0/datatrans_sys_i/trans_0/inst/trans_v1_0_S00_AXI_inst/slv_reg_wren__0
    SLICE_X31Y98         LUT4 (Prop_lut4_I0_O)        0.332     7.226 r  mw0/datatrans_sys_i/trans_0/inst/trans_v1_0_S00_AXI_inst/slv_reg1[14]_i_1/O
                         net (fo=8, routed)           0.897     8.122    mw0/datatrans_sys_i/trans_0/inst/trans_v1_0_S00_AXI_inst/slv_reg1[14]_i_1_n_0
    SLICE_X33Y95         FDRE                                         r  mw0/datatrans_sys_i/trans_0/inst/trans_v1_0_S00_AXI_inst/slv_reg1_reg[8]/CE
  -------------------------------------------------------------------    -------------------

                         (clock clk_fpga_0 rise edge)
                                                     33.000    33.000 r  
    PS7_X0Y0             PS7                          0.000    33.000 r  mw0/datatrans_sys_i/processing_system7_0/inst/PS7_i/FCLKCLK[0]
                         net (fo=1, routed)           1.088    34.088    mw0/datatrans_sys_i/processing_system7_0/inst/FCLK_CLK_unbuffered[0]
    BUFGCTRL_X0Y17       BUFG (Prop_bufg_I_O)         0.091    34.179 r  mw0/datatrans_sys_i/processing_system7_0/inst/buffer_fclk_clk_0.FCLK_CLK_0_BUFG/O
                         net (fo=663, routed)         1.479    35.658    mw0/datatrans_sys_i/trans_0/inst/trans_v1_0_S00_AXI_inst/s00_axi_aclk
    SLICE_X33Y95         FDRE                                         r  mw0/datatrans_sys_i/trans_0/inst/trans_v1_0_S00_AXI_inst/slv_reg1_reg[8]/C
                         clock pessimism              0.229    35.887    
                         clock uncertainty           -0.496    35.391    
    SLICE_X33Y95         FDRE (Setup_fdre_C_CE)      -0.205    35.186    mw0/datatrans_sys_i/trans_0/inst/trans_v1_0_S00_AXI_inst/slv_reg1_reg[8]
  -------------------------------------------------------------------
                         required time                         35.186    
                         arrival time                          -8.122    
  -------------------------------------------------------------------
                         slack                                 27.063    





Min Delay Paths
--------------------------------------------------------------------------------------
Slack (MET) :             0.071ns  (arrival time - required time)
  Source:                 mw0/datatrans_sys_i/trans_0/inst/trans_v1_0_S00_AXI_inst/axi_rdata_reg[28]/C
                            (rising edge-triggered cell FDRE clocked by clk_fpga_0  {rise@0.000ns fall@16.500ns period=33.000ns})
  Destination:            mw0/datatrans_sys_i/processing_system7_0_axi_periph/s00_couplers/auto_pc/inst/gen_axilite.gen_b2s_conv.axilite_b2s/RD.r_channel_0/rd_data_fifo_0/memory_reg[31][28]_srl32/D
                            (rising edge-triggered cell SRLC32E clocked by clk_fpga_0  {rise@0.000ns fall@16.500ns period=33.000ns})
  Path Group:             clk_fpga_0
  Path Type:              Hold (Min at Fast Process Corner)
  Requirement:            0.000ns  (clk_fpga_0 rise@0.000ns - clk_fpga_0 rise@0.000ns)
  Data Path Delay:        0.359ns  (logic 0.141ns (39.224%)  route 0.218ns (60.776%))
  Logic Levels:           0  
  Clock Path Skew:        0.180ns (DCD - SCD - CPR)
    Destination Clock Delay (DCD):    1.210ns
    Source Clock Delay      (SCD):    0.995ns
    Clock Pessimism Removal (CPR):    0.035ns

    Location             Delay type                Incr(ns)  Path(ns)    Netlist Resource(s)
  -------------------------------------------------------------------    -------------------
                         (clock clk_fpga_0 rise edge)
                                                      0.000     0.000 r  
    PS7_X0Y0             PS7                          0.000     0.000 r  mw0/datatrans_sys_i/processing_system7_0/inst/PS7_i/FCLKCLK[0]
                         net (fo=1, routed)           0.310     0.310    mw0/datatrans_sys_i/processing_system7_0/inst/FCLK_CLK_unbuffered[0]
    BUFGCTRL_X0Y17       BUFG (Prop_bufg_I_O)         0.026     0.336 r  mw0/datatrans_sys_i/processing_system7_0/inst/buffer_fclk_clk_0.FCLK_CLK_0_BUFG/O
                         net (fo=663, routed)         0.659     0.995    mw0/datatrans_sys_i/trans_0/inst/trans_v1_0_S00_AXI_inst/s00_axi_aclk
    SLICE_X29Y100        FDRE                                         r  mw0/datatrans_sys_i/trans_0/inst/trans_v1_0_S00_AXI_inst/axi_rdata_reg[28]/C
  -------------------------------------------------------------------    -------------------
    SLICE_X29Y100        FDRE (Prop_fdre_C_Q)         0.141     1.136 r  mw0/datatrans_sys_i/trans_0/inst/trans_v1_0_S00_AXI_inst/axi_rdata_reg[28]/Q
                         net (fo=1, routed)           0.218     1.354    mw0/datatrans_sys_i/processing_system7_0_axi_periph/s00_couplers/auto_pc/inst/gen_axilite.gen_b2s_conv.axilite_b2s/RD.r_channel_0/rd_data_fifo_0/in[28]
    SLICE_X30Y96         SRLC32E                                      r  mw0/datatrans_sys_i/processing_system7_0_axi_periph/s00_couplers/auto_pc/inst/gen_axilite.gen_b2s_conv.axilite_b2s/RD.r_channel_0/rd_data_fifo_0/memory_reg[31][28]_srl32/D
  -------------------------------------------------------------------    -------------------

                         (clock clk_fpga_0 rise edge)
                                                      0.000     0.000 r  
    PS7_X0Y0             PS7                          0.000     0.000 r  mw0/datatrans_sys_i/processing_system7_0/inst/PS7_i/FCLKCLK[0]
                         net (fo=1, routed)           0.337     0.337    mw0/datatrans_sys_i/processing_system7_0/inst/FCLK_CLK_unbuffered[0]
    BUFGCTRL_X0Y17       BUFG (Prop_bufg_I_O)         0.029     0.366 r  mw0/datatrans_sys_i/processing_system7_0/inst/buffer_fclk_clk_0.FCLK_CLK_0_BUFG/O
                         net (fo=663, routed)         0.844     1.210    mw0/datatrans_sys_i/processing_system7_0_axi_periph/s00_couplers/auto_pc/inst/gen_axilite.gen_b2s_conv.axilite_b2s/RD.r_channel_0/rd_data_fifo_0/aclk
    SLICE_X30Y96         SRLC32E                                      r  mw0/datatrans_sys_i/processing_system7_0_axi_periph/s00_couplers/auto_pc/inst/gen_axilite.gen_b2s_conv.axilite_b2s/RD.r_channel_0/rd_data_fifo_0/memory_reg[31][28]_srl32/CLK
                         clock pessimism             -0.035     1.175    
    SLICE_X30Y96         SRLC32E (Hold_srlc32e_CLK_D)
                                                      0.109     1.284    mw0/datatrans_sys_i/processing_system7_0_axi_periph/s00_couplers/auto_pc/inst/gen_axilite.gen_b2s_conv.axilite_b2s/RD.r_channel_0/rd_data_fifo_0/memory_reg[31][28]_srl32
  -------------------------------------------------------------------
                         required time                         -1.284    
                         arrival time                           1.354    
  -------------------------------------------------------------------
                         slack                                  0.071    

Slack (MET) :             0.091ns  (arrival time - required time)
  Source:                 mw0/datatrans_sys_i/processing_system7_0_axi_periph/s00_couplers/auto_pc/inst/gen_axilite.gen_b2s_conv.axilite_b2s/SI_REG/b.b_pipe/m_payload_i_reg[1]/C
                            (rising edge-triggered cell FDRE clocked by clk_fpga_0  {rise@0.000ns fall@16.500ns period=33.000ns})
  Destination:            mw0/datatrans_sys_i/processing_system7_0/inst/PS7_i/MAXIGP0BRESP[1]
                            (rising edge-triggered cell PS7 clocked by clk_fpga_0  {rise@0.000ns fall@16.500ns period=33.000ns})
  Path Group:             clk_fpga_0
  Path Type:              Hold (Min at Fast Process Corner)
  Requirement:            0.000ns  (clk_fpga_0 rise@0.000ns - clk_fpga_0 rise@0.000ns)
  Data Path Delay:        0.260ns  (logic 0.128ns (49.151%)  route 0.132ns (50.849%))
  Logic Levels:           0  
  Clock Path Skew:        0.224ns (DCD - SCD - CPR)
    Destination Clock Delay (DCD):    1.251ns
    Source Clock Delay      (SCD):    0.992ns
    Clock Pessimism Removal (CPR):    0.035ns

    Location             Delay type                Incr(ns)  Path(ns)    Netlist Resource(s)
  -------------------------------------------------------------------    -------------------
                         (clock clk_fpga_0 rise edge)
                                                      0.000     0.000 r  
    PS7_X0Y0             PS7                          0.000     0.000 r  mw0/datatrans_sys_i/processing_system7_0/inst/PS7_i/FCLKCLK[0]
                         net (fo=1, routed)           0.310     0.310    mw0/datatrans_sys_i/processing_system7_0/inst/FCLK_CLK_unbuffered[0]
    BUFGCTRL_X0Y17       BUFG (Prop_bufg_I_O)         0.026     0.336 r  mw0/datatrans_sys_i/processing_system7_0/inst/buffer_fclk_clk_0.FCLK_CLK_0_BUFG/O
                         net (fo=663, routed)         0.656     0.992    mw0/datatrans_sys_i/processing_system7_0_axi_periph/s00_couplers/auto_pc/inst/gen_axilite.gen_b2s_conv.axilite_b2s/SI_REG/b.b_pipe/aclk
    SLICE_X27Y100        FDRE                                         r  mw0/datatrans_sys_i/processing_system7_0_axi_periph/s00_couplers/auto_pc/inst/gen_axilite.gen_b2s_conv.axilite_b2s/SI_REG/b.b_pipe/m_payload_i_reg[1]/C
  -------------------------------------------------------------------    -------------------
    SLICE_X27Y100        FDRE (Prop_fdre_C_Q)         0.128     1.120 r  mw0/datatrans_sys_i/processing_system7_0_axi_periph/s00_couplers/auto_pc/inst/gen_axilite.gen_b2s_conv.axilite_b2s/SI_REG/b.b_pipe/m_payload_i_reg[1]/Q
                         net (fo=1, routed)           0.132     1.252    mw0/datatrans_sys_i/processing_system7_0/inst/M_AXI_GP0_BRESP[1]
    PS7_X0Y0             PS7                                          r  mw0/datatrans_sys_i/processing_system7_0/inst/PS7_i/MAXIGP0BRESP[1]
  -------------------------------------------------------------------    -------------------

                         (clock clk_fpga_0 rise edge)
                                                      0.000     0.000 r  
    PS7_X0Y0             PS7                          0.000     0.000 r  mw0/datatrans_sys_i/processing_system7_0/inst/PS7_i/FCLKCLK[0]
                         net (fo=1, routed)           0.337     0.337    mw0/datatrans_sys_i/processing_system7_0/inst/FCLK_CLK_unbuffered[0]
    BUFGCTRL_X0Y17       BUFG (Prop_bufg_I_O)         0.029     0.366 r  mw0/datatrans_sys_i/processing_system7_0/inst/buffer_fclk_clk_0.FCLK_CLK_0_BUFG/O
                         net (fo=663, routed)         0.885     1.251    mw0/datatrans_sys_i/processing_system7_0/inst/M_AXI_GP0_ACLK
    PS7_X0Y0             PS7                                          r  mw0/datatrans_sys_i/processing_system7_0/inst/PS7_i/MAXIGP0ACLK
                         clock pessimism             -0.035     1.216    
    PS7_X0Y0             PS7 (Hold_ps7_MAXIGP0ACLK_MAXIGP0BRESP[1])
                                                     -0.054     1.162    mw0/datatrans_sys_i/processing_system7_0/inst/PS7_i
  -------------------------------------------------------------------
                         required time                         -1.162    
                         arrival time                           1.252    
  -------------------------------------------------------------------
                         slack                                  0.091    

Slack (MET) :             0.097ns  (arrival time - required time)
  Source:                 mw0/datatrans_sys_i/processing_system7_0_axi_periph/s00_couplers/auto_pc/inst/gen_axilite.gen_b2s_conv.axilite_b2s/SI_REG/b.b_pipe/m_payload_i_reg[12]/C
                            (rising edge-triggered cell FDRE clocked by clk_fpga_0  {rise@0.000ns fall@16.500ns period=33.000ns})
  Destination:            mw0/datatrans_sys_i/processing_system7_0/inst/PS7_i/MAXIGP0BID[10]
                            (rising edge-triggered cell PS7 clocked by clk_fpga_0  {rise@0.000ns fall@16.500ns period=33.000ns})
  Path Group:             clk_fpga_0
  Path Type:              Hold (Min at Fast Process Corner)
  Requirement:            0.000ns  (clk_fpga_0 rise@0.000ns - clk_fpga_0 rise@0.000ns)
  Data Path Delay:        0.320ns  (logic 0.141ns (44.018%)  route 0.179ns (55.982%))
  Logic Levels:           0  
  Clock Path Skew:        0.224ns (DCD - SCD - CPR)
    Destination Clock Delay (DCD):    1.251ns
    Source Clock Delay      (SCD):    0.992ns
    Clock Pessimism Removal (CPR):    0.035ns

    Location             Delay type                Incr(ns)  Path(ns)    Netlist Resource(s)
  -------------------------------------------------------------------    -------------------
                         (clock clk_fpga_0 rise edge)
                                                      0.000     0.000 r  
    PS7_X0Y0             PS7                          0.000     0.000 r  mw0/datatrans_sys_i/processing_system7_0/inst/PS7_i/FCLKCLK[0]
                         net (fo=1, routed)           0.310     0.310    mw0/datatrans_sys_i/processing_system7_0/inst/FCLK_CLK_unbuffered[0]
    BUFGCTRL_X0Y17       BUFG (Prop_bufg_I_O)         0.026     0.336 r  mw0/datatrans_sys_i/processing_system7_0/inst/buffer_fclk_clk_0.FCLK_CLK_0_BUFG/O
                         net (fo=663, routed)         0.656     0.992    mw0/datatrans_sys_i/processing_system7_0_axi_periph/s00_couplers/auto_pc/inst/gen_axilite.gen_b2s_conv.axilite_b2s/SI_REG/b.b_pipe/aclk
    SLICE_X27Y100        FDRE                                         r  mw0/datatrans_sys_i/processing_system7_0_axi_periph/s00_couplers/auto_pc/inst/gen_axilite.gen_b2s_conv.axilite_b2s/SI_REG/b.b_pipe/m_payload_i_reg[12]/C
  -------------------------------------------------------------------    -------------------
    SLICE_X27Y100        FDRE (Prop_fdre_C_Q)         0.141     1.133 r  mw0/datatrans_sys_i/processing_system7_0_axi_periph/s00_couplers/auto_pc/inst/gen_axilite.gen_b2s_conv.axilite_b2s/SI_REG/b.b_pipe/m_payload_i_reg[12]/Q
                         net (fo=1, routed)           0.179     1.312    mw0/datatrans_sys_i/processing_system7_0/inst/M_AXI_GP0_BID[10]
    PS7_X0Y0             PS7                                          r  mw0/datatrans_sys_i/processing_system7_0/inst/PS7_i/MAXIGP0BID[10]
  -------------------------------------------------------------------    -------------------

                         (clock clk_fpga_0 rise edge)
                                                      0.000     0.000 r  
    PS7_X0Y0             PS7                          0.000     0.000 r  mw0/datatrans_sys_i/processing_system7_0/inst/PS7_i/FCLKCLK[0]
                         net (fo=1, routed)           0.337     0.337    mw0/datatrans_sys_i/processing_system7_0/inst/FCLK_CLK_unbuffered[0]
    BUFGCTRL_X0Y17       BUFG (Prop_bufg_I_O)         0.029     0.366 r  mw0/datatrans_sys_i/processing_system7_0/inst/buffer_fclk_clk_0.FCLK_CLK_0_BUFG/O
                         net (fo=663, routed)         0.885     1.251    mw0/datatrans_sys_i/processing_system7_0/inst/M_AXI_GP0_ACLK
    PS7_X0Y0             PS7                                          r  mw0/datatrans_sys_i/processing_system7_0/inst/PS7_i/MAXIGP0ACLK
                         clock pessimism             -0.035     1.216    
    PS7_X0Y0             PS7 (Hold_ps7_MAXIGP0ACLK_MAXIGP0BID[10])
                                                      0.000     1.216    mw0/datatrans_sys_i/processing_system7_0/inst/PS7_i
  -------------------------------------------------------------------
                         required time                         -1.216    
                         arrival time                           1.312    
  -------------------------------------------------------------------
                         slack                                  0.097    

Slack (MET) :             0.097ns  (arrival time - required time)
  Source:                 mw0/datatrans_sys_i/processing_system7_0_axi_periph/s00_couplers/auto_pc/inst/gen_axilite.gen_b2s_conv.axilite_b2s/SI_REG/b.b_pipe/m_payload_i_reg[10]/C
                            (rising edge-triggered cell FDRE clocked by clk_fpga_0  {rise@0.000ns fall@16.500ns period=33.000ns})
  Destination:            mw0/datatrans_sys_i/processing_system7_0/inst/PS7_i/MAXIGP0BID[8]
                            (rising edge-triggered cell PS7 clocked by clk_fpga_0  {rise@0.000ns fall@16.500ns period=33.000ns})
  Path Group:             clk_fpga_0
  Path Type:              Hold (Min at Fast Process Corner)
  Requirement:            0.000ns  (clk_fpga_0 rise@0.000ns - clk_fpga_0 rise@0.000ns)
  Data Path Delay:        0.320ns  (logic 0.141ns (44.018%)  route 0.179ns (55.982%))
  Logic Levels:           0  
  Clock Path Skew:        0.224ns (DCD - SCD - CPR)
    Destination Clock Delay (DCD):    1.251ns
    Source Clock Delay      (SCD):    0.992ns
    Clock Pessimism Removal (CPR):    0.035ns

    Location             Delay type                Incr(ns)  Path(ns)    Netlist Resource(s)
  -------------------------------------------------------------------    -------------------
                         (clock clk_fpga_0 rise edge)
                                                      0.000     0.000 r  
    PS7_X0Y0             PS7                          0.000     0.000 r  mw0/datatrans_sys_i/processing_system7_0/inst/PS7_i/FCLKCLK[0]
                         net (fo=1, routed)           0.310     0.310    mw0/datatrans_sys_i/processing_system7_0/inst/FCLK_CLK_unbuffered[0]
    BUFGCTRL_X0Y17       BUFG (Prop_bufg_I_O)         0.026     0.336 r  mw0/datatrans_sys_i/processing_system7_0/inst/buffer_fclk_clk_0.FCLK_CLK_0_BUFG/O
                         net (fo=663, routed)         0.656     0.992    mw0/datatrans_sys_i/processing_system7_0_axi_periph/s00_couplers/auto_pc/inst/gen_axilite.gen_b2s_conv.axilite_b2s/SI_REG/b.b_pipe/aclk
    SLICE_X27Y100        FDRE                                         r  mw0/datatrans_sys_i/processing_system7_0_axi_periph/s00_couplers/auto_pc/inst/gen_axilite.gen_b2s_conv.axilite_b2s/SI_REG/b.b_pipe/m_payload_i_reg[10]/C
  -------------------------------------------------------------------    -------------------
    SLICE_X27Y100        FDRE (Prop_fdre_C_Q)         0.141     1.133 r  mw0/datatrans_sys_i/processing_system7_0_axi_periph/s00_couplers/auto_pc/inst/gen_axilite.gen_b2s_conv.axilite_b2s/SI_REG/b.b_pipe/m_payload_i_reg[10]/Q
                         net (fo=1, routed)           0.179     1.312    mw0/datatrans_sys_i/processing_system7_0/inst/M_AXI_GP0_BID[8]
    PS7_X0Y0             PS7                                          r  mw0/datatrans_sys_i/processing_system7_0/inst/PS7_i/MAXIGP0BID[8]
  -------------------------------------------------------------------    -------------------

                         (clock clk_fpga_0 rise edge)
                                                      0.000     0.000 r  
    PS7_X0Y0             PS7                          0.000     0.000 r  mw0/datatrans_sys_i/processing_system7_0/inst/PS7_i/FCLKCLK[0]
                         net (fo=1, routed)           0.337     0.337    mw0/datatrans_sys_i/processing_system7_0/inst/FCLK_CLK_unbuffered[0]
    BUFGCTRL_X0Y17       BUFG (Prop_bufg_I_O)         0.029     0.366 r  mw0/datatrans_sys_i/processing_system7_0/inst/buffer_fclk_clk_0.FCLK_CLK_0_BUFG/O
                         net (fo=663, routed)         0.885     1.251    mw0/datatrans_sys_i/processing_system7_0/inst/M_AXI_GP0_ACLK
    PS7_X0Y0             PS7                                          r  mw0/datatrans_sys_i/processing_system7_0/inst/PS7_i/MAXIGP0ACLK
                         clock pessimism             -0.035     1.216    
    PS7_X0Y0             PS7 (Hold_ps7_MAXIGP0ACLK_MAXIGP0BID[8])
                                                      0.000     1.216    mw0/datatrans_sys_i/processing_system7_0/inst/PS7_i
  -------------------------------------------------------------------
                         required time                         -1.216    
                         arrival time                           1.312    
  -------------------------------------------------------------------
                         slack                                  0.097    

Slack (MET) :             0.097ns  (arrival time - required time)
  Source:                 mw0/datatrans_sys_i/trans_0/inst/trans_v1_0_S00_AXI_inst/axi_rdata_reg[29]/C
                            (rising edge-triggered cell FDRE clocked by clk_fpga_0  {rise@0.000ns fall@16.500ns period=33.000ns})
  Destination:            mw0/datatrans_sys_i/processing_system7_0_axi_periph/s00_couplers/auto_pc/inst/gen_axilite.gen_b2s_conv.axilite_b2s/RD.r_channel_0/rd_data_fifo_0/memory_reg[31][29]_srl32/D
                            (rising edge-triggered cell SRLC32E clocked by clk_fpga_0  {rise@0.000ns fall@16.500ns period=33.000ns})
  Path Group:             clk_fpga_0
  Path Type:              Hold (Min at Fast Process Corner)
  Requirement:            0.000ns  (clk_fpga_0 rise@0.000ns - clk_fpga_0 rise@0.000ns)
  Data Path Delay:        0.295ns  (logic 0.141ns (47.779%)  route 0.154ns (52.221%))
  Logic Levels:           0  
  Clock Path Skew:        0.015ns (DCD - SCD - CPR)
    Destination Clock Delay (DCD):    1.210ns
    Source Clock Delay      (SCD):    0.913ns
    Clock Pessimism Removal (CPR):    0.282ns

    Location             Delay type                Incr(ns)  Path(ns)    Netlist Resource(s)
  -------------------------------------------------------------------    -------------------
                         (clock clk_fpga_0 rise edge)
                                                      0.000     0.000 r  
    PS7_X0Y0             PS7                          0.000     0.000 r  mw0/datatrans_sys_i/processing_system7_0/inst/PS7_i/FCLKCLK[0]
                         net (fo=1, routed)           0.310     0.310    mw0/datatrans_sys_i/processing_system7_0/inst/FCLK_CLK_unbuffered[0]
    BUFGCTRL_X0Y17       BUFG (Prop_bufg_I_O)         0.026     0.336 r  mw0/datatrans_sys_i/processing_system7_0/inst/buffer_fclk_clk_0.FCLK_CLK_0_BUFG/O
                         net (fo=663, routed)         0.577     0.913    mw0/datatrans_sys_i/trans_0/inst/trans_v1_0_S00_AXI_inst/s00_axi_aclk
    SLICE_X29Y98         FDRE                                         r  mw0/datatrans_sys_i/trans_0/inst/trans_v1_0_S00_AXI_inst/axi_rdata_reg[29]/C
  -------------------------------------------------------------------    -------------------
    SLICE_X29Y98         FDRE (Prop_fdre_C_Q)         0.141     1.054 r  mw0/datatrans_sys_i/trans_0/inst/trans_v1_0_S00_AXI_inst/axi_rdata_reg[29]/Q
                         net (fo=1, routed)           0.154     1.208    mw0/datatrans_sys_i/processing_system7_0_axi_periph/s00_couplers/auto_pc/inst/gen_axilite.gen_b2s_conv.axilite_b2s/RD.r_channel_0/rd_data_fifo_0/in[29]
    SLICE_X30Y96         SRLC32E                                      r  mw0/datatrans_sys_i/processing_system7_0_axi_periph/s00_couplers/auto_pc/inst/gen_axilite.gen_b2s_conv.axilite_b2s/RD.r_channel_0/rd_data_fifo_0/memory_reg[31][29]_srl32/D
  -------------------------------------------------------------------    -------------------

                         (clock clk_fpga_0 rise edge)
                                                      0.000     0.000 r  
    PS7_X0Y0             PS7                          0.000     0.000 r  mw0/datatrans_sys_i/processing_system7_0/inst/PS7_i/FCLKCLK[0]
                         net (fo=1, routed)           0.337     0.337    mw0/datatrans_sys_i/processing_system7_0/inst/FCLK_CLK_unbuffered[0]
    BUFGCTRL_X0Y17       BUFG (Prop_bufg_I_O)         0.029     0.366 r  mw0/datatrans_sys_i/processing_system7_0/inst/buffer_fclk_clk_0.FCLK_CLK_0_BUFG/O
                         net (fo=663, routed)         0.844     1.210    mw0/datatrans_sys_i/processing_system7_0_axi_periph/s00_couplers/auto_pc/inst/gen_axilite.gen_b2s_conv.axilite_b2s/RD.r_channel_0/rd_data_fifo_0/aclk
    SLICE_X30Y96         SRLC32E                                      r  mw0/datatrans_sys_i/processing_system7_0_axi_periph/s00_couplers/auto_pc/inst/gen_axilite.gen_b2s_conv.axilite_b2s/RD.r_channel_0/rd_data_fifo_0/memory_reg[31][29]_srl32/CLK
                         clock pessimism             -0.282     0.928    
    SLICE_X30Y96         SRLC32E (Hold_srlc32e_CLK_D)
                                                      0.183     1.111    mw0/datatrans_sys_i/processing_system7_0_axi_periph/s00_couplers/auto_pc/inst/gen_axilite.gen_b2s_conv.axilite_b2s/RD.r_channel_0/rd_data_fifo_0/memory_reg[31][29]_srl32
  -------------------------------------------------------------------
                         required time                         -1.111    
                         arrival time                           1.208    
  -------------------------------------------------------------------
                         slack                                  0.097    

Slack (MET) :             0.106ns  (arrival time - required time)
  Source:                 mw0/datatrans_sys_i/trans_0/inst/trans_v1_0_S00_AXI_inst/slv_reg1_reg[18]/C
                            (rising edge-triggered cell FDRE clocked by clk_fpga_0  {rise@0.000ns fall@16.500ns period=33.000ns})
  Destination:            mw0/datatrans_sys_i/trans_0/inst/trans_v1_0_S00_AXI_inst/axi_rdata_reg[18]/D
                            (rising edge-triggered cell FDRE clocked by clk_fpga_0  {rise@0.000ns fall@16.500ns period=33.000ns})
  Path Group:             clk_fpga_0
  Path Type:              Hold (Min at Fast Process Corner)
  Requirement:            0.000ns  (clk_fpga_0 rise@0.000ns - clk_fpga_0 rise@0.000ns)
  Data Path Delay:        0.240ns  (logic 0.186ns (77.466%)  route 0.054ns (22.534%))
  Logic Levels:           1  (LUT5=1)
  Clock Path Skew:        0.013ns (DCD - SCD - CPR)
    Destination Clock Delay (DCD):    1.210ns
    Source Clock Delay      (SCD):    0.912ns
    Clock Pessimism Removal (CPR):    0.285ns

    Location             Delay type                Incr(ns)  Path(ns)    Netlist Resource(s)
  -------------------------------------------------------------------    -------------------
                         (clock clk_fpga_0 rise edge)
                                                      0.000     0.000 r  
    PS7_X0Y0             PS7                          0.000     0.000 r  mw0/datatrans_sys_i/processing_system7_0/inst/PS7_i/FCLKCLK[0]
                         net (fo=1, routed)           0.310     0.310    mw0/datatrans_sys_i/processing_system7_0/inst/FCLK_CLK_unbuffered[0]
    BUFGCTRL_X0Y17       BUFG (Prop_bufg_I_O)         0.026     0.336 r  mw0/datatrans_sys_i/processing_system7_0/inst/buffer_fclk_clk_0.FCLK_CLK_0_BUFG/O
                         net (fo=663, routed)         0.576     0.912    mw0/datatrans_sys_i/trans_0/inst/trans_v1_0_S00_AXI_inst/s00_axi_aclk
    SLICE_X31Y95         FDRE                                         r  mw0/datatrans_sys_i/trans_0/inst/trans_v1_0_S00_AXI_inst/slv_reg1_reg[18]/C
  -------------------------------------------------------------------    -------------------
    SLICE_X31Y95         FDRE (Prop_fdre_C_Q)         0.141     1.053 r  mw0/datatrans_sys_i/trans_0/inst/trans_v1_0_S00_AXI_inst/slv_reg1_reg[18]/Q
                         net (fo=1, routed)           0.054     1.107    mw0/datatrans_sys_i/trans_0/inst/trans_v1_0_S00_AXI_inst/slv_reg1[18]
    SLICE_X30Y95         LUT5 (Prop_lut5_I0_O)        0.045     1.152 r  mw0/datatrans_sys_i/trans_0/inst/trans_v1_0_S00_AXI_inst/axi_rdata[18]_i_1/O
                         net (fo=1, routed)           0.000     1.152    mw0/datatrans_sys_i/trans_0/inst/trans_v1_0_S00_AXI_inst/reg_data_out[18]
    SLICE_X30Y95         FDRE                                         r  mw0/datatrans_sys_i/trans_0/inst/trans_v1_0_S00_AXI_inst/axi_rdata_reg[18]/D
  -------------------------------------------------------------------    -------------------

                         (clock clk_fpga_0 rise edge)
                                                      0.000     0.000 r  
    PS7_X0Y0             PS7                          0.000     0.000 r  mw0/datatrans_sys_i/processing_system7_0/inst/PS7_i/FCLKCLK[0]
                         net (fo=1, routed)           0.337     0.337    mw0/datatrans_sys_i/processing_system7_0/inst/FCLK_CLK_unbuffered[0]
    BUFGCTRL_X0Y17       BUFG (Prop_bufg_I_O)         0.029     0.366 r  mw0/datatrans_sys_i/processing_system7_0/inst/buffer_fclk_clk_0.FCLK_CLK_0_BUFG/O
                         net (fo=663, routed)         0.844     1.210    mw0/datatrans_sys_i/trans_0/inst/trans_v1_0_S00_AXI_inst/s00_axi_aclk
    SLICE_X30Y95         FDRE                                         r  mw0/datatrans_sys_i/trans_0/inst/trans_v1_0_S00_AXI_inst/axi_rdata_reg[18]/C
                         clock pessimism             -0.285     0.925    
    SLICE_X30Y95         FDRE (Hold_fdre_C_D)         0.121     1.046    mw0/datatrans_sys_i/trans_0/inst/trans_v1_0_S00_AXI_inst/axi_rdata_reg[18]
  -------------------------------------------------------------------
                         required time                         -1.046    
                         arrival time                           1.152    
  -------------------------------------------------------------------
                         slack                                  0.106    

Slack (MET) :             0.106ns  (arrival time - required time)
  Source:                 mw0/datatrans_sys_i/trans_0/inst/trans_v1_0_S00_AXI_inst/axi_rdata_reg[24]/C
                            (rising edge-triggered cell FDRE clocked by clk_fpga_0  {rise@0.000ns fall@16.500ns period=33.000ns})
  Destination:            mw0/datatrans_sys_i/processing_system7_0_axi_periph/s00_couplers/auto_pc/inst/gen_axilite.gen_b2s_conv.axilite_b2s/RD.r_channel_0/rd_data_fifo_0/memory_reg[31][24]_srl32/D
                            (rising edge-triggered cell SRLC32E clocked by clk_fpga_0  {rise@0.000ns fall@16.500ns period=33.000ns})
  Path Group:             clk_fpga_0
  Path Type:              Hold (Min at Fast Process Corner)
  Requirement:            0.000ns  (clk_fpga_0 rise@0.000ns - clk_fpga_0 rise@0.000ns)
  Data Path Delay:        0.256ns  (logic 0.141ns (54.984%)  route 0.115ns (45.016%))
  Logic Levels:           0  
  Clock Path Skew:        0.033ns (DCD - SCD - CPR)
    Destination Clock Delay (DCD):    1.210ns
    Source Clock Delay      (SCD):    0.913ns
    Clock Pessimism Removal (CPR):    0.264ns

    Location             Delay type                Incr(ns)  Path(ns)    Netlist Resource(s)
  -------------------------------------------------------------------    -------------------
                         (clock clk_fpga_0 rise edge)
                                                      0.000     0.000 r  
    PS7_X0Y0             PS7                          0.000     0.000 r  mw0/datatrans_sys_i/processing_system7_0/inst/PS7_i/FCLKCLK[0]
                         net (fo=1, routed)           0.310     0.310    mw0/datatrans_sys_i/processing_system7_0/inst/FCLK_CLK_unbuffered[0]
    BUFGCTRL_X0Y17       BUFG (Prop_bufg_I_O)         0.026     0.336 r  mw0/datatrans_sys_i/processing_system7_0/inst/buffer_fclk_clk_0.FCLK_CLK_0_BUFG/O
                         net (fo=663, routed)         0.577     0.913    mw0/datatrans_sys_i/trans_0/inst/trans_v1_0_S00_AXI_inst/s00_axi_aclk
    SLICE_X29Y98         FDRE                                         r  mw0/datatrans_sys_i/trans_0/inst/trans_v1_0_S00_AXI_inst/axi_rdata_reg[24]/C
  -------------------------------------------------------------------    -------------------
    SLICE_X29Y98         FDRE (Prop_fdre_C_Q)         0.141     1.054 r  mw0/datatrans_sys_i/trans_0/inst/trans_v1_0_S00_AXI_inst/axi_rdata_reg[24]/Q
                         net (fo=1, routed)           0.115     1.169    mw0/datatrans_sys_i/processing_system7_0_axi_periph/s00_couplers/auto_pc/inst/gen_axilite.gen_b2s_conv.axilite_b2s/RD.r_channel_0/rd_data_fifo_0/in[24]
    SLICE_X26Y98         SRLC32E                                      r  mw0/datatrans_sys_i/processing_system7_0_axi_periph/s00_couplers/auto_pc/inst/gen_axilite.gen_b2s_conv.axilite_b2s/RD.r_channel_0/rd_data_fifo_0/memory_reg[31][24]_srl32/D
  -------------------------------------------------------------------    -------------------

                         (clock clk_fpga_0 rise edge)
                                                      0.000     0.000 r  
    PS7_X0Y0             PS7                          0.000     0.000 r  mw0/datatrans_sys_i/processing_system7_0/inst/PS7_i/FCLKCLK[0]
                         net (fo=1, routed)           0.337     0.337    mw0/datatrans_sys_i/processing_system7_0/inst/FCLK_CLK_unbuffered[0]
    BUFGCTRL_X0Y17       BUFG (Prop_bufg_I_O)         0.029     0.366 r  mw0/datatrans_sys_i/processing_system7_0/inst/buffer_fclk_clk_0.FCLK_CLK_0_BUFG/O
                         net (fo=663, routed)         0.844     1.210    mw0/datatrans_sys_i/processing_system7_0_axi_periph/s00_couplers/auto_pc/inst/gen_axilite.gen_b2s_conv.axilite_b2s/RD.r_channel_0/rd_data_fifo_0/aclk
    SLICE_X26Y98         SRLC32E                                      r  mw0/datatrans_sys_i/processing_system7_0_axi_periph/s00_couplers/auto_pc/inst/gen_axilite.gen_b2s_conv.axilite_b2s/RD.r_channel_0/rd_data_fifo_0/memory_reg[31][24]_srl32/CLK
                         clock pessimism             -0.264     0.946    
    SLICE_X26Y98         SRLC32E (Hold_srlc32e_CLK_D)
                                                      0.117     1.063    mw0/datatrans_sys_i/processing_system7_0_axi_periph/s00_couplers/auto_pc/inst/gen_axilite.gen_b2s_conv.axilite_b2s/RD.r_channel_0/rd_data_fifo_0/memory_reg[31][24]_srl32
  -------------------------------------------------------------------
                         required time                         -1.063    
                         arrival time                           1.169    
  -------------------------------------------------------------------
                         slack                                  0.106    

Slack (MET) :             0.109ns  (arrival time - required time)
  Source:                 mw0/datatrans_sys_i/processing_system7_0_axi_periph/s00_couplers/auto_pc/inst/gen_axilite.gen_b2s_conv.axilite_b2s/RD.r_channel_0/r_arid_r_reg[11]/C
                            (rising edge-triggered cell FDRE clocked by clk_fpga_0  {rise@0.000ns fall@16.500ns period=33.000ns})
  Destination:            mw0/datatrans_sys_i/processing_system7_0_axi_periph/s00_couplers/auto_pc/inst/gen_axilite.gen_b2s_conv.axilite_b2s/RD.r_channel_0/transaction_fifo_0/memory_reg[31][12]_srl32/D
                            (rising edge-triggered cell SRLC32E clocked by clk_fpga_0  {rise@0.000ns fall@16.500ns period=33.000ns})
  Path Group:             clk_fpga_0
  Path Type:              Hold (Min at Fast Process Corner)
  Requirement:            0.000ns  (clk_fpga_0 rise@0.000ns - clk_fpga_0 rise@0.000ns)
  Data Path Delay:        0.260ns  (logic 0.141ns (54.189%)  route 0.119ns (45.811%))
  Logic Levels:           0  
  Clock Path Skew:        0.034ns (DCD - SCD - CPR)
    Destination Clock Delay (DCD):    1.207ns
    Source Clock Delay      (SCD):    0.909ns
    Clock Pessimism Removal (CPR):    0.264ns

    Location             Delay type                Incr(ns)  Path(ns)    Netlist Resource(s)
  -------------------------------------------------------------------    -------------------
                         (clock clk_fpga_0 rise edge)
                                                      0.000     0.000 r  
    PS7_X0Y0             PS7                          0.000     0.000 r  mw0/datatrans_sys_i/processing_system7_0/inst/PS7_i/FCLKCLK[0]
                         net (fo=1, routed)           0.310     0.310    mw0/datatrans_sys_i/processing_system7_0/inst/FCLK_CLK_unbuffered[0]
    BUFGCTRL_X0Y17       BUFG (Prop_bufg_I_O)         0.026     0.336 r  mw0/datatrans_sys_i/processing_system7_0/inst/buffer_fclk_clk_0.FCLK_CLK_0_BUFG/O
                         net (fo=663, routed)         0.573     0.909    mw0/datatrans_sys_i/processing_system7_0_axi_periph/s00_couplers/auto_pc/inst/gen_axilite.gen_b2s_conv.axilite_b2s/RD.r_channel_0/aclk
    SLICE_X28Y87         FDRE                                         r  mw0/datatrans_sys_i/processing_system7_0_axi_periph/s00_couplers/auto_pc/inst/gen_axilite.gen_b2s_conv.axilite_b2s/RD.r_channel_0/r_arid_r_reg[11]/C
  -------------------------------------------------------------------    -------------------
    SLICE_X28Y87         FDRE (Prop_fdre_C_Q)         0.141     1.050 r  mw0/datatrans_sys_i/processing_system7_0_axi_periph/s00_couplers/auto_pc/inst/gen_axilite.gen_b2s_conv.axilite_b2s/RD.r_channel_0/r_arid_r_reg[11]/Q
                         net (fo=1, routed)           0.119     1.169    mw0/datatrans_sys_i/processing_system7_0_axi_periph/s00_couplers/auto_pc/inst/gen_axilite.gen_b2s_conv.axilite_b2s/RD.r_channel_0/transaction_fifo_0/in[12]
    SLICE_X26Y88         SRLC32E                                      r  mw0/datatrans_sys_i/processing_system7_0_axi_periph/s00_couplers/auto_pc/inst/gen_axilite.gen_b2s_conv.axilite_b2s/RD.r_channel_0/transaction_fifo_0/memory_reg[31][12]_srl32/D
  -------------------------------------------------------------------    -------------------

                         (clock clk_fpga_0 rise edge)
                                                      0.000     0.000 r  
    PS7_X0Y0             PS7                          0.000     0.000 r  mw0/datatrans_sys_i/processing_system7_0/inst/PS7_i/FCLKCLK[0]
                         net (fo=1, routed)           0.337     0.337    mw0/datatrans_sys_i/processing_system7_0/inst/FCLK_CLK_unbuffered[0]
    BUFGCTRL_X0Y17       BUFG (Prop_bufg_I_O)         0.029     0.366 r  mw0/datatrans_sys_i/processing_system7_0/inst/buffer_fclk_clk_0.FCLK_CLK_0_BUFG/O
                         net (fo=663, routed)         0.841     1.207    mw0/datatrans_sys_i/processing_system7_0_axi_periph/s00_couplers/auto_pc/inst/gen_axilite.gen_b2s_conv.axilite_b2s/RD.r_channel_0/transaction_fifo_0/aclk
    SLICE_X26Y88         SRLC32E                                      r  mw0/datatrans_sys_i/processing_system7_0_axi_periph/s00_couplers/auto_pc/inst/gen_axilite.gen_b2s_conv.axilite_b2s/RD.r_channel_0/transaction_fifo_0/memory_reg[31][12]_srl32/CLK
                         clock pessimism             -0.264     0.943    
    SLICE_X26Y88         SRLC32E (Hold_srlc32e_CLK_D)
                                                      0.117     1.060    mw0/datatrans_sys_i/processing_system7_0_axi_periph/s00_couplers/auto_pc/inst/gen_axilite.gen_b2s_conv.axilite_b2s/RD.r_channel_0/transaction_fifo_0/memory_reg[31][12]_srl32
  -------------------------------------------------------------------
                         required time                         -1.060    
                         arrival time                           1.169    
  -------------------------------------------------------------------
                         slack                                  0.109    

Slack (MET) :             0.118ns  (arrival time - required time)
  Source:                 mw0/datatrans_sys_i/trans_0/inst/trans_v1_0_S00_AXI_inst/slv_reg2_reg[3]/C
                            (rising edge-triggered cell FDRE clocked by clk_fpga_0  {rise@0.000ns fall@16.500ns period=33.000ns})
  Destination:            mw0/datatrans_sys_i/trans_0/inst/trans_v1_0_S00_AXI_inst/axi_rdata_reg[3]/D
                            (rising edge-triggered cell FDRE clocked by clk_fpga_0  {rise@0.000ns fall@16.500ns period=33.000ns})
  Path Group:             clk_fpga_0
  Path Type:              Hold (Min at Fast Process Corner)
  Requirement:            0.000ns  (clk_fpga_0 rise@0.000ns - clk_fpga_0 rise@0.000ns)
  Data Path Delay:        0.252ns  (logic 0.186ns (73.740%)  route 0.066ns (26.260%))
  Logic Levels:           1  (LUT6=1)
  Clock Path Skew:        0.013ns (DCD - SCD - CPR)
    Destination Clock Delay (DCD):    1.190ns
    Source Clock Delay      (SCD):    0.893ns
    Clock Pessimism Removal (CPR):    0.284ns

    Location             Delay type                Incr(ns)  Path(ns)    Netlist Resource(s)
  -------------------------------------------------------------------    -------------------
                         (clock clk_fpga_0 rise edge)
                                                      0.000     0.000 r  
    PS7_X0Y0             PS7                          0.000     0.000 r  mw0/datatrans_sys_i/processing_system7_0/inst/PS7_i/FCLKCLK[0]
                         net (fo=1, routed)           0.310     0.310    mw0/datatrans_sys_i/processing_system7_0/inst/FCLK_CLK_unbuffered[0]
    BUFGCTRL_X0Y17       BUFG (Prop_bufg_I_O)         0.026     0.336 r  mw0/datatrans_sys_i/processing_system7_0/inst/buffer_fclk_clk_0.FCLK_CLK_0_BUFG/O
                         net (fo=663, routed)         0.557     0.893    mw0/datatrans_sys_i/trans_0/inst/trans_v1_0_S00_AXI_inst/s00_axi_aclk
    SLICE_X33Y91         FDRE                                         r  mw0/datatrans_sys_i/trans_0/inst/trans_v1_0_S00_AXI_inst/slv_reg2_reg[3]/C
  -------------------------------------------------------------------    -------------------
    SLICE_X33Y91         FDRE (Prop_fdre_C_Q)         0.141     1.034 r  mw0/datatrans_sys_i/trans_0/inst/trans_v1_0_S00_AXI_inst/slv_reg2_reg[3]/Q
                         net (fo=2, routed)           0.066     1.100    mw0/datatrans_sys_i/trans_0/inst/trans_v1_0_S00_AXI_inst/memdin[3]
    SLICE_X32Y91         LUT6 (Prop_lut6_I5_O)        0.045     1.145 r  mw0/datatrans_sys_i/trans_0/inst/trans_v1_0_S00_AXI_inst/axi_rdata[3]_i_1/O
                         net (fo=1, routed)           0.000     1.145    mw0/datatrans_sys_i/trans_0/inst/trans_v1_0_S00_AXI_inst/reg_data_out[3]
    SLICE_X32Y91         FDRE                                         r  mw0/datatrans_sys_i/trans_0/inst/trans_v1_0_S00_AXI_inst/axi_rdata_reg[3]/D
  -------------------------------------------------------------------    -------------------

                         (clock clk_fpga_0 rise edge)
                                                      0.000     0.000 r  
    PS7_X0Y0             PS7                          0.000     0.000 r  mw0/datatrans_sys_i/processing_system7_0/inst/PS7_i/FCLKCLK[0]
                         net (fo=1, routed)           0.337     0.337    mw0/datatrans_sys_i/processing_system7_0/inst/FCLK_CLK_unbuffered[0]
    BUFGCTRL_X0Y17       BUFG (Prop_bufg_I_O)         0.029     0.366 r  mw0/datatrans_sys_i/processing_system7_0/inst/buffer_fclk_clk_0.FCLK_CLK_0_BUFG/O
                         net (fo=663, routed)         0.824     1.190    mw0/datatrans_sys_i/trans_0/inst/trans_v1_0_S00_AXI_inst/s00_axi_aclk
    SLICE_X32Y91         FDRE                                         r  mw0/datatrans_sys_i/trans_0/inst/trans_v1_0_S00_AXI_inst/axi_rdata_reg[3]/C
                         clock pessimism             -0.284     0.906    
    SLICE_X32Y91         FDRE (Hold_fdre_C_D)         0.121     1.027    mw0/datatrans_sys_i/trans_0/inst/trans_v1_0_S00_AXI_inst/axi_rdata_reg[3]
  -------------------------------------------------------------------
                         required time                         -1.027    
                         arrival time                           1.145    
  -------------------------------------------------------------------
                         slack                                  0.118    

Slack (MET) :             0.119ns  (arrival time - required time)
  Source:                 mw0/datatrans_sys_i/processing_system7_0_axi_periph/s00_couplers/auto_pc/inst/gen_axilite.gen_b2s_conv.axilite_b2s/RD.r_channel_0/r_arid_r_reg[3]/C
                            (rising edge-triggered cell FDRE clocked by clk_fpga_0  {rise@0.000ns fall@16.500ns period=33.000ns})
  Destination:            mw0/datatrans_sys_i/processing_system7_0_axi_periph/s00_couplers/auto_pc/inst/gen_axilite.gen_b2s_conv.axilite_b2s/RD.r_channel_0/transaction_fifo_0/memory_reg[31][4]_srl32/D
                            (rising edge-triggered cell SRLC32E clocked by clk_fpga_0  {rise@0.000ns fall@16.500ns period=33.000ns})
  Path Group:             clk_fpga_0
  Path Type:              Hold (Min at Fast Process Corner)
  Requirement:            0.000ns  (clk_fpga_0 rise@0.000ns - clk_fpga_0 rise@0.000ns)
  Data Path Delay:        0.244ns  (logic 0.141ns (57.765%)  route 0.103ns (42.235%))
  Logic Levels:           0  
  Clock Path Skew:        0.016ns (DCD - SCD - CPR)
    Destination Clock Delay (DCD):    1.208ns
    Source Clock Delay      (SCD):    0.910ns
    Clock Pessimism Removal (CPR):    0.282ns

    Location             Delay type                Incr(ns)  Path(ns)    Netlist Resource(s)
  -------------------------------------------------------------------    -------------------
                         (clock clk_fpga_0 rise edge)
                                                      0.000     0.000 r  
    PS7_X0Y0             PS7                          0.000     0.000 r  mw0/datatrans_sys_i/processing_system7_0/inst/PS7_i/FCLKCLK[0]
                         net (fo=1, routed)           0.310     0.310    mw0/datatrans_sys_i/processing_system7_0/inst/FCLK_CLK_unbuffered[0]
    BUFGCTRL_X0Y17       BUFG (Prop_bufg_I_O)         0.026     0.336 r  mw0/datatrans_sys_i/processing_system7_0/inst/buffer_fclk_clk_0.FCLK_CLK_0_BUFG/O
                         net (fo=663, routed)         0.574     0.910    mw0/datatrans_sys_i/processing_system7_0_axi_periph/s00_couplers/auto_pc/inst/gen_axilite.gen_b2s_conv.axilite_b2s/RD.r_channel_0/aclk
    SLICE_X28Y89         FDRE                                         r  mw0/datatrans_sys_i/processing_system7_0_axi_periph/s00_couplers/auto_pc/inst/gen_axilite.gen_b2s_conv.axilite_b2s/RD.r_channel_0/r_arid_r_reg[3]/C
  -------------------------------------------------------------------    -------------------
    SLICE_X28Y89         FDRE (Prop_fdre_C_Q)         0.141     1.051 r  mw0/datatrans_sys_i/processing_system7_0_axi_periph/s00_couplers/auto_pc/inst/gen_axilite.gen_b2s_conv.axilite_b2s/RD.r_channel_0/r_arid_r_reg[3]/Q
                         net (fo=1, routed)           0.103     1.154    mw0/datatrans_sys_i/processing_system7_0_axi_periph/s00_couplers/auto_pc/inst/gen_axilite.gen_b2s_conv.axilite_b2s/RD.r_channel_0/transaction_fifo_0/in[4]
    SLICE_X30Y88         SRLC32E                                      r  mw0/datatrans_sys_i/processing_system7_0_axi_periph/s00_couplers/auto_pc/inst/gen_axilite.gen_b2s_conv.axilite_b2s/RD.r_channel_0/transaction_fifo_0/memory_reg[31][4]_srl32/D
  -------------------------------------------------------------------    -------------------

                         (clock clk_fpga_0 rise edge)
                                                      0.000     0.000 r  
    PS7_X0Y0             PS7                          0.000     0.000 r  mw0/datatrans_sys_i/processing_system7_0/inst/PS7_i/FCLKCLK[0]
                         net (fo=1, routed)           0.337     0.337    mw0/datatrans_sys_i/processing_system7_0/inst/FCLK_CLK_unbuffered[0]
    BUFGCTRL_X0Y17       BUFG (Prop_bufg_I_O)         0.029     0.366 r  mw0/datatrans_sys_i/processing_system7_0/inst/buffer_fclk_clk_0.FCLK_CLK_0_BUFG/O
                         net (fo=663, routed)         0.842     1.208    mw0/datatrans_sys_i/processing_system7_0_axi_periph/s00_couplers/auto_pc/inst/gen_axilite.gen_b2s_conv.axilite_b2s/RD.r_channel_0/transaction_fifo_0/aclk
    SLICE_X30Y88         SRLC32E                                      r  mw0/datatrans_sys_i/processing_system7_0_axi_periph/s00_couplers/auto_pc/inst/gen_axilite.gen_b2s_conv.axilite_b2s/RD.r_channel_0/transaction_fifo_0/memory_reg[31][4]_srl32/CLK
                         clock pessimism             -0.282     0.926    
    SLICE_X30Y88         SRLC32E (Hold_srlc32e_CLK_D)
                                                      0.109     1.035    mw0/datatrans_sys_i/processing_system7_0_axi_periph/s00_couplers/auto_pc/inst/gen_axilite.gen_b2s_conv.axilite_b2s/RD.r_channel_0/transaction_fifo_0/memory_reg[31][4]_srl32
  -------------------------------------------------------------------
                         required time                         -1.035    
                         arrival time                           1.154    
  -------------------------------------------------------------------
                         slack                                  0.119    





Pulse Width Checks
--------------------------------------------------------------------------------------
Clock Name:         clk_fpga_0
Waveform(ns):       { 0.000 16.500 }
Period(ns):         33.000
Sources:            { mw0/datatrans_sys_i/processing_system7_0/inst/PS7_i/FCLKCLK[0] }

Check Type        Corner  Lib Pin             Reference Pin  Required(ns)  Actual(ns)  Slack(ns)  Location        Pin
Min Period        n/a     RAMB36E1/CLKARDCLK  n/a            2.944         33.000      30.056     RAMB36_X2Y18    b0/U0/inst_blk_mem_gen/gnbram.gnativebmg.native_blk_mem_gen/valid.cstr/ramloop[0].ram.r/prim_noinit.ram/DEVICE_7SERIES.NO_BMM_INFO.TRUE_DP.SIMPLE_PRIM36.ram/CLKARDCLK
Min Period        n/a     RAMB36E1/CLKARDCLK  n/a            2.944         33.000      30.056     RAMB36_X2Y17    b0/U0/inst_blk_mem_gen/gnbram.gnativebmg.native_blk_mem_gen/valid.cstr/ramloop[1].ram.r/prim_noinit.ram/DEVICE_7SERIES.NO_BMM_INFO.TRUE_DP.SIMPLE_PRIM36.ram/CLKARDCLK
Min Period        n/a     RAMB36E1/CLKARDCLK  n/a            2.944         33.000      30.056     RAMB36_X2Y19    b0/U0/inst_blk_mem_gen/gnbram.gnativebmg.native_blk_mem_gen/valid.cstr/ramloop[2].ram.r/prim_noinit.ram/DEVICE_7SERIES.NO_BMM_INFO.TRUE_DP.SIMPLE_PRIM36.ram/CLKARDCLK
Min Period        n/a     RAMB36E1/CLKARDCLK  n/a            2.944         33.000      30.056     RAMB36_X2Y15    b0/U0/inst_blk_mem_gen/gnbram.gnativebmg.native_blk_mem_gen/valid.cstr/ramloop[3].ram.r/prim_noinit.ram/DEVICE_7SERIES.NO_BMM_INFO.TRUE_DP.SIMPLE_PRIM36.ram/CLKARDCLK
Min Period        n/a     RAMB36E1/CLKARDCLK  n/a            2.944         33.000      30.056     RAMB36_X2Y16    b0/U0/inst_blk_mem_gen/gnbram.gnativebmg.native_blk_mem_gen/valid.cstr/ramloop[4].ram.r/prim_noinit.ram/DEVICE_7SERIES.NO_BMM_INFO.TRUE_DP.SIMPLE_PRIM36.ram/CLKARDCLK
Min Period        n/a     BUFG/I              n/a            2.155         33.000      30.845     BUFGCTRL_X0Y17  mw0/datatrans_sys_i/processing_system7_0/inst/buffer_fclk_clk_0.FCLK_CLK_0_BUFG/I
Min Period        n/a     FDRE/C              n/a            1.000         33.000      32.000     SLICE_X34Y88    b0/U0/inst_blk_mem_gen/gnbram.gnativebmg.native_blk_mem_gen/valid.cstr/has_mux_a.A/no_softecc_norm_sel2.has_mem_regs.WITHOUT_ECC_PIPE.ce_pri.sel_pipe_d1_reg[0]/C
Min Period        n/a     FDRE/C              n/a            1.000         33.000      32.000     SLICE_X34Y88    b0/U0/inst_blk_mem_gen/gnbram.gnativebmg.native_blk_mem_gen/valid.cstr/has_mux_a.A/no_softecc_norm_sel2.has_mem_regs.WITHOUT_ECC_PIPE.ce_pri.sel_pipe_d1_reg[1]/C
Min Period        n/a     FDRE/C              n/a            1.000         33.000      32.000     SLICE_X35Y88    b0/U0/inst_blk_mem_gen/gnbram.gnativebmg.native_blk_mem_gen/valid.cstr/has_mux_a.A/no_softecc_norm_sel2.has_mem_regs.WITHOUT_ECC_PIPE.ce_pri.sel_pipe_d1_reg[2]/C
Min Period        n/a     FDRE/C              n/a            1.000         33.000      32.000     SLICE_X35Y88    b0/U0/inst_blk_mem_gen/gnbram.gnativebmg.native_blk_mem_gen/valid.cstr/has_mux_a.A/no_softecc_sel_reg.ce_pri.sel_pipe_reg[0]/C
Low Pulse Width   Slow    SRLC32E/CLK         n/a            0.980         16.500      15.520     SLICE_X30Y92    mw0/datatrans_sys_i/processing_system7_0_axi_periph/s00_couplers/auto_pc/inst/gen_axilite.gen_b2s_conv.axilite_b2s/RD.r_channel_0/rd_data_fifo_0/memory_reg[31][0]_srl32/CLK
Low Pulse Width   Fast    SRLC32E/CLK         n/a            0.980         16.500      15.520     SLICE_X30Y92    mw0/datatrans_sys_i/processing_system7_0_axi_periph/s00_couplers/auto_pc/inst/gen_axilite.gen_b2s_conv.axilite_b2s/RD.r_channel_0/rd_data_fifo_0/memory_reg[31][0]_srl32/CLK
Low Pulse Width   Slow    SRLC32E/CLK         n/a            0.980         16.500      15.520     SLICE_X30Y93    mw0/datatrans_sys_i/processing_system7_0_axi_periph/s00_couplers/auto_pc/inst/gen_axilite.gen_b2s_conv.axilite_b2s/RD.r_channel_0/rd_data_fifo_0/memory_reg[31][10]_srl32/CLK
Low Pulse Width   Fast    SRLC32E/CLK         n/a            0.980         16.500      15.520     SLICE_X30Y93    mw0/datatrans_sys_i/processing_system7_0_axi_periph/s00_couplers/auto_pc/inst/gen_axilite.gen_b2s_conv.axilite_b2s/RD.r_channel_0/rd_data_fifo_0/memory_reg[31][10]_srl32/CLK
Low Pulse Width   Slow    SRLC32E/CLK         n/a            0.980         16.500      15.520     SLICE_X30Y93    mw0/datatrans_sys_i/processing_system7_0_axi_periph/s00_couplers/auto_pc/inst/gen_axilite.gen_b2s_conv.axilite_b2s/RD.r_channel_0/rd_data_fifo_0/memory_reg[31][11]_srl32/CLK
Low Pulse Width   Fast    SRLC32E/CLK         n/a            0.980         16.500      15.520     SLICE_X30Y93    mw0/datatrans_sys_i/processing_system7_0_axi_periph/s00_couplers/auto_pc/inst/gen_axilite.gen_b2s_conv.axilite_b2s/RD.r_channel_0/rd_data_fifo_0/memory_reg[31][11]_srl32/CLK
Low Pulse Width   Slow    SRLC32E/CLK         n/a            0.980         16.500      15.520     SLICE_X30Y94    mw0/datatrans_sys_i/processing_system7_0_axi_periph/s00_couplers/auto_pc/inst/gen_axilite.gen_b2s_conv.axilite_b2s/RD.r_channel_0/rd_data_fifo_0/memory_reg[31][12]_srl32/CLK
Low Pulse Width   Fast    SRLC32E/CLK         n/a            0.980         16.500      15.520     SLICE_X30Y94    mw0/datatrans_sys_i/processing_system7_0_axi_periph/s00_couplers/auto_pc/inst/gen_axilite.gen_b2s_conv.axilite_b2s/RD.r_channel_0/rd_data_fifo_0/memory_reg[31][12]_srl32/CLK
Low Pulse Width   Slow    SRLC32E/CLK         n/a            0.980         16.500      15.520     SLICE_X26Y93    mw0/datatrans_sys_i/processing_system7_0_axi_periph/s00_couplers/auto_pc/inst/gen_axilite.gen_b2s_conv.axilite_b2s/RD.r_channel_0/rd_data_fifo_0/memory_reg[31][13]_srl32/CLK
Low Pulse Width   Fast    SRLC32E/CLK         n/a            0.980         16.500      15.520     SLICE_X26Y93    mw0/datatrans_sys_i/processing_system7_0_axi_periph/s00_couplers/auto_pc/inst/gen_axilite.gen_b2s_conv.axilite_b2s/RD.r_channel_0/rd_data_fifo_0/memory_reg[31][13]_srl32/CLK
High Pulse Width  Slow    SRLC32E/CLK         n/a            0.980         16.500      15.520     SLICE_X30Y92    mw0/datatrans_sys_i/processing_system7_0_axi_periph/s00_couplers/auto_pc/inst/gen_axilite.gen_b2s_conv.axilite_b2s/RD.r_channel_0/rd_data_fifo_0/memory_reg[31][0]_srl32/CLK
High Pulse Width  Fast    SRLC32E/CLK         n/a            0.980         16.500      15.520     SLICE_X30Y92    mw0/datatrans_sys_i/processing_system7_0_axi_periph/s00_couplers/auto_pc/inst/gen_axilite.gen_b2s_conv.axilite_b2s/RD.r_channel_0/rd_data_fifo_0/memory_reg[31][0]_srl32/CLK
High Pulse Width  Slow    SRLC32E/CLK         n/a            0.980         16.500      15.520     SLICE_X30Y93    mw0/datatrans_sys_i/processing_system7_0_axi_periph/s00_couplers/auto_pc/inst/gen_axilite.gen_b2s_conv.axilite_b2s/RD.r_channel_0/rd_data_fifo_0/memory_reg[31][10]_srl32/CLK
High Pulse Width  Fast    SRLC32E/CLK         n/a            0.980         16.500      15.520     SLICE_X30Y93    mw0/datatrans_sys_i/processing_system7_0_axi_periph/s00_couplers/auto_pc/inst/gen_axilite.gen_b2s_conv.axilite_b2s/RD.r_channel_0/rd_data_fifo_0/memory_reg[31][10]_srl32/CLK
High Pulse Width  Slow    SRLC32E/CLK         n/a            0.980         16.500      15.520     SLICE_X30Y93    mw0/datatrans_sys_i/processing_system7_0_axi_periph/s00_couplers/auto_pc/inst/gen_axilite.gen_b2s_conv.axilite_b2s/RD.r_channel_0/rd_data_fifo_0/memory_reg[31][11]_srl32/CLK
High Pulse Width  Fast    SRLC32E/CLK         n/a            0.980         16.500      15.520     SLICE_X30Y93    mw0/datatrans_sys_i/processing_system7_0_axi_periph/s00_couplers/auto_pc/inst/gen_axilite.gen_b2s_conv.axilite_b2s/RD.r_channel_0/rd_data_fifo_0/memory_reg[31][11]_srl32/CLK
High Pulse Width  Slow    SRLC32E/CLK         n/a            0.980         16.500      15.520     SLICE_X30Y94    mw0/datatrans_sys_i/processing_system7_0_axi_periph/s00_couplers/auto_pc/inst/gen_axilite.gen_b2s_conv.axilite_b2s/RD.r_channel_0/rd_data_fifo_0/memory_reg[31][12]_srl32/CLK
High Pulse Width  Fast    SRLC32E/CLK         n/a            0.980         16.500      15.520     SLICE_X30Y94    mw0/datatrans_sys_i/processing_system7_0_axi_periph/s00_couplers/auto_pc/inst/gen_axilite.gen_b2s_conv.axilite_b2s/RD.r_channel_0/rd_data_fifo_0/memory_reg[31][12]_srl32/CLK
High Pulse Width  Slow    SRLC32E/CLK         n/a            0.980         16.500      15.520     SLICE_X26Y93    mw0/datatrans_sys_i/processing_system7_0_axi_periph/s00_couplers/auto_pc/inst/gen_axilite.gen_b2s_conv.axilite_b2s/RD.r_channel_0/rd_data_fifo_0/memory_reg[31][13]_srl32/CLK
High Pulse Width  Fast    SRLC32E/CLK         n/a            0.980         16.500      15.520     SLICE_X26Y93    mw0/datatrans_sys_i/processing_system7_0_axi_periph/s00_couplers/auto_pc/inst/gen_axilite.gen_b2s_conv.axilite_b2s/RD.r_channel_0/rd_data_fifo_0/memory_reg[31][13]_srl32/CLK



