Copyright 1986-2022 Xilinx, Inc. All Rights Reserved. Copyright 2022-2023 Advanced Micro Devices, Inc. All Rights Reserved.
--------------------------------------------------------------------------------------------------------------------------------------------------------------------
| Tool Version : Vivado v.2023.1 (lin64) Build 3865809 Sun May  7 15:04:56 MDT 2023
| Date         : Thu Nov  6 22:35:03 2025
| Host         : n01-zeus.olympus.ece.tamu.edu running 64-bit Red Hat Enterprise Linux release 8.10 (Ootpa)
| Command      : report_methodology -file top_kalman_methodology_drc_routed.rpt -pb top_kalman_methodology_drc_routed.pb -rpx top_kalman_methodology_drc_routed.rpx
| Design       : top_kalman
| Device       : xc7z020clg400-1
| Speed File   : -1
| Design State : Fully Routed
--------------------------------------------------------------------------------------------------------------------------------------------------------------------

Report Methodology

Table of Contents
-----------------
1. REPORT SUMMARY
2. REPORT DETAILS

1. REPORT SUMMARY
-----------------
            Netlist: netlist
          Floorplan: design_1
      Design limits: <entire design considered>
             Max violations: <unlimited>
             Violations found: 944
+-----------+------------------+--------------------------------+------------+
| Rule      | Severity         | Description                    | Violations |
+-----------+------------------+--------------------------------+------------+
| TIMING-17 | Critical Warning | Non-clocked sequential cell    | 599        |
| DPIR-1    | Warning          | Asynchronous driver check      | 240        |
| LUTAR-1   | Warning          | LUT drives async reset alert   | 64         |
| SYNTH-10  | Warning          | Wide multiplier                | 8          |
| TIMING-20 | Warning          | Non-clocked latch              | 32         |
| LATCH-1   | Advisory         | Existing latches in the design | 1          |
+-----------+------------------+--------------------------------+------------+

2. REPORT DETAILS
-----------------
TIMING-17#1 Critical Warning
Non-clocked sequential cell  
The clock pin B_reg[0]/C is not reached by a timing clock
Related violations: <none>

TIMING-17#2 Critical Warning
Non-clocked sequential cell  
The clock pin B_reg[10]/C is not reached by a timing clock
Related violations: <none>

TIMING-17#3 Critical Warning
Non-clocked sequential cell  
The clock pin B_reg[11]/C is not reached by a timing clock
Related violations: <none>

TIMING-17#4 Critical Warning
Non-clocked sequential cell  
The clock pin B_reg[12]/C is not reached by a timing clock
Related violations: <none>

TIMING-17#5 Critical Warning
Non-clocked sequential cell  
The clock pin B_reg[13]/C is not reached by a timing clock
Related violations: <none>

TIMING-17#6 Critical Warning
Non-clocked sequential cell  
The clock pin B_reg[14]/C is not reached by a timing clock
Related violations: <none>

TIMING-17#7 Critical Warning
Non-clocked sequential cell  
The clock pin B_reg[15]/C is not reached by a timing clock
Related violations: <none>

TIMING-17#8 Critical Warning
Non-clocked sequential cell  
The clock pin B_reg[16]/C is not reached by a timing clock
Related violations: <none>

TIMING-17#9 Critical Warning
Non-clocked sequential cell  
The clock pin B_reg[17]/C is not reached by a timing clock
Related violations: <none>

TIMING-17#10 Critical Warning
Non-clocked sequential cell  
The clock pin B_reg[18]/C is not reached by a timing clock
Related violations: <none>

TIMING-17#11 Critical Warning
Non-clocked sequential cell  
The clock pin B_reg[19]/C is not reached by a timing clock
Related violations: <none>

TIMING-17#12 Critical Warning
Non-clocked sequential cell  
The clock pin B_reg[1]/C is not reached by a timing clock
Related violations: <none>

TIMING-17#13 Critical Warning
Non-clocked sequential cell  
The clock pin B_reg[20]/C is not reached by a timing clock
Related violations: <none>

TIMING-17#14 Critical Warning
Non-clocked sequential cell  
The clock pin B_reg[21]/C is not reached by a timing clock
Related violations: <none>

TIMING-17#15 Critical Warning
Non-clocked sequential cell  
The clock pin B_reg[22]/C is not reached by a timing clock
Related violations: <none>

TIMING-17#16 Critical Warning
Non-clocked sequential cell  
The clock pin B_reg[23]/C is not reached by a timing clock
Related violations: <none>

TIMING-17#17 Critical Warning
Non-clocked sequential cell  
The clock pin B_reg[24]/C is not reached by a timing clock
Related violations: <none>

TIMING-17#18 Critical Warning
Non-clocked sequential cell  
The clock pin B_reg[25]/C is not reached by a timing clock
Related violations: <none>

TIMING-17#19 Critical Warning
Non-clocked sequential cell  
The clock pin B_reg[26]/C is not reached by a timing clock
Related violations: <none>

TIMING-17#20 Critical Warning
Non-clocked sequential cell  
The clock pin B_reg[27]/C is not reached by a timing clock
Related violations: <none>

TIMING-17#21 Critical Warning
Non-clocked sequential cell  
The clock pin B_reg[28]/C is not reached by a timing clock
Related violations: <none>

TIMING-17#22 Critical Warning
Non-clocked sequential cell  
The clock pin B_reg[29]/C is not reached by a timing clock
Related violations: <none>

TIMING-17#23 Critical Warning
Non-clocked sequential cell  
The clock pin B_reg[2]/C is not reached by a timing clock
Related violations: <none>

TIMING-17#24 Critical Warning
Non-clocked sequential cell  
The clock pin B_reg[30]/C is not reached by a timing clock
Related violations: <none>

TIMING-17#25 Critical Warning
Non-clocked sequential cell  
The clock pin B_reg[31]/C is not reached by a timing clock
Related violations: <none>

TIMING-17#26 Critical Warning
Non-clocked sequential cell  
The clock pin B_reg[3]/C is not reached by a timing clock
Related violations: <none>

TIMING-17#27 Critical Warning
Non-clocked sequential cell  
The clock pin B_reg[4]/C is not reached by a timing clock
Related violations: <none>

TIMING-17#28 Critical Warning
Non-clocked sequential cell  
The clock pin B_reg[5]/C is not reached by a timing clock
Related violations: <none>

TIMING-17#29 Critical Warning
Non-clocked sequential cell  
The clock pin B_reg[6]/C is not reached by a timing clock
Related violations: <none>

TIMING-17#30 Critical Warning
Non-clocked sequential cell  
The clock pin B_reg[7]/C is not reached by a timing clock
Related violations: <none>

TIMING-17#31 Critical Warning
Non-clocked sequential cell  
The clock pin B_reg[8]/C is not reached by a timing clock
Related violations: <none>

TIMING-17#32 Critical Warning
Non-clocked sequential cell  
The clock pin B_reg[9]/C is not reached by a timing clock
Related violations: <none>

TIMING-17#33 Critical Warning
Non-clocked sequential cell  
The clock pin F_reg[0]/C is not reached by a timing clock
Related violations: <none>

TIMING-17#34 Critical Warning
Non-clocked sequential cell  
The clock pin F_reg[10]/C is not reached by a timing clock
Related violations: <none>

TIMING-17#35 Critical Warning
Non-clocked sequential cell  
The clock pin F_reg[11]/C is not reached by a timing clock
Related violations: <none>

TIMING-17#36 Critical Warning
Non-clocked sequential cell  
The clock pin F_reg[12]/C is not reached by a timing clock
Related violations: <none>

TIMING-17#37 Critical Warning
Non-clocked sequential cell  
The clock pin F_reg[13]/C is not reached by a timing clock
Related violations: <none>

TIMING-17#38 Critical Warning
Non-clocked sequential cell  
The clock pin F_reg[14]/C is not reached by a timing clock
Related violations: <none>

TIMING-17#39 Critical Warning
Non-clocked sequential cell  
The clock pin F_reg[15]/C is not reached by a timing clock
Related violations: <none>

TIMING-17#40 Critical Warning
Non-clocked sequential cell  
The clock pin F_reg[16]/C is not reached by a timing clock
Related violations: <none>

TIMING-17#41 Critical Warning
Non-clocked sequential cell  
The clock pin F_reg[17]/C is not reached by a timing clock
Related violations: <none>

TIMING-17#42 Critical Warning
Non-clocked sequential cell  
The clock pin F_reg[18]/C is not reached by a timing clock
Related violations: <none>

TIMING-17#43 Critical Warning
Non-clocked sequential cell  
The clock pin F_reg[19]/C is not reached by a timing clock
Related violations: <none>

TIMING-17#44 Critical Warning
Non-clocked sequential cell  
The clock pin F_reg[1]/C is not reached by a timing clock
Related violations: <none>

TIMING-17#45 Critical Warning
Non-clocked sequential cell  
The clock pin F_reg[20]/C is not reached by a timing clock
Related violations: <none>

TIMING-17#46 Critical Warning
Non-clocked sequential cell  
The clock pin F_reg[21]/C is not reached by a timing clock
Related violations: <none>

TIMING-17#47 Critical Warning
Non-clocked sequential cell  
The clock pin F_reg[22]/C is not reached by a timing clock
Related violations: <none>

TIMING-17#48 Critical Warning
Non-clocked sequential cell  
The clock pin F_reg[23]/C is not reached by a timing clock
Related violations: <none>

TIMING-17#49 Critical Warning
Non-clocked sequential cell  
The clock pin F_reg[24]/C is not reached by a timing clock
Related violations: <none>

TIMING-17#50 Critical Warning
Non-clocked sequential cell  
The clock pin F_reg[25]/C is not reached by a timing clock
Related violations: <none>

TIMING-17#51 Critical Warning
Non-clocked sequential cell  
The clock pin F_reg[26]/C is not reached by a timing clock
Related violations: <none>

TIMING-17#52 Critical Warning
Non-clocked sequential cell  
The clock pin F_reg[27]/C is not reached by a timing clock
Related violations: <none>

TIMING-17#53 Critical Warning
Non-clocked sequential cell  
The clock pin F_reg[28]/C is not reached by a timing clock
Related violations: <none>

TIMING-17#54 Critical Warning
Non-clocked sequential cell  
The clock pin F_reg[29]/C is not reached by a timing clock
Related violations: <none>

TIMING-17#55 Critical Warning
Non-clocked sequential cell  
The clock pin F_reg[2]/C is not reached by a timing clock
Related violations: <none>

TIMING-17#56 Critical Warning
Non-clocked sequential cell  
The clock pin F_reg[30]/C is not reached by a timing clock
Related violations: <none>

TIMING-17#57 Critical Warning
Non-clocked sequential cell  
The clock pin F_reg[31]/C is not reached by a timing clock
Related violations: <none>

TIMING-17#58 Critical Warning
Non-clocked sequential cell  
The clock pin F_reg[32]/C is not reached by a timing clock
Related violations: <none>

TIMING-17#59 Critical Warning
Non-clocked sequential cell  
The clock pin F_reg[33]/C is not reached by a timing clock
Related violations: <none>

TIMING-17#60 Critical Warning
Non-clocked sequential cell  
The clock pin F_reg[34]/C is not reached by a timing clock
Related violations: <none>

TIMING-17#61 Critical Warning
Non-clocked sequential cell  
The clock pin F_reg[35]/C is not reached by a timing clock
Related violations: <none>

TIMING-17#62 Critical Warning
Non-clocked sequential cell  
The clock pin F_reg[36]/C is not reached by a timing clock
Related violations: <none>

TIMING-17#63 Critical Warning
Non-clocked sequential cell  
The clock pin F_reg[37]/C is not reached by a timing clock
Related violations: <none>

TIMING-17#64 Critical Warning
Non-clocked sequential cell  
The clock pin F_reg[38]/C is not reached by a timing clock
Related violations: <none>

TIMING-17#65 Critical Warning
Non-clocked sequential cell  
The clock pin F_reg[39]/C is not reached by a timing clock
Related violations: <none>

TIMING-17#66 Critical Warning
Non-clocked sequential cell  
The clock pin F_reg[3]/C is not reached by a timing clock
Related violations: <none>

TIMING-17#67 Critical Warning
Non-clocked sequential cell  
The clock pin F_reg[40]/C is not reached by a timing clock
Related violations: <none>

TIMING-17#68 Critical Warning
Non-clocked sequential cell  
The clock pin F_reg[41]/C is not reached by a timing clock
Related violations: <none>

TIMING-17#69 Critical Warning
Non-clocked sequential cell  
The clock pin F_reg[42]/C is not reached by a timing clock
Related violations: <none>

TIMING-17#70 Critical Warning
Non-clocked sequential cell  
The clock pin F_reg[43]/C is not reached by a timing clock
Related violations: <none>

TIMING-17#71 Critical Warning
Non-clocked sequential cell  
The clock pin F_reg[44]/C is not reached by a timing clock
Related violations: <none>

TIMING-17#72 Critical Warning
Non-clocked sequential cell  
The clock pin F_reg[45]/C is not reached by a timing clock
Related violations: <none>

TIMING-17#73 Critical Warning
Non-clocked sequential cell  
The clock pin F_reg[46]/C is not reached by a timing clock
Related violations: <none>

TIMING-17#74 Critical Warning
Non-clocked sequential cell  
The clock pin F_reg[47]/C is not reached by a timing clock
Related violations: <none>

TIMING-17#75 Critical Warning
Non-clocked sequential cell  
The clock pin F_reg[48]/C is not reached by a timing clock
Related violations: <none>

TIMING-17#76 Critical Warning
Non-clocked sequential cell  
The clock pin F_reg[49]/C is not reached by a timing clock
Related violations: <none>

TIMING-17#77 Critical Warning
Non-clocked sequential cell  
The clock pin F_reg[4]/C is not reached by a timing clock
Related violations: <none>

TIMING-17#78 Critical Warning
Non-clocked sequential cell  
The clock pin F_reg[50]/C is not reached by a timing clock
Related violations: <none>

TIMING-17#79 Critical Warning
Non-clocked sequential cell  
The clock pin F_reg[51]/C is not reached by a timing clock
Related violations: <none>

TIMING-17#80 Critical Warning
Non-clocked sequential cell  
The clock pin F_reg[52]/C is not reached by a timing clock
Related violations: <none>

TIMING-17#81 Critical Warning
Non-clocked sequential cell  
The clock pin F_reg[53]/C is not reached by a timing clock
Related violations: <none>

TIMING-17#82 Critical Warning
Non-clocked sequential cell  
The clock pin F_reg[54]/C is not reached by a timing clock
Related violations: <none>

TIMING-17#83 Critical Warning
Non-clocked sequential cell  
The clock pin F_reg[55]/C is not reached by a timing clock
Related violations: <none>

TIMING-17#84 Critical Warning
Non-clocked sequential cell  
The clock pin F_reg[56]/C is not reached by a timing clock
Related violations: <none>

TIMING-17#85 Critical Warning
Non-clocked sequential cell  
The clock pin F_reg[57]/C is not reached by a timing clock
Related violations: <none>

TIMING-17#86 Critical Warning
Non-clocked sequential cell  
The clock pin F_reg[58]/C is not reached by a timing clock
Related violations: <none>

TIMING-17#87 Critical Warning
Non-clocked sequential cell  
The clock pin F_reg[59]/C is not reached by a timing clock
Related violations: <none>

TIMING-17#88 Critical Warning
Non-clocked sequential cell  
The clock pin F_reg[5]/C is not reached by a timing clock
Related violations: <none>

TIMING-17#89 Critical Warning
Non-clocked sequential cell  
The clock pin F_reg[60]/C is not reached by a timing clock
Related violations: <none>

TIMING-17#90 Critical Warning
Non-clocked sequential cell  
The clock pin F_reg[61]/C is not reached by a timing clock
Related violations: <none>

TIMING-17#91 Critical Warning
Non-clocked sequential cell  
The clock pin F_reg[62]/C is not reached by a timing clock
Related violations: <none>

TIMING-17#92 Critical Warning
Non-clocked sequential cell  
The clock pin F_reg[63]/C is not reached by a timing clock
Related violations: <none>

TIMING-17#93 Critical Warning
Non-clocked sequential cell  
The clock pin F_reg[6]/C is not reached by a timing clock
Related violations: <none>

TIMING-17#94 Critical Warning
Non-clocked sequential cell  
The clock pin F_reg[7]/C is not reached by a timing clock
Related violations: <none>

TIMING-17#95 Critical Warning
Non-clocked sequential cell  
The clock pin F_reg[8]/C is not reached by a timing clock
Related violations: <none>

TIMING-17#96 Critical Warning
Non-clocked sequential cell  
The clock pin F_reg[9]/C is not reached by a timing clock
Related violations: <none>

TIMING-17#97 Critical Warning
Non-clocked sequential cell  
The clock pin b0/U0/inst_blk_mem_gen/gnbram.gnativebmg.native_blk_mem_gen/valid.cstr/has_mux_b.B/no_softecc_norm_sel2.has_mem_regs.WITHOUT_ECC_PIPE.ce_pri.sel_pipe_d1_reg[0]/C is not reached by a timing clock
Related violations: <none>

TIMING-17#98 Critical Warning
Non-clocked sequential cell  
The clock pin b0/U0/inst_blk_mem_gen/gnbram.gnativebmg.native_blk_mem_gen/valid.cstr/has_mux_b.B/no_softecc_norm_sel2.has_mem_regs.WITHOUT_ECC_PIPE.ce_pri.sel_pipe_d1_reg[1]/C is not reached by a timing clock
Related violations: <none>

TIMING-17#99 Critical Warning
Non-clocked sequential cell  
The clock pin b0/U0/inst_blk_mem_gen/gnbram.gnativebmg.native_blk_mem_gen/valid.cstr/has_mux_b.B/no_softecc_norm_sel2.has_mem_regs.WITHOUT_ECC_PIPE.ce_pri.sel_pipe_d1_reg[2]/C is not reached by a timing clock
Related violations: <none>

TIMING-17#100 Critical Warning
Non-clocked sequential cell  
The clock pin b0/U0/inst_blk_mem_gen/gnbram.gnativebmg.native_blk_mem_gen/valid.cstr/has_mux_b.B/no_softecc_sel_reg.ce_pri.sel_pipe_reg[0]/C is not reached by a timing clock
Related violations: <none>

TIMING-17#101 Critical Warning
Non-clocked sequential cell  
The clock pin b0/U0/inst_blk_mem_gen/gnbram.gnativebmg.native_blk_mem_gen/valid.cstr/has_mux_b.B/no_softecc_sel_reg.ce_pri.sel_pipe_reg[1]/C is not reached by a timing clock
Related violations: <none>

TIMING-17#102 Critical Warning
Non-clocked sequential cell  
The clock pin b0/U0/inst_blk_mem_gen/gnbram.gnativebmg.native_blk_mem_gen/valid.cstr/has_mux_b.B/no_softecc_sel_reg.ce_pri.sel_pipe_reg[2]/C is not reached by a timing clock
Related violations: <none>

TIMING-17#103 Critical Warning
Non-clocked sequential cell  
The clock pin b0/U0/inst_blk_mem_gen/gnbram.gnativebmg.native_blk_mem_gen/valid.cstr/ramloop[0].ram.r/prim_noinit.ram/DEVICE_7SERIES.NO_BMM_INFO.TRUE_DP.SIMPLE_PRIM36.ram/CLKBWRCLK is not reached by a timing clock
Related violations: <none>

TIMING-17#104 Critical Warning
Non-clocked sequential cell  
The clock pin b0/U0/inst_blk_mem_gen/gnbram.gnativebmg.native_blk_mem_gen/valid.cstr/ramloop[1].ram.r/prim_noinit.ram/DEVICE_7SERIES.NO_BMM_INFO.TRUE_DP.SIMPLE_PRIM36.ram/CLKBWRCLK is not reached by a timing clock
Related violations: <none>

TIMING-17#105 Critical Warning
Non-clocked sequential cell  
The clock pin b0/U0/inst_blk_mem_gen/gnbram.gnativebmg.native_blk_mem_gen/valid.cstr/ramloop[2].ram.r/prim_noinit.ram/DEVICE_7SERIES.NO_BMM_INFO.TRUE_DP.SIMPLE_PRIM36.ram/CLKBWRCLK is not reached by a timing clock
Related violations: <none>

TIMING-17#106 Critical Warning
Non-clocked sequential cell  
The clock pin b0/U0/inst_blk_mem_gen/gnbram.gnativebmg.native_blk_mem_gen/valid.cstr/ramloop[3].ram.r/prim_noinit.ram/DEVICE_7SERIES.NO_BMM_INFO.TRUE_DP.SIMPLE_PRIM36.ram/CLKBWRCLK is not reached by a timing clock
Related violations: <none>

TIMING-17#107 Critical Warning
Non-clocked sequential cell  
The clock pin b0/U0/inst_blk_mem_gen/gnbram.gnativebmg.native_blk_mem_gen/valid.cstr/ramloop[4].ram.r/prim_noinit.ram/DEVICE_7SERIES.NO_BMM_INFO.TRUE_DP.SIMPLE_PRIM36.ram/CLKBWRCLK is not reached by a timing clock
Related violations: <none>

TIMING-17#108 Critical Warning
Non-clocked sequential cell  
The clock pin b1/U0/inst_blk_mem_gen/gnbram.gnativebmg.native_blk_mem_gen/valid.cstr/ramloop[0].ram.r/prim_noinit.ram/DEVICE_7SERIES.NO_BMM_INFO.SP.SIMPLE_PRIM36.ram/CLKARDCLK is not reached by a timing clock
Related violations: <none>

TIMING-17#109 Critical Warning
Non-clocked sequential cell  
The clock pin b1/U0/inst_blk_mem_gen/gnbram.gnativebmg.native_blk_mem_gen/valid.cstr/ramloop[1].ram.r/prim_noinit.ram/DEVICE_7SERIES.NO_BMM_INFO.SP.SIMPLE_PRIM36.ram/CLKARDCLK is not reached by a timing clock
Related violations: <none>

TIMING-17#110 Critical Warning
Non-clocked sequential cell  
The clock pin b2/U0/inst_blk_mem_gen/gnbram.gnativebmg.native_blk_mem_gen/valid.cstr/ramloop[0].ram.r/prim_noinit.ram/DEVICE_7SERIES.NO_BMM_INFO.SP.SIMPLE_PRIM36.ram/CLKARDCLK is not reached by a timing clock
Related violations: <none>

TIMING-17#111 Critical Warning
Non-clocked sequential cell  
The clock pin b2/U0/inst_blk_mem_gen/gnbram.gnativebmg.native_blk_mem_gen/valid.cstr/ramloop[0].ram.r/prim_noinit.ram/b2/U0/inst_blk_mem_gen/gnbram.gnativebmg.native_blk_mem_gen/valid.cstr/ramloop[0].ram.r/prim_noinit.ram/DEVICE_7SERIES.NO_BMM_INFO.SP.SIMPLE_PRIM36.ram_cooolgate_en_gate_1_cooolDelFlop/C is not reached by a timing clock
Related violations: <none>

TIMING-17#112 Critical Warning
Non-clocked sequential cell  
The clock pin b2/U0/inst_blk_mem_gen/gnbram.gnativebmg.native_blk_mem_gen/valid.cstr/ramloop[0].ram.r/prim_noinit.ram/b2/U0/inst_blk_mem_gen/gnbram.gnativebmg.native_blk_mem_gen/valid.cstr/ramloop[0].ram.r/prim_noinit.ram/DEVICE_7SERIES.NO_BMM_INFO.SP.SIMPLE_PRIM36.ram_cooolgate_en_gate_2_cooolDelFlop/C is not reached by a timing clock
Related violations: <none>

TIMING-17#113 Critical Warning
Non-clocked sequential cell  
The clock pin b2/U0/inst_blk_mem_gen/gnbram.gnativebmg.native_blk_mem_gen/valid.cstr/ramloop[0].ram.r/prim_noinit.ram/b2/U0/inst_blk_mem_gen/gnbram.gnativebmg.native_blk_mem_gen/valid.cstr/ramloop[0].ram.r/prim_noinit.ram/DEVICE_7SERIES.NO_BMM_INFO.SP.SIMPLE_PRIM36.ram_cooolgate_en_gate_3_cooolDelFlop/C is not reached by a timing clock
Related violations: <none>

TIMING-17#114 Critical Warning
Non-clocked sequential cell  
The clock pin count_reg[0]/C is not reached by a timing clock
Related violations: <none>

TIMING-17#115 Critical Warning
Non-clocked sequential cell  
The clock pin count_reg[10]/C is not reached by a timing clock
Related violations: <none>

TIMING-17#116 Critical Warning
Non-clocked sequential cell  
The clock pin count_reg[11]/C is not reached by a timing clock
Related violations: <none>

TIMING-17#117 Critical Warning
Non-clocked sequential cell  
The clock pin count_reg[12]/C is not reached by a timing clock
Related violations: <none>

TIMING-17#118 Critical Warning
Non-clocked sequential cell  
The clock pin count_reg[13]/C is not reached by a timing clock
Related violations: <none>

TIMING-17#119 Critical Warning
Non-clocked sequential cell  
The clock pin count_reg[14]/C is not reached by a timing clock
Related violations: <none>

TIMING-17#120 Critical Warning
Non-clocked sequential cell  
The clock pin count_reg[15]/C is not reached by a timing clock
Related violations: <none>

TIMING-17#121 Critical Warning
Non-clocked sequential cell  
The clock pin count_reg[1]/C is not reached by a timing clock
Related violations: <none>

TIMING-17#122 Critical Warning
Non-clocked sequential cell  
The clock pin count_reg[2]/C is not reached by a timing clock
Related violations: <none>

TIMING-17#123 Critical Warning
Non-clocked sequential cell  
The clock pin count_reg[3]/C is not reached by a timing clock
Related violations: <none>

TIMING-17#124 Critical Warning
Non-clocked sequential cell  
The clock pin count_reg[4]/C is not reached by a timing clock
Related violations: <none>

TIMING-17#125 Critical Warning
Non-clocked sequential cell  
The clock pin count_reg[5]/C is not reached by a timing clock
Related violations: <none>

TIMING-17#126 Critical Warning
Non-clocked sequential cell  
The clock pin count_reg[6]/C is not reached by a timing clock
Related violations: <none>

TIMING-17#127 Critical Warning
Non-clocked sequential cell  
The clock pin count_reg[7]/C is not reached by a timing clock
Related violations: <none>

TIMING-17#128 Critical Warning
Non-clocked sequential cell  
The clock pin count_reg[8]/C is not reached by a timing clock
Related violations: <none>

TIMING-17#129 Critical Warning
Non-clocked sequential cell  
The clock pin count_reg[9]/C is not reached by a timing clock
Related violations: <none>

TIMING-17#130 Critical Warning
Non-clocked sequential cell  
The clock pin k0/FSM_sequential_state_reg[0]/C is not reached by a timing clock
Related violations: <none>

TIMING-17#131 Critical Warning
Non-clocked sequential cell  
The clock pin k0/FSM_sequential_state_reg[1]/C is not reached by a timing clock
Related violations: <none>

TIMING-17#132 Critical Warning
Non-clocked sequential cell  
The clock pin k0/cycle_count_reg[0]/C is not reached by a timing clock
Related violations: <none>

TIMING-17#133 Critical Warning
Non-clocked sequential cell  
The clock pin k0/cycle_count_reg[1]/C is not reached by a timing clock
Related violations: <none>

TIMING-17#134 Critical Warning
Non-clocked sequential cell  
The clock pin k0/cycle_count_reg[2]/C is not reached by a timing clock
Related violations: <none>

TIMING-17#135 Critical Warning
Non-clocked sequential cell  
The clock pin k0/cycle_count_reg[3]/C is not reached by a timing clock
Related violations: <none>

TIMING-17#136 Critical Warning
Non-clocked sequential cell  
The clock pin k0/mi_reg[0][0][0]/C is not reached by a timing clock
Related violations: <none>

TIMING-17#137 Critical Warning
Non-clocked sequential cell  
The clock pin k0/mi_reg[0][0][10]/C is not reached by a timing clock
Related violations: <none>

TIMING-17#138 Critical Warning
Non-clocked sequential cell  
The clock pin k0/mi_reg[0][0][11]/C is not reached by a timing clock
Related violations: <none>

TIMING-17#139 Critical Warning
Non-clocked sequential cell  
The clock pin k0/mi_reg[0][0][12]/C is not reached by a timing clock
Related violations: <none>

TIMING-17#140 Critical Warning
Non-clocked sequential cell  
The clock pin k0/mi_reg[0][0][13]/C is not reached by a timing clock
Related violations: <none>

TIMING-17#141 Critical Warning
Non-clocked sequential cell  
The clock pin k0/mi_reg[0][0][14]/C is not reached by a timing clock
Related violations: <none>

TIMING-17#142 Critical Warning
Non-clocked sequential cell  
The clock pin k0/mi_reg[0][0][15]/C is not reached by a timing clock
Related violations: <none>

TIMING-17#143 Critical Warning
Non-clocked sequential cell  
The clock pin k0/mi_reg[0][0][1]/C is not reached by a timing clock
Related violations: <none>

TIMING-17#144 Critical Warning
Non-clocked sequential cell  
The clock pin k0/mi_reg[0][0][2]/C is not reached by a timing clock
Related violations: <none>

TIMING-17#145 Critical Warning
Non-clocked sequential cell  
The clock pin k0/mi_reg[0][0][3]/C is not reached by a timing clock
Related violations: <none>

TIMING-17#146 Critical Warning
Non-clocked sequential cell  
The clock pin k0/mi_reg[0][0][4]/C is not reached by a timing clock
Related violations: <none>

TIMING-17#147 Critical Warning
Non-clocked sequential cell  
The clock pin k0/mi_reg[0][0][5]/C is not reached by a timing clock
Related violations: <none>

TIMING-17#148 Critical Warning
Non-clocked sequential cell  
The clock pin k0/mi_reg[0][0][6]/C is not reached by a timing clock
Related violations: <none>

TIMING-17#149 Critical Warning
Non-clocked sequential cell  
The clock pin k0/mi_reg[0][0][7]/C is not reached by a timing clock
Related violations: <none>

TIMING-17#150 Critical Warning
Non-clocked sequential cell  
The clock pin k0/mi_reg[0][0][8]/C is not reached by a timing clock
Related violations: <none>

TIMING-17#151 Critical Warning
Non-clocked sequential cell  
The clock pin k0/mi_reg[0][0][9]/C is not reached by a timing clock
Related violations: <none>

TIMING-17#152 Critical Warning
Non-clocked sequential cell  
The clock pin k0/mi_reg[0][1][0]/C is not reached by a timing clock
Related violations: <none>

TIMING-17#153 Critical Warning
Non-clocked sequential cell  
The clock pin k0/mi_reg[0][1][10]/C is not reached by a timing clock
Related violations: <none>

TIMING-17#154 Critical Warning
Non-clocked sequential cell  
The clock pin k0/mi_reg[0][1][11]/C is not reached by a timing clock
Related violations: <none>

TIMING-17#155 Critical Warning
Non-clocked sequential cell  
The clock pin k0/mi_reg[0][1][12]/C is not reached by a timing clock
Related violations: <none>

TIMING-17#156 Critical Warning
Non-clocked sequential cell  
The clock pin k0/mi_reg[0][1][13]/C is not reached by a timing clock
Related violations: <none>

TIMING-17#157 Critical Warning
Non-clocked sequential cell  
The clock pin k0/mi_reg[0][1][14]/C is not reached by a timing clock
Related violations: <none>

TIMING-17#158 Critical Warning
Non-clocked sequential cell  
The clock pin k0/mi_reg[0][1][15]/C is not reached by a timing clock
Related violations: <none>

TIMING-17#159 Critical Warning
Non-clocked sequential cell  
The clock pin k0/mi_reg[0][1][1]/C is not reached by a timing clock
Related violations: <none>

TIMING-17#160 Critical Warning
Non-clocked sequential cell  
The clock pin k0/mi_reg[0][1][2]/C is not reached by a timing clock
Related violations: <none>

TIMING-17#161 Critical Warning
Non-clocked sequential cell  
The clock pin k0/mi_reg[0][1][3]/C is not reached by a timing clock
Related violations: <none>

TIMING-17#162 Critical Warning
Non-clocked sequential cell  
The clock pin k0/mi_reg[0][1][4]/C is not reached by a timing clock
Related violations: <none>

TIMING-17#163 Critical Warning
Non-clocked sequential cell  
The clock pin k0/mi_reg[0][1][5]/C is not reached by a timing clock
Related violations: <none>

TIMING-17#164 Critical Warning
Non-clocked sequential cell  
The clock pin k0/mi_reg[0][1][6]/C is not reached by a timing clock
Related violations: <none>

TIMING-17#165 Critical Warning
Non-clocked sequential cell  
The clock pin k0/mi_reg[0][1][7]/C is not reached by a timing clock
Related violations: <none>

TIMING-17#166 Critical Warning
Non-clocked sequential cell  
The clock pin k0/mi_reg[0][1][8]/C is not reached by a timing clock
Related violations: <none>

TIMING-17#167 Critical Warning
Non-clocked sequential cell  
The clock pin k0/mi_reg[0][1][9]/C is not reached by a timing clock
Related violations: <none>

TIMING-17#168 Critical Warning
Non-clocked sequential cell  
The clock pin k0/mi_reg[0][2][0]/C is not reached by a timing clock
Related violations: <none>

TIMING-17#169 Critical Warning
Non-clocked sequential cell  
The clock pin k0/mi_reg[0][2][10]/C is not reached by a timing clock
Related violations: <none>

TIMING-17#170 Critical Warning
Non-clocked sequential cell  
The clock pin k0/mi_reg[0][2][11]/C is not reached by a timing clock
Related violations: <none>

TIMING-17#171 Critical Warning
Non-clocked sequential cell  
The clock pin k0/mi_reg[0][2][12]/C is not reached by a timing clock
Related violations: <none>

TIMING-17#172 Critical Warning
Non-clocked sequential cell  
The clock pin k0/mi_reg[0][2][13]/C is not reached by a timing clock
Related violations: <none>

TIMING-17#173 Critical Warning
Non-clocked sequential cell  
The clock pin k0/mi_reg[0][2][14]/C is not reached by a timing clock
Related violations: <none>

TIMING-17#174 Critical Warning
Non-clocked sequential cell  
The clock pin k0/mi_reg[0][2][15]/C is not reached by a timing clock
Related violations: <none>

TIMING-17#175 Critical Warning
Non-clocked sequential cell  
The clock pin k0/mi_reg[0][2][1]/C is not reached by a timing clock
Related violations: <none>

TIMING-17#176 Critical Warning
Non-clocked sequential cell  
The clock pin k0/mi_reg[0][2][2]/C is not reached by a timing clock
Related violations: <none>

TIMING-17#177 Critical Warning
Non-clocked sequential cell  
The clock pin k0/mi_reg[0][2][3]/C is not reached by a timing clock
Related violations: <none>

TIMING-17#178 Critical Warning
Non-clocked sequential cell  
The clock pin k0/mi_reg[0][2][4]/C is not reached by a timing clock
Related violations: <none>

TIMING-17#179 Critical Warning
Non-clocked sequential cell  
The clock pin k0/mi_reg[0][2][5]/C is not reached by a timing clock
Related violations: <none>

TIMING-17#180 Critical Warning
Non-clocked sequential cell  
The clock pin k0/mi_reg[0][2][6]/C is not reached by a timing clock
Related violations: <none>

TIMING-17#181 Critical Warning
Non-clocked sequential cell  
The clock pin k0/mi_reg[0][2][7]/C is not reached by a timing clock
Related violations: <none>

TIMING-17#182 Critical Warning
Non-clocked sequential cell  
The clock pin k0/mi_reg[0][2][8]/C is not reached by a timing clock
Related violations: <none>

TIMING-17#183 Critical Warning
Non-clocked sequential cell  
The clock pin k0/mi_reg[0][2][9]/C is not reached by a timing clock
Related violations: <none>

TIMING-17#184 Critical Warning
Non-clocked sequential cell  
The clock pin k0/mi_reg[0][3][0]/C is not reached by a timing clock
Related violations: <none>

TIMING-17#185 Critical Warning
Non-clocked sequential cell  
The clock pin k0/mi_reg[0][3][10]/C is not reached by a timing clock
Related violations: <none>

TIMING-17#186 Critical Warning
Non-clocked sequential cell  
The clock pin k0/mi_reg[0][3][11]/C is not reached by a timing clock
Related violations: <none>

TIMING-17#187 Critical Warning
Non-clocked sequential cell  
The clock pin k0/mi_reg[0][3][12]/C is not reached by a timing clock
Related violations: <none>

TIMING-17#188 Critical Warning
Non-clocked sequential cell  
The clock pin k0/mi_reg[0][3][13]/C is not reached by a timing clock
Related violations: <none>

TIMING-17#189 Critical Warning
Non-clocked sequential cell  
The clock pin k0/mi_reg[0][3][14]/C is not reached by a timing clock
Related violations: <none>

TIMING-17#190 Critical Warning
Non-clocked sequential cell  
The clock pin k0/mi_reg[0][3][15]/C is not reached by a timing clock
Related violations: <none>

TIMING-17#191 Critical Warning
Non-clocked sequential cell  
The clock pin k0/mi_reg[0][3][1]/C is not reached by a timing clock
Related violations: <none>

TIMING-17#192 Critical Warning
Non-clocked sequential cell  
The clock pin k0/mi_reg[0][3][2]/C is not reached by a timing clock
Related violations: <none>

TIMING-17#193 Critical Warning
Non-clocked sequential cell  
The clock pin k0/mi_reg[0][3][3]/C is not reached by a timing clock
Related violations: <none>

TIMING-17#194 Critical Warning
Non-clocked sequential cell  
The clock pin k0/mi_reg[0][3][4]/C is not reached by a timing clock
Related violations: <none>

TIMING-17#195 Critical Warning
Non-clocked sequential cell  
The clock pin k0/mi_reg[0][3][5]/C is not reached by a timing clock
Related violations: <none>

TIMING-17#196 Critical Warning
Non-clocked sequential cell  
The clock pin k0/mi_reg[0][3][6]/C is not reached by a timing clock
Related violations: <none>

TIMING-17#197 Critical Warning
Non-clocked sequential cell  
The clock pin k0/mi_reg[0][3][7]/C is not reached by a timing clock
Related violations: <none>

TIMING-17#198 Critical Warning
Non-clocked sequential cell  
The clock pin k0/mi_reg[0][3][8]/C is not reached by a timing clock
Related violations: <none>

TIMING-17#199 Critical Warning
Non-clocked sequential cell  
The clock pin k0/mi_reg[0][3][9]/C is not reached by a timing clock
Related violations: <none>

TIMING-17#200 Critical Warning
Non-clocked sequential cell  
The clock pin k0/mi_reg[1][0][0]/C is not reached by a timing clock
Related violations: <none>

TIMING-17#201 Critical Warning
Non-clocked sequential cell  
The clock pin k0/mi_reg[1][0][10]/C is not reached by a timing clock
Related violations: <none>

TIMING-17#202 Critical Warning
Non-clocked sequential cell  
The clock pin k0/mi_reg[1][0][11]/C is not reached by a timing clock
Related violations: <none>

TIMING-17#203 Critical Warning
Non-clocked sequential cell  
The clock pin k0/mi_reg[1][0][12]/C is not reached by a timing clock
Related violations: <none>

TIMING-17#204 Critical Warning
Non-clocked sequential cell  
The clock pin k0/mi_reg[1][0][13]/C is not reached by a timing clock
Related violations: <none>

TIMING-17#205 Critical Warning
Non-clocked sequential cell  
The clock pin k0/mi_reg[1][0][14]/C is not reached by a timing clock
Related violations: <none>

TIMING-17#206 Critical Warning
Non-clocked sequential cell  
The clock pin k0/mi_reg[1][0][15]/C is not reached by a timing clock
Related violations: <none>

TIMING-17#207 Critical Warning
Non-clocked sequential cell  
The clock pin k0/mi_reg[1][0][1]/C is not reached by a timing clock
Related violations: <none>

TIMING-17#208 Critical Warning
Non-clocked sequential cell  
The clock pin k0/mi_reg[1][0][2]/C is not reached by a timing clock
Related violations: <none>

TIMING-17#209 Critical Warning
Non-clocked sequential cell  
The clock pin k0/mi_reg[1][0][3]/C is not reached by a timing clock
Related violations: <none>

TIMING-17#210 Critical Warning
Non-clocked sequential cell  
The clock pin k0/mi_reg[1][0][4]/C is not reached by a timing clock
Related violations: <none>

TIMING-17#211 Critical Warning
Non-clocked sequential cell  
The clock pin k0/mi_reg[1][0][5]/C is not reached by a timing clock
Related violations: <none>

TIMING-17#212 Critical Warning
Non-clocked sequential cell  
The clock pin k0/mi_reg[1][0][6]/C is not reached by a timing clock
Related violations: <none>

TIMING-17#213 Critical Warning
Non-clocked sequential cell  
The clock pin k0/mi_reg[1][0][7]/C is not reached by a timing clock
Related violations: <none>

TIMING-17#214 Critical Warning
Non-clocked sequential cell  
The clock pin k0/mi_reg[1][0][8]/C is not reached by a timing clock
Related violations: <none>

TIMING-17#215 Critical Warning
Non-clocked sequential cell  
The clock pin k0/mi_reg[1][0][9]/C is not reached by a timing clock
Related violations: <none>

TIMING-17#216 Critical Warning
Non-clocked sequential cell  
The clock pin k0/mi_reg[1][2][0]/C is not reached by a timing clock
Related violations: <none>

TIMING-17#217 Critical Warning
Non-clocked sequential cell  
The clock pin k0/mi_reg[1][2][10]/C is not reached by a timing clock
Related violations: <none>

TIMING-17#218 Critical Warning
Non-clocked sequential cell  
The clock pin k0/mi_reg[1][2][11]/C is not reached by a timing clock
Related violations: <none>

TIMING-17#219 Critical Warning
Non-clocked sequential cell  
The clock pin k0/mi_reg[1][2][12]/C is not reached by a timing clock
Related violations: <none>

TIMING-17#220 Critical Warning
Non-clocked sequential cell  
The clock pin k0/mi_reg[1][2][13]/C is not reached by a timing clock
Related violations: <none>

TIMING-17#221 Critical Warning
Non-clocked sequential cell  
The clock pin k0/mi_reg[1][2][14]/C is not reached by a timing clock
Related violations: <none>

TIMING-17#222 Critical Warning
Non-clocked sequential cell  
The clock pin k0/mi_reg[1][2][15]/C is not reached by a timing clock
Related violations: <none>

TIMING-17#223 Critical Warning
Non-clocked sequential cell  
The clock pin k0/mi_reg[1][2][1]/C is not reached by a timing clock
Related violations: <none>

TIMING-17#224 Critical Warning
Non-clocked sequential cell  
The clock pin k0/mi_reg[1][2][2]/C is not reached by a timing clock
Related violations: <none>

TIMING-17#225 Critical Warning
Non-clocked sequential cell  
The clock pin k0/mi_reg[1][2][3]/C is not reached by a timing clock
Related violations: <none>

TIMING-17#226 Critical Warning
Non-clocked sequential cell  
The clock pin k0/mi_reg[1][2][4]/C is not reached by a timing clock
Related violations: <none>

TIMING-17#227 Critical Warning
Non-clocked sequential cell  
The clock pin k0/mi_reg[1][2][5]/C is not reached by a timing clock
Related violations: <none>

TIMING-17#228 Critical Warning
Non-clocked sequential cell  
The clock pin k0/mi_reg[1][2][6]/C is not reached by a timing clock
Related violations: <none>

TIMING-17#229 Critical Warning
Non-clocked sequential cell  
The clock pin k0/mi_reg[1][2][7]/C is not reached by a timing clock
Related violations: <none>

TIMING-17#230 Critical Warning
Non-clocked sequential cell  
The clock pin k0/mi_reg[1][2][8]/C is not reached by a timing clock
Related violations: <none>

TIMING-17#231 Critical Warning
Non-clocked sequential cell  
The clock pin k0/mi_reg[1][2][9]/C is not reached by a timing clock
Related violations: <none>

TIMING-17#232 Critical Warning
Non-clocked sequential cell  
The clock pin k0/n_prev_reg[0]/C is not reached by a timing clock
Related violations: <none>

TIMING-17#233 Critical Warning
Non-clocked sequential cell  
The clock pin k0/n_prev_reg[10]/C is not reached by a timing clock
Related violations: <none>

TIMING-17#234 Critical Warning
Non-clocked sequential cell  
The clock pin k0/n_prev_reg[11]/C is not reached by a timing clock
Related violations: <none>

TIMING-17#235 Critical Warning
Non-clocked sequential cell  
The clock pin k0/n_prev_reg[12]/C is not reached by a timing clock
Related violations: <none>

TIMING-17#236 Critical Warning
Non-clocked sequential cell  
The clock pin k0/n_prev_reg[13]/C is not reached by a timing clock
Related violations: <none>

TIMING-17#237 Critical Warning
Non-clocked sequential cell  
The clock pin k0/n_prev_reg[14]/C is not reached by a timing clock
Related violations: <none>

TIMING-17#238 Critical Warning
Non-clocked sequential cell  
The clock pin k0/n_prev_reg[15]/C is not reached by a timing clock
Related violations: <none>

TIMING-17#239 Critical Warning
Non-clocked sequential cell  
The clock pin k0/n_prev_reg[1]/C is not reached by a timing clock
Related violations: <none>

TIMING-17#240 Critical Warning
Non-clocked sequential cell  
The clock pin k0/n_prev_reg[2]/C is not reached by a timing clock
Related violations: <none>

TIMING-17#241 Critical Warning
Non-clocked sequential cell  
The clock pin k0/n_prev_reg[3]/C is not reached by a timing clock
Related violations: <none>

TIMING-17#242 Critical Warning
Non-clocked sequential cell  
The clock pin k0/n_prev_reg[4]/C is not reached by a timing clock
Related violations: <none>

TIMING-17#243 Critical Warning
Non-clocked sequential cell  
The clock pin k0/n_prev_reg[5]/C is not reached by a timing clock
Related violations: <none>

TIMING-17#244 Critical Warning
Non-clocked sequential cell  
The clock pin k0/n_prev_reg[6]/C is not reached by a timing clock
Related violations: <none>

TIMING-17#245 Critical Warning
Non-clocked sequential cell  
The clock pin k0/n_prev_reg[7]/C is not reached by a timing clock
Related violations: <none>

TIMING-17#246 Critical Warning
Non-clocked sequential cell  
The clock pin k0/n_prev_reg[8]/C is not reached by a timing clock
Related violations: <none>

TIMING-17#247 Critical Warning
Non-clocked sequential cell  
The clock pin k0/n_prev_reg[9]/C is not reached by a timing clock
Related violations: <none>

TIMING-17#248 Critical Warning
Non-clocked sequential cell  
The clock pin k0/no_reg[0]/C is not reached by a timing clock
Related violations: <none>

TIMING-17#249 Critical Warning
Non-clocked sequential cell  
The clock pin k0/no_reg[1]/C is not reached by a timing clock
Related violations: <none>

TIMING-17#250 Critical Warning
Non-clocked sequential cell  
The clock pin k0/no_reg[2]/C is not reached by a timing clock
Related violations: <none>

TIMING-17#251 Critical Warning
Non-clocked sequential cell  
The clock pin k0/no_reg[3]/C is not reached by a timing clock
Related violations: <none>

TIMING-17#252 Critical Warning
Non-clocked sequential cell  
The clock pin k0/no_reg[4]/C is not reached by a timing clock
Related violations: <none>

TIMING-17#253 Critical Warning
Non-clocked sequential cell  
The clock pin k0/no_reg[5]/C is not reached by a timing clock
Related violations: <none>

TIMING-17#254 Critical Warning
Non-clocked sequential cell  
The clock pin k0/no_reg[6]/C is not reached by a timing clock
Related violations: <none>

TIMING-17#255 Critical Warning
Non-clocked sequential cell  
The clock pin k0/no_reg[7]/C is not reached by a timing clock
Related violations: <none>

TIMING-17#256 Critical Warning
Non-clocked sequential cell  
The clock pin k0/no_reg[8]/C is not reached by a timing clock
Related violations: <none>

TIMING-17#257 Critical Warning
Non-clocked sequential cell  
The clock pin k0/no_reg[9]/C is not reached by a timing clock
Related violations: <none>

TIMING-17#258 Critical Warning
Non-clocked sequential cell  
The clock pin k0/outen_reg/C is not reached by a timing clock
Related violations: <none>

TIMING-17#259 Critical Warning
Non-clocked sequential cell  
The clock pin k0/processing_reg/C is not reached by a timing clock
Related violations: <none>

TIMING-17#260 Critical Warning
Non-clocked sequential cell  
The clock pin k0/x_pred2/CLK is not reached by a timing clock
Related violations: <none>

TIMING-17#261 Critical Warning
Non-clocked sequential cell  
The clock pin k0/x_pred2__0/CLK is not reached by a timing clock
Related violations: <none>

TIMING-17#262 Critical Warning
Non-clocked sequential cell  
The clock pin k0/x_pred_reg[0]/C is not reached by a timing clock
Related violations: <none>

TIMING-17#263 Critical Warning
Non-clocked sequential cell  
The clock pin k0/x_pred_reg[10]/C is not reached by a timing clock
Related violations: <none>

TIMING-17#264 Critical Warning
Non-clocked sequential cell  
The clock pin k0/x_pred_reg[11]/C is not reached by a timing clock
Related violations: <none>

TIMING-17#265 Critical Warning
Non-clocked sequential cell  
The clock pin k0/x_pred_reg[12]/C is not reached by a timing clock
Related violations: <none>

TIMING-17#266 Critical Warning
Non-clocked sequential cell  
The clock pin k0/x_pred_reg[13]/C is not reached by a timing clock
Related violations: <none>

TIMING-17#267 Critical Warning
Non-clocked sequential cell  
The clock pin k0/x_pred_reg[14]/C is not reached by a timing clock
Related violations: <none>

TIMING-17#268 Critical Warning
Non-clocked sequential cell  
The clock pin k0/x_pred_reg[15]/C is not reached by a timing clock
Related violations: <none>

TIMING-17#269 Critical Warning
Non-clocked sequential cell  
The clock pin k0/x_pred_reg[16]/C is not reached by a timing clock
Related violations: <none>

TIMING-17#270 Critical Warning
Non-clocked sequential cell  
The clock pin k0/x_pred_reg[17]/C is not reached by a timing clock
Related violations: <none>

TIMING-17#271 Critical Warning
Non-clocked sequential cell  
The clock pin k0/x_pred_reg[18]/C is not reached by a timing clock
Related violations: <none>

TIMING-17#272 Critical Warning
Non-clocked sequential cell  
The clock pin k0/x_pred_reg[19]/C is not reached by a timing clock
Related violations: <none>

TIMING-17#273 Critical Warning
Non-clocked sequential cell  
The clock pin k0/x_pred_reg[1]/C is not reached by a timing clock
Related violations: <none>

TIMING-17#274 Critical Warning
Non-clocked sequential cell  
The clock pin k0/x_pred_reg[20]/C is not reached by a timing clock
Related violations: <none>

TIMING-17#275 Critical Warning
Non-clocked sequential cell  
The clock pin k0/x_pred_reg[21]/C is not reached by a timing clock
Related violations: <none>

TIMING-17#276 Critical Warning
Non-clocked sequential cell  
The clock pin k0/x_pred_reg[22]/C is not reached by a timing clock
Related violations: <none>

TIMING-17#277 Critical Warning
Non-clocked sequential cell  
The clock pin k0/x_pred_reg[23]/C is not reached by a timing clock
Related violations: <none>

TIMING-17#278 Critical Warning
Non-clocked sequential cell  
The clock pin k0/x_pred_reg[24]/C is not reached by a timing clock
Related violations: <none>

TIMING-17#279 Critical Warning
Non-clocked sequential cell  
The clock pin k0/x_pred_reg[25]/C is not reached by a timing clock
Related violations: <none>

TIMING-17#280 Critical Warning
Non-clocked sequential cell  
The clock pin k0/x_pred_reg[26]/C is not reached by a timing clock
Related violations: <none>

TIMING-17#281 Critical Warning
Non-clocked sequential cell  
The clock pin k0/x_pred_reg[27]/C is not reached by a timing clock
Related violations: <none>

TIMING-17#282 Critical Warning
Non-clocked sequential cell  
The clock pin k0/x_pred_reg[28]/C is not reached by a timing clock
Related violations: <none>

TIMING-17#283 Critical Warning
Non-clocked sequential cell  
The clock pin k0/x_pred_reg[29]/C is not reached by a timing clock
Related violations: <none>

TIMING-17#284 Critical Warning
Non-clocked sequential cell  
The clock pin k0/x_pred_reg[2]/C is not reached by a timing clock
Related violations: <none>

TIMING-17#285 Critical Warning
Non-clocked sequential cell  
The clock pin k0/x_pred_reg[30]/C is not reached by a timing clock
Related violations: <none>

TIMING-17#286 Critical Warning
Non-clocked sequential cell  
The clock pin k0/x_pred_reg[31]/C is not reached by a timing clock
Related violations: <none>

TIMING-17#287 Critical Warning
Non-clocked sequential cell  
The clock pin k0/x_pred_reg[3]/C is not reached by a timing clock
Related violations: <none>

TIMING-17#288 Critical Warning
Non-clocked sequential cell  
The clock pin k0/x_pred_reg[4]/C is not reached by a timing clock
Related violations: <none>

TIMING-17#289 Critical Warning
Non-clocked sequential cell  
The clock pin k0/x_pred_reg[5]/C is not reached by a timing clock
Related violations: <none>

TIMING-17#290 Critical Warning
Non-clocked sequential cell  
The clock pin k0/x_pred_reg[6]/C is not reached by a timing clock
Related violations: <none>

TIMING-17#291 Critical Warning
Non-clocked sequential cell  
The clock pin k0/x_pred_reg[7]/C is not reached by a timing clock
Related violations: <none>

TIMING-17#292 Critical Warning
Non-clocked sequential cell  
The clock pin k0/x_pred_reg[8]/C is not reached by a timing clock
Related violations: <none>

TIMING-17#293 Critical Warning
Non-clocked sequential cell  
The clock pin k0/x_pred_reg[9]/C is not reached by a timing clock
Related violations: <none>

TIMING-17#294 Critical Warning
Non-clocked sequential cell  
The clock pin k0/x_prev_reg[0]_C/C is not reached by a timing clock
Related violations: <none>

TIMING-17#295 Critical Warning
Non-clocked sequential cell  
The clock pin k0/x_prev_reg[0]_P/C is not reached by a timing clock
Related violations: <none>

TIMING-17#296 Critical Warning
Non-clocked sequential cell  
The clock pin k0/x_prev_reg[10]_C/C is not reached by a timing clock
Related violations: <none>

TIMING-17#297 Critical Warning
Non-clocked sequential cell  
The clock pin k0/x_prev_reg[10]_P/C is not reached by a timing clock
Related violations: <none>

TIMING-17#298 Critical Warning
Non-clocked sequential cell  
The clock pin k0/x_prev_reg[11]_C/C is not reached by a timing clock
Related violations: <none>

TIMING-17#299 Critical Warning
Non-clocked sequential cell  
The clock pin k0/x_prev_reg[11]_P/C is not reached by a timing clock
Related violations: <none>

TIMING-17#300 Critical Warning
Non-clocked sequential cell  
The clock pin k0/x_prev_reg[12]_C/C is not reached by a timing clock
Related violations: <none>

TIMING-17#301 Critical Warning
Non-clocked sequential cell  
The clock pin k0/x_prev_reg[12]_P/C is not reached by a timing clock
Related violations: <none>

TIMING-17#302 Critical Warning
Non-clocked sequential cell  
The clock pin k0/x_prev_reg[13]_C/C is not reached by a timing clock
Related violations: <none>

TIMING-17#303 Critical Warning
Non-clocked sequential cell  
The clock pin k0/x_prev_reg[13]_P/C is not reached by a timing clock
Related violations: <none>

TIMING-17#304 Critical Warning
Non-clocked sequential cell  
The clock pin k0/x_prev_reg[14]_C/C is not reached by a timing clock
Related violations: <none>

TIMING-17#305 Critical Warning
Non-clocked sequential cell  
The clock pin k0/x_prev_reg[14]_P/C is not reached by a timing clock
Related violations: <none>

TIMING-17#306 Critical Warning
Non-clocked sequential cell  
The clock pin k0/x_prev_reg[15]_C/C is not reached by a timing clock
Related violations: <none>

TIMING-17#307 Critical Warning
Non-clocked sequential cell  
The clock pin k0/x_prev_reg[15]_P/C is not reached by a timing clock
Related violations: <none>

TIMING-17#308 Critical Warning
Non-clocked sequential cell  
The clock pin k0/x_prev_reg[16]_C/C is not reached by a timing clock
Related violations: <none>

TIMING-17#309 Critical Warning
Non-clocked sequential cell  
The clock pin k0/x_prev_reg[16]_P/C is not reached by a timing clock
Related violations: <none>

TIMING-17#310 Critical Warning
Non-clocked sequential cell  
The clock pin k0/x_prev_reg[17]_C/C is not reached by a timing clock
Related violations: <none>

TIMING-17#311 Critical Warning
Non-clocked sequential cell  
The clock pin k0/x_prev_reg[17]_P/C is not reached by a timing clock
Related violations: <none>

TIMING-17#312 Critical Warning
Non-clocked sequential cell  
The clock pin k0/x_prev_reg[18]_C/C is not reached by a timing clock
Related violations: <none>

TIMING-17#313 Critical Warning
Non-clocked sequential cell  
The clock pin k0/x_prev_reg[18]_P/C is not reached by a timing clock
Related violations: <none>

TIMING-17#314 Critical Warning
Non-clocked sequential cell  
The clock pin k0/x_prev_reg[19]_C/C is not reached by a timing clock
Related violations: <none>

TIMING-17#315 Critical Warning
Non-clocked sequential cell  
The clock pin k0/x_prev_reg[19]_P/C is not reached by a timing clock
Related violations: <none>

TIMING-17#316 Critical Warning
Non-clocked sequential cell  
The clock pin k0/x_prev_reg[1]_C/C is not reached by a timing clock
Related violations: <none>

TIMING-17#317 Critical Warning
Non-clocked sequential cell  
The clock pin k0/x_prev_reg[1]_P/C is not reached by a timing clock
Related violations: <none>

TIMING-17#318 Critical Warning
Non-clocked sequential cell  
The clock pin k0/x_prev_reg[20]_C/C is not reached by a timing clock
Related violations: <none>

TIMING-17#319 Critical Warning
Non-clocked sequential cell  
The clock pin k0/x_prev_reg[20]_P/C is not reached by a timing clock
Related violations: <none>

TIMING-17#320 Critical Warning
Non-clocked sequential cell  
The clock pin k0/x_prev_reg[21]_C/C is not reached by a timing clock
Related violations: <none>

TIMING-17#321 Critical Warning
Non-clocked sequential cell  
The clock pin k0/x_prev_reg[21]_P/C is not reached by a timing clock
Related violations: <none>

TIMING-17#322 Critical Warning
Non-clocked sequential cell  
The clock pin k0/x_prev_reg[22]_C/C is not reached by a timing clock
Related violations: <none>

TIMING-17#323 Critical Warning
Non-clocked sequential cell  
The clock pin k0/x_prev_reg[22]_P/C is not reached by a timing clock
Related violations: <none>

TIMING-17#324 Critical Warning
Non-clocked sequential cell  
The clock pin k0/x_prev_reg[23]_C/C is not reached by a timing clock
Related violations: <none>

TIMING-17#325 Critical Warning
Non-clocked sequential cell  
The clock pin k0/x_prev_reg[23]_P/C is not reached by a timing clock
Related violations: <none>

TIMING-17#326 Critical Warning
Non-clocked sequential cell  
The clock pin k0/x_prev_reg[24]_C/C is not reached by a timing clock
Related violations: <none>

TIMING-17#327 Critical Warning
Non-clocked sequential cell  
The clock pin k0/x_prev_reg[24]_P/C is not reached by a timing clock
Related violations: <none>

TIMING-17#328 Critical Warning
Non-clocked sequential cell  
The clock pin k0/x_prev_reg[25]_C/C is not reached by a timing clock
Related violations: <none>

TIMING-17#329 Critical Warning
Non-clocked sequential cell  
The clock pin k0/x_prev_reg[25]_P/C is not reached by a timing clock
Related violations: <none>

TIMING-17#330 Critical Warning
Non-clocked sequential cell  
The clock pin k0/x_prev_reg[26]_C/C is not reached by a timing clock
Related violations: <none>

TIMING-17#331 Critical Warning
Non-clocked sequential cell  
The clock pin k0/x_prev_reg[26]_P/C is not reached by a timing clock
Related violations: <none>

TIMING-17#332 Critical Warning
Non-clocked sequential cell  
The clock pin k0/x_prev_reg[27]_C/C is not reached by a timing clock
Related violations: <none>

TIMING-17#333 Critical Warning
Non-clocked sequential cell  
The clock pin k0/x_prev_reg[27]_P/C is not reached by a timing clock
Related violations: <none>

TIMING-17#334 Critical Warning
Non-clocked sequential cell  
The clock pin k0/x_prev_reg[28]_C/C is not reached by a timing clock
Related violations: <none>

TIMING-17#335 Critical Warning
Non-clocked sequential cell  
The clock pin k0/x_prev_reg[28]_P/C is not reached by a timing clock
Related violations: <none>

TIMING-17#336 Critical Warning
Non-clocked sequential cell  
The clock pin k0/x_prev_reg[29]_C/C is not reached by a timing clock
Related violations: <none>

TIMING-17#337 Critical Warning
Non-clocked sequential cell  
The clock pin k0/x_prev_reg[29]_P/C is not reached by a timing clock
Related violations: <none>

TIMING-17#338 Critical Warning
Non-clocked sequential cell  
The clock pin k0/x_prev_reg[2]_C/C is not reached by a timing clock
Related violations: <none>

TIMING-17#339 Critical Warning
Non-clocked sequential cell  
The clock pin k0/x_prev_reg[2]_P/C is not reached by a timing clock
Related violations: <none>

TIMING-17#340 Critical Warning
Non-clocked sequential cell  
The clock pin k0/x_prev_reg[30]_C/C is not reached by a timing clock
Related violations: <none>

TIMING-17#341 Critical Warning
Non-clocked sequential cell  
The clock pin k0/x_prev_reg[30]_P/C is not reached by a timing clock
Related violations: <none>

TIMING-17#342 Critical Warning
Non-clocked sequential cell  
The clock pin k0/x_prev_reg[31]_C/C is not reached by a timing clock
Related violations: <none>

TIMING-17#343 Critical Warning
Non-clocked sequential cell  
The clock pin k0/x_prev_reg[31]_P/C is not reached by a timing clock
Related violations: <none>

TIMING-17#344 Critical Warning
Non-clocked sequential cell  
The clock pin k0/x_prev_reg[3]_C/C is not reached by a timing clock
Related violations: <none>

TIMING-17#345 Critical Warning
Non-clocked sequential cell  
The clock pin k0/x_prev_reg[3]_P/C is not reached by a timing clock
Related violations: <none>

TIMING-17#346 Critical Warning
Non-clocked sequential cell  
The clock pin k0/x_prev_reg[4]_C/C is not reached by a timing clock
Related violations: <none>

TIMING-17#347 Critical Warning
Non-clocked sequential cell  
The clock pin k0/x_prev_reg[4]_P/C is not reached by a timing clock
Related violations: <none>

TIMING-17#348 Critical Warning
Non-clocked sequential cell  
The clock pin k0/x_prev_reg[5]_C/C is not reached by a timing clock
Related violations: <none>

TIMING-17#349 Critical Warning
Non-clocked sequential cell  
The clock pin k0/x_prev_reg[5]_P/C is not reached by a timing clock
Related violations: <none>

TIMING-17#350 Critical Warning
Non-clocked sequential cell  
The clock pin k0/x_prev_reg[6]_C/C is not reached by a timing clock
Related violations: <none>

TIMING-17#351 Critical Warning
Non-clocked sequential cell  
The clock pin k0/x_prev_reg[6]_P/C is not reached by a timing clock
Related violations: <none>

TIMING-17#352 Critical Warning
Non-clocked sequential cell  
The clock pin k0/x_prev_reg[7]_C/C is not reached by a timing clock
Related violations: <none>

TIMING-17#353 Critical Warning
Non-clocked sequential cell  
The clock pin k0/x_prev_reg[7]_P/C is not reached by a timing clock
Related violations: <none>

TIMING-17#354 Critical Warning
Non-clocked sequential cell  
The clock pin k0/x_prev_reg[8]_C/C is not reached by a timing clock
Related violations: <none>

TIMING-17#355 Critical Warning
Non-clocked sequential cell  
The clock pin k0/x_prev_reg[8]_P/C is not reached by a timing clock
Related violations: <none>

TIMING-17#356 Critical Warning
Non-clocked sequential cell  
The clock pin k0/x_prev_reg[9]_C/C is not reached by a timing clock
Related violations: <none>

TIMING-17#357 Critical Warning
Non-clocked sequential cell  
The clock pin k0/x_prev_reg[9]_P/C is not reached by a timing clock
Related violations: <none>

TIMING-17#358 Critical Warning
Non-clocked sequential cell  
The clock pin k0/xo_reg[0]/C is not reached by a timing clock
Related violations: <none>

TIMING-17#359 Critical Warning
Non-clocked sequential cell  
The clock pin k0/xo_reg[10]/C is not reached by a timing clock
Related violations: <none>

TIMING-17#360 Critical Warning
Non-clocked sequential cell  
The clock pin k0/xo_reg[11]/C is not reached by a timing clock
Related violations: <none>

TIMING-17#361 Critical Warning
Non-clocked sequential cell  
The clock pin k0/xo_reg[12]/C is not reached by a timing clock
Related violations: <none>

TIMING-17#362 Critical Warning
Non-clocked sequential cell  
The clock pin k0/xo_reg[13]/C is not reached by a timing clock
Related violations: <none>

TIMING-17#363 Critical Warning
Non-clocked sequential cell  
The clock pin k0/xo_reg[14]/C is not reached by a timing clock
Related violations: <none>

TIMING-17#364 Critical Warning
Non-clocked sequential cell  
The clock pin k0/xo_reg[15]/C is not reached by a timing clock
Related violations: <none>

TIMING-17#365 Critical Warning
Non-clocked sequential cell  
The clock pin k0/xo_reg[1]/C is not reached by a timing clock
Related violations: <none>

TIMING-17#366 Critical Warning
Non-clocked sequential cell  
The clock pin k0/xo_reg[2]/C is not reached by a timing clock
Related violations: <none>

TIMING-17#367 Critical Warning
Non-clocked sequential cell  
The clock pin k0/xo_reg[3]/C is not reached by a timing clock
Related violations: <none>

TIMING-17#368 Critical Warning
Non-clocked sequential cell  
The clock pin k0/xo_reg[4]/C is not reached by a timing clock
Related violations: <none>

TIMING-17#369 Critical Warning
Non-clocked sequential cell  
The clock pin k0/xo_reg[5]/C is not reached by a timing clock
Related violations: <none>

TIMING-17#370 Critical Warning
Non-clocked sequential cell  
The clock pin k0/xo_reg[6]/C is not reached by a timing clock
Related violations: <none>

TIMING-17#371 Critical Warning
Non-clocked sequential cell  
The clock pin k0/xo_reg[7]/C is not reached by a timing clock
Related violations: <none>

TIMING-17#372 Critical Warning
Non-clocked sequential cell  
The clock pin k0/xo_reg[8]/C is not reached by a timing clock
Related violations: <none>

TIMING-17#373 Critical Warning
Non-clocked sequential cell  
The clock pin k0/xo_reg[9]/C is not reached by a timing clock
Related violations: <none>

TIMING-17#374 Critical Warning
Non-clocked sequential cell  
The clock pin krst_reg/C is not reached by a timing clock
Related violations: <none>

TIMING-17#375 Critical Warning
Non-clocked sequential cell  
The clock pin memaddrb_reg[0]/C is not reached by a timing clock
Related violations: <none>

TIMING-17#376 Critical Warning
Non-clocked sequential cell  
The clock pin memaddrb_reg[10]/C is not reached by a timing clock
Related violations: <none>

TIMING-17#377 Critical Warning
Non-clocked sequential cell  
The clock pin memaddrb_reg[11]/C is not reached by a timing clock
Related violations: <none>

TIMING-17#378 Critical Warning
Non-clocked sequential cell  
The clock pin memaddrb_reg[12]/C is not reached by a timing clock
Related violations: <none>

TIMING-17#379 Critical Warning
Non-clocked sequential cell  
The clock pin memaddrb_reg[13]/C is not reached by a timing clock
Related violations: <none>

TIMING-17#380 Critical Warning
Non-clocked sequential cell  
The clock pin memaddrb_reg[14]/C is not reached by a timing clock
Related violations: <none>

TIMING-17#381 Critical Warning
Non-clocked sequential cell  
The clock pin memaddrb_reg[15]/C is not reached by a timing clock
Related violations: <none>

TIMING-17#382 Critical Warning
Non-clocked sequential cell  
The clock pin memaddrb_reg[1]/C is not reached by a timing clock
Related violations: <none>

TIMING-17#383 Critical Warning
Non-clocked sequential cell  
The clock pin memaddrb_reg[2]/C is not reached by a timing clock
Related violations: <none>

TIMING-17#384 Critical Warning
Non-clocked sequential cell  
The clock pin memaddrb_reg[3]/C is not reached by a timing clock
Related violations: <none>

TIMING-17#385 Critical Warning
Non-clocked sequential cell  
The clock pin memaddrb_reg[4]/C is not reached by a timing clock
Related violations: <none>

TIMING-17#386 Critical Warning
Non-clocked sequential cell  
The clock pin memaddrb_reg[5]/C is not reached by a timing clock
Related violations: <none>

TIMING-17#387 Critical Warning
Non-clocked sequential cell  
The clock pin memaddrb_reg[6]/C is not reached by a timing clock
Related violations: <none>

TIMING-17#388 Critical Warning
Non-clocked sequential cell  
The clock pin memaddrb_reg[7]/C is not reached by a timing clock
Related violations: <none>

TIMING-17#389 Critical Warning
Non-clocked sequential cell  
The clock pin memaddrb_reg[8]/C is not reached by a timing clock
Related violations: <none>

TIMING-17#390 Critical Warning
Non-clocked sequential cell  
The clock pin memaddrb_reg[9]/C is not reached by a timing clock
Related violations: <none>

TIMING-17#391 Critical Warning
Non-clocked sequential cell  
The clock pin memaddri_reg[0]/C is not reached by a timing clock
Related violations: <none>

TIMING-17#392 Critical Warning
Non-clocked sequential cell  
The clock pin memaddri_reg[1]/C is not reached by a timing clock
Related violations: <none>

TIMING-17#393 Critical Warning
Non-clocked sequential cell  
The clock pin memaddri_reg[2]/C is not reached by a timing clock
Related violations: <none>

TIMING-17#394 Critical Warning
Non-clocked sequential cell  
The clock pin memaddri_reg[3]/C is not reached by a timing clock
Related violations: <none>

TIMING-17#395 Critical Warning
Non-clocked sequential cell  
The clock pin memaddri_reg[4]/C is not reached by a timing clock
Related violations: <none>

TIMING-17#396 Critical Warning
Non-clocked sequential cell  
The clock pin memaddri_reg[5]/C is not reached by a timing clock
Related violations: <none>

TIMING-17#397 Critical Warning
Non-clocked sequential cell  
The clock pin memaddri_reg[6]/C is not reached by a timing clock
Related violations: <none>

TIMING-17#398 Critical Warning
Non-clocked sequential cell  
The clock pin memaddri_reg[7]/C is not reached by a timing clock
Related violations: <none>

TIMING-17#399 Critical Warning
Non-clocked sequential cell  
The clock pin memaddri_reg[8]/C is not reached by a timing clock
Related violations: <none>

TIMING-17#400 Critical Warning
Non-clocked sequential cell  
The clock pin memaddri_reg[9]/C is not reached by a timing clock
Related violations: <none>

TIMING-17#401 Critical Warning
Non-clocked sequential cell  
The clock pin memaddro_reg[0]/C is not reached by a timing clock
Related violations: <none>

TIMING-17#402 Critical Warning
Non-clocked sequential cell  
The clock pin memaddro_reg[1]/C is not reached by a timing clock
Related violations: <none>

TIMING-17#403 Critical Warning
Non-clocked sequential cell  
The clock pin memaddro_reg[2]/C is not reached by a timing clock
Related violations: <none>

TIMING-17#404 Critical Warning
Non-clocked sequential cell  
The clock pin memaddro_reg[3]/C is not reached by a timing clock
Related violations: <none>

TIMING-17#405 Critical Warning
Non-clocked sequential cell  
The clock pin memaddro_reg[4]/C is not reached by a timing clock
Related violations: <none>

TIMING-17#406 Critical Warning
Non-clocked sequential cell  
The clock pin memaddro_reg[5]/C is not reached by a timing clock
Related violations: <none>

TIMING-17#407 Critical Warning
Non-clocked sequential cell  
The clock pin memaddro_reg[6]/C is not reached by a timing clock
Related violations: <none>

TIMING-17#408 Critical Warning
Non-clocked sequential cell  
The clock pin memaddro_reg[7]/C is not reached by a timing clock
Related violations: <none>

TIMING-17#409 Critical Warning
Non-clocked sequential cell  
The clock pin memaddro_reg[8]/C is not reached by a timing clock
Related violations: <none>

TIMING-17#410 Critical Warning
Non-clocked sequential cell  
The clock pin memaddro_reg[9]/C is not reached by a timing clock
Related violations: <none>

TIMING-17#411 Critical Warning
Non-clocked sequential cell  
The clock pin memdinb_reg[0]/C is not reached by a timing clock
Related violations: <none>

TIMING-17#412 Critical Warning
Non-clocked sequential cell  
The clock pin memdinb_reg[1]/C is not reached by a timing clock
Related violations: <none>

TIMING-17#413 Critical Warning
Non-clocked sequential cell  
The clock pin memdinb_reg[2]/C is not reached by a timing clock
Related violations: <none>

TIMING-17#414 Critical Warning
Non-clocked sequential cell  
The clock pin memdinb_reg[3]/C is not reached by a timing clock
Related violations: <none>

TIMING-17#415 Critical Warning
Non-clocked sequential cell  
The clock pin memdinb_reg[4]/C is not reached by a timing clock
Related violations: <none>

TIMING-17#416 Critical Warning
Non-clocked sequential cell  
The clock pin memdinb_reg[5]/C is not reached by a timing clock
Related violations: <none>

TIMING-17#417 Critical Warning
Non-clocked sequential cell  
The clock pin memdinb_reg[6]/C is not reached by a timing clock
Related violations: <none>

TIMING-17#418 Critical Warning
Non-clocked sequential cell  
The clock pin memdinb_reg[7]/C is not reached by a timing clock
Related violations: <none>

TIMING-17#419 Critical Warning
Non-clocked sequential cell  
The clock pin memdini_reg[0]/C is not reached by a timing clock
Related violations: <none>

TIMING-17#420 Critical Warning
Non-clocked sequential cell  
The clock pin memdini_reg[10]/C is not reached by a timing clock
Related violations: <none>

TIMING-17#421 Critical Warning
Non-clocked sequential cell  
The clock pin memdini_reg[11]/C is not reached by a timing clock
Related violations: <none>

TIMING-17#422 Critical Warning
Non-clocked sequential cell  
The clock pin memdini_reg[12]/C is not reached by a timing clock
Related violations: <none>

TIMING-17#423 Critical Warning
Non-clocked sequential cell  
The clock pin memdini_reg[13]/C is not reached by a timing clock
Related violations: <none>

TIMING-17#424 Critical Warning
Non-clocked sequential cell  
The clock pin memdini_reg[14]/C is not reached by a timing clock
Related violations: <none>

TIMING-17#425 Critical Warning
Non-clocked sequential cell  
The clock pin memdini_reg[15]/C is not reached by a timing clock
Related violations: <none>

TIMING-17#426 Critical Warning
Non-clocked sequential cell  
The clock pin memdini_reg[16]/C is not reached by a timing clock
Related violations: <none>

TIMING-17#427 Critical Warning
Non-clocked sequential cell  
The clock pin memdini_reg[17]/C is not reached by a timing clock
Related violations: <none>

TIMING-17#428 Critical Warning
Non-clocked sequential cell  
The clock pin memdini_reg[18]/C is not reached by a timing clock
Related violations: <none>

TIMING-17#429 Critical Warning
Non-clocked sequential cell  
The clock pin memdini_reg[19]/C is not reached by a timing clock
Related violations: <none>

TIMING-17#430 Critical Warning
Non-clocked sequential cell  
The clock pin memdini_reg[1]/C is not reached by a timing clock
Related violations: <none>

TIMING-17#431 Critical Warning
Non-clocked sequential cell  
The clock pin memdini_reg[20]/C is not reached by a timing clock
Related violations: <none>

TIMING-17#432 Critical Warning
Non-clocked sequential cell  
The clock pin memdini_reg[21]/C is not reached by a timing clock
Related violations: <none>

TIMING-17#433 Critical Warning
Non-clocked sequential cell  
The clock pin memdini_reg[22]/C is not reached by a timing clock
Related violations: <none>

TIMING-17#434 Critical Warning
Non-clocked sequential cell  
The clock pin memdini_reg[23]/C is not reached by a timing clock
Related violations: <none>

TIMING-17#435 Critical Warning
Non-clocked sequential cell  
The clock pin memdini_reg[24]/C is not reached by a timing clock
Related violations: <none>

TIMING-17#436 Critical Warning
Non-clocked sequential cell  
The clock pin memdini_reg[25]/C is not reached by a timing clock
Related violations: <none>

TIMING-17#437 Critical Warning
Non-clocked sequential cell  
The clock pin memdini_reg[26]/C is not reached by a timing clock
Related violations: <none>

TIMING-17#438 Critical Warning
Non-clocked sequential cell  
The clock pin memdini_reg[27]/C is not reached by a timing clock
Related violations: <none>

TIMING-17#439 Critical Warning
Non-clocked sequential cell  
The clock pin memdini_reg[28]/C is not reached by a timing clock
Related violations: <none>

TIMING-17#440 Critical Warning
Non-clocked sequential cell  
The clock pin memdini_reg[29]/C is not reached by a timing clock
Related violations: <none>

TIMING-17#441 Critical Warning
Non-clocked sequential cell  
The clock pin memdini_reg[2]/C is not reached by a timing clock
Related violations: <none>

TIMING-17#442 Critical Warning
Non-clocked sequential cell  
The clock pin memdini_reg[30]/C is not reached by a timing clock
Related violations: <none>

TIMING-17#443 Critical Warning
Non-clocked sequential cell  
The clock pin memdini_reg[31]/C is not reached by a timing clock
Related violations: <none>

TIMING-17#444 Critical Warning
Non-clocked sequential cell  
The clock pin memdini_reg[32]/C is not reached by a timing clock
Related violations: <none>

TIMING-17#445 Critical Warning
Non-clocked sequential cell  
The clock pin memdini_reg[33]/C is not reached by a timing clock
Related violations: <none>

TIMING-17#446 Critical Warning
Non-clocked sequential cell  
The clock pin memdini_reg[34]/C is not reached by a timing clock
Related violations: <none>

TIMING-17#447 Critical Warning
Non-clocked sequential cell  
The clock pin memdini_reg[35]/C is not reached by a timing clock
Related violations: <none>

TIMING-17#448 Critical Warning
Non-clocked sequential cell  
The clock pin memdini_reg[36]/C is not reached by a timing clock
Related violations: <none>

TIMING-17#449 Critical Warning
Non-clocked sequential cell  
The clock pin memdini_reg[37]/C is not reached by a timing clock
Related violations: <none>

TIMING-17#450 Critical Warning
Non-clocked sequential cell  
The clock pin memdini_reg[38]/C is not reached by a timing clock
Related violations: <none>

TIMING-17#451 Critical Warning
Non-clocked sequential cell  
The clock pin memdini_reg[39]/C is not reached by a timing clock
Related violations: <none>

TIMING-17#452 Critical Warning
Non-clocked sequential cell  
The clock pin memdini_reg[3]/C is not reached by a timing clock
Related violations: <none>

TIMING-17#453 Critical Warning
Non-clocked sequential cell  
The clock pin memdini_reg[40]/C is not reached by a timing clock
Related violations: <none>

TIMING-17#454 Critical Warning
Non-clocked sequential cell  
The clock pin memdini_reg[41]/C is not reached by a timing clock
Related violations: <none>

TIMING-17#455 Critical Warning
Non-clocked sequential cell  
The clock pin memdini_reg[42]/C is not reached by a timing clock
Related violations: <none>

TIMING-17#456 Critical Warning
Non-clocked sequential cell  
The clock pin memdini_reg[43]/C is not reached by a timing clock
Related violations: <none>

TIMING-17#457 Critical Warning
Non-clocked sequential cell  
The clock pin memdini_reg[44]/C is not reached by a timing clock
Related violations: <none>

TIMING-17#458 Critical Warning
Non-clocked sequential cell  
The clock pin memdini_reg[45]/C is not reached by a timing clock
Related violations: <none>

TIMING-17#459 Critical Warning
Non-clocked sequential cell  
The clock pin memdini_reg[46]/C is not reached by a timing clock
Related violations: <none>

TIMING-17#460 Critical Warning
Non-clocked sequential cell  
The clock pin memdini_reg[47]/C is not reached by a timing clock
Related violations: <none>

TIMING-17#461 Critical Warning
Non-clocked sequential cell  
The clock pin memdini_reg[48]/C is not reached by a timing clock
Related violations: <none>

TIMING-17#462 Critical Warning
Non-clocked sequential cell  
The clock pin memdini_reg[49]/C is not reached by a timing clock
Related violations: <none>

TIMING-17#463 Critical Warning
Non-clocked sequential cell  
The clock pin memdini_reg[4]/C is not reached by a timing clock
Related violations: <none>

TIMING-17#464 Critical Warning
Non-clocked sequential cell  
The clock pin memdini_reg[50]/C is not reached by a timing clock
Related violations: <none>

TIMING-17#465 Critical Warning
Non-clocked sequential cell  
The clock pin memdini_reg[51]/C is not reached by a timing clock
Related violations: <none>

TIMING-17#466 Critical Warning
Non-clocked sequential cell  
The clock pin memdini_reg[52]/C is not reached by a timing clock
Related violations: <none>

TIMING-17#467 Critical Warning
Non-clocked sequential cell  
The clock pin memdini_reg[53]/C is not reached by a timing clock
Related violations: <none>

TIMING-17#468 Critical Warning
Non-clocked sequential cell  
The clock pin memdini_reg[54]/C is not reached by a timing clock
Related violations: <none>

TIMING-17#469 Critical Warning
Non-clocked sequential cell  
The clock pin memdini_reg[55]/C is not reached by a timing clock
Related violations: <none>

TIMING-17#470 Critical Warning
Non-clocked sequential cell  
The clock pin memdini_reg[56]/C is not reached by a timing clock
Related violations: <none>

TIMING-17#471 Critical Warning
Non-clocked sequential cell  
The clock pin memdini_reg[57]/C is not reached by a timing clock
Related violations: <none>

TIMING-17#472 Critical Warning
Non-clocked sequential cell  
The clock pin memdini_reg[58]/C is not reached by a timing clock
Related violations: <none>

TIMING-17#473 Critical Warning
Non-clocked sequential cell  
The clock pin memdini_reg[59]/C is not reached by a timing clock
Related violations: <none>

TIMING-17#474 Critical Warning
Non-clocked sequential cell  
The clock pin memdini_reg[5]/C is not reached by a timing clock
Related violations: <none>

TIMING-17#475 Critical Warning
Non-clocked sequential cell  
The clock pin memdini_reg[60]/C is not reached by a timing clock
Related violations: <none>

TIMING-17#476 Critical Warning
Non-clocked sequential cell  
The clock pin memdini_reg[61]/C is not reached by a timing clock
Related violations: <none>

TIMING-17#477 Critical Warning
Non-clocked sequential cell  
The clock pin memdini_reg[62]/C is not reached by a timing clock
Related violations: <none>

TIMING-17#478 Critical Warning
Non-clocked sequential cell  
The clock pin memdini_reg[63]/C is not reached by a timing clock
Related violations: <none>

TIMING-17#479 Critical Warning
Non-clocked sequential cell  
The clock pin memdini_reg[64]/C is not reached by a timing clock
Related violations: <none>

TIMING-17#480 Critical Warning
Non-clocked sequential cell  
The clock pin memdini_reg[65]/C is not reached by a timing clock
Related violations: <none>

TIMING-17#481 Critical Warning
Non-clocked sequential cell  
The clock pin memdini_reg[66]/C is not reached by a timing clock
Related violations: <none>

TIMING-17#482 Critical Warning
Non-clocked sequential cell  
The clock pin memdini_reg[67]/C is not reached by a timing clock
Related violations: <none>

TIMING-17#483 Critical Warning
Non-clocked sequential cell  
The clock pin memdini_reg[68]/C is not reached by a timing clock
Related violations: <none>

TIMING-17#484 Critical Warning
Non-clocked sequential cell  
The clock pin memdini_reg[69]/C is not reached by a timing clock
Related violations: <none>

TIMING-17#485 Critical Warning
Non-clocked sequential cell  
The clock pin memdini_reg[6]/C is not reached by a timing clock
Related violations: <none>

TIMING-17#486 Critical Warning
Non-clocked sequential cell  
The clock pin memdini_reg[70]/C is not reached by a timing clock
Related violations: <none>

TIMING-17#487 Critical Warning
Non-clocked sequential cell  
The clock pin memdini_reg[71]/C is not reached by a timing clock
Related violations: <none>

TIMING-17#488 Critical Warning
Non-clocked sequential cell  
The clock pin memdini_reg[7]/C is not reached by a timing clock
Related violations: <none>

TIMING-17#489 Critical Warning
Non-clocked sequential cell  
The clock pin memdini_reg[8]/C is not reached by a timing clock
Related violations: <none>

TIMING-17#490 Critical Warning
Non-clocked sequential cell  
The clock pin memdini_reg[9]/C is not reached by a timing clock
Related violations: <none>

TIMING-17#491 Critical Warning
Non-clocked sequential cell  
The clock pin memdino_reg[0]/C is not reached by a timing clock
Related violations: <none>

TIMING-17#492 Critical Warning
Non-clocked sequential cell  
The clock pin memdino_reg[10]/C is not reached by a timing clock
Related violations: <none>

TIMING-17#493 Critical Warning
Non-clocked sequential cell  
The clock pin memdino_reg[11]/C is not reached by a timing clock
Related violations: <none>

TIMING-17#494 Critical Warning
Non-clocked sequential cell  
The clock pin memdino_reg[12]/C is not reached by a timing clock
Related violations: <none>

TIMING-17#495 Critical Warning
Non-clocked sequential cell  
The clock pin memdino_reg[13]/C is not reached by a timing clock
Related violations: <none>

TIMING-17#496 Critical Warning
Non-clocked sequential cell  
The clock pin memdino_reg[14]/C is not reached by a timing clock
Related violations: <none>

TIMING-17#497 Critical Warning
Non-clocked sequential cell  
The clock pin memdino_reg[15]/C is not reached by a timing clock
Related violations: <none>

TIMING-17#498 Critical Warning
Non-clocked sequential cell  
The clock pin memdino_reg[1]/C is not reached by a timing clock
Related violations: <none>

TIMING-17#499 Critical Warning
Non-clocked sequential cell  
The clock pin memdino_reg[2]/C is not reached by a timing clock
Related violations: <none>

TIMING-17#500 Critical Warning
Non-clocked sequential cell  
The clock pin memdino_reg[3]/C is not reached by a timing clock
Related violations: <none>

TIMING-17#501 Critical Warning
Non-clocked sequential cell  
The clock pin memdino_reg[4]/C is not reached by a timing clock
Related violations: <none>

TIMING-17#502 Critical Warning
Non-clocked sequential cell  
The clock pin memdino_reg[5]/C is not reached by a timing clock
Related violations: <none>

TIMING-17#503 Critical Warning
Non-clocked sequential cell  
The clock pin memdino_reg[6]/C is not reached by a timing clock
Related violations: <none>

TIMING-17#504 Critical Warning
Non-clocked sequential cell  
The clock pin memdino_reg[7]/C is not reached by a timing clock
Related violations: <none>

TIMING-17#505 Critical Warning
Non-clocked sequential cell  
The clock pin memdino_reg[8]/C is not reached by a timing clock
Related violations: <none>

TIMING-17#506 Critical Warning
Non-clocked sequential cell  
The clock pin memdino_reg[9]/C is not reached by a timing clock
Related violations: <none>

TIMING-17#507 Critical Warning
Non-clocked sequential cell  
The clock pin memwenb_reg/C is not reached by a timing clock
Related violations: <none>

TIMING-17#508 Critical Warning
Non-clocked sequential cell  
The clock pin memweni_reg/C is not reached by a timing clock
Related violations: <none>

TIMING-17#509 Critical Warning
Non-clocked sequential cell  
The clock pin memweno_reg/C is not reached by a timing clock
Related violations: <none>

TIMING-17#510 Critical Warning
Non-clocked sequential cell  
The clock pin n_reg[0]/C is not reached by a timing clock
Related violations: <none>

TIMING-17#511 Critical Warning
Non-clocked sequential cell  
The clock pin n_reg[10]/C is not reached by a timing clock
Related violations: <none>

TIMING-17#512 Critical Warning
Non-clocked sequential cell  
The clock pin n_reg[11]/C is not reached by a timing clock
Related violations: <none>

TIMING-17#513 Critical Warning
Non-clocked sequential cell  
The clock pin n_reg[12]/C is not reached by a timing clock
Related violations: <none>

TIMING-17#514 Critical Warning
Non-clocked sequential cell  
The clock pin n_reg[13]/C is not reached by a timing clock
Related violations: <none>

TIMING-17#515 Critical Warning
Non-clocked sequential cell  
The clock pin n_reg[14]/C is not reached by a timing clock
Related violations: <none>

TIMING-17#516 Critical Warning
Non-clocked sequential cell  
The clock pin n_reg[15]/C is not reached by a timing clock
Related violations: <none>

TIMING-17#517 Critical Warning
Non-clocked sequential cell  
The clock pin n_reg[1]/C is not reached by a timing clock
Related violations: <none>

TIMING-17#518 Critical Warning
Non-clocked sequential cell  
The clock pin n_reg[2]/C is not reached by a timing clock
Related violations: <none>

TIMING-17#519 Critical Warning
Non-clocked sequential cell  
The clock pin n_reg[3]/C is not reached by a timing clock
Related violations: <none>

TIMING-17#520 Critical Warning
Non-clocked sequential cell  
The clock pin n_reg[4]/C is not reached by a timing clock
Related violations: <none>

TIMING-17#521 Critical Warning
Non-clocked sequential cell  
The clock pin n_reg[5]/C is not reached by a timing clock
Related violations: <none>

TIMING-17#522 Critical Warning
Non-clocked sequential cell  
The clock pin n_reg[6]/C is not reached by a timing clock
Related violations: <none>

TIMING-17#523 Critical Warning
Non-clocked sequential cell  
The clock pin n_reg[7]/C is not reached by a timing clock
Related violations: <none>

TIMING-17#524 Critical Warning
Non-clocked sequential cell  
The clock pin n_reg[8]/C is not reached by a timing clock
Related violations: <none>

TIMING-17#525 Critical Warning
Non-clocked sequential cell  
The clock pin n_reg[9]/C is not reached by a timing clock
Related violations: <none>

TIMING-17#526 Critical Warning
Non-clocked sequential cell  
The clock pin shift_reg[3]/C is not reached by a timing clock
Related violations: <none>

TIMING-17#527 Critical Warning
Non-clocked sequential cell  
The clock pin shift_reg[4]/C is not reached by a timing clock
Related violations: <none>

TIMING-17#528 Critical Warning
Non-clocked sequential cell  
The clock pin shift_reg[5]/C is not reached by a timing clock
Related violations: <none>

TIMING-17#529 Critical Warning
Non-clocked sequential cell  
The clock pin shift_reg[6]/C is not reached by a timing clock
Related violations: <none>

TIMING-17#530 Critical Warning
Non-clocked sequential cell  
The clock pin shift_reg[7]/C is not reached by a timing clock
Related violations: <none>

TIMING-17#531 Critical Warning
Non-clocked sequential cell  
The clock pin state_reg[0]/C is not reached by a timing clock
Related violations: <none>

TIMING-17#532 Critical Warning
Non-clocked sequential cell  
The clock pin state_reg[1]/C is not reached by a timing clock
Related violations: <none>

TIMING-17#533 Critical Warning
Non-clocked sequential cell  
The clock pin state_reg[2]/C is not reached by a timing clock
Related violations: <none>

TIMING-17#534 Critical Warning
Non-clocked sequential cell  
The clock pin state_reg[3]/C is not reached by a timing clock
Related violations: <none>

TIMING-17#535 Critical Warning
Non-clocked sequential cell  
The clock pin trigger_reg/C is not reached by a timing clock
Related violations: <none>

TIMING-17#536 Critical Warning
Non-clocked sequential cell  
The clock pin x0_reg[0]/C is not reached by a timing clock
Related violations: <none>

TIMING-17#537 Critical Warning
Non-clocked sequential cell  
The clock pin x0_reg[10]/C is not reached by a timing clock
Related violations: <none>

TIMING-17#538 Critical Warning
Non-clocked sequential cell  
The clock pin x0_reg[11]/C is not reached by a timing clock
Related violations: <none>

TIMING-17#539 Critical Warning
Non-clocked sequential cell  
The clock pin x0_reg[12]/C is not reached by a timing clock
Related violations: <none>

TIMING-17#540 Critical Warning
Non-clocked sequential cell  
The clock pin x0_reg[13]/C is not reached by a timing clock
Related violations: <none>

TIMING-17#541 Critical Warning
Non-clocked sequential cell  
The clock pin x0_reg[14]/C is not reached by a timing clock
Related violations: <none>

TIMING-17#542 Critical Warning
Non-clocked sequential cell  
The clock pin x0_reg[15]/C is not reached by a timing clock
Related violations: <none>

TIMING-17#543 Critical Warning
Non-clocked sequential cell  
The clock pin x0_reg[16]/C is not reached by a timing clock
Related violations: <none>

TIMING-17#544 Critical Warning
Non-clocked sequential cell  
The clock pin x0_reg[17]/C is not reached by a timing clock
Related violations: <none>

TIMING-17#545 Critical Warning
Non-clocked sequential cell  
The clock pin x0_reg[18]/C is not reached by a timing clock
Related violations: <none>

TIMING-17#546 Critical Warning
Non-clocked sequential cell  
The clock pin x0_reg[19]/C is not reached by a timing clock
Related violations: <none>

TIMING-17#547 Critical Warning
Non-clocked sequential cell  
The clock pin x0_reg[1]/C is not reached by a timing clock
Related violations: <none>

TIMING-17#548 Critical Warning
Non-clocked sequential cell  
The clock pin x0_reg[20]/C is not reached by a timing clock
Related violations: <none>

TIMING-17#549 Critical Warning
Non-clocked sequential cell  
The clock pin x0_reg[21]/C is not reached by a timing clock
Related violations: <none>

TIMING-17#550 Critical Warning
Non-clocked sequential cell  
The clock pin x0_reg[22]/C is not reached by a timing clock
Related violations: <none>

TIMING-17#551 Critical Warning
Non-clocked sequential cell  
The clock pin x0_reg[23]/C is not reached by a timing clock
Related violations: <none>

TIMING-17#552 Critical Warning
Non-clocked sequential cell  
The clock pin x0_reg[24]/C is not reached by a timing clock
Related violations: <none>

TIMING-17#553 Critical Warning
Non-clocked sequential cell  
The clock pin x0_reg[25]/C is not reached by a timing clock
Related violations: <none>

TIMING-17#554 Critical Warning
Non-clocked sequential cell  
The clock pin x0_reg[26]/C is not reached by a timing clock
Related violations: <none>

TIMING-17#555 Critical Warning
Non-clocked sequential cell  
The clock pin x0_reg[27]/C is not reached by a timing clock
Related violations: <none>

TIMING-17#556 Critical Warning
Non-clocked sequential cell  
The clock pin x0_reg[28]/C is not reached by a timing clock
Related violations: <none>

TIMING-17#557 Critical Warning
Non-clocked sequential cell  
The clock pin x0_reg[29]/C is not reached by a timing clock
Related violations: <none>

TIMING-17#558 Critical Warning
Non-clocked sequential cell  
The clock pin x0_reg[2]/C is not reached by a timing clock
Related violations: <none>

TIMING-17#559 Critical Warning
Non-clocked sequential cell  
The clock pin x0_reg[30]/C is not reached by a timing clock
Related violations: <none>

TIMING-17#560 Critical Warning
Non-clocked sequential cell  
The clock pin x0_reg[31]/C is not reached by a timing clock
Related violations: <none>

TIMING-17#561 Critical Warning
Non-clocked sequential cell  
The clock pin x0_reg[3]/C is not reached by a timing clock
Related violations: <none>

TIMING-17#562 Critical Warning
Non-clocked sequential cell  
The clock pin x0_reg[4]/C is not reached by a timing clock
Related violations: <none>

TIMING-17#563 Critical Warning
Non-clocked sequential cell  
The clock pin x0_reg[5]/C is not reached by a timing clock
Related violations: <none>

TIMING-17#564 Critical Warning
Non-clocked sequential cell  
The clock pin x0_reg[6]/C is not reached by a timing clock
Related violations: <none>

TIMING-17#565 Critical Warning
Non-clocked sequential cell  
The clock pin x0_reg[7]/C is not reached by a timing clock
Related violations: <none>

TIMING-17#566 Critical Warning
Non-clocked sequential cell  
The clock pin x0_reg[8]/C is not reached by a timing clock
Related violations: <none>

TIMING-17#567 Critical Warning
Non-clocked sequential cell  
The clock pin x0_reg[9]/C is not reached by a timing clock
Related violations: <none>

TIMING-17#568 Critical Warning
Non-clocked sequential cell  
The clock pin z_reg[0]/C is not reached by a timing clock
Related violations: <none>

TIMING-17#569 Critical Warning
Non-clocked sequential cell  
The clock pin z_reg[10]/C is not reached by a timing clock
Related violations: <none>

TIMING-17#570 Critical Warning
Non-clocked sequential cell  
The clock pin z_reg[11]/C is not reached by a timing clock
Related violations: <none>

TIMING-17#571 Critical Warning
Non-clocked sequential cell  
The clock pin z_reg[12]/C is not reached by a timing clock
Related violations: <none>

TIMING-17#572 Critical Warning
Non-clocked sequential cell  
The clock pin z_reg[13]/C is not reached by a timing clock
Related violations: <none>

TIMING-17#573 Critical Warning
Non-clocked sequential cell  
The clock pin z_reg[14]/C is not reached by a timing clock
Related violations: <none>

TIMING-17#574 Critical Warning
Non-clocked sequential cell  
The clock pin z_reg[15]/C is not reached by a timing clock
Related violations: <none>

TIMING-17#575 Critical Warning
Non-clocked sequential cell  
The clock pin z_reg[16]/C is not reached by a timing clock
Related violations: <none>

TIMING-17#576 Critical Warning
Non-clocked sequential cell  
The clock pin z_reg[17]/C is not reached by a timing clock
Related violations: <none>

TIMING-17#577 Critical Warning
Non-clocked sequential cell  
The clock pin z_reg[18]/C is not reached by a timing clock
Related violations: <none>

TIMING-17#578 Critical Warning
Non-clocked sequential cell  
The clock pin z_reg[19]/C is not reached by a timing clock
Related violations: <none>

TIMING-17#579 Critical Warning
Non-clocked sequential cell  
The clock pin z_reg[1]/C is not reached by a timing clock
Related violations: <none>

TIMING-17#580 Critical Warning
Non-clocked sequential cell  
The clock pin z_reg[20]/C is not reached by a timing clock
Related violations: <none>

TIMING-17#581 Critical Warning
Non-clocked sequential cell  
The clock pin z_reg[21]/C is not reached by a timing clock
Related violations: <none>

TIMING-17#582 Critical Warning
Non-clocked sequential cell  
The clock pin z_reg[22]/C is not reached by a timing clock
Related violations: <none>

TIMING-17#583 Critical Warning
Non-clocked sequential cell  
The clock pin z_reg[23]/C is not reached by a timing clock
Related violations: <none>

TIMING-17#584 Critical Warning
Non-clocked sequential cell  
The clock pin z_reg[24]/C is not reached by a timing clock
Related violations: <none>

TIMING-17#585 Critical Warning
Non-clocked sequential cell  
The clock pin z_reg[25]/C is not reached by a timing clock
Related violations: <none>

TIMING-17#586 Critical Warning
Non-clocked sequential cell  
The clock pin z_reg[26]/C is not reached by a timing clock
Related violations: <none>

TIMING-17#587 Critical Warning
Non-clocked sequential cell  
The clock pin z_reg[27]/C is not reached by a timing clock
Related violations: <none>

TIMING-17#588 Critical Warning
Non-clocked sequential cell  
The clock pin z_reg[28]/C is not reached by a timing clock
Related violations: <none>

TIMING-17#589 Critical Warning
Non-clocked sequential cell  
The clock pin z_reg[29]/C is not reached by a timing clock
Related violations: <none>

TIMING-17#590 Critical Warning
Non-clocked sequential cell  
The clock pin z_reg[2]/C is not reached by a timing clock
Related violations: <none>

TIMING-17#591 Critical Warning
Non-clocked sequential cell  
The clock pin z_reg[30]/C is not reached by a timing clock
Related violations: <none>

TIMING-17#592 Critical Warning
Non-clocked sequential cell  
The clock pin z_reg[31]/C is not reached by a timing clock
Related violations: <none>

TIMING-17#593 Critical Warning
Non-clocked sequential cell  
The clock pin z_reg[3]/C is not reached by a timing clock
Related violations: <none>

TIMING-17#594 Critical Warning
Non-clocked sequential cell  
The clock pin z_reg[4]/C is not reached by a timing clock
Related violations: <none>

TIMING-17#595 Critical Warning
Non-clocked sequential cell  
The clock pin z_reg[5]/C is not reached by a timing clock
Related violations: <none>

TIMING-17#596 Critical Warning
Non-clocked sequential cell  
The clock pin z_reg[6]/C is not reached by a timing clock
Related violations: <none>

TIMING-17#597 Critical Warning
Non-clocked sequential cell  
The clock pin z_reg[7]/C is not reached by a timing clock
Related violations: <none>

TIMING-17#598 Critical Warning
Non-clocked sequential cell  
The clock pin z_reg[8]/C is not reached by a timing clock
Related violations: <none>

TIMING-17#599 Critical Warning
Non-clocked sequential cell  
The clock pin z_reg[9]/C is not reached by a timing clock
Related violations: <none>

DPIR-1#1 Warning
Asynchronous driver check  
DSP k0/mm0/m0/ab input pin k0/mm0/m0/ab/A[0] is connected to registers with an asynchronous reset. This is preventing the possibility of merging these registers in to the DSP Block since the DSP block registers only possess synchronous reset capability.  It is suggested to recode or change these registers to remove the reset or use a synchronous reset to get the best optimization for performance, power and area.
Related violations: <none>

DPIR-1#2 Warning
Asynchronous driver check  
DSP k0/mm0/m0/ab input pin k0/mm0/m0/ab/A[10] is connected to registers with an asynchronous reset. This is preventing the possibility of merging these registers in to the DSP Block since the DSP block registers only possess synchronous reset capability.  It is suggested to recode or change these registers to remove the reset or use a synchronous reset to get the best optimization for performance, power and area.
Related violations: <none>

DPIR-1#3 Warning
Asynchronous driver check  
DSP k0/mm0/m0/ab input pin k0/mm0/m0/ab/A[11] is connected to registers with an asynchronous reset. This is preventing the possibility of merging these registers in to the DSP Block since the DSP block registers only possess synchronous reset capability.  It is suggested to recode or change these registers to remove the reset or use a synchronous reset to get the best optimization for performance, power and area.
Related violations: <none>

DPIR-1#4 Warning
Asynchronous driver check  
DSP k0/mm0/m0/ab input pin k0/mm0/m0/ab/A[12] is connected to registers with an asynchronous reset. This is preventing the possibility of merging these registers in to the DSP Block since the DSP block registers only possess synchronous reset capability.  It is suggested to recode or change these registers to remove the reset or use a synchronous reset to get the best optimization for performance, power and area.
Related violations: <none>

DPIR-1#5 Warning
Asynchronous driver check  
DSP k0/mm0/m0/ab input pin k0/mm0/m0/ab/A[13] is connected to registers with an asynchronous reset. This is preventing the possibility of merging these registers in to the DSP Block since the DSP block registers only possess synchronous reset capability.  It is suggested to recode or change these registers to remove the reset or use a synchronous reset to get the best optimization for performance, power and area.
Related violations: <none>

DPIR-1#6 Warning
Asynchronous driver check  
DSP k0/mm0/m0/ab input pin k0/mm0/m0/ab/A[14] is connected to registers with an asynchronous reset. This is preventing the possibility of merging these registers in to the DSP Block since the DSP block registers only possess synchronous reset capability.  It is suggested to recode or change these registers to remove the reset or use a synchronous reset to get the best optimization for performance, power and area.
Related violations: <none>

DPIR-1#7 Warning
Asynchronous driver check  
DSP k0/mm0/m0/ab input pin k0/mm0/m0/ab/A[15] is connected to registers with an asynchronous reset. This is preventing the possibility of merging these registers in to the DSP Block since the DSP block registers only possess synchronous reset capability.  It is suggested to recode or change these registers to remove the reset or use a synchronous reset to get the best optimization for performance, power and area.
Related violations: <none>

DPIR-1#8 Warning
Asynchronous driver check  
DSP k0/mm0/m0/ab input pin k0/mm0/m0/ab/A[16] is connected to registers with an asynchronous reset. This is preventing the possibility of merging these registers in to the DSP Block since the DSP block registers only possess synchronous reset capability.  It is suggested to recode or change these registers to remove the reset or use a synchronous reset to get the best optimization for performance, power and area.
Related violations: <none>

DPIR-1#9 Warning
Asynchronous driver check  
DSP k0/mm0/m0/ab input pin k0/mm0/m0/ab/A[1] is connected to registers with an asynchronous reset. This is preventing the possibility of merging these registers in to the DSP Block since the DSP block registers only possess synchronous reset capability.  It is suggested to recode or change these registers to remove the reset or use a synchronous reset to get the best optimization for performance, power and area.
Related violations: <none>

DPIR-1#10 Warning
Asynchronous driver check  
DSP k0/mm0/m0/ab input pin k0/mm0/m0/ab/A[2] is connected to registers with an asynchronous reset. This is preventing the possibility of merging these registers in to the DSP Block since the DSP block registers only possess synchronous reset capability.  It is suggested to recode or change these registers to remove the reset or use a synchronous reset to get the best optimization for performance, power and area.
Related violations: <none>

DPIR-1#11 Warning
Asynchronous driver check  
DSP k0/mm0/m0/ab input pin k0/mm0/m0/ab/A[3] is connected to registers with an asynchronous reset. This is preventing the possibility of merging these registers in to the DSP Block since the DSP block registers only possess synchronous reset capability.  It is suggested to recode or change these registers to remove the reset or use a synchronous reset to get the best optimization for performance, power and area.
Related violations: <none>

DPIR-1#12 Warning
Asynchronous driver check  
DSP k0/mm0/m0/ab input pin k0/mm0/m0/ab/A[4] is connected to registers with an asynchronous reset. This is preventing the possibility of merging these registers in to the DSP Block since the DSP block registers only possess synchronous reset capability.  It is suggested to recode or change these registers to remove the reset or use a synchronous reset to get the best optimization for performance, power and area.
Related violations: <none>

DPIR-1#13 Warning
Asynchronous driver check  
DSP k0/mm0/m0/ab input pin k0/mm0/m0/ab/A[5] is connected to registers with an asynchronous reset. This is preventing the possibility of merging these registers in to the DSP Block since the DSP block registers only possess synchronous reset capability.  It is suggested to recode or change these registers to remove the reset or use a synchronous reset to get the best optimization for performance, power and area.
Related violations: <none>

DPIR-1#14 Warning
Asynchronous driver check  
DSP k0/mm0/m0/ab input pin k0/mm0/m0/ab/A[6] is connected to registers with an asynchronous reset. This is preventing the possibility of merging these registers in to the DSP Block since the DSP block registers only possess synchronous reset capability.  It is suggested to recode or change these registers to remove the reset or use a synchronous reset to get the best optimization for performance, power and area.
Related violations: <none>

DPIR-1#15 Warning
Asynchronous driver check  
DSP k0/mm0/m0/ab input pin k0/mm0/m0/ab/A[7] is connected to registers with an asynchronous reset. This is preventing the possibility of merging these registers in to the DSP Block since the DSP block registers only possess synchronous reset capability.  It is suggested to recode or change these registers to remove the reset or use a synchronous reset to get the best optimization for performance, power and area.
Related violations: <none>

DPIR-1#16 Warning
Asynchronous driver check  
DSP k0/mm0/m0/ab input pin k0/mm0/m0/ab/A[8] is connected to registers with an asynchronous reset. This is preventing the possibility of merging these registers in to the DSP Block since the DSP block registers only possess synchronous reset capability.  It is suggested to recode or change these registers to remove the reset or use a synchronous reset to get the best optimization for performance, power and area.
Related violations: <none>

DPIR-1#17 Warning
Asynchronous driver check  
DSP k0/mm0/m0/ab input pin k0/mm0/m0/ab/A[9] is connected to registers with an asynchronous reset. This is preventing the possibility of merging these registers in to the DSP Block since the DSP block registers only possess synchronous reset capability.  It is suggested to recode or change these registers to remove the reset or use a synchronous reset to get the best optimization for performance, power and area.
Related violations: <none>

DPIR-1#18 Warning
Asynchronous driver check  
DSP k0/mm0/m0/ab input pin k0/mm0/m0/ab/B[0] is connected to registers with an asynchronous reset. This is preventing the possibility of merging these registers in to the DSP Block since the DSP block registers only possess synchronous reset capability.  It is suggested to recode or change these registers to remove the reset or use a synchronous reset to get the best optimization for performance, power and area.
Related violations: <none>

DPIR-1#19 Warning
Asynchronous driver check  
DSP k0/mm0/m0/ab input pin k0/mm0/m0/ab/B[1] is connected to registers with an asynchronous reset. This is preventing the possibility of merging these registers in to the DSP Block since the DSP block registers only possess synchronous reset capability.  It is suggested to recode or change these registers to remove the reset or use a synchronous reset to get the best optimization for performance, power and area.
Related violations: <none>

DPIR-1#20 Warning
Asynchronous driver check  
DSP k0/mm0/m0/ab input pin k0/mm0/m0/ab/B[2] is connected to registers with an asynchronous reset. This is preventing the possibility of merging these registers in to the DSP Block since the DSP block registers only possess synchronous reset capability.  It is suggested to recode or change these registers to remove the reset or use a synchronous reset to get the best optimization for performance, power and area.
Related violations: <none>

DPIR-1#21 Warning
Asynchronous driver check  
DSP k0/mm0/m0/ab input pin k0/mm0/m0/ab/B[3] is connected to registers with an asynchronous reset. This is preventing the possibility of merging these registers in to the DSP Block since the DSP block registers only possess synchronous reset capability.  It is suggested to recode or change these registers to remove the reset or use a synchronous reset to get the best optimization for performance, power and area.
Related violations: <none>

DPIR-1#22 Warning
Asynchronous driver check  
DSP k0/mm0/m0/ab input pin k0/mm0/m0/ab/B[4] is connected to registers with an asynchronous reset. This is preventing the possibility of merging these registers in to the DSP Block since the DSP block registers only possess synchronous reset capability.  It is suggested to recode or change these registers to remove the reset or use a synchronous reset to get the best optimization for performance, power and area.
Related violations: <none>

DPIR-1#23 Warning
Asynchronous driver check  
DSP k0/mm0/m0/ab input pin k0/mm0/m0/ab/B[5] is connected to registers with an asynchronous reset. This is preventing the possibility of merging these registers in to the DSP Block since the DSP block registers only possess synchronous reset capability.  It is suggested to recode or change these registers to remove the reset or use a synchronous reset to get the best optimization for performance, power and area.
Related violations: <none>

DPIR-1#24 Warning
Asynchronous driver check  
DSP k0/mm0/m0/ab input pin k0/mm0/m0/ab/B[6] is connected to registers with an asynchronous reset. This is preventing the possibility of merging these registers in to the DSP Block since the DSP block registers only possess synchronous reset capability.  It is suggested to recode or change these registers to remove the reset or use a synchronous reset to get the best optimization for performance, power and area.
Related violations: <none>

DPIR-1#25 Warning
Asynchronous driver check  
DSP k0/mm0/m0/ab input pin k0/mm0/m0/ab/B[7] is connected to registers with an asynchronous reset. This is preventing the possibility of merging these registers in to the DSP Block since the DSP block registers only possess synchronous reset capability.  It is suggested to recode or change these registers to remove the reset or use a synchronous reset to get the best optimization for performance, power and area.
Related violations: <none>

DPIR-1#26 Warning
Asynchronous driver check  
DSP k0/mm0/m0/ab input pin k0/mm0/m0/ab/B[8] is connected to registers with an asynchronous reset. This is preventing the possibility of merging these registers in to the DSP Block since the DSP block registers only possess synchronous reset capability.  It is suggested to recode or change these registers to remove the reset or use a synchronous reset to get the best optimization for performance, power and area.
Related violations: <none>

DPIR-1#27 Warning
Asynchronous driver check  
DSP k0/mm0/m0/ab__0 input pin k0/mm0/m0/ab__0/A[0] is connected to registers with an asynchronous reset. This is preventing the possibility of merging these registers in to the DSP Block since the DSP block registers only possess synchronous reset capability.  It is suggested to recode or change these registers to remove the reset or use a synchronous reset to get the best optimization for performance, power and area.
Related violations: <none>

DPIR-1#28 Warning
Asynchronous driver check  
DSP k0/mm0/m0/ab__0 input pin k0/mm0/m0/ab__0/A[10] is connected to registers with an asynchronous reset. This is preventing the possibility of merging these registers in to the DSP Block since the DSP block registers only possess synchronous reset capability.  It is suggested to recode or change these registers to remove the reset or use a synchronous reset to get the best optimization for performance, power and area.
Related violations: <none>

DPIR-1#29 Warning
Asynchronous driver check  
DSP k0/mm0/m0/ab__0 input pin k0/mm0/m0/ab__0/A[11] is connected to registers with an asynchronous reset. This is preventing the possibility of merging these registers in to the DSP Block since the DSP block registers only possess synchronous reset capability.  It is suggested to recode or change these registers to remove the reset or use a synchronous reset to get the best optimization for performance, power and area.
Related violations: <none>

DPIR-1#30 Warning
Asynchronous driver check  
DSP k0/mm0/m0/ab__0 input pin k0/mm0/m0/ab__0/A[12] is connected to registers with an asynchronous reset. This is preventing the possibility of merging these registers in to the DSP Block since the DSP block registers only possess synchronous reset capability.  It is suggested to recode or change these registers to remove the reset or use a synchronous reset to get the best optimization for performance, power and area.
Related violations: <none>

DPIR-1#31 Warning
Asynchronous driver check  
DSP k0/mm0/m0/ab__0 input pin k0/mm0/m0/ab__0/A[13] is connected to registers with an asynchronous reset. This is preventing the possibility of merging these registers in to the DSP Block since the DSP block registers only possess synchronous reset capability.  It is suggested to recode or change these registers to remove the reset or use a synchronous reset to get the best optimization for performance, power and area.
Related violations: <none>

DPIR-1#32 Warning
Asynchronous driver check  
DSP k0/mm0/m0/ab__0 input pin k0/mm0/m0/ab__0/A[14] is connected to registers with an asynchronous reset. This is preventing the possibility of merging these registers in to the DSP Block since the DSP block registers only possess synchronous reset capability.  It is suggested to recode or change these registers to remove the reset or use a synchronous reset to get the best optimization for performance, power and area.
Related violations: <none>

DPIR-1#33 Warning
Asynchronous driver check  
DSP k0/mm0/m0/ab__0 input pin k0/mm0/m0/ab__0/A[15] is connected to registers with an asynchronous reset. This is preventing the possibility of merging these registers in to the DSP Block since the DSP block registers only possess synchronous reset capability.  It is suggested to recode or change these registers to remove the reset or use a synchronous reset to get the best optimization for performance, power and area.
Related violations: <none>

DPIR-1#34 Warning
Asynchronous driver check  
DSP k0/mm0/m0/ab__0 input pin k0/mm0/m0/ab__0/A[16] is connected to registers with an asynchronous reset. This is preventing the possibility of merging these registers in to the DSP Block since the DSP block registers only possess synchronous reset capability.  It is suggested to recode or change these registers to remove the reset or use a synchronous reset to get the best optimization for performance, power and area.
Related violations: <none>

DPIR-1#35 Warning
Asynchronous driver check  
DSP k0/mm0/m0/ab__0 input pin k0/mm0/m0/ab__0/A[1] is connected to registers with an asynchronous reset. This is preventing the possibility of merging these registers in to the DSP Block since the DSP block registers only possess synchronous reset capability.  It is suggested to recode or change these registers to remove the reset or use a synchronous reset to get the best optimization for performance, power and area.
Related violations: <none>

DPIR-1#36 Warning
Asynchronous driver check  
DSP k0/mm0/m0/ab__0 input pin k0/mm0/m0/ab__0/A[2] is connected to registers with an asynchronous reset. This is preventing the possibility of merging these registers in to the DSP Block since the DSP block registers only possess synchronous reset capability.  It is suggested to recode or change these registers to remove the reset or use a synchronous reset to get the best optimization for performance, power and area.
Related violations: <none>

DPIR-1#37 Warning
Asynchronous driver check  
DSP k0/mm0/m0/ab__0 input pin k0/mm0/m0/ab__0/A[3] is connected to registers with an asynchronous reset. This is preventing the possibility of merging these registers in to the DSP Block since the DSP block registers only possess synchronous reset capability.  It is suggested to recode or change these registers to remove the reset or use a synchronous reset to get the best optimization for performance, power and area.
Related violations: <none>

DPIR-1#38 Warning
Asynchronous driver check  
DSP k0/mm0/m0/ab__0 input pin k0/mm0/m0/ab__0/A[4] is connected to registers with an asynchronous reset. This is preventing the possibility of merging these registers in to the DSP Block since the DSP block registers only possess synchronous reset capability.  It is suggested to recode or change these registers to remove the reset or use a synchronous reset to get the best optimization for performance, power and area.
Related violations: <none>

DPIR-1#39 Warning
Asynchronous driver check  
DSP k0/mm0/m0/ab__0 input pin k0/mm0/m0/ab__0/A[5] is connected to registers with an asynchronous reset. This is preventing the possibility of merging these registers in to the DSP Block since the DSP block registers only possess synchronous reset capability.  It is suggested to recode or change these registers to remove the reset or use a synchronous reset to get the best optimization for performance, power and area.
Related violations: <none>

DPIR-1#40 Warning
Asynchronous driver check  
DSP k0/mm0/m0/ab__0 input pin k0/mm0/m0/ab__0/A[6] is connected to registers with an asynchronous reset. This is preventing the possibility of merging these registers in to the DSP Block since the DSP block registers only possess synchronous reset capability.  It is suggested to recode or change these registers to remove the reset or use a synchronous reset to get the best optimization for performance, power and area.
Related violations: <none>

DPIR-1#41 Warning
Asynchronous driver check  
DSP k0/mm0/m0/ab__0 input pin k0/mm0/m0/ab__0/A[7] is connected to registers with an asynchronous reset. This is preventing the possibility of merging these registers in to the DSP Block since the DSP block registers only possess synchronous reset capability.  It is suggested to recode or change these registers to remove the reset or use a synchronous reset to get the best optimization for performance, power and area.
Related violations: <none>

DPIR-1#42 Warning
Asynchronous driver check  
DSP k0/mm0/m0/ab__0 input pin k0/mm0/m0/ab__0/A[8] is connected to registers with an asynchronous reset. This is preventing the possibility of merging these registers in to the DSP Block since the DSP block registers only possess synchronous reset capability.  It is suggested to recode or change these registers to remove the reset or use a synchronous reset to get the best optimization for performance, power and area.
Related violations: <none>

DPIR-1#43 Warning
Asynchronous driver check  
DSP k0/mm0/m0/ab__0 input pin k0/mm0/m0/ab__0/A[9] is connected to registers with an asynchronous reset. This is preventing the possibility of merging these registers in to the DSP Block since the DSP block registers only possess synchronous reset capability.  It is suggested to recode or change these registers to remove the reset or use a synchronous reset to get the best optimization for performance, power and area.
Related violations: <none>

DPIR-1#44 Warning
Asynchronous driver check  
DSP k0/mm0/m0/ab__0 input pin k0/mm0/m0/ab__0/B[0] is connected to registers with an asynchronous reset. This is preventing the possibility of merging these registers in to the DSP Block since the DSP block registers only possess synchronous reset capability.  It is suggested to recode or change these registers to remove the reset or use a synchronous reset to get the best optimization for performance, power and area.
Related violations: <none>

DPIR-1#45 Warning
Asynchronous driver check  
DSP k0/mm0/m0/ab__0 input pin k0/mm0/m0/ab__0/B[10] is connected to registers with an asynchronous reset. This is preventing the possibility of merging these registers in to the DSP Block since the DSP block registers only possess synchronous reset capability.  It is suggested to recode or change these registers to remove the reset or use a synchronous reset to get the best optimization for performance, power and area.
Related violations: <none>

DPIR-1#46 Warning
Asynchronous driver check  
DSP k0/mm0/m0/ab__0 input pin k0/mm0/m0/ab__0/B[11] is connected to registers with an asynchronous reset. This is preventing the possibility of merging these registers in to the DSP Block since the DSP block registers only possess synchronous reset capability.  It is suggested to recode or change these registers to remove the reset or use a synchronous reset to get the best optimization for performance, power and area.
Related violations: <none>

DPIR-1#47 Warning
Asynchronous driver check  
DSP k0/mm0/m0/ab__0 input pin k0/mm0/m0/ab__0/B[12] is connected to registers with an asynchronous reset. This is preventing the possibility of merging these registers in to the DSP Block since the DSP block registers only possess synchronous reset capability.  It is suggested to recode or change these registers to remove the reset or use a synchronous reset to get the best optimization for performance, power and area.
Related violations: <none>

DPIR-1#48 Warning
Asynchronous driver check  
DSP k0/mm0/m0/ab__0 input pin k0/mm0/m0/ab__0/B[13] is connected to registers with an asynchronous reset. This is preventing the possibility of merging these registers in to the DSP Block since the DSP block registers only possess synchronous reset capability.  It is suggested to recode or change these registers to remove the reset or use a synchronous reset to get the best optimization for performance, power and area.
Related violations: <none>

DPIR-1#49 Warning
Asynchronous driver check  
DSP k0/mm0/m0/ab__0 input pin k0/mm0/m0/ab__0/B[14] is connected to registers with an asynchronous reset. This is preventing the possibility of merging these registers in to the DSP Block since the DSP block registers only possess synchronous reset capability.  It is suggested to recode or change these registers to remove the reset or use a synchronous reset to get the best optimization for performance, power and area.
Related violations: <none>

DPIR-1#50 Warning
Asynchronous driver check  
DSP k0/mm0/m0/ab__0 input pin k0/mm0/m0/ab__0/B[15] is connected to registers with an asynchronous reset. This is preventing the possibility of merging these registers in to the DSP Block since the DSP block registers only possess synchronous reset capability.  It is suggested to recode or change these registers to remove the reset or use a synchronous reset to get the best optimization for performance, power and area.
Related violations: <none>

DPIR-1#51 Warning
Asynchronous driver check  
DSP k0/mm0/m0/ab__0 input pin k0/mm0/m0/ab__0/B[16] is connected to registers with an asynchronous reset. This is preventing the possibility of merging these registers in to the DSP Block since the DSP block registers only possess synchronous reset capability.  It is suggested to recode or change these registers to remove the reset or use a synchronous reset to get the best optimization for performance, power and area.
Related violations: <none>

DPIR-1#52 Warning
Asynchronous driver check  
DSP k0/mm0/m0/ab__0 input pin k0/mm0/m0/ab__0/B[1] is connected to registers with an asynchronous reset. This is preventing the possibility of merging these registers in to the DSP Block since the DSP block registers only possess synchronous reset capability.  It is suggested to recode or change these registers to remove the reset or use a synchronous reset to get the best optimization for performance, power and area.
Related violations: <none>

DPIR-1#53 Warning
Asynchronous driver check  
DSP k0/mm0/m0/ab__0 input pin k0/mm0/m0/ab__0/B[2] is connected to registers with an asynchronous reset. This is preventing the possibility of merging these registers in to the DSP Block since the DSP block registers only possess synchronous reset capability.  It is suggested to recode or change these registers to remove the reset or use a synchronous reset to get the best optimization for performance, power and area.
Related violations: <none>

DPIR-1#54 Warning
Asynchronous driver check  
DSP k0/mm0/m0/ab__0 input pin k0/mm0/m0/ab__0/B[3] is connected to registers with an asynchronous reset. This is preventing the possibility of merging these registers in to the DSP Block since the DSP block registers only possess synchronous reset capability.  It is suggested to recode or change these registers to remove the reset or use a synchronous reset to get the best optimization for performance, power and area.
Related violations: <none>

DPIR-1#55 Warning
Asynchronous driver check  
DSP k0/mm0/m0/ab__0 input pin k0/mm0/m0/ab__0/B[4] is connected to registers with an asynchronous reset. This is preventing the possibility of merging these registers in to the DSP Block since the DSP block registers only possess synchronous reset capability.  It is suggested to recode or change these registers to remove the reset or use a synchronous reset to get the best optimization for performance, power and area.
Related violations: <none>

DPIR-1#56 Warning
Asynchronous driver check  
DSP k0/mm0/m0/ab__0 input pin k0/mm0/m0/ab__0/B[5] is connected to registers with an asynchronous reset. This is preventing the possibility of merging these registers in to the DSP Block since the DSP block registers only possess synchronous reset capability.  It is suggested to recode or change these registers to remove the reset or use a synchronous reset to get the best optimization for performance, power and area.
Related violations: <none>

DPIR-1#57 Warning
Asynchronous driver check  
DSP k0/mm0/m0/ab__0 input pin k0/mm0/m0/ab__0/B[6] is connected to registers with an asynchronous reset. This is preventing the possibility of merging these registers in to the DSP Block since the DSP block registers only possess synchronous reset capability.  It is suggested to recode or change these registers to remove the reset or use a synchronous reset to get the best optimization for performance, power and area.
Related violations: <none>

DPIR-1#58 Warning
Asynchronous driver check  
DSP k0/mm0/m0/ab__0 input pin k0/mm0/m0/ab__0/B[7] is connected to registers with an asynchronous reset. This is preventing the possibility of merging these registers in to the DSP Block since the DSP block registers only possess synchronous reset capability.  It is suggested to recode or change these registers to remove the reset or use a synchronous reset to get the best optimization for performance, power and area.
Related violations: <none>

DPIR-1#59 Warning
Asynchronous driver check  
DSP k0/mm0/m0/ab__0 input pin k0/mm0/m0/ab__0/B[8] is connected to registers with an asynchronous reset. This is preventing the possibility of merging these registers in to the DSP Block since the DSP block registers only possess synchronous reset capability.  It is suggested to recode or change these registers to remove the reset or use a synchronous reset to get the best optimization for performance, power and area.
Related violations: <none>

DPIR-1#60 Warning
Asynchronous driver check  
DSP k0/mm0/m0/ab__0 input pin k0/mm0/m0/ab__0/B[9] is connected to registers with an asynchronous reset. This is preventing the possibility of merging these registers in to the DSP Block since the DSP block registers only possess synchronous reset capability.  It is suggested to recode or change these registers to remove the reset or use a synchronous reset to get the best optimization for performance, power and area.
Related violations: <none>

DPIR-1#61 Warning
Asynchronous driver check  
DSP k0/mm0/m1/ab input pin k0/mm0/m1/ab/A[0] is connected to registers with an asynchronous reset. This is preventing the possibility of merging these registers in to the DSP Block since the DSP block registers only possess synchronous reset capability.  It is suggested to recode or change these registers to remove the reset or use a synchronous reset to get the best optimization for performance, power and area.
Related violations: <none>

DPIR-1#62 Warning
Asynchronous driver check  
DSP k0/mm0/m1/ab input pin k0/mm0/m1/ab/A[10] is connected to registers with an asynchronous reset. This is preventing the possibility of merging these registers in to the DSP Block since the DSP block registers only possess synchronous reset capability.  It is suggested to recode or change these registers to remove the reset or use a synchronous reset to get the best optimization for performance, power and area.
Related violations: <none>

DPIR-1#63 Warning
Asynchronous driver check  
DSP k0/mm0/m1/ab input pin k0/mm0/m1/ab/A[11] is connected to registers with an asynchronous reset. This is preventing the possibility of merging these registers in to the DSP Block since the DSP block registers only possess synchronous reset capability.  It is suggested to recode or change these registers to remove the reset or use a synchronous reset to get the best optimization for performance, power and area.
Related violations: <none>

DPIR-1#64 Warning
Asynchronous driver check  
DSP k0/mm0/m1/ab input pin k0/mm0/m1/ab/A[12] is connected to registers with an asynchronous reset. This is preventing the possibility of merging these registers in to the DSP Block since the DSP block registers only possess synchronous reset capability.  It is suggested to recode or change these registers to remove the reset or use a synchronous reset to get the best optimization for performance, power and area.
Related violations: <none>

DPIR-1#65 Warning
Asynchronous driver check  
DSP k0/mm0/m1/ab input pin k0/mm0/m1/ab/A[13] is connected to registers with an asynchronous reset. This is preventing the possibility of merging these registers in to the DSP Block since the DSP block registers only possess synchronous reset capability.  It is suggested to recode or change these registers to remove the reset or use a synchronous reset to get the best optimization for performance, power and area.
Related violations: <none>

DPIR-1#66 Warning
Asynchronous driver check  
DSP k0/mm0/m1/ab input pin k0/mm0/m1/ab/A[14] is connected to registers with an asynchronous reset. This is preventing the possibility of merging these registers in to the DSP Block since the DSP block registers only possess synchronous reset capability.  It is suggested to recode or change these registers to remove the reset or use a synchronous reset to get the best optimization for performance, power and area.
Related violations: <none>

DPIR-1#67 Warning
Asynchronous driver check  
DSP k0/mm0/m1/ab input pin k0/mm0/m1/ab/A[15] is connected to registers with an asynchronous reset. This is preventing the possibility of merging these registers in to the DSP Block since the DSP block registers only possess synchronous reset capability.  It is suggested to recode or change these registers to remove the reset or use a synchronous reset to get the best optimization for performance, power and area.
Related violations: <none>

DPIR-1#68 Warning
Asynchronous driver check  
DSP k0/mm0/m1/ab input pin k0/mm0/m1/ab/A[16] is connected to registers with an asynchronous reset. This is preventing the possibility of merging these registers in to the DSP Block since the DSP block registers only possess synchronous reset capability.  It is suggested to recode or change these registers to remove the reset or use a synchronous reset to get the best optimization for performance, power and area.
Related violations: <none>

DPIR-1#69 Warning
Asynchronous driver check  
DSP k0/mm0/m1/ab input pin k0/mm0/m1/ab/A[1] is connected to registers with an asynchronous reset. This is preventing the possibility of merging these registers in to the DSP Block since the DSP block registers only possess synchronous reset capability.  It is suggested to recode or change these registers to remove the reset or use a synchronous reset to get the best optimization for performance, power and area.
Related violations: <none>

DPIR-1#70 Warning
Asynchronous driver check  
DSP k0/mm0/m1/ab input pin k0/mm0/m1/ab/A[2] is connected to registers with an asynchronous reset. This is preventing the possibility of merging these registers in to the DSP Block since the DSP block registers only possess synchronous reset capability.  It is suggested to recode or change these registers to remove the reset or use a synchronous reset to get the best optimization for performance, power and area.
Related violations: <none>

DPIR-1#71 Warning
Asynchronous driver check  
DSP k0/mm0/m1/ab input pin k0/mm0/m1/ab/A[3] is connected to registers with an asynchronous reset. This is preventing the possibility of merging these registers in to the DSP Block since the DSP block registers only possess synchronous reset capability.  It is suggested to recode or change these registers to remove the reset or use a synchronous reset to get the best optimization for performance, power and area.
Related violations: <none>

DPIR-1#72 Warning
Asynchronous driver check  
DSP k0/mm0/m1/ab input pin k0/mm0/m1/ab/A[4] is connected to registers with an asynchronous reset. This is preventing the possibility of merging these registers in to the DSP Block since the DSP block registers only possess synchronous reset capability.  It is suggested to recode or change these registers to remove the reset or use a synchronous reset to get the best optimization for performance, power and area.
Related violations: <none>

DPIR-1#73 Warning
Asynchronous driver check  
DSP k0/mm0/m1/ab input pin k0/mm0/m1/ab/A[5] is connected to registers with an asynchronous reset. This is preventing the possibility of merging these registers in to the DSP Block since the DSP block registers only possess synchronous reset capability.  It is suggested to recode or change these registers to remove the reset or use a synchronous reset to get the best optimization for performance, power and area.
Related violations: <none>

DPIR-1#74 Warning
Asynchronous driver check  
DSP k0/mm0/m1/ab input pin k0/mm0/m1/ab/A[6] is connected to registers with an asynchronous reset. This is preventing the possibility of merging these registers in to the DSP Block since the DSP block registers only possess synchronous reset capability.  It is suggested to recode or change these registers to remove the reset or use a synchronous reset to get the best optimization for performance, power and area.
Related violations: <none>

DPIR-1#75 Warning
Asynchronous driver check  
DSP k0/mm0/m1/ab input pin k0/mm0/m1/ab/A[7] is connected to registers with an asynchronous reset. This is preventing the possibility of merging these registers in to the DSP Block since the DSP block registers only possess synchronous reset capability.  It is suggested to recode or change these registers to remove the reset or use a synchronous reset to get the best optimization for performance, power and area.
Related violations: <none>

DPIR-1#76 Warning
Asynchronous driver check  
DSP k0/mm0/m1/ab input pin k0/mm0/m1/ab/A[8] is connected to registers with an asynchronous reset. This is preventing the possibility of merging these registers in to the DSP Block since the DSP block registers only possess synchronous reset capability.  It is suggested to recode or change these registers to remove the reset or use a synchronous reset to get the best optimization for performance, power and area.
Related violations: <none>

DPIR-1#77 Warning
Asynchronous driver check  
DSP k0/mm0/m1/ab input pin k0/mm0/m1/ab/A[9] is connected to registers with an asynchronous reset. This is preventing the possibility of merging these registers in to the DSP Block since the DSP block registers only possess synchronous reset capability.  It is suggested to recode or change these registers to remove the reset or use a synchronous reset to get the best optimization for performance, power and area.
Related violations: <none>

DPIR-1#78 Warning
Asynchronous driver check  
DSP k0/mm0/m1/ab input pin k0/mm0/m1/ab/B[0] is connected to registers with an asynchronous reset. This is preventing the possibility of merging these registers in to the DSP Block since the DSP block registers only possess synchronous reset capability.  It is suggested to recode or change these registers to remove the reset or use a synchronous reset to get the best optimization for performance, power and area.
Related violations: <none>

DPIR-1#79 Warning
Asynchronous driver check  
DSP k0/mm0/m1/ab input pin k0/mm0/m1/ab/B[1] is connected to registers with an asynchronous reset. This is preventing the possibility of merging these registers in to the DSP Block since the DSP block registers only possess synchronous reset capability.  It is suggested to recode or change these registers to remove the reset or use a synchronous reset to get the best optimization for performance, power and area.
Related violations: <none>

DPIR-1#80 Warning
Asynchronous driver check  
DSP k0/mm0/m1/ab input pin k0/mm0/m1/ab/B[2] is connected to registers with an asynchronous reset. This is preventing the possibility of merging these registers in to the DSP Block since the DSP block registers only possess synchronous reset capability.  It is suggested to recode or change these registers to remove the reset or use a synchronous reset to get the best optimization for performance, power and area.
Related violations: <none>

DPIR-1#81 Warning
Asynchronous driver check  
DSP k0/mm0/m1/ab input pin k0/mm0/m1/ab/B[3] is connected to registers with an asynchronous reset. This is preventing the possibility of merging these registers in to the DSP Block since the DSP block registers only possess synchronous reset capability.  It is suggested to recode or change these registers to remove the reset or use a synchronous reset to get the best optimization for performance, power and area.
Related violations: <none>

DPIR-1#82 Warning
Asynchronous driver check  
DSP k0/mm0/m1/ab input pin k0/mm0/m1/ab/B[4] is connected to registers with an asynchronous reset. This is preventing the possibility of merging these registers in to the DSP Block since the DSP block registers only possess synchronous reset capability.  It is suggested to recode or change these registers to remove the reset or use a synchronous reset to get the best optimization for performance, power and area.
Related violations: <none>

DPIR-1#83 Warning
Asynchronous driver check  
DSP k0/mm0/m1/ab input pin k0/mm0/m1/ab/B[5] is connected to registers with an asynchronous reset. This is preventing the possibility of merging these registers in to the DSP Block since the DSP block registers only possess synchronous reset capability.  It is suggested to recode or change these registers to remove the reset or use a synchronous reset to get the best optimization for performance, power and area.
Related violations: <none>

DPIR-1#84 Warning
Asynchronous driver check  
DSP k0/mm0/m1/ab input pin k0/mm0/m1/ab/B[6] is connected to registers with an asynchronous reset. This is preventing the possibility of merging these registers in to the DSP Block since the DSP block registers only possess synchronous reset capability.  It is suggested to recode or change these registers to remove the reset or use a synchronous reset to get the best optimization for performance, power and area.
Related violations: <none>

DPIR-1#85 Warning
Asynchronous driver check  
DSP k0/mm0/m1/ab input pin k0/mm0/m1/ab/B[7] is connected to registers with an asynchronous reset. This is preventing the possibility of merging these registers in to the DSP Block since the DSP block registers only possess synchronous reset capability.  It is suggested to recode or change these registers to remove the reset or use a synchronous reset to get the best optimization for performance, power and area.
Related violations: <none>

DPIR-1#86 Warning
Asynchronous driver check  
DSP k0/mm0/m1/ab input pin k0/mm0/m1/ab/B[8] is connected to registers with an asynchronous reset. This is preventing the possibility of merging these registers in to the DSP Block since the DSP block registers only possess synchronous reset capability.  It is suggested to recode or change these registers to remove the reset or use a synchronous reset to get the best optimization for performance, power and area.
Related violations: <none>

DPIR-1#87 Warning
Asynchronous driver check  
DSP k0/mm0/m1/ab__0 input pin k0/mm0/m1/ab__0/A[0] is connected to registers with an asynchronous reset. This is preventing the possibility of merging these registers in to the DSP Block since the DSP block registers only possess synchronous reset capability.  It is suggested to recode or change these registers to remove the reset or use a synchronous reset to get the best optimization for performance, power and area.
Related violations: <none>

DPIR-1#88 Warning
Asynchronous driver check  
DSP k0/mm0/m1/ab__0 input pin k0/mm0/m1/ab__0/A[10] is connected to registers with an asynchronous reset. This is preventing the possibility of merging these registers in to the DSP Block since the DSP block registers only possess synchronous reset capability.  It is suggested to recode or change these registers to remove the reset or use a synchronous reset to get the best optimization for performance, power and area.
Related violations: <none>

DPIR-1#89 Warning
Asynchronous driver check  
DSP k0/mm0/m1/ab__0 input pin k0/mm0/m1/ab__0/A[11] is connected to registers with an asynchronous reset. This is preventing the possibility of merging these registers in to the DSP Block since the DSP block registers only possess synchronous reset capability.  It is suggested to recode or change these registers to remove the reset or use a synchronous reset to get the best optimization for performance, power and area.
Related violations: <none>

DPIR-1#90 Warning
Asynchronous driver check  
DSP k0/mm0/m1/ab__0 input pin k0/mm0/m1/ab__0/A[12] is connected to registers with an asynchronous reset. This is preventing the possibility of merging these registers in to the DSP Block since the DSP block registers only possess synchronous reset capability.  It is suggested to recode or change these registers to remove the reset or use a synchronous reset to get the best optimization for performance, power and area.
Related violations: <none>

DPIR-1#91 Warning
Asynchronous driver check  
DSP k0/mm0/m1/ab__0 input pin k0/mm0/m1/ab__0/A[13] is connected to registers with an asynchronous reset. This is preventing the possibility of merging these registers in to the DSP Block since the DSP block registers only possess synchronous reset capability.  It is suggested to recode or change these registers to remove the reset or use a synchronous reset to get the best optimization for performance, power and area.
Related violations: <none>

DPIR-1#92 Warning
Asynchronous driver check  
DSP k0/mm0/m1/ab__0 input pin k0/mm0/m1/ab__0/A[14] is connected to registers with an asynchronous reset. This is preventing the possibility of merging these registers in to the DSP Block since the DSP block registers only possess synchronous reset capability.  It is suggested to recode or change these registers to remove the reset or use a synchronous reset to get the best optimization for performance, power and area.
Related violations: <none>

DPIR-1#93 Warning
Asynchronous driver check  
DSP k0/mm0/m1/ab__0 input pin k0/mm0/m1/ab__0/A[15] is connected to registers with an asynchronous reset. This is preventing the possibility of merging these registers in to the DSP Block since the DSP block registers only possess synchronous reset capability.  It is suggested to recode or change these registers to remove the reset or use a synchronous reset to get the best optimization for performance, power and area.
Related violations: <none>

DPIR-1#94 Warning
Asynchronous driver check  
DSP k0/mm0/m1/ab__0 input pin k0/mm0/m1/ab__0/A[16] is connected to registers with an asynchronous reset. This is preventing the possibility of merging these registers in to the DSP Block since the DSP block registers only possess synchronous reset capability.  It is suggested to recode or change these registers to remove the reset or use a synchronous reset to get the best optimization for performance, power and area.
Related violations: <none>

DPIR-1#95 Warning
Asynchronous driver check  
DSP k0/mm0/m1/ab__0 input pin k0/mm0/m1/ab__0/A[1] is connected to registers with an asynchronous reset. This is preventing the possibility of merging these registers in to the DSP Block since the DSP block registers only possess synchronous reset capability.  It is suggested to recode or change these registers to remove the reset or use a synchronous reset to get the best optimization for performance, power and area.
Related violations: <none>

DPIR-1#96 Warning
Asynchronous driver check  
DSP k0/mm0/m1/ab__0 input pin k0/mm0/m1/ab__0/A[2] is connected to registers with an asynchronous reset. This is preventing the possibility of merging these registers in to the DSP Block since the DSP block registers only possess synchronous reset capability.  It is suggested to recode or change these registers to remove the reset or use a synchronous reset to get the best optimization for performance, power and area.
Related violations: <none>

DPIR-1#97 Warning
Asynchronous driver check  
DSP k0/mm0/m1/ab__0 input pin k0/mm0/m1/ab__0/A[3] is connected to registers with an asynchronous reset. This is preventing the possibility of merging these registers in to the DSP Block since the DSP block registers only possess synchronous reset capability.  It is suggested to recode or change these registers to remove the reset or use a synchronous reset to get the best optimization for performance, power and area.
Related violations: <none>

DPIR-1#98 Warning
Asynchronous driver check  
DSP k0/mm0/m1/ab__0 input pin k0/mm0/m1/ab__0/A[4] is connected to registers with an asynchronous reset. This is preventing the possibility of merging these registers in to the DSP Block since the DSP block registers only possess synchronous reset capability.  It is suggested to recode or change these registers to remove the reset or use a synchronous reset to get the best optimization for performance, power and area.
Related violations: <none>

DPIR-1#99 Warning
Asynchronous driver check  
DSP k0/mm0/m1/ab__0 input pin k0/mm0/m1/ab__0/A[5] is connected to registers with an asynchronous reset. This is preventing the possibility of merging these registers in to the DSP Block since the DSP block registers only possess synchronous reset capability.  It is suggested to recode or change these registers to remove the reset or use a synchronous reset to get the best optimization for performance, power and area.
Related violations: <none>

DPIR-1#100 Warning
Asynchronous driver check  
DSP k0/mm0/m1/ab__0 input pin k0/mm0/m1/ab__0/A[6] is connected to registers with an asynchronous reset. This is preventing the possibility of merging these registers in to the DSP Block since the DSP block registers only possess synchronous reset capability.  It is suggested to recode or change these registers to remove the reset or use a synchronous reset to get the best optimization for performance, power and area.
Related violations: <none>

DPIR-1#101 Warning
Asynchronous driver check  
DSP k0/mm0/m1/ab__0 input pin k0/mm0/m1/ab__0/A[7] is connected to registers with an asynchronous reset. This is preventing the possibility of merging these registers in to the DSP Block since the DSP block registers only possess synchronous reset capability.  It is suggested to recode or change these registers to remove the reset or use a synchronous reset to get the best optimization for performance, power and area.
Related violations: <none>

DPIR-1#102 Warning
Asynchronous driver check  
DSP k0/mm0/m1/ab__0 input pin k0/mm0/m1/ab__0/A[8] is connected to registers with an asynchronous reset. This is preventing the possibility of merging these registers in to the DSP Block since the DSP block registers only possess synchronous reset capability.  It is suggested to recode or change these registers to remove the reset or use a synchronous reset to get the best optimization for performance, power and area.
Related violations: <none>

DPIR-1#103 Warning
Asynchronous driver check  
DSP k0/mm0/m1/ab__0 input pin k0/mm0/m1/ab__0/A[9] is connected to registers with an asynchronous reset. This is preventing the possibility of merging these registers in to the DSP Block since the DSP block registers only possess synchronous reset capability.  It is suggested to recode or change these registers to remove the reset or use a synchronous reset to get the best optimization for performance, power and area.
Related violations: <none>

DPIR-1#104 Warning
Asynchronous driver check  
DSP k0/mm0/m1/ab__0 input pin k0/mm0/m1/ab__0/B[0] is connected to registers with an asynchronous reset. This is preventing the possibility of merging these registers in to the DSP Block since the DSP block registers only possess synchronous reset capability.  It is suggested to recode or change these registers to remove the reset or use a synchronous reset to get the best optimization for performance, power and area.
Related violations: <none>

DPIR-1#105 Warning
Asynchronous driver check  
DSP k0/mm0/m1/ab__0 input pin k0/mm0/m1/ab__0/B[10] is connected to registers with an asynchronous reset. This is preventing the possibility of merging these registers in to the DSP Block since the DSP block registers only possess synchronous reset capability.  It is suggested to recode or change these registers to remove the reset or use a synchronous reset to get the best optimization for performance, power and area.
Related violations: <none>

DPIR-1#106 Warning
Asynchronous driver check  
DSP k0/mm0/m1/ab__0 input pin k0/mm0/m1/ab__0/B[11] is connected to registers with an asynchronous reset. This is preventing the possibility of merging these registers in to the DSP Block since the DSP block registers only possess synchronous reset capability.  It is suggested to recode or change these registers to remove the reset or use a synchronous reset to get the best optimization for performance, power and area.
Related violations: <none>

DPIR-1#107 Warning
Asynchronous driver check  
DSP k0/mm0/m1/ab__0 input pin k0/mm0/m1/ab__0/B[12] is connected to registers with an asynchronous reset. This is preventing the possibility of merging these registers in to the DSP Block since the DSP block registers only possess synchronous reset capability.  It is suggested to recode or change these registers to remove the reset or use a synchronous reset to get the best optimization for performance, power and area.
Related violations: <none>

DPIR-1#108 Warning
Asynchronous driver check  
DSP k0/mm0/m1/ab__0 input pin k0/mm0/m1/ab__0/B[13] is connected to registers with an asynchronous reset. This is preventing the possibility of merging these registers in to the DSP Block since the DSP block registers only possess synchronous reset capability.  It is suggested to recode or change these registers to remove the reset or use a synchronous reset to get the best optimization for performance, power and area.
Related violations: <none>

DPIR-1#109 Warning
Asynchronous driver check  
DSP k0/mm0/m1/ab__0 input pin k0/mm0/m1/ab__0/B[14] is connected to registers with an asynchronous reset. This is preventing the possibility of merging these registers in to the DSP Block since the DSP block registers only possess synchronous reset capability.  It is suggested to recode or change these registers to remove the reset or use a synchronous reset to get the best optimization for performance, power and area.
Related violations: <none>

DPIR-1#110 Warning
Asynchronous driver check  
DSP k0/mm0/m1/ab__0 input pin k0/mm0/m1/ab__0/B[15] is connected to registers with an asynchronous reset. This is preventing the possibility of merging these registers in to the DSP Block since the DSP block registers only possess synchronous reset capability.  It is suggested to recode or change these registers to remove the reset or use a synchronous reset to get the best optimization for performance, power and area.
Related violations: <none>

DPIR-1#111 Warning
Asynchronous driver check  
DSP k0/mm0/m1/ab__0 input pin k0/mm0/m1/ab__0/B[16] is connected to registers with an asynchronous reset. This is preventing the possibility of merging these registers in to the DSP Block since the DSP block registers only possess synchronous reset capability.  It is suggested to recode or change these registers to remove the reset or use a synchronous reset to get the best optimization for performance, power and area.
Related violations: <none>

DPIR-1#112 Warning
Asynchronous driver check  
DSP k0/mm0/m1/ab__0 input pin k0/mm0/m1/ab__0/B[1] is connected to registers with an asynchronous reset. This is preventing the possibility of merging these registers in to the DSP Block since the DSP block registers only possess synchronous reset capability.  It is suggested to recode or change these registers to remove the reset or use a synchronous reset to get the best optimization for performance, power and area.
Related violations: <none>

DPIR-1#113 Warning
Asynchronous driver check  
DSP k0/mm0/m1/ab__0 input pin k0/mm0/m1/ab__0/B[2] is connected to registers with an asynchronous reset. This is preventing the possibility of merging these registers in to the DSP Block since the DSP block registers only possess synchronous reset capability.  It is suggested to recode or change these registers to remove the reset or use a synchronous reset to get the best optimization for performance, power and area.
Related violations: <none>

DPIR-1#114 Warning
Asynchronous driver check  
DSP k0/mm0/m1/ab__0 input pin k0/mm0/m1/ab__0/B[3] is connected to registers with an asynchronous reset. This is preventing the possibility of merging these registers in to the DSP Block since the DSP block registers only possess synchronous reset capability.  It is suggested to recode or change these registers to remove the reset or use a synchronous reset to get the best optimization for performance, power and area.
Related violations: <none>

DPIR-1#115 Warning
Asynchronous driver check  
DSP k0/mm0/m1/ab__0 input pin k0/mm0/m1/ab__0/B[4] is connected to registers with an asynchronous reset. This is preventing the possibility of merging these registers in to the DSP Block since the DSP block registers only possess synchronous reset capability.  It is suggested to recode or change these registers to remove the reset or use a synchronous reset to get the best optimization for performance, power and area.
Related violations: <none>

DPIR-1#116 Warning
Asynchronous driver check  
DSP k0/mm0/m1/ab__0 input pin k0/mm0/m1/ab__0/B[5] is connected to registers with an asynchronous reset. This is preventing the possibility of merging these registers in to the DSP Block since the DSP block registers only possess synchronous reset capability.  It is suggested to recode or change these registers to remove the reset or use a synchronous reset to get the best optimization for performance, power and area.
Related violations: <none>

DPIR-1#117 Warning
Asynchronous driver check  
DSP k0/mm0/m1/ab__0 input pin k0/mm0/m1/ab__0/B[6] is connected to registers with an asynchronous reset. This is preventing the possibility of merging these registers in to the DSP Block since the DSP block registers only possess synchronous reset capability.  It is suggested to recode or change these registers to remove the reset or use a synchronous reset to get the best optimization for performance, power and area.
Related violations: <none>

DPIR-1#118 Warning
Asynchronous driver check  
DSP k0/mm0/m1/ab__0 input pin k0/mm0/m1/ab__0/B[7] is connected to registers with an asynchronous reset. This is preventing the possibility of merging these registers in to the DSP Block since the DSP block registers only possess synchronous reset capability.  It is suggested to recode or change these registers to remove the reset or use a synchronous reset to get the best optimization for performance, power and area.
Related violations: <none>

DPIR-1#119 Warning
Asynchronous driver check  
DSP k0/mm0/m1/ab__0 input pin k0/mm0/m1/ab__0/B[8] is connected to registers with an asynchronous reset. This is preventing the possibility of merging these registers in to the DSP Block since the DSP block registers only possess synchronous reset capability.  It is suggested to recode or change these registers to remove the reset or use a synchronous reset to get the best optimization for performance, power and area.
Related violations: <none>

DPIR-1#120 Warning
Asynchronous driver check  
DSP k0/mm0/m1/ab__0 input pin k0/mm0/m1/ab__0/B[9] is connected to registers with an asynchronous reset. This is preventing the possibility of merging these registers in to the DSP Block since the DSP block registers only possess synchronous reset capability.  It is suggested to recode or change these registers to remove the reset or use a synchronous reset to get the best optimization for performance, power and area.
Related violations: <none>

DPIR-1#121 Warning
Asynchronous driver check  
DSP k0/mm0/m4/ab input pin k0/mm0/m4/ab/A[0] is connected to registers with an asynchronous reset. This is preventing the possibility of merging these registers in to the DSP Block since the DSP block registers only possess synchronous reset capability.  It is suggested to recode or change these registers to remove the reset or use a synchronous reset to get the best optimization for performance, power and area.
Related violations: <none>

DPIR-1#122 Warning
Asynchronous driver check  
DSP k0/mm0/m4/ab input pin k0/mm0/m4/ab/A[10] is connected to registers with an asynchronous reset. This is preventing the possibility of merging these registers in to the DSP Block since the DSP block registers only possess synchronous reset capability.  It is suggested to recode or change these registers to remove the reset or use a synchronous reset to get the best optimization for performance, power and area.
Related violations: <none>

DPIR-1#123 Warning
Asynchronous driver check  
DSP k0/mm0/m4/ab input pin k0/mm0/m4/ab/A[11] is connected to registers with an asynchronous reset. This is preventing the possibility of merging these registers in to the DSP Block since the DSP block registers only possess synchronous reset capability.  It is suggested to recode or change these registers to remove the reset or use a synchronous reset to get the best optimization for performance, power and area.
Related violations: <none>

DPIR-1#124 Warning
Asynchronous driver check  
DSP k0/mm0/m4/ab input pin k0/mm0/m4/ab/A[12] is connected to registers with an asynchronous reset. This is preventing the possibility of merging these registers in to the DSP Block since the DSP block registers only possess synchronous reset capability.  It is suggested to recode or change these registers to remove the reset or use a synchronous reset to get the best optimization for performance, power and area.
Related violations: <none>

DPIR-1#125 Warning
Asynchronous driver check  
DSP k0/mm0/m4/ab input pin k0/mm0/m4/ab/A[13] is connected to registers with an asynchronous reset. This is preventing the possibility of merging these registers in to the DSP Block since the DSP block registers only possess synchronous reset capability.  It is suggested to recode or change these registers to remove the reset or use a synchronous reset to get the best optimization for performance, power and area.
Related violations: <none>

DPIR-1#126 Warning
Asynchronous driver check  
DSP k0/mm0/m4/ab input pin k0/mm0/m4/ab/A[14] is connected to registers with an asynchronous reset. This is preventing the possibility of merging these registers in to the DSP Block since the DSP block registers only possess synchronous reset capability.  It is suggested to recode or change these registers to remove the reset or use a synchronous reset to get the best optimization for performance, power and area.
Related violations: <none>

DPIR-1#127 Warning
Asynchronous driver check  
DSP k0/mm0/m4/ab input pin k0/mm0/m4/ab/A[15] is connected to registers with an asynchronous reset. This is preventing the possibility of merging these registers in to the DSP Block since the DSP block registers only possess synchronous reset capability.  It is suggested to recode or change these registers to remove the reset or use a synchronous reset to get the best optimization for performance, power and area.
Related violations: <none>

DPIR-1#128 Warning
Asynchronous driver check  
DSP k0/mm0/m4/ab input pin k0/mm0/m4/ab/A[16] is connected to registers with an asynchronous reset. This is preventing the possibility of merging these registers in to the DSP Block since the DSP block registers only possess synchronous reset capability.  It is suggested to recode or change these registers to remove the reset or use a synchronous reset to get the best optimization for performance, power and area.
Related violations: <none>

DPIR-1#129 Warning
Asynchronous driver check  
DSP k0/mm0/m4/ab input pin k0/mm0/m4/ab/A[1] is connected to registers with an asynchronous reset. This is preventing the possibility of merging these registers in to the DSP Block since the DSP block registers only possess synchronous reset capability.  It is suggested to recode or change these registers to remove the reset or use a synchronous reset to get the best optimization for performance, power and area.
Related violations: <none>

DPIR-1#130 Warning
Asynchronous driver check  
DSP k0/mm0/m4/ab input pin k0/mm0/m4/ab/A[2] is connected to registers with an asynchronous reset. This is preventing the possibility of merging these registers in to the DSP Block since the DSP block registers only possess synchronous reset capability.  It is suggested to recode or change these registers to remove the reset or use a synchronous reset to get the best optimization for performance, power and area.
Related violations: <none>

DPIR-1#131 Warning
Asynchronous driver check  
DSP k0/mm0/m4/ab input pin k0/mm0/m4/ab/A[3] is connected to registers with an asynchronous reset. This is preventing the possibility of merging these registers in to the DSP Block since the DSP block registers only possess synchronous reset capability.  It is suggested to recode or change these registers to remove the reset or use a synchronous reset to get the best optimization for performance, power and area.
Related violations: <none>

DPIR-1#132 Warning
Asynchronous driver check  
DSP k0/mm0/m4/ab input pin k0/mm0/m4/ab/A[4] is connected to registers with an asynchronous reset. This is preventing the possibility of merging these registers in to the DSP Block since the DSP block registers only possess synchronous reset capability.  It is suggested to recode or change these registers to remove the reset or use a synchronous reset to get the best optimization for performance, power and area.
Related violations: <none>

DPIR-1#133 Warning
Asynchronous driver check  
DSP k0/mm0/m4/ab input pin k0/mm0/m4/ab/A[5] is connected to registers with an asynchronous reset. This is preventing the possibility of merging these registers in to the DSP Block since the DSP block registers only possess synchronous reset capability.  It is suggested to recode or change these registers to remove the reset or use a synchronous reset to get the best optimization for performance, power and area.
Related violations: <none>

DPIR-1#134 Warning
Asynchronous driver check  
DSP k0/mm0/m4/ab input pin k0/mm0/m4/ab/A[6] is connected to registers with an asynchronous reset. This is preventing the possibility of merging these registers in to the DSP Block since the DSP block registers only possess synchronous reset capability.  It is suggested to recode or change these registers to remove the reset or use a synchronous reset to get the best optimization for performance, power and area.
Related violations: <none>

DPIR-1#135 Warning
Asynchronous driver check  
DSP k0/mm0/m4/ab input pin k0/mm0/m4/ab/A[7] is connected to registers with an asynchronous reset. This is preventing the possibility of merging these registers in to the DSP Block since the DSP block registers only possess synchronous reset capability.  It is suggested to recode or change these registers to remove the reset or use a synchronous reset to get the best optimization for performance, power and area.
Related violations: <none>

DPIR-1#136 Warning
Asynchronous driver check  
DSP k0/mm0/m4/ab input pin k0/mm0/m4/ab/A[8] is connected to registers with an asynchronous reset. This is preventing the possibility of merging these registers in to the DSP Block since the DSP block registers only possess synchronous reset capability.  It is suggested to recode or change these registers to remove the reset or use a synchronous reset to get the best optimization for performance, power and area.
Related violations: <none>

DPIR-1#137 Warning
Asynchronous driver check  
DSP k0/mm0/m4/ab input pin k0/mm0/m4/ab/A[9] is connected to registers with an asynchronous reset. This is preventing the possibility of merging these registers in to the DSP Block since the DSP block registers only possess synchronous reset capability.  It is suggested to recode or change these registers to remove the reset or use a synchronous reset to get the best optimization for performance, power and area.
Related violations: <none>

DPIR-1#138 Warning
Asynchronous driver check  
DSP k0/mm0/m4/ab input pin k0/mm0/m4/ab/B[0] is connected to registers with an asynchronous reset. This is preventing the possibility of merging these registers in to the DSP Block since the DSP block registers only possess synchronous reset capability.  It is suggested to recode or change these registers to remove the reset or use a synchronous reset to get the best optimization for performance, power and area.
Related violations: <none>

DPIR-1#139 Warning
Asynchronous driver check  
DSP k0/mm0/m4/ab input pin k0/mm0/m4/ab/B[1] is connected to registers with an asynchronous reset. This is preventing the possibility of merging these registers in to the DSP Block since the DSP block registers only possess synchronous reset capability.  It is suggested to recode or change these registers to remove the reset or use a synchronous reset to get the best optimization for performance, power and area.
Related violations: <none>

DPIR-1#140 Warning
Asynchronous driver check  
DSP k0/mm0/m4/ab input pin k0/mm0/m4/ab/B[2] is connected to registers with an asynchronous reset. This is preventing the possibility of merging these registers in to the DSP Block since the DSP block registers only possess synchronous reset capability.  It is suggested to recode or change these registers to remove the reset or use a synchronous reset to get the best optimization for performance, power and area.
Related violations: <none>

DPIR-1#141 Warning
Asynchronous driver check  
DSP k0/mm0/m4/ab input pin k0/mm0/m4/ab/B[3] is connected to registers with an asynchronous reset. This is preventing the possibility of merging these registers in to the DSP Block since the DSP block registers only possess synchronous reset capability.  It is suggested to recode or change these registers to remove the reset or use a synchronous reset to get the best optimization for performance, power and area.
Related violations: <none>

DPIR-1#142 Warning
Asynchronous driver check  
DSP k0/mm0/m4/ab input pin k0/mm0/m4/ab/B[4] is connected to registers with an asynchronous reset. This is preventing the possibility of merging these registers in to the DSP Block since the DSP block registers only possess synchronous reset capability.  It is suggested to recode or change these registers to remove the reset or use a synchronous reset to get the best optimization for performance, power and area.
Related violations: <none>

DPIR-1#143 Warning
Asynchronous driver check  
DSP k0/mm0/m4/ab input pin k0/mm0/m4/ab/B[5] is connected to registers with an asynchronous reset. This is preventing the possibility of merging these registers in to the DSP Block since the DSP block registers only possess synchronous reset capability.  It is suggested to recode or change these registers to remove the reset or use a synchronous reset to get the best optimization for performance, power and area.
Related violations: <none>

DPIR-1#144 Warning
Asynchronous driver check  
DSP k0/mm0/m4/ab input pin k0/mm0/m4/ab/B[6] is connected to registers with an asynchronous reset. This is preventing the possibility of merging these registers in to the DSP Block since the DSP block registers only possess synchronous reset capability.  It is suggested to recode or change these registers to remove the reset or use a synchronous reset to get the best optimization for performance, power and area.
Related violations: <none>

DPIR-1#145 Warning
Asynchronous driver check  
DSP k0/mm0/m4/ab input pin k0/mm0/m4/ab/B[7] is connected to registers with an asynchronous reset. This is preventing the possibility of merging these registers in to the DSP Block since the DSP block registers only possess synchronous reset capability.  It is suggested to recode or change these registers to remove the reset or use a synchronous reset to get the best optimization for performance, power and area.
Related violations: <none>

DPIR-1#146 Warning
Asynchronous driver check  
DSP k0/mm0/m4/ab input pin k0/mm0/m4/ab/B[8] is connected to registers with an asynchronous reset. This is preventing the possibility of merging these registers in to the DSP Block since the DSP block registers only possess synchronous reset capability.  It is suggested to recode or change these registers to remove the reset or use a synchronous reset to get the best optimization for performance, power and area.
Related violations: <none>

DPIR-1#147 Warning
Asynchronous driver check  
DSP k0/mm0/m4/ab__0 input pin k0/mm0/m4/ab__0/A[0] is connected to registers with an asynchronous reset. This is preventing the possibility of merging these registers in to the DSP Block since the DSP block registers only possess synchronous reset capability.  It is suggested to recode or change these registers to remove the reset or use a synchronous reset to get the best optimization for performance, power and area.
Related violations: <none>

DPIR-1#148 Warning
Asynchronous driver check  
DSP k0/mm0/m4/ab__0 input pin k0/mm0/m4/ab__0/A[10] is connected to registers with an asynchronous reset. This is preventing the possibility of merging these registers in to the DSP Block since the DSP block registers only possess synchronous reset capability.  It is suggested to recode or change these registers to remove the reset or use a synchronous reset to get the best optimization for performance, power and area.
Related violations: <none>

DPIR-1#149 Warning
Asynchronous driver check  
DSP k0/mm0/m4/ab__0 input pin k0/mm0/m4/ab__0/A[11] is connected to registers with an asynchronous reset. This is preventing the possibility of merging these registers in to the DSP Block since the DSP block registers only possess synchronous reset capability.  It is suggested to recode or change these registers to remove the reset or use a synchronous reset to get the best optimization for performance, power and area.
Related violations: <none>

DPIR-1#150 Warning
Asynchronous driver check  
DSP k0/mm0/m4/ab__0 input pin k0/mm0/m4/ab__0/A[12] is connected to registers with an asynchronous reset. This is preventing the possibility of merging these registers in to the DSP Block since the DSP block registers only possess synchronous reset capability.  It is suggested to recode or change these registers to remove the reset or use a synchronous reset to get the best optimization for performance, power and area.
Related violations: <none>

DPIR-1#151 Warning
Asynchronous driver check  
DSP k0/mm0/m4/ab__0 input pin k0/mm0/m4/ab__0/A[13] is connected to registers with an asynchronous reset. This is preventing the possibility of merging these registers in to the DSP Block since the DSP block registers only possess synchronous reset capability.  It is suggested to recode or change these registers to remove the reset or use a synchronous reset to get the best optimization for performance, power and area.
Related violations: <none>

DPIR-1#152 Warning
Asynchronous driver check  
DSP k0/mm0/m4/ab__0 input pin k0/mm0/m4/ab__0/A[14] is connected to registers with an asynchronous reset. This is preventing the possibility of merging these registers in to the DSP Block since the DSP block registers only possess synchronous reset capability.  It is suggested to recode or change these registers to remove the reset or use a synchronous reset to get the best optimization for performance, power and area.
Related violations: <none>

DPIR-1#153 Warning
Asynchronous driver check  
DSP k0/mm0/m4/ab__0 input pin k0/mm0/m4/ab__0/A[15] is connected to registers with an asynchronous reset. This is preventing the possibility of merging these registers in to the DSP Block since the DSP block registers only possess synchronous reset capability.  It is suggested to recode or change these registers to remove the reset or use a synchronous reset to get the best optimization for performance, power and area.
Related violations: <none>

DPIR-1#154 Warning
Asynchronous driver check  
DSP k0/mm0/m4/ab__0 input pin k0/mm0/m4/ab__0/A[16] is connected to registers with an asynchronous reset. This is preventing the possibility of merging these registers in to the DSP Block since the DSP block registers only possess synchronous reset capability.  It is suggested to recode or change these registers to remove the reset or use a synchronous reset to get the best optimization for performance, power and area.
Related violations: <none>

DPIR-1#155 Warning
Asynchronous driver check  
DSP k0/mm0/m4/ab__0 input pin k0/mm0/m4/ab__0/A[1] is connected to registers with an asynchronous reset. This is preventing the possibility of merging these registers in to the DSP Block since the DSP block registers only possess synchronous reset capability.  It is suggested to recode or change these registers to remove the reset or use a synchronous reset to get the best optimization for performance, power and area.
Related violations: <none>

DPIR-1#156 Warning
Asynchronous driver check  
DSP k0/mm0/m4/ab__0 input pin k0/mm0/m4/ab__0/A[2] is connected to registers with an asynchronous reset. This is preventing the possibility of merging these registers in to the DSP Block since the DSP block registers only possess synchronous reset capability.  It is suggested to recode or change these registers to remove the reset or use a synchronous reset to get the best optimization for performance, power and area.
Related violations: <none>

DPIR-1#157 Warning
Asynchronous driver check  
DSP k0/mm0/m4/ab__0 input pin k0/mm0/m4/ab__0/A[3] is connected to registers with an asynchronous reset. This is preventing the possibility of merging these registers in to the DSP Block since the DSP block registers only possess synchronous reset capability.  It is suggested to recode or change these registers to remove the reset or use a synchronous reset to get the best optimization for performance, power and area.
Related violations: <none>

DPIR-1#158 Warning
Asynchronous driver check  
DSP k0/mm0/m4/ab__0 input pin k0/mm0/m4/ab__0/A[4] is connected to registers with an asynchronous reset. This is preventing the possibility of merging these registers in to the DSP Block since the DSP block registers only possess synchronous reset capability.  It is suggested to recode or change these registers to remove the reset or use a synchronous reset to get the best optimization for performance, power and area.
Related violations: <none>

DPIR-1#159 Warning
Asynchronous driver check  
DSP k0/mm0/m4/ab__0 input pin k0/mm0/m4/ab__0/A[5] is connected to registers with an asynchronous reset. This is preventing the possibility of merging these registers in to the DSP Block since the DSP block registers only possess synchronous reset capability.  It is suggested to recode or change these registers to remove the reset or use a synchronous reset to get the best optimization for performance, power and area.
Related violations: <none>

DPIR-1#160 Warning
Asynchronous driver check  
DSP k0/mm0/m4/ab__0 input pin k0/mm0/m4/ab__0/A[6] is connected to registers with an asynchronous reset. This is preventing the possibility of merging these registers in to the DSP Block since the DSP block registers only possess synchronous reset capability.  It is suggested to recode or change these registers to remove the reset or use a synchronous reset to get the best optimization for performance, power and area.
Related violations: <none>

DPIR-1#161 Warning
Asynchronous driver check  
DSP k0/mm0/m4/ab__0 input pin k0/mm0/m4/ab__0/A[7] is connected to registers with an asynchronous reset. This is preventing the possibility of merging these registers in to the DSP Block since the DSP block registers only possess synchronous reset capability.  It is suggested to recode or change these registers to remove the reset or use a synchronous reset to get the best optimization for performance, power and area.
Related violations: <none>

DPIR-1#162 Warning
Asynchronous driver check  
DSP k0/mm0/m4/ab__0 input pin k0/mm0/m4/ab__0/A[8] is connected to registers with an asynchronous reset. This is preventing the possibility of merging these registers in to the DSP Block since the DSP block registers only possess synchronous reset capability.  It is suggested to recode or change these registers to remove the reset or use a synchronous reset to get the best optimization for performance, power and area.
Related violations: <none>

DPIR-1#163 Warning
Asynchronous driver check  
DSP k0/mm0/m4/ab__0 input pin k0/mm0/m4/ab__0/A[9] is connected to registers with an asynchronous reset. This is preventing the possibility of merging these registers in to the DSP Block since the DSP block registers only possess synchronous reset capability.  It is suggested to recode or change these registers to remove the reset or use a synchronous reset to get the best optimization for performance, power and area.
Related violations: <none>

DPIR-1#164 Warning
Asynchronous driver check  
DSP k0/mm0/m4/ab__0 input pin k0/mm0/m4/ab__0/B[0] is connected to registers with an asynchronous reset. This is preventing the possibility of merging these registers in to the DSP Block since the DSP block registers only possess synchronous reset capability.  It is suggested to recode or change these registers to remove the reset or use a synchronous reset to get the best optimization for performance, power and area.
Related violations: <none>

DPIR-1#165 Warning
Asynchronous driver check  
DSP k0/mm0/m4/ab__0 input pin k0/mm0/m4/ab__0/B[10] is connected to registers with an asynchronous reset. This is preventing the possibility of merging these registers in to the DSP Block since the DSP block registers only possess synchronous reset capability.  It is suggested to recode or change these registers to remove the reset or use a synchronous reset to get the best optimization for performance, power and area.
Related violations: <none>

DPIR-1#166 Warning
Asynchronous driver check  
DSP k0/mm0/m4/ab__0 input pin k0/mm0/m4/ab__0/B[11] is connected to registers with an asynchronous reset. This is preventing the possibility of merging these registers in to the DSP Block since the DSP block registers only possess synchronous reset capability.  It is suggested to recode or change these registers to remove the reset or use a synchronous reset to get the best optimization for performance, power and area.
Related violations: <none>

DPIR-1#167 Warning
Asynchronous driver check  
DSP k0/mm0/m4/ab__0 input pin k0/mm0/m4/ab__0/B[12] is connected to registers with an asynchronous reset. This is preventing the possibility of merging these registers in to the DSP Block since the DSP block registers only possess synchronous reset capability.  It is suggested to recode or change these registers to remove the reset or use a synchronous reset to get the best optimization for performance, power and area.
Related violations: <none>

DPIR-1#168 Warning
Asynchronous driver check  
DSP k0/mm0/m4/ab__0 input pin k0/mm0/m4/ab__0/B[13] is connected to registers with an asynchronous reset. This is preventing the possibility of merging these registers in to the DSP Block since the DSP block registers only possess synchronous reset capability.  It is suggested to recode or change these registers to remove the reset or use a synchronous reset to get the best optimization for performance, power and area.
Related violations: <none>

DPIR-1#169 Warning
Asynchronous driver check  
DSP k0/mm0/m4/ab__0 input pin k0/mm0/m4/ab__0/B[14] is connected to registers with an asynchronous reset. This is preventing the possibility of merging these registers in to the DSP Block since the DSP block registers only possess synchronous reset capability.  It is suggested to recode or change these registers to remove the reset or use a synchronous reset to get the best optimization for performance, power and area.
Related violations: <none>

DPIR-1#170 Warning
Asynchronous driver check  
DSP k0/mm0/m4/ab__0 input pin k0/mm0/m4/ab__0/B[15] is connected to registers with an asynchronous reset. This is preventing the possibility of merging these registers in to the DSP Block since the DSP block registers only possess synchronous reset capability.  It is suggested to recode or change these registers to remove the reset or use a synchronous reset to get the best optimization for performance, power and area.
Related violations: <none>

DPIR-1#171 Warning
Asynchronous driver check  
DSP k0/mm0/m4/ab__0 input pin k0/mm0/m4/ab__0/B[16] is connected to registers with an asynchronous reset. This is preventing the possibility of merging these registers in to the DSP Block since the DSP block registers only possess synchronous reset capability.  It is suggested to recode or change these registers to remove the reset or use a synchronous reset to get the best optimization for performance, power and area.
Related violations: <none>

DPIR-1#172 Warning
Asynchronous driver check  
DSP k0/mm0/m4/ab__0 input pin k0/mm0/m4/ab__0/B[1] is connected to registers with an asynchronous reset. This is preventing the possibility of merging these registers in to the DSP Block since the DSP block registers only possess synchronous reset capability.  It is suggested to recode or change these registers to remove the reset or use a synchronous reset to get the best optimization for performance, power and area.
Related violations: <none>

DPIR-1#173 Warning
Asynchronous driver check  
DSP k0/mm0/m4/ab__0 input pin k0/mm0/m4/ab__0/B[2] is connected to registers with an asynchronous reset. This is preventing the possibility of merging these registers in to the DSP Block since the DSP block registers only possess synchronous reset capability.  It is suggested to recode or change these registers to remove the reset or use a synchronous reset to get the best optimization for performance, power and area.
Related violations: <none>

DPIR-1#174 Warning
Asynchronous driver check  
DSP k0/mm0/m4/ab__0 input pin k0/mm0/m4/ab__0/B[3] is connected to registers with an asynchronous reset. This is preventing the possibility of merging these registers in to the DSP Block since the DSP block registers only possess synchronous reset capability.  It is suggested to recode or change these registers to remove the reset or use a synchronous reset to get the best optimization for performance, power and area.
Related violations: <none>

DPIR-1#175 Warning
Asynchronous driver check  
DSP k0/mm0/m4/ab__0 input pin k0/mm0/m4/ab__0/B[4] is connected to registers with an asynchronous reset. This is preventing the possibility of merging these registers in to the DSP Block since the DSP block registers only possess synchronous reset capability.  It is suggested to recode or change these registers to remove the reset or use a synchronous reset to get the best optimization for performance, power and area.
Related violations: <none>

DPIR-1#176 Warning
Asynchronous driver check  
DSP k0/mm0/m4/ab__0 input pin k0/mm0/m4/ab__0/B[5] is connected to registers with an asynchronous reset. This is preventing the possibility of merging these registers in to the DSP Block since the DSP block registers only possess synchronous reset capability.  It is suggested to recode or change these registers to remove the reset or use a synchronous reset to get the best optimization for performance, power and area.
Related violations: <none>

DPIR-1#177 Warning
Asynchronous driver check  
DSP k0/mm0/m4/ab__0 input pin k0/mm0/m4/ab__0/B[6] is connected to registers with an asynchronous reset. This is preventing the possibility of merging these registers in to the DSP Block since the DSP block registers only possess synchronous reset capability.  It is suggested to recode or change these registers to remove the reset or use a synchronous reset to get the best optimization for performance, power and area.
Related violations: <none>

DPIR-1#178 Warning
Asynchronous driver check  
DSP k0/mm0/m4/ab__0 input pin k0/mm0/m4/ab__0/B[7] is connected to registers with an asynchronous reset. This is preventing the possibility of merging these registers in to the DSP Block since the DSP block registers only possess synchronous reset capability.  It is suggested to recode or change these registers to remove the reset or use a synchronous reset to get the best optimization for performance, power and area.
Related violations: <none>

DPIR-1#179 Warning
Asynchronous driver check  
DSP k0/mm0/m4/ab__0 input pin k0/mm0/m4/ab__0/B[8] is connected to registers with an asynchronous reset. This is preventing the possibility of merging these registers in to the DSP Block since the DSP block registers only possess synchronous reset capability.  It is suggested to recode or change these registers to remove the reset or use a synchronous reset to get the best optimization for performance, power and area.
Related violations: <none>

DPIR-1#180 Warning
Asynchronous driver check  
DSP k0/mm0/m4/ab__0 input pin k0/mm0/m4/ab__0/B[9] is connected to registers with an asynchronous reset. This is preventing the possibility of merging these registers in to the DSP Block since the DSP block registers only possess synchronous reset capability.  It is suggested to recode or change these registers to remove the reset or use a synchronous reset to get the best optimization for performance, power and area.
Related violations: <none>

DPIR-1#181 Warning
Asynchronous driver check  
DSP k0/mm0/m5/ab input pin k0/mm0/m5/ab/A[0] is connected to registers with an asynchronous reset. This is preventing the possibility of merging these registers in to the DSP Block since the DSP block registers only possess synchronous reset capability.  It is suggested to recode or change these registers to remove the reset or use a synchronous reset to get the best optimization for performance, power and area.
Related violations: <none>

DPIR-1#182 Warning
Asynchronous driver check  
DSP k0/mm0/m5/ab input pin k0/mm0/m5/ab/A[10] is connected to registers with an asynchronous reset. This is preventing the possibility of merging these registers in to the DSP Block since the DSP block registers only possess synchronous reset capability.  It is suggested to recode or change these registers to remove the reset or use a synchronous reset to get the best optimization for performance, power and area.
Related violations: <none>

DPIR-1#183 Warning
Asynchronous driver check  
DSP k0/mm0/m5/ab input pin k0/mm0/m5/ab/A[11] is connected to registers with an asynchronous reset. This is preventing the possibility of merging these registers in to the DSP Block since the DSP block registers only possess synchronous reset capability.  It is suggested to recode or change these registers to remove the reset or use a synchronous reset to get the best optimization for performance, power and area.
Related violations: <none>

DPIR-1#184 Warning
Asynchronous driver check  
DSP k0/mm0/m5/ab input pin k0/mm0/m5/ab/A[12] is connected to registers with an asynchronous reset. This is preventing the possibility of merging these registers in to the DSP Block since the DSP block registers only possess synchronous reset capability.  It is suggested to recode or change these registers to remove the reset or use a synchronous reset to get the best optimization for performance, power and area.
Related violations: <none>

DPIR-1#185 Warning
Asynchronous driver check  
DSP k0/mm0/m5/ab input pin k0/mm0/m5/ab/A[13] is connected to registers with an asynchronous reset. This is preventing the possibility of merging these registers in to the DSP Block since the DSP block registers only possess synchronous reset capability.  It is suggested to recode or change these registers to remove the reset or use a synchronous reset to get the best optimization for performance, power and area.
Related violations: <none>

DPIR-1#186 Warning
Asynchronous driver check  
DSP k0/mm0/m5/ab input pin k0/mm0/m5/ab/A[14] is connected to registers with an asynchronous reset. This is preventing the possibility of merging these registers in to the DSP Block since the DSP block registers only possess synchronous reset capability.  It is suggested to recode or change these registers to remove the reset or use a synchronous reset to get the best optimization for performance, power and area.
Related violations: <none>

DPIR-1#187 Warning
Asynchronous driver check  
DSP k0/mm0/m5/ab input pin k0/mm0/m5/ab/A[15] is connected to registers with an asynchronous reset. This is preventing the possibility of merging these registers in to the DSP Block since the DSP block registers only possess synchronous reset capability.  It is suggested to recode or change these registers to remove the reset or use a synchronous reset to get the best optimization for performance, power and area.
Related violations: <none>

DPIR-1#188 Warning
Asynchronous driver check  
DSP k0/mm0/m5/ab input pin k0/mm0/m5/ab/A[16] is connected to registers with an asynchronous reset. This is preventing the possibility of merging these registers in to the DSP Block since the DSP block registers only possess synchronous reset capability.  It is suggested to recode or change these registers to remove the reset or use a synchronous reset to get the best optimization for performance, power and area.
Related violations: <none>

DPIR-1#189 Warning
Asynchronous driver check  
DSP k0/mm0/m5/ab input pin k0/mm0/m5/ab/A[1] is connected to registers with an asynchronous reset. This is preventing the possibility of merging these registers in to the DSP Block since the DSP block registers only possess synchronous reset capability.  It is suggested to recode or change these registers to remove the reset or use a synchronous reset to get the best optimization for performance, power and area.
Related violations: <none>

DPIR-1#190 Warning
Asynchronous driver check  
DSP k0/mm0/m5/ab input pin k0/mm0/m5/ab/A[2] is connected to registers with an asynchronous reset. This is preventing the possibility of merging these registers in to the DSP Block since the DSP block registers only possess synchronous reset capability.  It is suggested to recode or change these registers to remove the reset or use a synchronous reset to get the best optimization for performance, power and area.
Related violations: <none>

DPIR-1#191 Warning
Asynchronous driver check  
DSP k0/mm0/m5/ab input pin k0/mm0/m5/ab/A[3] is connected to registers with an asynchronous reset. This is preventing the possibility of merging these registers in to the DSP Block since the DSP block registers only possess synchronous reset capability.  It is suggested to recode or change these registers to remove the reset or use a synchronous reset to get the best optimization for performance, power and area.
Related violations: <none>

DPIR-1#192 Warning
Asynchronous driver check  
DSP k0/mm0/m5/ab input pin k0/mm0/m5/ab/A[4] is connected to registers with an asynchronous reset. This is preventing the possibility of merging these registers in to the DSP Block since the DSP block registers only possess synchronous reset capability.  It is suggested to recode or change these registers to remove the reset or use a synchronous reset to get the best optimization for performance, power and area.
Related violations: <none>

DPIR-1#193 Warning
Asynchronous driver check  
DSP k0/mm0/m5/ab input pin k0/mm0/m5/ab/A[5] is connected to registers with an asynchronous reset. This is preventing the possibility of merging these registers in to the DSP Block since the DSP block registers only possess synchronous reset capability.  It is suggested to recode or change these registers to remove the reset or use a synchronous reset to get the best optimization for performance, power and area.
Related violations: <none>

DPIR-1#194 Warning
Asynchronous driver check  
DSP k0/mm0/m5/ab input pin k0/mm0/m5/ab/A[6] is connected to registers with an asynchronous reset. This is preventing the possibility of merging these registers in to the DSP Block since the DSP block registers only possess synchronous reset capability.  It is suggested to recode or change these registers to remove the reset or use a synchronous reset to get the best optimization for performance, power and area.
Related violations: <none>

DPIR-1#195 Warning
Asynchronous driver check  
DSP k0/mm0/m5/ab input pin k0/mm0/m5/ab/A[7] is connected to registers with an asynchronous reset. This is preventing the possibility of merging these registers in to the DSP Block since the DSP block registers only possess synchronous reset capability.  It is suggested to recode or change these registers to remove the reset or use a synchronous reset to get the best optimization for performance, power and area.
Related violations: <none>

DPIR-1#196 Warning
Asynchronous driver check  
DSP k0/mm0/m5/ab input pin k0/mm0/m5/ab/A[8] is connected to registers with an asynchronous reset. This is preventing the possibility of merging these registers in to the DSP Block since the DSP block registers only possess synchronous reset capability.  It is suggested to recode or change these registers to remove the reset or use a synchronous reset to get the best optimization for performance, power and area.
Related violations: <none>

DPIR-1#197 Warning
Asynchronous driver check  
DSP k0/mm0/m5/ab input pin k0/mm0/m5/ab/A[9] is connected to registers with an asynchronous reset. This is preventing the possibility of merging these registers in to the DSP Block since the DSP block registers only possess synchronous reset capability.  It is suggested to recode or change these registers to remove the reset or use a synchronous reset to get the best optimization for performance, power and area.
Related violations: <none>

DPIR-1#198 Warning
Asynchronous driver check  
DSP k0/mm0/m5/ab input pin k0/mm0/m5/ab/B[0] is connected to registers with an asynchronous reset. This is preventing the possibility of merging these registers in to the DSP Block since the DSP block registers only possess synchronous reset capability.  It is suggested to recode or change these registers to remove the reset or use a synchronous reset to get the best optimization for performance, power and area.
Related violations: <none>

DPIR-1#199 Warning
Asynchronous driver check  
DSP k0/mm0/m5/ab input pin k0/mm0/m5/ab/B[1] is connected to registers with an asynchronous reset. This is preventing the possibility of merging these registers in to the DSP Block since the DSP block registers only possess synchronous reset capability.  It is suggested to recode or change these registers to remove the reset or use a synchronous reset to get the best optimization for performance, power and area.
Related violations: <none>

DPIR-1#200 Warning
Asynchronous driver check  
DSP k0/mm0/m5/ab input pin k0/mm0/m5/ab/B[2] is connected to registers with an asynchronous reset. This is preventing the possibility of merging these registers in to the DSP Block since the DSP block registers only possess synchronous reset capability.  It is suggested to recode or change these registers to remove the reset or use a synchronous reset to get the best optimization for performance, power and area.
Related violations: <none>

DPIR-1#201 Warning
Asynchronous driver check  
DSP k0/mm0/m5/ab input pin k0/mm0/m5/ab/B[3] is connected to registers with an asynchronous reset. This is preventing the possibility of merging these registers in to the DSP Block since the DSP block registers only possess synchronous reset capability.  It is suggested to recode or change these registers to remove the reset or use a synchronous reset to get the best optimization for performance, power and area.
Related violations: <none>

DPIR-1#202 Warning
Asynchronous driver check  
DSP k0/mm0/m5/ab input pin k0/mm0/m5/ab/B[4] is connected to registers with an asynchronous reset. This is preventing the possibility of merging these registers in to the DSP Block since the DSP block registers only possess synchronous reset capability.  It is suggested to recode or change these registers to remove the reset or use a synchronous reset to get the best optimization for performance, power and area.
Related violations: <none>

DPIR-1#203 Warning
Asynchronous driver check  
DSP k0/mm0/m5/ab input pin k0/mm0/m5/ab/B[5] is connected to registers with an asynchronous reset. This is preventing the possibility of merging these registers in to the DSP Block since the DSP block registers only possess synchronous reset capability.  It is suggested to recode or change these registers to remove the reset or use a synchronous reset to get the best optimization for performance, power and area.
Related violations: <none>

DPIR-1#204 Warning
Asynchronous driver check  
DSP k0/mm0/m5/ab input pin k0/mm0/m5/ab/B[6] is connected to registers with an asynchronous reset. This is preventing the possibility of merging these registers in to the DSP Block since the DSP block registers only possess synchronous reset capability.  It is suggested to recode or change these registers to remove the reset or use a synchronous reset to get the best optimization for performance, power and area.
Related violations: <none>

DPIR-1#205 Warning
Asynchronous driver check  
DSP k0/mm0/m5/ab input pin k0/mm0/m5/ab/B[7] is connected to registers with an asynchronous reset. This is preventing the possibility of merging these registers in to the DSP Block since the DSP block registers only possess synchronous reset capability.  It is suggested to recode or change these registers to remove the reset or use a synchronous reset to get the best optimization for performance, power and area.
Related violations: <none>

DPIR-1#206 Warning
Asynchronous driver check  
DSP k0/mm0/m5/ab input pin k0/mm0/m5/ab/B[8] is connected to registers with an asynchronous reset. This is preventing the possibility of merging these registers in to the DSP Block since the DSP block registers only possess synchronous reset capability.  It is suggested to recode or change these registers to remove the reset or use a synchronous reset to get the best optimization for performance, power and area.
Related violations: <none>

DPIR-1#207 Warning
Asynchronous driver check  
DSP k0/mm0/m5/ab__0 input pin k0/mm0/m5/ab__0/A[0] is connected to registers with an asynchronous reset. This is preventing the possibility of merging these registers in to the DSP Block since the DSP block registers only possess synchronous reset capability.  It is suggested to recode or change these registers to remove the reset or use a synchronous reset to get the best optimization for performance, power and area.
Related violations: <none>

DPIR-1#208 Warning
Asynchronous driver check  
DSP k0/mm0/m5/ab__0 input pin k0/mm0/m5/ab__0/A[10] is connected to registers with an asynchronous reset. This is preventing the possibility of merging these registers in to the DSP Block since the DSP block registers only possess synchronous reset capability.  It is suggested to recode or change these registers to remove the reset or use a synchronous reset to get the best optimization for performance, power and area.
Related violations: <none>

DPIR-1#209 Warning
Asynchronous driver check  
DSP k0/mm0/m5/ab__0 input pin k0/mm0/m5/ab__0/A[11] is connected to registers with an asynchronous reset. This is preventing the possibility of merging these registers in to the DSP Block since the DSP block registers only possess synchronous reset capability.  It is suggested to recode or change these registers to remove the reset or use a synchronous reset to get the best optimization for performance, power and area.
Related violations: <none>

DPIR-1#210 Warning
Asynchronous driver check  
DSP k0/mm0/m5/ab__0 input pin k0/mm0/m5/ab__0/A[12] is connected to registers with an asynchronous reset. This is preventing the possibility of merging these registers in to the DSP Block since the DSP block registers only possess synchronous reset capability.  It is suggested to recode or change these registers to remove the reset or use a synchronous reset to get the best optimization for performance, power and area.
Related violations: <none>

DPIR-1#211 Warning
Asynchronous driver check  
DSP k0/mm0/m5/ab__0 input pin k0/mm0/m5/ab__0/A[13] is connected to registers with an asynchronous reset. This is preventing the possibility of merging these registers in to the DSP Block since the DSP block registers only possess synchronous reset capability.  It is suggested to recode or change these registers to remove the reset or use a synchronous reset to get the best optimization for performance, power and area.
Related violations: <none>

DPIR-1#212 Warning
Asynchronous driver check  
DSP k0/mm0/m5/ab__0 input pin k0/mm0/m5/ab__0/A[14] is connected to registers with an asynchronous reset. This is preventing the possibility of merging these registers in to the DSP Block since the DSP block registers only possess synchronous reset capability.  It is suggested to recode or change these registers to remove the reset or use a synchronous reset to get the best optimization for performance, power and area.
Related violations: <none>

DPIR-1#213 Warning
Asynchronous driver check  
DSP k0/mm0/m5/ab__0 input pin k0/mm0/m5/ab__0/A[15] is connected to registers with an asynchronous reset. This is preventing the possibility of merging these registers in to the DSP Block since the DSP block registers only possess synchronous reset capability.  It is suggested to recode or change these registers to remove the reset or use a synchronous reset to get the best optimization for performance, power and area.
Related violations: <none>

DPIR-1#214 Warning
Asynchronous driver check  
DSP k0/mm0/m5/ab__0 input pin k0/mm0/m5/ab__0/A[16] is connected to registers with an asynchronous reset. This is preventing the possibility of merging these registers in to the DSP Block since the DSP block registers only possess synchronous reset capability.  It is suggested to recode or change these registers to remove the reset or use a synchronous reset to get the best optimization for performance, power and area.
Related violations: <none>

DPIR-1#215 Warning
Asynchronous driver check  
DSP k0/mm0/m5/ab__0 input pin k0/mm0/m5/ab__0/A[1] is connected to registers with an asynchronous reset. This is preventing the possibility of merging these registers in to the DSP Block since the DSP block registers only possess synchronous reset capability.  It is suggested to recode or change these registers to remove the reset or use a synchronous reset to get the best optimization for performance, power and area.
Related violations: <none>

DPIR-1#216 Warning
Asynchronous driver check  
DSP k0/mm0/m5/ab__0 input pin k0/mm0/m5/ab__0/A[2] is connected to registers with an asynchronous reset. This is preventing the possibility of merging these registers in to the DSP Block since the DSP block registers only possess synchronous reset capability.  It is suggested to recode or change these registers to remove the reset or use a synchronous reset to get the best optimization for performance, power and area.
Related violations: <none>

DPIR-1#217 Warning
Asynchronous driver check  
DSP k0/mm0/m5/ab__0 input pin k0/mm0/m5/ab__0/A[3] is connected to registers with an asynchronous reset. This is preventing the possibility of merging these registers in to the DSP Block since the DSP block registers only possess synchronous reset capability.  It is suggested to recode or change these registers to remove the reset or use a synchronous reset to get the best optimization for performance, power and area.
Related violations: <none>

DPIR-1#218 Warning
Asynchronous driver check  
DSP k0/mm0/m5/ab__0 input pin k0/mm0/m5/ab__0/A[4] is connected to registers with an asynchronous reset. This is preventing the possibility of merging these registers in to the DSP Block since the DSP block registers only possess synchronous reset capability.  It is suggested to recode or change these registers to remove the reset or use a synchronous reset to get the best optimization for performance, power and area.
Related violations: <none>

DPIR-1#219 Warning
Asynchronous driver check  
DSP k0/mm0/m5/ab__0 input pin k0/mm0/m5/ab__0/A[5] is connected to registers with an asynchronous reset. This is preventing the possibility of merging these registers in to the DSP Block since the DSP block registers only possess synchronous reset capability.  It is suggested to recode or change these registers to remove the reset or use a synchronous reset to get the best optimization for performance, power and area.
Related violations: <none>

DPIR-1#220 Warning
Asynchronous driver check  
DSP k0/mm0/m5/ab__0 input pin k0/mm0/m5/ab__0/A[6] is connected to registers with an asynchronous reset. This is preventing the possibility of merging these registers in to the DSP Block since the DSP block registers only possess synchronous reset capability.  It is suggested to recode or change these registers to remove the reset or use a synchronous reset to get the best optimization for performance, power and area.
Related violations: <none>

DPIR-1#221 Warning
Asynchronous driver check  
DSP k0/mm0/m5/ab__0 input pin k0/mm0/m5/ab__0/A[7] is connected to registers with an asynchronous reset. This is preventing the possibility of merging these registers in to the DSP Block since the DSP block registers only possess synchronous reset capability.  It is suggested to recode or change these registers to remove the reset or use a synchronous reset to get the best optimization for performance, power and area.
Related violations: <none>

DPIR-1#222 Warning
Asynchronous driver check  
DSP k0/mm0/m5/ab__0 input pin k0/mm0/m5/ab__0/A[8] is connected to registers with an asynchronous reset. This is preventing the possibility of merging these registers in to the DSP Block since the DSP block registers only possess synchronous reset capability.  It is suggested to recode or change these registers to remove the reset or use a synchronous reset to get the best optimization for performance, power and area.
Related violations: <none>

DPIR-1#223 Warning
Asynchronous driver check  
DSP k0/mm0/m5/ab__0 input pin k0/mm0/m5/ab__0/A[9] is connected to registers with an asynchronous reset. This is preventing the possibility of merging these registers in to the DSP Block since the DSP block registers only possess synchronous reset capability.  It is suggested to recode or change these registers to remove the reset or use a synchronous reset to get the best optimization for performance, power and area.
Related violations: <none>

DPIR-1#224 Warning
Asynchronous driver check  
DSP k0/mm0/m5/ab__0 input pin k0/mm0/m5/ab__0/B[0] is connected to registers with an asynchronous reset. This is preventing the possibility of merging these registers in to the DSP Block since the DSP block registers only possess synchronous reset capability.  It is suggested to recode or change these registers to remove the reset or use a synchronous reset to get the best optimization for performance, power and area.
Related violations: <none>

DPIR-1#225 Warning
Asynchronous driver check  
DSP k0/mm0/m5/ab__0 input pin k0/mm0/m5/ab__0/B[10] is connected to registers with an asynchronous reset. This is preventing the possibility of merging these registers in to the DSP Block since the DSP block registers only possess synchronous reset capability.  It is suggested to recode or change these registers to remove the reset or use a synchronous reset to get the best optimization for performance, power and area.
Related violations: <none>

DPIR-1#226 Warning
Asynchronous driver check  
DSP k0/mm0/m5/ab__0 input pin k0/mm0/m5/ab__0/B[11] is connected to registers with an asynchronous reset. This is preventing the possibility of merging these registers in to the DSP Block since the DSP block registers only possess synchronous reset capability.  It is suggested to recode or change these registers to remove the reset or use a synchronous reset to get the best optimization for performance, power and area.
Related violations: <none>

DPIR-1#227 Warning
Asynchronous driver check  
DSP k0/mm0/m5/ab__0 input pin k0/mm0/m5/ab__0/B[12] is connected to registers with an asynchronous reset. This is preventing the possibility of merging these registers in to the DSP Block since the DSP block registers only possess synchronous reset capability.  It is suggested to recode or change these registers to remove the reset or use a synchronous reset to get the best optimization for performance, power and area.
Related violations: <none>

DPIR-1#228 Warning
Asynchronous driver check  
DSP k0/mm0/m5/ab__0 input pin k0/mm0/m5/ab__0/B[13] is connected to registers with an asynchronous reset. This is preventing the possibility of merging these registers in to the DSP Block since the DSP block registers only possess synchronous reset capability.  It is suggested to recode or change these registers to remove the reset or use a synchronous reset to get the best optimization for performance, power and area.
Related violations: <none>

DPIR-1#229 Warning
Asynchronous driver check  
DSP k0/mm0/m5/ab__0 input pin k0/mm0/m5/ab__0/B[14] is connected to registers with an asynchronous reset. This is preventing the possibility of merging these registers in to the DSP Block since the DSP block registers only possess synchronous reset capability.  It is suggested to recode or change these registers to remove the reset or use a synchronous reset to get the best optimization for performance, power and area.
Related violations: <none>

DPIR-1#230 Warning
Asynchronous driver check  
DSP k0/mm0/m5/ab__0 input pin k0/mm0/m5/ab__0/B[15] is connected to registers with an asynchronous reset. This is preventing the possibility of merging these registers in to the DSP Block since the DSP block registers only possess synchronous reset capability.  It is suggested to recode or change these registers to remove the reset or use a synchronous reset to get the best optimization for performance, power and area.
Related violations: <none>

DPIR-1#231 Warning
Asynchronous driver check  
DSP k0/mm0/m5/ab__0 input pin k0/mm0/m5/ab__0/B[16] is connected to registers with an asynchronous reset. This is preventing the possibility of merging these registers in to the DSP Block since the DSP block registers only possess synchronous reset capability.  It is suggested to recode or change these registers to remove the reset or use a synchronous reset to get the best optimization for performance, power and area.
Related violations: <none>

DPIR-1#232 Warning
Asynchronous driver check  
DSP k0/mm0/m5/ab__0 input pin k0/mm0/m5/ab__0/B[1] is connected to registers with an asynchronous reset. This is preventing the possibility of merging these registers in to the DSP Block since the DSP block registers only possess synchronous reset capability.  It is suggested to recode or change these registers to remove the reset or use a synchronous reset to get the best optimization for performance, power and area.
Related violations: <none>

DPIR-1#233 Warning
Asynchronous driver check  
DSP k0/mm0/m5/ab__0 input pin k0/mm0/m5/ab__0/B[2] is connected to registers with an asynchronous reset. This is preventing the possibility of merging these registers in to the DSP Block since the DSP block registers only possess synchronous reset capability.  It is suggested to recode or change these registers to remove the reset or use a synchronous reset to get the best optimization for performance, power and area.
Related violations: <none>

DPIR-1#234 Warning
Asynchronous driver check  
DSP k0/mm0/m5/ab__0 input pin k0/mm0/m5/ab__0/B[3] is connected to registers with an asynchronous reset. This is preventing the possibility of merging these registers in to the DSP Block since the DSP block registers only possess synchronous reset capability.  It is suggested to recode or change these registers to remove the reset or use a synchronous reset to get the best optimization for performance, power and area.
Related violations: <none>

DPIR-1#235 Warning
Asynchronous driver check  
DSP k0/mm0/m5/ab__0 input pin k0/mm0/m5/ab__0/B[4] is connected to registers with an asynchronous reset. This is preventing the possibility of merging these registers in to the DSP Block since the DSP block registers only possess synchronous reset capability.  It is suggested to recode or change these registers to remove the reset or use a synchronous reset to get the best optimization for performance, power and area.
Related violations: <none>

DPIR-1#236 Warning
Asynchronous driver check  
DSP k0/mm0/m5/ab__0 input pin k0/mm0/m5/ab__0/B[5] is connected to registers with an asynchronous reset. This is preventing the possibility of merging these registers in to the DSP Block since the DSP block registers only possess synchronous reset capability.  It is suggested to recode or change these registers to remove the reset or use a synchronous reset to get the best optimization for performance, power and area.
Related violations: <none>

DPIR-1#237 Warning
Asynchronous driver check  
DSP k0/mm0/m5/ab__0 input pin k0/mm0/m5/ab__0/B[6] is connected to registers with an asynchronous reset. This is preventing the possibility of merging these registers in to the DSP Block since the DSP block registers only possess synchronous reset capability.  It is suggested to recode or change these registers to remove the reset or use a synchronous reset to get the best optimization for performance, power and area.
Related violations: <none>

DPIR-1#238 Warning
Asynchronous driver check  
DSP k0/mm0/m5/ab__0 input pin k0/mm0/m5/ab__0/B[7] is connected to registers with an asynchronous reset. This is preventing the possibility of merging these registers in to the DSP Block since the DSP block registers only possess synchronous reset capability.  It is suggested to recode or change these registers to remove the reset or use a synchronous reset to get the best optimization for performance, power and area.
Related violations: <none>

DPIR-1#239 Warning
Asynchronous driver check  
DSP k0/mm0/m5/ab__0 input pin k0/mm0/m5/ab__0/B[8] is connected to registers with an asynchronous reset. This is preventing the possibility of merging these registers in to the DSP Block since the DSP block registers only possess synchronous reset capability.  It is suggested to recode or change these registers to remove the reset or use a synchronous reset to get the best optimization for performance, power and area.
Related violations: <none>

DPIR-1#240 Warning
Asynchronous driver check  
DSP k0/mm0/m5/ab__0 input pin k0/mm0/m5/ab__0/B[9] is connected to registers with an asynchronous reset. This is preventing the possibility of merging these registers in to the DSP Block since the DSP block registers only possess synchronous reset capability.  It is suggested to recode or change these registers to remove the reset or use a synchronous reset to get the best optimization for performance, power and area.
Related violations: <none>

LUTAR-1#1 Warning
LUT drives async reset alert  
LUT cell k0/x_prev_reg[0]_LDC_i_1, with 2 or more inputs, drives asynchronous preset/clear pin(s) k0/x_prev_reg[0]_P/PRE. The LUT may glitch and trigger an unexpected reset, even if it is a properly timed path.
Related violations: <none>

LUTAR-1#2 Warning
LUT drives async reset alert  
LUT cell k0/x_prev_reg[0]_LDC_i_2, with 2 or more inputs, drives asynchronous preset/clear pin(s) k0/x_prev_reg[0]_C/CLR, k0/x_prev_reg[0]_LDC/CLR. The LUT may glitch and trigger an unexpected reset, even if it is a properly timed path.
Related violations: <none>

LUTAR-1#3 Warning
LUT drives async reset alert  
LUT cell k0/x_prev_reg[10]_LDC_i_1, with 2 or more inputs, drives asynchronous preset/clear pin(s) k0/x_prev_reg[10]_P/PRE. The LUT may glitch and trigger an unexpected reset, even if it is a properly timed path.
Related violations: <none>

LUTAR-1#4 Warning
LUT drives async reset alert  
LUT cell k0/x_prev_reg[10]_LDC_i_2, with 2 or more inputs, drives asynchronous preset/clear pin(s) k0/x_prev_reg[10]_C/CLR, k0/x_prev_reg[10]_LDC/CLR. The LUT may glitch and trigger an unexpected reset, even if it is a properly timed path.
Related violations: <none>

LUTAR-1#5 Warning
LUT drives async reset alert  
LUT cell k0/x_prev_reg[11]_LDC_i_1, with 2 or more inputs, drives asynchronous preset/clear pin(s) k0/x_prev_reg[11]_P/PRE. The LUT may glitch and trigger an unexpected reset, even if it is a properly timed path.
Related violations: <none>

LUTAR-1#6 Warning
LUT drives async reset alert  
LUT cell k0/x_prev_reg[11]_LDC_i_2, with 2 or more inputs, drives asynchronous preset/clear pin(s) k0/x_prev_reg[11]_C/CLR, k0/x_prev_reg[11]_LDC/CLR. The LUT may glitch and trigger an unexpected reset, even if it is a properly timed path.
Related violations: <none>

LUTAR-1#7 Warning
LUT drives async reset alert  
LUT cell k0/x_prev_reg[12]_LDC_i_1, with 2 or more inputs, drives asynchronous preset/clear pin(s) k0/x_prev_reg[12]_P/PRE. The LUT may glitch and trigger an unexpected reset, even if it is a properly timed path.
Related violations: <none>

LUTAR-1#8 Warning
LUT drives async reset alert  
LUT cell k0/x_prev_reg[12]_LDC_i_2, with 2 or more inputs, drives asynchronous preset/clear pin(s) k0/x_prev_reg[12]_C/CLR, k0/x_prev_reg[12]_LDC/CLR. The LUT may glitch and trigger an unexpected reset, even if it is a properly timed path.
Related violations: <none>

LUTAR-1#9 Warning
LUT drives async reset alert  
LUT cell k0/x_prev_reg[13]_LDC_i_1, with 2 or more inputs, drives asynchronous preset/clear pin(s) k0/x_prev_reg[13]_P/PRE. The LUT may glitch and trigger an unexpected reset, even if it is a properly timed path.
Related violations: <none>

LUTAR-1#10 Warning
LUT drives async reset alert  
LUT cell k0/x_prev_reg[13]_LDC_i_2, with 2 or more inputs, drives asynchronous preset/clear pin(s) k0/x_prev_reg[13]_C/CLR, k0/x_prev_reg[13]_LDC/CLR. The LUT may glitch and trigger an unexpected reset, even if it is a properly timed path.
Related violations: <none>

LUTAR-1#11 Warning
LUT drives async reset alert  
LUT cell k0/x_prev_reg[14]_LDC_i_1, with 2 or more inputs, drives asynchronous preset/clear pin(s) k0/x_prev_reg[14]_P/PRE. The LUT may glitch and trigger an unexpected reset, even if it is a properly timed path.
Related violations: <none>

LUTAR-1#12 Warning
LUT drives async reset alert  
LUT cell k0/x_prev_reg[14]_LDC_i_2, with 2 or more inputs, drives asynchronous preset/clear pin(s) k0/x_prev_reg[14]_C/CLR, k0/x_prev_reg[14]_LDC/CLR. The LUT may glitch and trigger an unexpected reset, even if it is a properly timed path.
Related violations: <none>

LUTAR-1#13 Warning
LUT drives async reset alert  
LUT cell k0/x_prev_reg[15]_LDC_i_1, with 2 or more inputs, drives asynchronous preset/clear pin(s) k0/x_prev_reg[15]_P/PRE. The LUT may glitch and trigger an unexpected reset, even if it is a properly timed path.
Related violations: <none>

LUTAR-1#14 Warning
LUT drives async reset alert  
LUT cell k0/x_prev_reg[15]_LDC_i_2, with 2 or more inputs, drives asynchronous preset/clear pin(s) k0/x_prev_reg[15]_C/CLR, k0/x_prev_reg[15]_LDC/CLR. The LUT may glitch and trigger an unexpected reset, even if it is a properly timed path.
Related violations: <none>

LUTAR-1#15 Warning
LUT drives async reset alert  
LUT cell k0/x_prev_reg[16]_LDC_i_1, with 2 or more inputs, drives asynchronous preset/clear pin(s) k0/x_prev_reg[16]_P/PRE. The LUT may glitch and trigger an unexpected reset, even if it is a properly timed path.
Related violations: <none>

LUTAR-1#16 Warning
LUT drives async reset alert  
LUT cell k0/x_prev_reg[16]_LDC_i_2, with 2 or more inputs, drives asynchronous preset/clear pin(s) k0/x_prev_reg[16]_C/CLR, k0/x_prev_reg[16]_LDC/CLR. The LUT may glitch and trigger an unexpected reset, even if it is a properly timed path.
Related violations: <none>

LUTAR-1#17 Warning
LUT drives async reset alert  
LUT cell k0/x_prev_reg[17]_LDC_i_1, with 2 or more inputs, drives asynchronous preset/clear pin(s) k0/x_prev_reg[17]_P/PRE. The LUT may glitch and trigger an unexpected reset, even if it is a properly timed path.
Related violations: <none>

LUTAR-1#18 Warning
LUT drives async reset alert  
LUT cell k0/x_prev_reg[17]_LDC_i_2, with 2 or more inputs, drives asynchronous preset/clear pin(s) k0/x_prev_reg[17]_C/CLR, k0/x_prev_reg[17]_LDC/CLR. The LUT may glitch and trigger an unexpected reset, even if it is a properly timed path.
Related violations: <none>

LUTAR-1#19 Warning
LUT drives async reset alert  
LUT cell k0/x_prev_reg[18]_LDC_i_1, with 2 or more inputs, drives asynchronous preset/clear pin(s) k0/x_prev_reg[18]_P/PRE. The LUT may glitch and trigger an unexpected reset, even if it is a properly timed path.
Related violations: <none>

LUTAR-1#20 Warning
LUT drives async reset alert  
LUT cell k0/x_prev_reg[18]_LDC_i_2, with 2 or more inputs, drives asynchronous preset/clear pin(s) k0/x_prev_reg[18]_C/CLR, k0/x_prev_reg[18]_LDC/CLR. The LUT may glitch and trigger an unexpected reset, even if it is a properly timed path.
Related violations: <none>

LUTAR-1#21 Warning
LUT drives async reset alert  
LUT cell k0/x_prev_reg[19]_LDC_i_1, with 2 or more inputs, drives asynchronous preset/clear pin(s) k0/x_prev_reg[19]_P/PRE. The LUT may glitch and trigger an unexpected reset, even if it is a properly timed path.
Related violations: <none>

LUTAR-1#22 Warning
LUT drives async reset alert  
LUT cell k0/x_prev_reg[19]_LDC_i_2, with 2 or more inputs, drives asynchronous preset/clear pin(s) k0/x_prev_reg[19]_C/CLR, k0/x_prev_reg[19]_LDC/CLR. The LUT may glitch and trigger an unexpected reset, even if it is a properly timed path.
Related violations: <none>

LUTAR-1#23 Warning
LUT drives async reset alert  
LUT cell k0/x_prev_reg[1]_LDC_i_1, with 2 or more inputs, drives asynchronous preset/clear pin(s) k0/x_prev_reg[1]_P/PRE. The LUT may glitch and trigger an unexpected reset, even if it is a properly timed path.
Related violations: <none>

LUTAR-1#24 Warning
LUT drives async reset alert  
LUT cell k0/x_prev_reg[1]_LDC_i_2, with 2 or more inputs, drives asynchronous preset/clear pin(s) k0/x_prev_reg[1]_C/CLR, k0/x_prev_reg[1]_LDC/CLR. The LUT may glitch and trigger an unexpected reset, even if it is a properly timed path.
Related violations: <none>

LUTAR-1#25 Warning
LUT drives async reset alert  
LUT cell k0/x_prev_reg[20]_LDC_i_1, with 2 or more inputs, drives asynchronous preset/clear pin(s) k0/x_prev_reg[20]_P/PRE. The LUT may glitch and trigger an unexpected reset, even if it is a properly timed path.
Related violations: <none>

LUTAR-1#26 Warning
LUT drives async reset alert  
LUT cell k0/x_prev_reg[20]_LDC_i_2, with 2 or more inputs, drives asynchronous preset/clear pin(s) k0/x_prev_reg[20]_C/CLR, k0/x_prev_reg[20]_LDC/CLR. The LUT may glitch and trigger an unexpected reset, even if it is a properly timed path.
Related violations: <none>

LUTAR-1#27 Warning
LUT drives async reset alert  
LUT cell k0/x_prev_reg[21]_LDC_i_1, with 2 or more inputs, drives asynchronous preset/clear pin(s) k0/x_prev_reg[21]_P/PRE. The LUT may glitch and trigger an unexpected reset, even if it is a properly timed path.
Related violations: <none>

LUTAR-1#28 Warning
LUT drives async reset alert  
LUT cell k0/x_prev_reg[21]_LDC_i_2, with 2 or more inputs, drives asynchronous preset/clear pin(s) k0/x_prev_reg[21]_C/CLR, k0/x_prev_reg[21]_LDC/CLR. The LUT may glitch and trigger an unexpected reset, even if it is a properly timed path.
Related violations: <none>

LUTAR-1#29 Warning
LUT drives async reset alert  
LUT cell k0/x_prev_reg[22]_LDC_i_1, with 2 or more inputs, drives asynchronous preset/clear pin(s) k0/x_prev_reg[22]_P/PRE. The LUT may glitch and trigger an unexpected reset, even if it is a properly timed path.
Related violations: <none>

LUTAR-1#30 Warning
LUT drives async reset alert  
LUT cell k0/x_prev_reg[22]_LDC_i_2, with 2 or more inputs, drives asynchronous preset/clear pin(s) k0/x_prev_reg[22]_C/CLR, k0/x_prev_reg[22]_LDC/CLR. The LUT may glitch and trigger an unexpected reset, even if it is a properly timed path.
Related violations: <none>

LUTAR-1#31 Warning
LUT drives async reset alert  
LUT cell k0/x_prev_reg[23]_LDC_i_1, with 2 or more inputs, drives asynchronous preset/clear pin(s) k0/x_prev_reg[23]_P/PRE. The LUT may glitch and trigger an unexpected reset, even if it is a properly timed path.
Related violations: <none>

LUTAR-1#32 Warning
LUT drives async reset alert  
LUT cell k0/x_prev_reg[23]_LDC_i_2, with 2 or more inputs, drives asynchronous preset/clear pin(s) k0/x_prev_reg[23]_C/CLR, k0/x_prev_reg[23]_LDC/CLR. The LUT may glitch and trigger an unexpected reset, even if it is a properly timed path.
Related violations: <none>

LUTAR-1#33 Warning
LUT drives async reset alert  
LUT cell k0/x_prev_reg[24]_LDC_i_1, with 2 or more inputs, drives asynchronous preset/clear pin(s) k0/x_prev_reg[24]_P/PRE. The LUT may glitch and trigger an unexpected reset, even if it is a properly timed path.
Related violations: <none>

LUTAR-1#34 Warning
LUT drives async reset alert  
LUT cell k0/x_prev_reg[24]_LDC_i_2, with 2 or more inputs, drives asynchronous preset/clear pin(s) k0/x_prev_reg[24]_C/CLR, k0/x_prev_reg[24]_LDC/CLR. The LUT may glitch and trigger an unexpected reset, even if it is a properly timed path.
Related violations: <none>

LUTAR-1#35 Warning
LUT drives async reset alert  
LUT cell k0/x_prev_reg[25]_LDC_i_1, with 2 or more inputs, drives asynchronous preset/clear pin(s) k0/x_prev_reg[25]_P/PRE. The LUT may glitch and trigger an unexpected reset, even if it is a properly timed path.
Related violations: <none>

LUTAR-1#36 Warning
LUT drives async reset alert  
LUT cell k0/x_prev_reg[25]_LDC_i_2, with 2 or more inputs, drives asynchronous preset/clear pin(s) k0/x_prev_reg[25]_C/CLR, k0/x_prev_reg[25]_LDC/CLR. The LUT may glitch and trigger an unexpected reset, even if it is a properly timed path.
Related violations: <none>

LUTAR-1#37 Warning
LUT drives async reset alert  
LUT cell k0/x_prev_reg[26]_LDC_i_1, with 2 or more inputs, drives asynchronous preset/clear pin(s) k0/x_prev_reg[26]_P/PRE. The LUT may glitch and trigger an unexpected reset, even if it is a properly timed path.
Related violations: <none>

LUTAR-1#38 Warning
LUT drives async reset alert  
LUT cell k0/x_prev_reg[26]_LDC_i_2, with 2 or more inputs, drives asynchronous preset/clear pin(s) k0/x_prev_reg[26]_C/CLR, k0/x_prev_reg[26]_LDC/CLR. The LUT may glitch and trigger an unexpected reset, even if it is a properly timed path.
Related violations: <none>

LUTAR-1#39 Warning
LUT drives async reset alert  
LUT cell k0/x_prev_reg[27]_LDC_i_1, with 2 or more inputs, drives asynchronous preset/clear pin(s) k0/x_prev_reg[27]_P/PRE. The LUT may glitch and trigger an unexpected reset, even if it is a properly timed path.
Related violations: <none>

LUTAR-1#40 Warning
LUT drives async reset alert  
LUT cell k0/x_prev_reg[27]_LDC_i_2, with 2 or more inputs, drives asynchronous preset/clear pin(s) k0/x_prev_reg[27]_C/CLR, k0/x_prev_reg[27]_LDC/CLR. The LUT may glitch and trigger an unexpected reset, even if it is a properly timed path.
Related violations: <none>

LUTAR-1#41 Warning
LUT drives async reset alert  
LUT cell k0/x_prev_reg[28]_LDC_i_1, with 2 or more inputs, drives asynchronous preset/clear pin(s) k0/x_prev_reg[28]_P/PRE. The LUT may glitch and trigger an unexpected reset, even if it is a properly timed path.
Related violations: <none>

LUTAR-1#42 Warning
LUT drives async reset alert  
LUT cell k0/x_prev_reg[28]_LDC_i_2, with 2 or more inputs, drives asynchronous preset/clear pin(s) k0/x_prev_reg[28]_C/CLR, k0/x_prev_reg[28]_LDC/CLR. The LUT may glitch and trigger an unexpected reset, even if it is a properly timed path.
Related violations: <none>

LUTAR-1#43 Warning
LUT drives async reset alert  
LUT cell k0/x_prev_reg[29]_LDC_i_1, with 2 or more inputs, drives asynchronous preset/clear pin(s) k0/x_prev_reg[29]_P/PRE. The LUT may glitch and trigger an unexpected reset, even if it is a properly timed path.
Related violations: <none>

LUTAR-1#44 Warning
LUT drives async reset alert  
LUT cell k0/x_prev_reg[29]_LDC_i_2, with 2 or more inputs, drives asynchronous preset/clear pin(s) k0/x_prev_reg[29]_C/CLR, k0/x_prev_reg[29]_LDC/CLR. The LUT may glitch and trigger an unexpected reset, even if it is a properly timed path.
Related violations: <none>

LUTAR-1#45 Warning
LUT drives async reset alert  
LUT cell k0/x_prev_reg[2]_LDC_i_1, with 2 or more inputs, drives asynchronous preset/clear pin(s) k0/x_prev_reg[2]_P/PRE. The LUT may glitch and trigger an unexpected reset, even if it is a properly timed path.
Related violations: <none>

LUTAR-1#46 Warning
LUT drives async reset alert  
LUT cell k0/x_prev_reg[2]_LDC_i_2, with 2 or more inputs, drives asynchronous preset/clear pin(s) k0/x_prev_reg[2]_C/CLR, k0/x_prev_reg[2]_LDC/CLR. The LUT may glitch and trigger an unexpected reset, even if it is a properly timed path.
Related violations: <none>

LUTAR-1#47 Warning
LUT drives async reset alert  
LUT cell k0/x_prev_reg[30]_LDC_i_1, with 2 or more inputs, drives asynchronous preset/clear pin(s) k0/x_prev_reg[30]_P/PRE. The LUT may glitch and trigger an unexpected reset, even if it is a properly timed path.
Related violations: <none>

LUTAR-1#48 Warning
LUT drives async reset alert  
LUT cell k0/x_prev_reg[30]_LDC_i_2, with 2 or more inputs, drives asynchronous preset/clear pin(s) k0/x_prev_reg[30]_C/CLR, k0/x_prev_reg[30]_LDC/CLR. The LUT may glitch and trigger an unexpected reset, even if it is a properly timed path.
Related violations: <none>

LUTAR-1#49 Warning
LUT drives async reset alert  
LUT cell k0/x_prev_reg[31]_LDC_i_1, with 2 or more inputs, drives asynchronous preset/clear pin(s) k0/x_prev_reg[31]_P/PRE. The LUT may glitch and trigger an unexpected reset, even if it is a properly timed path.
Related violations: <none>

LUTAR-1#50 Warning
LUT drives async reset alert  
LUT cell k0/x_prev_reg[31]_LDC_i_2, with 2 or more inputs, drives asynchronous preset/clear pin(s) k0/x_prev_reg[31]_C/CLR, k0/x_prev_reg[31]_LDC/CLR. The LUT may glitch and trigger an unexpected reset, even if it is a properly timed path.
Related violations: <none>

LUTAR-1#51 Warning
LUT drives async reset alert  
LUT cell k0/x_prev_reg[3]_LDC_i_1, with 2 or more inputs, drives asynchronous preset/clear pin(s) k0/x_prev_reg[3]_P/PRE. The LUT may glitch and trigger an unexpected reset, even if it is a properly timed path.
Related violations: <none>

LUTAR-1#52 Warning
LUT drives async reset alert  
LUT cell k0/x_prev_reg[3]_LDC_i_2, with 2 or more inputs, drives asynchronous preset/clear pin(s) k0/x_prev_reg[3]_C/CLR, k0/x_prev_reg[3]_LDC/CLR. The LUT may glitch and trigger an unexpected reset, even if it is a properly timed path.
Related violations: <none>

LUTAR-1#53 Warning
LUT drives async reset alert  
LUT cell k0/x_prev_reg[4]_LDC_i_1, with 2 or more inputs, drives asynchronous preset/clear pin(s) k0/x_prev_reg[4]_P/PRE. The LUT may glitch and trigger an unexpected reset, even if it is a properly timed path.
Related violations: <none>

LUTAR-1#54 Warning
LUT drives async reset alert  
LUT cell k0/x_prev_reg[4]_LDC_i_2, with 2 or more inputs, drives asynchronous preset/clear pin(s) k0/x_prev_reg[4]_C/CLR, k0/x_prev_reg[4]_LDC/CLR. The LUT may glitch and trigger an unexpected reset, even if it is a properly timed path.
Related violations: <none>

LUTAR-1#55 Warning
LUT drives async reset alert  
LUT cell k0/x_prev_reg[5]_LDC_i_1, with 2 or more inputs, drives asynchronous preset/clear pin(s) k0/x_prev_reg[5]_P/PRE. The LUT may glitch and trigger an unexpected reset, even if it is a properly timed path.
Related violations: <none>

LUTAR-1#56 Warning
LUT drives async reset alert  
LUT cell k0/x_prev_reg[5]_LDC_i_2, with 2 or more inputs, drives asynchronous preset/clear pin(s) k0/x_prev_reg[5]_C/CLR, k0/x_prev_reg[5]_LDC/CLR. The LUT may glitch and trigger an unexpected reset, even if it is a properly timed path.
Related violations: <none>

LUTAR-1#57 Warning
LUT drives async reset alert  
LUT cell k0/x_prev_reg[6]_LDC_i_1, with 2 or more inputs, drives asynchronous preset/clear pin(s) k0/x_prev_reg[6]_P/PRE. The LUT may glitch and trigger an unexpected reset, even if it is a properly timed path.
Related violations: <none>

LUTAR-1#58 Warning
LUT drives async reset alert  
LUT cell k0/x_prev_reg[6]_LDC_i_2, with 2 or more inputs, drives asynchronous preset/clear pin(s) k0/x_prev_reg[6]_C/CLR, k0/x_prev_reg[6]_LDC/CLR. The LUT may glitch and trigger an unexpected reset, even if it is a properly timed path.
Related violations: <none>

LUTAR-1#59 Warning
LUT drives async reset alert  
LUT cell k0/x_prev_reg[7]_LDC_i_1, with 2 or more inputs, drives asynchronous preset/clear pin(s) k0/x_prev_reg[7]_P/PRE. The LUT may glitch and trigger an unexpected reset, even if it is a properly timed path.
Related violations: <none>

LUTAR-1#60 Warning
LUT drives async reset alert  
LUT cell k0/x_prev_reg[7]_LDC_i_2, with 2 or more inputs, drives asynchronous preset/clear pin(s) k0/x_prev_reg[7]_C/CLR, k0/x_prev_reg[7]_LDC/CLR. The LUT may glitch and trigger an unexpected reset, even if it is a properly timed path.
Related violations: <none>

LUTAR-1#61 Warning
LUT drives async reset alert  
LUT cell k0/x_prev_reg[8]_LDC_i_1, with 2 or more inputs, drives asynchronous preset/clear pin(s) k0/x_prev_reg[8]_P/PRE. The LUT may glitch and trigger an unexpected reset, even if it is a properly timed path.
Related violations: <none>

LUTAR-1#62 Warning
LUT drives async reset alert  
LUT cell k0/x_prev_reg[8]_LDC_i_2, with 2 or more inputs, drives asynchronous preset/clear pin(s) k0/x_prev_reg[8]_C/CLR, k0/x_prev_reg[8]_LDC/CLR. The LUT may glitch and trigger an unexpected reset, even if it is a properly timed path.
Related violations: <none>

LUTAR-1#63 Warning
LUT drives async reset alert  
LUT cell k0/x_prev_reg[9]_LDC_i_1, with 2 or more inputs, drives asynchronous preset/clear pin(s) k0/x_prev_reg[9]_P/PRE. The LUT may glitch and trigger an unexpected reset, even if it is a properly timed path.
Related violations: <none>

LUTAR-1#64 Warning
LUT drives async reset alert  
LUT cell k0/x_prev_reg[9]_LDC_i_2, with 2 or more inputs, drives asynchronous preset/clear pin(s) k0/x_prev_reg[9]_C/CLR, k0/x_prev_reg[9]_LDC/CLR. The LUT may glitch and trigger an unexpected reset, even if it is a properly timed path.
Related violations: <none>

SYNTH-10#1 Warning
Wide multiplier  
Detected multiplier at k0/mm0/m0/ab of size 10x18, it is decomposed from a wide multipler into 4 DSP blocks.
Related violations: <none>

SYNTH-10#2 Warning
Wide multiplier  
Detected multiplier at k0/mm0/m0/ab__0 of size 18x18, it is decomposed from a wide multipler into 4 DSP blocks.
Related violations: <none>

SYNTH-10#3 Warning
Wide multiplier  
Detected multiplier at k0/mm0/m1/ab of size 10x18, it is decomposed from a wide multipler into 4 DSP blocks.
Related violations: <none>

SYNTH-10#4 Warning
Wide multiplier  
Detected multiplier at k0/mm0/m1/ab__0 of size 18x18, it is decomposed from a wide multipler into 4 DSP blocks.
Related violations: <none>

SYNTH-10#5 Warning
Wide multiplier  
Detected multiplier at k0/mm0/m4/ab of size 10x18, it is decomposed from a wide multipler into 4 DSP blocks.
Related violations: <none>

SYNTH-10#6 Warning
Wide multiplier  
Detected multiplier at k0/mm0/m4/ab__0 of size 18x18, it is decomposed from a wide multipler into 4 DSP blocks.
Related violations: <none>

SYNTH-10#7 Warning
Wide multiplier  
Detected multiplier at k0/mm0/m5/ab of size 10x18, it is decomposed from a wide multipler into 4 DSP blocks.
Related violations: <none>

SYNTH-10#8 Warning
Wide multiplier  
Detected multiplier at k0/mm0/m5/ab__0 of size 18x18, it is decomposed from a wide multipler into 4 DSP blocks.
Related violations: <none>

TIMING-20#1 Warning
Non-clocked latch  
The latch k0/x_prev_reg[0]_LDC cannot be properly analyzed as its control pin k0/x_prev_reg[0]_LDC/G is not reached by a timing clock
Related violations: <none>

TIMING-20#2 Warning
Non-clocked latch  
The latch k0/x_prev_reg[10]_LDC cannot be properly analyzed as its control pin k0/x_prev_reg[10]_LDC/G is not reached by a timing clock
Related violations: <none>

TIMING-20#3 Warning
Non-clocked latch  
The latch k0/x_prev_reg[11]_LDC cannot be properly analyzed as its control pin k0/x_prev_reg[11]_LDC/G is not reached by a timing clock
Related violations: <none>

TIMING-20#4 Warning
Non-clocked latch  
The latch k0/x_prev_reg[12]_LDC cannot be properly analyzed as its control pin k0/x_prev_reg[12]_LDC/G is not reached by a timing clock
Related violations: <none>

TIMING-20#5 Warning
Non-clocked latch  
The latch k0/x_prev_reg[13]_LDC cannot be properly analyzed as its control pin k0/x_prev_reg[13]_LDC/G is not reached by a timing clock
Related violations: <none>

TIMING-20#6 Warning
Non-clocked latch  
The latch k0/x_prev_reg[14]_LDC cannot be properly analyzed as its control pin k0/x_prev_reg[14]_LDC/G is not reached by a timing clock
Related violations: <none>

TIMING-20#7 Warning
Non-clocked latch  
The latch k0/x_prev_reg[15]_LDC cannot be properly analyzed as its control pin k0/x_prev_reg[15]_LDC/G is not reached by a timing clock
Related violations: <none>

TIMING-20#8 Warning
Non-clocked latch  
The latch k0/x_prev_reg[16]_LDC cannot be properly analyzed as its control pin k0/x_prev_reg[16]_LDC/G is not reached by a timing clock
Related violations: <none>

TIMING-20#9 Warning
Non-clocked latch  
The latch k0/x_prev_reg[17]_LDC cannot be properly analyzed as its control pin k0/x_prev_reg[17]_LDC/G is not reached by a timing clock
Related violations: <none>

TIMING-20#10 Warning
Non-clocked latch  
The latch k0/x_prev_reg[18]_LDC cannot be properly analyzed as its control pin k0/x_prev_reg[18]_LDC/G is not reached by a timing clock
Related violations: <none>

TIMING-20#11 Warning
Non-clocked latch  
The latch k0/x_prev_reg[19]_LDC cannot be properly analyzed as its control pin k0/x_prev_reg[19]_LDC/G is not reached by a timing clock
Related violations: <none>

TIMING-20#12 Warning
Non-clocked latch  
The latch k0/x_prev_reg[1]_LDC cannot be properly analyzed as its control pin k0/x_prev_reg[1]_LDC/G is not reached by a timing clock
Related violations: <none>

TIMING-20#13 Warning
Non-clocked latch  
The latch k0/x_prev_reg[20]_LDC cannot be properly analyzed as its control pin k0/x_prev_reg[20]_LDC/G is not reached by a timing clock
Related violations: <none>

TIMING-20#14 Warning
Non-clocked latch  
The latch k0/x_prev_reg[21]_LDC cannot be properly analyzed as its control pin k0/x_prev_reg[21]_LDC/G is not reached by a timing clock
Related violations: <none>

TIMING-20#15 Warning
Non-clocked latch  
The latch k0/x_prev_reg[22]_LDC cannot be properly analyzed as its control pin k0/x_prev_reg[22]_LDC/G is not reached by a timing clock
Related violations: <none>

TIMING-20#16 Warning
Non-clocked latch  
The latch k0/x_prev_reg[23]_LDC cannot be properly analyzed as its control pin k0/x_prev_reg[23]_LDC/G is not reached by a timing clock
Related violations: <none>

TIMING-20#17 Warning
Non-clocked latch  
The latch k0/x_prev_reg[24]_LDC cannot be properly analyzed as its control pin k0/x_prev_reg[24]_LDC/G is not reached by a timing clock
Related violations: <none>

TIMING-20#18 Warning
Non-clocked latch  
The latch k0/x_prev_reg[25]_LDC cannot be properly analyzed as its control pin k0/x_prev_reg[25]_LDC/G is not reached by a timing clock
Related violations: <none>

TIMING-20#19 Warning
Non-clocked latch  
The latch k0/x_prev_reg[26]_LDC cannot be properly analyzed as its control pin k0/x_prev_reg[26]_LDC/G is not reached by a timing clock
Related violations: <none>

TIMING-20#20 Warning
Non-clocked latch  
The latch k0/x_prev_reg[27]_LDC cannot be properly analyzed as its control pin k0/x_prev_reg[27]_LDC/G is not reached by a timing clock
Related violations: <none>

TIMING-20#21 Warning
Non-clocked latch  
The latch k0/x_prev_reg[28]_LDC cannot be properly analyzed as its control pin k0/x_prev_reg[28]_LDC/G is not reached by a timing clock
Related violations: <none>

TIMING-20#22 Warning
Non-clocked latch  
The latch k0/x_prev_reg[29]_LDC cannot be properly analyzed as its control pin k0/x_prev_reg[29]_LDC/G is not reached by a timing clock
Related violations: <none>

TIMING-20#23 Warning
Non-clocked latch  
The latch k0/x_prev_reg[2]_LDC cannot be properly analyzed as its control pin k0/x_prev_reg[2]_LDC/G is not reached by a timing clock
Related violations: <none>

TIMING-20#24 Warning
Non-clocked latch  
The latch k0/x_prev_reg[30]_LDC cannot be properly analyzed as its control pin k0/x_prev_reg[30]_LDC/G is not reached by a timing clock
Related violations: <none>

TIMING-20#25 Warning
Non-clocked latch  
The latch k0/x_prev_reg[31]_LDC cannot be properly analyzed as its control pin k0/x_prev_reg[31]_LDC/G is not reached by a timing clock
Related violations: <none>

TIMING-20#26 Warning
Non-clocked latch  
The latch k0/x_prev_reg[3]_LDC cannot be properly analyzed as its control pin k0/x_prev_reg[3]_LDC/G is not reached by a timing clock
Related violations: <none>

TIMING-20#27 Warning
Non-clocked latch  
The latch k0/x_prev_reg[4]_LDC cannot be properly analyzed as its control pin k0/x_prev_reg[4]_LDC/G is not reached by a timing clock
Related violations: <none>

TIMING-20#28 Warning
Non-clocked latch  
The latch k0/x_prev_reg[5]_LDC cannot be properly analyzed as its control pin k0/x_prev_reg[5]_LDC/G is not reached by a timing clock
Related violations: <none>

TIMING-20#29 Warning
Non-clocked latch  
The latch k0/x_prev_reg[6]_LDC cannot be properly analyzed as its control pin k0/x_prev_reg[6]_LDC/G is not reached by a timing clock
Related violations: <none>

TIMING-20#30 Warning
Non-clocked latch  
The latch k0/x_prev_reg[7]_LDC cannot be properly analyzed as its control pin k0/x_prev_reg[7]_LDC/G is not reached by a timing clock
Related violations: <none>

TIMING-20#31 Warning
Non-clocked latch  
The latch k0/x_prev_reg[8]_LDC cannot be properly analyzed as its control pin k0/x_prev_reg[8]_LDC/G is not reached by a timing clock
Related violations: <none>

TIMING-20#32 Warning
Non-clocked latch  
The latch k0/x_prev_reg[9]_LDC cannot be properly analyzed as its control pin k0/x_prev_reg[9]_LDC/G is not reached by a timing clock
Related violations: <none>

LATCH-1#1 Advisory
Existing latches in the design  
There are 32 latches found in the design. Inferred latches are often the result of HDL coding mistakes, such as incomplete if or case statements.
Related violations: <none>


