Copyright 1986-2022 Xilinx, Inc. All Rights Reserved. Copyright 2022-2023 Advanced Micro Devices, Inc. All Rights Reserved.
-----------------------------------------------------------------------------------------------------------------------------------------------------------------------------------------------------------------
| Tool Version : Vivado v.2023.1 (lin64) Build 3865809 Sun May  7 15:04:56 MDT 2023
| Date         : Fri Sep 26 16:27:21 2025
| Host         : zach-127-13.engr.tamu.edu running 64-bit Red Hat Enterprise Linux release 8.10 (Ootpa)
| Command      : report_timing_summary -max_paths 10 -file top_IIR_unfold_timing_summary_routed.rpt -pb top_IIR_unfold_timing_summary_routed.pb -rpx top_IIR_unfold_timing_summary_routed.rpx -warn_on_violation
| Design       : top_IIR_unfold
| Device       : 7z020-clg400
| Speed File   : -1  PRODUCTION 1.12 2019-11-22
| Design State : Routed
-----------------------------------------------------------------------------------------------------------------------------------------------------------------------------------------------------------------

Timing Summary Report

------------------------------------------------------------------------------------------------
| Timer Settings
| --------------
------------------------------------------------------------------------------------------------

  Enable Multi Corner Analysis               :  Yes
  Enable Pessimism Removal                   :  Yes
  Pessimism Removal Resolution               :  Nearest Common Node
  Enable Input Delay Default Clock           :  No
  Enable Preset / Clear Arcs                 :  No
  Disable Flight Delays                      :  No
  Ignore I/O Paths                           :  No
  Timing Early Launch at Borrowing Latches   :  No
  Borrow Time for Max Delay Exceptions       :  Yes
  Merge Timing Exceptions                    :  Yes

  Corner  Analyze    Analyze    
  Name    Max Paths  Min Paths  
  ------  ---------  ---------  
  Slow    Yes        Yes        
  Fast    Yes        Yes        


------------------------------------------------------------------------------------------------
| Report Methodology
| ------------------
------------------------------------------------------------------------------------------------

Rule    Severity  Description                Violations  
------  --------  -------------------------  ----------  
DPIR-1  Warning   Asynchronous driver check  48          

Note: This report is based on the most recent report_methodology run and may not be up-to-date. Run report_methodology on the current design for the latest report.



check_timing report

Table of Contents
-----------------
1. checking no_clock (0)
2. checking constant_clock (0)
3. checking pulse_width_clock (0)
4. checking unconstrained_internal_endpoints (0)
5. checking no_input_delay (0)
6. checking no_output_delay (0)
7. checking multiple_clock (0)
8. checking generated_clocks (0)
9. checking loops (0)
10. checking partial_input_delay (0)
11. checking partial_output_delay (0)
12. checking latch_loops (0)

1. checking no_clock (0)
------------------------
 There are 0 register/latch pins with no clock.


2. checking constant_clock (0)
------------------------------
 There are 0 register/latch pins with constant_clock.


3. checking pulse_width_clock (0)
---------------------------------
 There are 0 register/latch pins which need pulse_width check


4. checking unconstrained_internal_endpoints (0)
------------------------------------------------
 There are 0 pins that are not constrained for maximum delay.

 There are 0 pins that are not constrained for maximum delay due to constant clock.


5. checking no_input_delay (0)
------------------------------
 There are 0 input ports with no input delay specified.

 There are 0 input ports with no input delay but user has a false path constraint.


6. checking no_output_delay (0)
-------------------------------
 There are 0 ports with no output delay specified.

 There are 0 ports with no output delay but user has a false path constraint

 There are 0 ports with no output delay but with a timing clock defined on it or propagating through it


7. checking multiple_clock (0)
------------------------------
 There are 0 register/latch pins with multiple clocks.


8. checking generated_clocks (0)
--------------------------------
 There are 0 generated clocks that are not connected to a clock source.


9. checking loops (0)
---------------------
 There are 0 combinational loops in the design.


10. checking partial_input_delay (0)
------------------------------------
 There are 0 input ports with partial input delay specified.


11. checking partial_output_delay (0)
-------------------------------------
 There are 0 ports with partial output delay specified.


12. checking latch_loops (0)
----------------------------
 There are 0 combinational latch loops in the design through latch input



------------------------------------------------------------------------------------------------
| Design Timing Summary
| ---------------------
------------------------------------------------------------------------------------------------

    WNS(ns)      TNS(ns)  TNS Failing Endpoints  TNS Total Endpoints      WHS(ns)      THS(ns)  THS Failing Endpoints  THS Total Endpoints     WPWS(ns)     TPWS(ns)  TPWS Failing Endpoints  TPWS Total Endpoints  
    -------      -------  ---------------------  -------------------      -------      -------  ---------------------  -------------------     --------     --------  ----------------------  --------------------  
     14.219        0.000                      0                 2864        0.039        0.000                      0                 2864       15.520        0.000                       0                   842  


All user specified timing constraints are met.


------------------------------------------------------------------------------------------------
| Clock Summary
| -------------
------------------------------------------------------------------------------------------------

Clock       Waveform(ns)       Period(ns)      Frequency(MHz)
-----       ------------       ----------      --------------
clk_fpga_0  {0.000 16.500}     33.000          30.303          


------------------------------------------------------------------------------------------------
| Intra Clock Table
| -----------------
------------------------------------------------------------------------------------------------

Clock             WNS(ns)      TNS(ns)  TNS Failing Endpoints  TNS Total Endpoints      WHS(ns)      THS(ns)  THS Failing Endpoints  THS Total Endpoints     WPWS(ns)     TPWS(ns)  TPWS Failing Endpoints  TPWS Total Endpoints  
-----             -------      -------  ---------------------  -------------------      -------      -------  ---------------------  -------------------     --------     --------  ----------------------  --------------------  
clk_fpga_0         14.219        0.000                      0                 2840        0.039        0.000                      0                 2840       15.520        0.000                       0                   842  


------------------------------------------------------------------------------------------------
| Inter Clock Table
| -----------------
------------------------------------------------------------------------------------------------

From Clock    To Clock          WNS(ns)      TNS(ns)  TNS Failing Endpoints  TNS Total Endpoints      WHS(ns)      THS(ns)  THS Failing Endpoints  THS Total Endpoints  
----------    --------          -------      -------  ---------------------  -------------------      -------      -------  ---------------------  -------------------  


------------------------------------------------------------------------------------------------
| Other Path Groups Table
| -----------------------
------------------------------------------------------------------------------------------------

Path Group         From Clock         To Clock               WNS(ns)      TNS(ns)  TNS Failing Endpoints  TNS Total Endpoints      WHS(ns)      THS(ns)  THS Failing Endpoints  THS Total Endpoints  
----------         ----------         --------               -------      -------  ---------------------  -------------------      -------      -------  ---------------------  -------------------  
**async_default**  clk_fpga_0         clk_fpga_0              28.662        0.000                      0                   24        0.950        0.000                      0                   24  


------------------------------------------------------------------------------------------------
| Timing Details
| --------------
------------------------------------------------------------------------------------------------


---------------------------------------------------------------------------------------------------
From Clock:  clk_fpga_0
  To Clock:  clk_fpga_0

Setup :            0  Failing Endpoints,  Worst Slack       14.219ns,  Total Violation        0.000ns
Hold  :            0  Failing Endpoints,  Worst Slack        0.039ns,  Total Violation        0.000ns
PW    :            0  Failing Endpoints,  Worst Slack       15.520ns,  Total Violation        0.000ns
---------------------------------------------------------------------------------------------------


Max Delay Paths
--------------------------------------------------------------------------------------
Slack (MET) :             14.219ns  (required time - arrival time)
  Source:                 u0/y_1_reg[7]/C
                            (rising edge-triggered cell FDCE clocked by clk_fpga_0  {rise@0.000ns fall@16.500ns period=33.000ns})
  Destination:            memdinb_reg[13]/D
                            (rising edge-triggered cell FDRE clocked by clk_fpga_0  {rise@0.000ns fall@16.500ns period=33.000ns})
  Path Group:             clk_fpga_0
  Path Type:              Setup (Max at Slow Process Corner)
  Requirement:            33.000ns  (clk_fpga_0 rise@33.000ns - clk_fpga_0 rise@0.000ns)
  Data Path Delay:        18.288ns  (logic 10.802ns (59.065%)  route 7.486ns (40.935%))
  Logic Levels:           12  (CARRY4=3 DSP48E1=2 LUT3=2 LUT5=2 LUT6=3)
  Clock Path Skew:        -0.026ns (DCD - SCD + CPR)
    Destination Clock Delay (DCD):    2.653ns = ( 35.653 - 33.000 ) 
    Source Clock Delay      (SCD):    2.941ns
    Clock Pessimism Removal (CPR):    0.262ns
  Clock Uncertainty:      0.496ns  ((TSJ^2 + TIJ^2)^1/2 + DJ) / 2 + PE
    Total System Jitter     (TSJ):    0.071ns
    Total Input Jitter      (TIJ):    0.990ns
    Discrete Jitter          (DJ):    0.000ns
    Phase Error              (PE):    0.000ns

    Location             Delay type                Incr(ns)  Path(ns)    Netlist Resource(s)
  -------------------------------------------------------------------    -------------------
                         (clock clk_fpga_0 rise edge)
                                                      0.000     0.000 r  
    PS7_X0Y0             PS7                          0.000     0.000 r  mw0/datatrans_sys_i/processing_system7_0/inst/PS7_i/FCLKCLK[0]
                         net (fo=1, routed)           1.193     1.193    mw0/datatrans_sys_i/processing_system7_0/inst/FCLK_CLK_unbuffered[0]
    BUFGCTRL_X0Y16       BUFG (Prop_bufg_I_O)         0.101     1.294 r  mw0/datatrans_sys_i/processing_system7_0/inst/buffer_fclk_clk_0.FCLK_CLK_0_BUFG/O
                         net (fo=845, routed)         1.647     2.941    u0/axiclk
    SLICE_X35Y86         FDCE                                         r  u0/y_1_reg[7]/C
  -------------------------------------------------------------------    -------------------
    SLICE_X35Y86         FDCE (Prop_fdce_C_Q)         0.456     3.397 r  u0/y_1_reg[7]/Q
                         net (fo=10, routed)          0.835     4.232    u0/m2/Q[7]
    DSP48_X2Y36          DSP48E1 (Prop_dsp48e1_B[8]_P[8])
                                                      3.656     7.888 r  u0/m2/ab/P[8]
                         net (fo=3, routed)           1.530     9.418    u0/m3/P[3]
    SLICE_X37Y82         LUT3 (Prop_lut3_I2_O)        0.124     9.542 r  u0/m3/y2k__2_carry__0_i_9/O
                         net (fo=2, routed)           0.651    10.193    u0/m3/y2k__2_carry__0_i_9_n_0
    SLICE_X37Y82         LUT5 (Prop_lut5_I4_O)        0.153    10.346 r  u0/m3/y2k__2_carry__0_i_2/O
                         net (fo=2, routed)           0.538    10.883    u0/m3/ab_1[1]
    SLICE_X36Y82         LUT6 (Prop_lut6_I0_O)        0.327    11.210 r  u0/m3/y2k__2_carry__0_i_6/O
                         net (fo=1, routed)           0.000    11.210    u0/m3_n_27
    SLICE_X36Y82         CARRY4 (Prop_carry4_S[1]_O[3])
                                                      0.643    11.853 r  u0/y2k__2_carry__0/O[3]
                         net (fo=7, routed)           0.980    12.834    u0/m6/B[7]
    DSP48_X2Y34          DSP48E1 (Prop_dsp48e1_B[10]_P[6])
                                                      3.839    16.673 r  u0/m6/ab/P[6]
                         net (fo=3, routed)           0.856    17.529    u0/m7/P[1]
    SLICE_X34Y86         LUT3 (Prop_lut3_I2_O)        0.124    17.653 r  u0/m7/y2k1__2_carry_i_8/O
                         net (fo=3, routed)           0.575    18.228    u0/m7/y2k1__2_carry_i_8_n_0
    SLICE_X34Y85         LUT5 (Prop_lut5_I4_O)        0.116    18.344 r  u0/m7/y2k1__2_carry_i_1/O
                         net (fo=2, routed)           0.537    18.880    u0/m7_n_7
    SLICE_X35Y85         CARRY4 (Prop_carry4_DI[3]_CO[3])
                                                      0.589    19.469 r  u0/y2k1__2_carry/CO[3]
                         net (fo=1, routed)           0.000    19.469    u0/y2k1__2_carry_n_0
    SLICE_X35Y86         CARRY4 (Prop_carry4_CI_O[1])
                                                      0.348    19.817 r  u0/y2k1__2_carry__0/O[1]
                         net (fo=2, routed)           0.552    20.369    u0/m7/D[1]
    SLICE_X35Y84         LUT6 (Prop_lut6_I0_O)        0.303    20.672 r  u0/m7/memdinb[13]_i_2/O
                         net (fo=1, routed)           0.433    21.105    u0/m7/memdinb[13]_i_2_n_0
    SLICE_X35Y84         LUT6 (Prop_lut6_I0_O)        0.124    21.229 r  u0/m7/memdinb[13]_i_1/O
                         net (fo=1, routed)           0.000    21.229    u0_n_3
    SLICE_X35Y84         FDRE                                         r  memdinb_reg[13]/D
  -------------------------------------------------------------------    -------------------

                         (clock clk_fpga_0 rise edge)
                                                     33.000    33.000 r  
    PS7_X0Y0             PS7                          0.000    33.000 r  mw0/datatrans_sys_i/processing_system7_0/inst/PS7_i/FCLKCLK[0]
                         net (fo=1, routed)           1.088    34.088    mw0/datatrans_sys_i/processing_system7_0/inst/FCLK_CLK_unbuffered[0]
    BUFGCTRL_X0Y16       BUFG (Prop_bufg_I_O)         0.091    34.179 r  mw0/datatrans_sys_i/processing_system7_0/inst/buffer_fclk_clk_0.FCLK_CLK_0_BUFG/O
                         net (fo=845, routed)         1.474    35.653    clk
    SLICE_X35Y84         FDRE                                         r  memdinb_reg[13]/C
                         clock pessimism              0.262    35.915    
                         clock uncertainty           -0.496    35.419    
    SLICE_X35Y84         FDRE (Setup_fdre_C_D)        0.029    35.448    memdinb_reg[13]
  -------------------------------------------------------------------
                         required time                         35.448    
                         arrival time                         -21.229    
  -------------------------------------------------------------------
                         slack                                 14.219    

Slack (MET) :             14.221ns  (required time - arrival time)
  Source:                 u0/y_1_reg[7]/C
                            (rising edge-triggered cell FDCE clocked by clk_fpga_0  {rise@0.000ns fall@16.500ns period=33.000ns})
  Destination:            memdinb_reg[15]/D
                            (rising edge-triggered cell FDRE clocked by clk_fpga_0  {rise@0.000ns fall@16.500ns period=33.000ns})
  Path Group:             clk_fpga_0
  Path Type:              Setup (Max at Slow Process Corner)
  Requirement:            33.000ns  (clk_fpga_0 rise@33.000ns - clk_fpga_0 rise@0.000ns)
  Data Path Delay:        18.288ns  (logic 10.777ns (58.929%)  route 7.511ns (41.071%))
  Logic Levels:           11  (CARRY4=2 DSP48E1=2 LUT3=2 LUT5=2 LUT6=3)
  Clock Path Skew:        -0.024ns (DCD - SCD + CPR)
    Destination Clock Delay (DCD):    2.655ns = ( 35.655 - 33.000 ) 
    Source Clock Delay      (SCD):    2.941ns
    Clock Pessimism Removal (CPR):    0.262ns
  Clock Uncertainty:      0.496ns  ((TSJ^2 + TIJ^2)^1/2 + DJ) / 2 + PE
    Total System Jitter     (TSJ):    0.071ns
    Total Input Jitter      (TIJ):    0.990ns
    Discrete Jitter          (DJ):    0.000ns
    Phase Error              (PE):    0.000ns

    Location             Delay type                Incr(ns)  Path(ns)    Netlist Resource(s)
  -------------------------------------------------------------------    -------------------
                         (clock clk_fpga_0 rise edge)
                                                      0.000     0.000 r  
    PS7_X0Y0             PS7                          0.000     0.000 r  mw0/datatrans_sys_i/processing_system7_0/inst/PS7_i/FCLKCLK[0]
                         net (fo=1, routed)           1.193     1.193    mw0/datatrans_sys_i/processing_system7_0/inst/FCLK_CLK_unbuffered[0]
    BUFGCTRL_X0Y16       BUFG (Prop_bufg_I_O)         0.101     1.294 r  mw0/datatrans_sys_i/processing_system7_0/inst/buffer_fclk_clk_0.FCLK_CLK_0_BUFG/O
                         net (fo=845, routed)         1.647     2.941    u0/axiclk
    SLICE_X35Y86         FDCE                                         r  u0/y_1_reg[7]/C
  -------------------------------------------------------------------    -------------------
    SLICE_X35Y86         FDCE (Prop_fdce_C_Q)         0.456     3.397 r  u0/y_1_reg[7]/Q
                         net (fo=10, routed)          0.835     4.232    u0/m2/Q[7]
    DSP48_X2Y36          DSP48E1 (Prop_dsp48e1_B[8]_P[8])
                                                      3.656     7.888 r  u0/m2/ab/P[8]
                         net (fo=3, routed)           1.530     9.418    u0/m3/P[3]
    SLICE_X37Y82         LUT3 (Prop_lut3_I2_O)        0.124     9.542 r  u0/m3/y2k__2_carry__0_i_9/O
                         net (fo=2, routed)           0.651    10.193    u0/m3/y2k__2_carry__0_i_9_n_0
    SLICE_X37Y82         LUT5 (Prop_lut5_I4_O)        0.153    10.346 r  u0/m3/y2k__2_carry__0_i_2/O
                         net (fo=2, routed)           0.538    10.883    u0/m3/ab_1[1]
    SLICE_X36Y82         LUT6 (Prop_lut6_I0_O)        0.327    11.210 r  u0/m3/y2k__2_carry__0_i_6/O
                         net (fo=1, routed)           0.000    11.210    u0/m3_n_27
    SLICE_X36Y82         CARRY4 (Prop_carry4_S[1]_O[3])
                                                      0.643    11.853 r  u0/y2k__2_carry__0/O[3]
                         net (fo=7, routed)           0.980    12.834    u0/m6/B[7]
    DSP48_X2Y34          DSP48E1 (Prop_dsp48e1_B[10]_P[9])
                                                      3.839    16.673 r  u0/m6/ab/P[9]
                         net (fo=3, routed)           0.778    17.451    u0/m7/P[4]
    SLICE_X36Y86         LUT3 (Prop_lut3_I2_O)        0.116    17.567 r  u0/m7/y2k1__2_carry__0_i_8/O
                         net (fo=2, routed)           0.753    18.320    u0/m7/y2k1__2_carry__0_i_8_n_0
    SLICE_X34Y86         LUT5 (Prop_lut5_I4_O)        0.354    18.674 r  u0/m7/y2k1__2_carry__0_i_1/O
                         net (fo=2, routed)           0.534    19.208    u0/m7_n_9
    SLICE_X35Y86         CARRY4 (Prop_carry4_DI[2]_O[3])
                                                      0.679    19.887 r  u0/y2k1__2_carry__0/O[3]
                         net (fo=2, routed)           0.479    20.366    u0/m7/D[3]
    SLICE_X35Y87         LUT6 (Prop_lut6_I0_O)        0.306    20.672 r  u0/m7/memdinb[15]_i_2/O
                         net (fo=1, routed)           0.433    21.105    u0/m7/memdinb[15]_i_2_n_0
    SLICE_X35Y87         LUT6 (Prop_lut6_I0_O)        0.124    21.229 r  u0/m7/memdinb[15]_i_1/O
                         net (fo=1, routed)           0.000    21.229    u0_n_1
    SLICE_X35Y87         FDRE                                         r  memdinb_reg[15]/D
  -------------------------------------------------------------------    -------------------

                         (clock clk_fpga_0 rise edge)
                                                     33.000    33.000 r  
    PS7_X0Y0             PS7                          0.000    33.000 r  mw0/datatrans_sys_i/processing_system7_0/inst/PS7_i/FCLKCLK[0]
                         net (fo=1, routed)           1.088    34.088    mw0/datatrans_sys_i/processing_system7_0/inst/FCLK_CLK_unbuffered[0]
    BUFGCTRL_X0Y16       BUFG (Prop_bufg_I_O)         0.091    34.179 r  mw0/datatrans_sys_i/processing_system7_0/inst/buffer_fclk_clk_0.FCLK_CLK_0_BUFG/O
                         net (fo=845, routed)         1.476    35.655    clk
    SLICE_X35Y87         FDRE                                         r  memdinb_reg[15]/C
                         clock pessimism              0.262    35.917    
                         clock uncertainty           -0.496    35.421    
    SLICE_X35Y87         FDRE (Setup_fdre_C_D)        0.029    35.450    memdinb_reg[15]
  -------------------------------------------------------------------
                         required time                         35.450    
                         arrival time                         -21.229    
  -------------------------------------------------------------------
                         slack                                 14.221    

Slack (MET) :             14.537ns  (required time - arrival time)
  Source:                 u0/y_1_reg[7]/C
                            (rising edge-triggered cell FDCE clocked by clk_fpga_0  {rise@0.000ns fall@16.500ns period=33.000ns})
  Destination:            memdinb_reg[14]/D
                            (rising edge-triggered cell FDRE clocked by clk_fpga_0  {rise@0.000ns fall@16.500ns period=33.000ns})
  Path Group:             clk_fpga_0
  Path Type:              Setup (Max at Slow Process Corner)
  Requirement:            33.000ns  (clk_fpga_0 rise@33.000ns - clk_fpga_0 rise@0.000ns)
  Data Path Delay:        18.025ns  (logic 10.832ns (60.094%)  route 7.193ns (39.906%))
  Logic Levels:           12  (CARRY4=2 DSP48E1=2 LUT3=2 LUT5=2 LUT6=4)
  Clock Path Skew:        -0.023ns (DCD - SCD + CPR)
    Destination Clock Delay (DCD):    2.656ns = ( 35.656 - 33.000 ) 
    Source Clock Delay      (SCD):    2.941ns
    Clock Pessimism Removal (CPR):    0.262ns
  Clock Uncertainty:      0.496ns  ((TSJ^2 + TIJ^2)^1/2 + DJ) / 2 + PE
    Total System Jitter     (TSJ):    0.071ns
    Total Input Jitter      (TIJ):    0.990ns
    Discrete Jitter          (DJ):    0.000ns
    Phase Error              (PE):    0.000ns

    Location             Delay type                Incr(ns)  Path(ns)    Netlist Resource(s)
  -------------------------------------------------------------------    -------------------
                         (clock clk_fpga_0 rise edge)
                                                      0.000     0.000 r  
    PS7_X0Y0             PS7                          0.000     0.000 r  mw0/datatrans_sys_i/processing_system7_0/inst/PS7_i/FCLKCLK[0]
                         net (fo=1, routed)           1.193     1.193    mw0/datatrans_sys_i/processing_system7_0/inst/FCLK_CLK_unbuffered[0]
    BUFGCTRL_X0Y16       BUFG (Prop_bufg_I_O)         0.101     1.294 r  mw0/datatrans_sys_i/processing_system7_0/inst/buffer_fclk_clk_0.FCLK_CLK_0_BUFG/O
                         net (fo=845, routed)         1.647     2.941    u0/axiclk
    SLICE_X35Y86         FDCE                                         r  u0/y_1_reg[7]/C
  -------------------------------------------------------------------    -------------------
    SLICE_X35Y86         FDCE (Prop_fdce_C_Q)         0.456     3.397 r  u0/y_1_reg[7]/Q
                         net (fo=10, routed)          0.835     4.232    u0/m2/Q[7]
    DSP48_X2Y36          DSP48E1 (Prop_dsp48e1_B[8]_P[8])
                                                      3.656     7.888 r  u0/m2/ab/P[8]
                         net (fo=3, routed)           1.530     9.418    u0/m3/P[3]
    SLICE_X37Y82         LUT3 (Prop_lut3_I2_O)        0.124     9.542 r  u0/m3/y2k__2_carry__0_i_9/O
                         net (fo=2, routed)           0.651    10.193    u0/m3/y2k__2_carry__0_i_9_n_0
    SLICE_X37Y82         LUT5 (Prop_lut5_I4_O)        0.153    10.346 r  u0/m3/y2k__2_carry__0_i_2/O
                         net (fo=2, routed)           0.538    10.883    u0/m3/ab_1[1]
    SLICE_X36Y82         LUT6 (Prop_lut6_I0_O)        0.327    11.210 r  u0/m3/y2k__2_carry__0_i_6/O
                         net (fo=1, routed)           0.000    11.210    u0/m3_n_27
    SLICE_X36Y82         CARRY4 (Prop_carry4_S[1]_O[3])
                                                      0.643    11.853 r  u0/y2k__2_carry__0/O[3]
                         net (fo=7, routed)           0.980    12.834    u0/m6/B[7]
    DSP48_X2Y34          DSP48E1 (Prop_dsp48e1_B[10]_P[8])
                                                      3.839    16.673 r  u0/m6/ab/P[8]
                         net (fo=3, routed)           0.779    17.452    u0/m7/P[3]
    SLICE_X34Y86         LUT3 (Prop_lut3_I2_O)        0.124    17.576 r  u0/m7/y2k1__2_carry__0_i_9/O
                         net (fo=2, routed)           0.806    18.382    u0/m7/y2k1__2_carry__0_i_9_n_0
    SLICE_X34Y86         LUT5 (Prop_lut5_I4_O)        0.149    18.531 r  u0/m7/y2k1__2_carry__0_i_2/O
                         net (fo=2, routed)           0.344    18.874    u0/m7/ab_1[1]
    SLICE_X35Y86         LUT6 (Prop_lut6_I0_O)        0.355    19.229 r  u0/m7/y2k1__2_carry__0_i_6/O
                         net (fo=1, routed)           0.000    19.229    u0/m7_n_16
    SLICE_X35Y86         CARRY4 (Prop_carry4_S[1]_O[2])
                                                      0.580    19.809 r  u0/y2k1__2_carry__0/O[2]
                         net (fo=2, routed)           0.428    20.237    u0/m7/D[2]
    SLICE_X34Y87         LUT6 (Prop_lut6_I0_O)        0.302    20.539 r  u0/m7/memdinb[14]_i_2/O
                         net (fo=1, routed)           0.303    20.842    u0/m7/memdinb[14]_i_2_n_0
    SLICE_X34Y88         LUT6 (Prop_lut6_I0_O)        0.124    20.966 r  u0/m7/memdinb[14]_i_1/O
                         net (fo=1, routed)           0.000    20.966    u0_n_2
    SLICE_X34Y88         FDRE                                         r  memdinb_reg[14]/D
  -------------------------------------------------------------------    -------------------

                         (clock clk_fpga_0 rise edge)
                                                     33.000    33.000 r  
    PS7_X0Y0             PS7                          0.000    33.000 r  mw0/datatrans_sys_i/processing_system7_0/inst/PS7_i/FCLKCLK[0]
                         net (fo=1, routed)           1.088    34.088    mw0/datatrans_sys_i/processing_system7_0/inst/FCLK_CLK_unbuffered[0]
    BUFGCTRL_X0Y16       BUFG (Prop_bufg_I_O)         0.091    34.179 r  mw0/datatrans_sys_i/processing_system7_0/inst/buffer_fclk_clk_0.FCLK_CLK_0_BUFG/O
                         net (fo=845, routed)         1.477    35.656    clk
    SLICE_X34Y88         FDRE                                         r  memdinb_reg[14]/C
                         clock pessimism              0.262    35.918    
                         clock uncertainty           -0.496    35.422    
    SLICE_X34Y88         FDRE (Setup_fdre_C_D)        0.081    35.503    memdinb_reg[14]
  -------------------------------------------------------------------
                         required time                         35.503    
                         arrival time                         -20.966    
  -------------------------------------------------------------------
                         slack                                 14.537    

Slack (MET) :             14.644ns  (required time - arrival time)
  Source:                 u0/y_1_reg[7]/C
                            (rising edge-triggered cell FDCE clocked by clk_fpga_0  {rise@0.000ns fall@16.500ns period=33.000ns})
  Destination:            memdinb_reg[12]/D
                            (rising edge-triggered cell FDRE clocked by clk_fpga_0  {rise@0.000ns fall@16.500ns period=33.000ns})
  Path Group:             clk_fpga_0
  Path Type:              Setup (Max at Slow Process Corner)
  Requirement:            33.000ns  (clk_fpga_0 rise@33.000ns - clk_fpga_0 rise@0.000ns)
  Data Path Delay:        17.913ns  (logic 10.685ns (59.648%)  route 7.228ns (40.352%))
  Logic Levels:           12  (CARRY4=3 DSP48E1=2 LUT3=2 LUT5=2 LUT6=3)
  Clock Path Skew:        -0.023ns (DCD - SCD + CPR)
    Destination Clock Delay (DCD):    2.656ns = ( 35.656 - 33.000 ) 
    Source Clock Delay      (SCD):    2.941ns
    Clock Pessimism Removal (CPR):    0.262ns
  Clock Uncertainty:      0.496ns  ((TSJ^2 + TIJ^2)^1/2 + DJ) / 2 + PE
    Total System Jitter     (TSJ):    0.071ns
    Total Input Jitter      (TIJ):    0.990ns
    Discrete Jitter          (DJ):    0.000ns
    Phase Error              (PE):    0.000ns

    Location             Delay type                Incr(ns)  Path(ns)    Netlist Resource(s)
  -------------------------------------------------------------------    -------------------
                         (clock clk_fpga_0 rise edge)
                                                      0.000     0.000 r  
    PS7_X0Y0             PS7                          0.000     0.000 r  mw0/datatrans_sys_i/processing_system7_0/inst/PS7_i/FCLKCLK[0]
                         net (fo=1, routed)           1.193     1.193    mw0/datatrans_sys_i/processing_system7_0/inst/FCLK_CLK_unbuffered[0]
    BUFGCTRL_X0Y16       BUFG (Prop_bufg_I_O)         0.101     1.294 r  mw0/datatrans_sys_i/processing_system7_0/inst/buffer_fclk_clk_0.FCLK_CLK_0_BUFG/O
                         net (fo=845, routed)         1.647     2.941    u0/axiclk
    SLICE_X35Y86         FDCE                                         r  u0/y_1_reg[7]/C
  -------------------------------------------------------------------    -------------------
    SLICE_X35Y86         FDCE (Prop_fdce_C_Q)         0.456     3.397 r  u0/y_1_reg[7]/Q
                         net (fo=10, routed)          0.835     4.232    u0/m2/Q[7]
    DSP48_X2Y36          DSP48E1 (Prop_dsp48e1_B[8]_P[8])
                                                      3.656     7.888 r  u0/m2/ab/P[8]
                         net (fo=3, routed)           1.530     9.418    u0/m3/P[3]
    SLICE_X37Y82         LUT3 (Prop_lut3_I2_O)        0.124     9.542 r  u0/m3/y2k__2_carry__0_i_9/O
                         net (fo=2, routed)           0.651    10.193    u0/m3/y2k__2_carry__0_i_9_n_0
    SLICE_X37Y82         LUT5 (Prop_lut5_I4_O)        0.153    10.346 r  u0/m3/y2k__2_carry__0_i_2/O
                         net (fo=2, routed)           0.538    10.883    u0/m3/ab_1[1]
    SLICE_X36Y82         LUT6 (Prop_lut6_I0_O)        0.327    11.210 r  u0/m3/y2k__2_carry__0_i_6/O
                         net (fo=1, routed)           0.000    11.210    u0/m3_n_27
    SLICE_X36Y82         CARRY4 (Prop_carry4_S[1]_O[3])
                                                      0.643    11.853 r  u0/y2k__2_carry__0/O[3]
                         net (fo=7, routed)           0.980    12.834    u0/m6/B[7]
    DSP48_X2Y34          DSP48E1 (Prop_dsp48e1_B[10]_P[6])
                                                      3.839    16.673 r  u0/m6/ab/P[6]
                         net (fo=3, routed)           0.856    17.529    u0/m7/P[1]
    SLICE_X34Y86         LUT3 (Prop_lut3_I2_O)        0.124    17.653 r  u0/m7/y2k1__2_carry_i_8/O
                         net (fo=3, routed)           0.575    18.228    u0/m7/y2k1__2_carry_i_8_n_0
    SLICE_X34Y85         LUT5 (Prop_lut5_I4_O)        0.116    18.344 r  u0/m7/y2k1__2_carry_i_1/O
                         net (fo=2, routed)           0.537    18.880    u0/m7_n_7
    SLICE_X35Y85         CARRY4 (Prop_carry4_DI[3]_CO[3])
                                                      0.589    19.469 r  u0/y2k1__2_carry/CO[3]
                         net (fo=1, routed)           0.000    19.469    u0/y2k1__2_carry_n_0
    SLICE_X35Y86         CARRY4 (Prop_carry4_CI_O[0])
                                                      0.235    19.704 r  u0/y2k1__2_carry__0/O[0]
                         net (fo=2, routed)           0.310    20.014    u0/m7/D[0]
    SLICE_X34Y87         LUT6 (Prop_lut6_I0_O)        0.299    20.313 r  u0/m7/memdinb[12]_i_2/O
                         net (fo=1, routed)           0.417    20.730    u0/m7/memdinb[12]_i_2_n_0
    SLICE_X34Y88         LUT6 (Prop_lut6_I0_O)        0.124    20.854 r  u0/m7/memdinb[12]_i_1/O
                         net (fo=1, routed)           0.000    20.854    u0_n_4
    SLICE_X34Y88         FDRE                                         r  memdinb_reg[12]/D
  -------------------------------------------------------------------    -------------------

                         (clock clk_fpga_0 rise edge)
                                                     33.000    33.000 r  
    PS7_X0Y0             PS7                          0.000    33.000 r  mw0/datatrans_sys_i/processing_system7_0/inst/PS7_i/FCLKCLK[0]
                         net (fo=1, routed)           1.088    34.088    mw0/datatrans_sys_i/processing_system7_0/inst/FCLK_CLK_unbuffered[0]
    BUFGCTRL_X0Y16       BUFG (Prop_bufg_I_O)         0.091    34.179 r  mw0/datatrans_sys_i/processing_system7_0/inst/buffer_fclk_clk_0.FCLK_CLK_0_BUFG/O
                         net (fo=845, routed)         1.477    35.656    clk
    SLICE_X34Y88         FDRE                                         r  memdinb_reg[12]/C
                         clock pessimism              0.262    35.918    
                         clock uncertainty           -0.496    35.422    
    SLICE_X34Y88         FDRE (Setup_fdre_C_D)        0.077    35.499    memdinb_reg[12]
  -------------------------------------------------------------------
                         required time                         35.499    
                         arrival time                         -20.854    
  -------------------------------------------------------------------
                         slack                                 14.644    

Slack (MET) :             15.045ns  (required time - arrival time)
  Source:                 u0/y_1_reg[7]/C
                            (rising edge-triggered cell FDCE clocked by clk_fpga_0  {rise@0.000ns fall@16.500ns period=33.000ns})
  Destination:            memdinb_reg[11]/D
                            (rising edge-triggered cell FDRE clocked by clk_fpga_0  {rise@0.000ns fall@16.500ns period=33.000ns})
  Path Group:             clk_fpga_0
  Path Type:              Setup (Max at Slow Process Corner)
  Requirement:            33.000ns  (clk_fpga_0 rise@33.000ns - clk_fpga_0 rise@0.000ns)
  Data Path Delay:        17.429ns  (logic 10.331ns (59.275%)  route 7.098ns (40.725%))
  Logic Levels:           11  (CARRY4=2 DSP48E1=2 LUT3=2 LUT5=2 LUT6=3)
  Clock Path Skew:        -0.059ns (DCD - SCD + CPR)
    Destination Clock Delay (DCD):    2.653ns = ( 35.653 - 33.000 ) 
    Source Clock Delay      (SCD):    2.941ns
    Clock Pessimism Removal (CPR):    0.229ns
  Clock Uncertainty:      0.496ns  ((TSJ^2 + TIJ^2)^1/2 + DJ) / 2 + PE
    Total System Jitter     (TSJ):    0.071ns
    Total Input Jitter      (TIJ):    0.990ns
    Discrete Jitter          (DJ):    0.000ns
    Phase Error              (PE):    0.000ns

    Location             Delay type                Incr(ns)  Path(ns)    Netlist Resource(s)
  -------------------------------------------------------------------    -------------------
                         (clock clk_fpga_0 rise edge)
                                                      0.000     0.000 r  
    PS7_X0Y0             PS7                          0.000     0.000 r  mw0/datatrans_sys_i/processing_system7_0/inst/PS7_i/FCLKCLK[0]
                         net (fo=1, routed)           1.193     1.193    mw0/datatrans_sys_i/processing_system7_0/inst/FCLK_CLK_unbuffered[0]
    BUFGCTRL_X0Y16       BUFG (Prop_bufg_I_O)         0.101     1.294 r  mw0/datatrans_sys_i/processing_system7_0/inst/buffer_fclk_clk_0.FCLK_CLK_0_BUFG/O
                         net (fo=845, routed)         1.647     2.941    u0/axiclk
    SLICE_X35Y86         FDCE                                         r  u0/y_1_reg[7]/C
  -------------------------------------------------------------------    -------------------
    SLICE_X35Y86         FDCE (Prop_fdce_C_Q)         0.456     3.397 r  u0/y_1_reg[7]/Q
                         net (fo=10, routed)          0.835     4.232    u0/m2/Q[7]
    DSP48_X2Y36          DSP48E1 (Prop_dsp48e1_B[8]_P[8])
                                                      3.656     7.888 r  u0/m2/ab/P[8]
                         net (fo=3, routed)           1.530     9.418    u0/m3/P[3]
    SLICE_X37Y82         LUT3 (Prop_lut3_I2_O)        0.124     9.542 r  u0/m3/y2k__2_carry__0_i_9/O
                         net (fo=2, routed)           0.651    10.193    u0/m3/y2k__2_carry__0_i_9_n_0
    SLICE_X37Y82         LUT5 (Prop_lut5_I4_O)        0.153    10.346 r  u0/m3/y2k__2_carry__0_i_2/O
                         net (fo=2, routed)           0.538    10.883    u0/m3/ab_1[1]
    SLICE_X36Y82         LUT6 (Prop_lut6_I0_O)        0.327    11.210 r  u0/m3/y2k__2_carry__0_i_6/O
                         net (fo=1, routed)           0.000    11.210    u0/m3_n_27
    SLICE_X36Y82         CARRY4 (Prop_carry4_S[1]_O[3])
                                                      0.643    11.853 r  u0/y2k__2_carry__0/O[3]
                         net (fo=7, routed)           0.980    12.834    u0/m6/B[7]
    DSP48_X2Y34          DSP48E1 (Prop_dsp48e1_B[10]_P[6])
                                                      3.839    16.673 r  u0/m6/ab/P[6]
                         net (fo=3, routed)           0.856    17.529    u0/m7/P[1]
    SLICE_X34Y86         LUT3 (Prop_lut3_I2_O)        0.124    17.653 r  u0/m7/y2k1__2_carry_i_8/O
                         net (fo=3, routed)           0.575    18.228    u0/m7/y2k1__2_carry_i_8_n_0
    SLICE_X34Y85         LUT5 (Prop_lut5_I4_O)        0.124    18.352 r  u0/m7/y2k1__2_carry_i_2/O
                         net (fo=1, routed)           0.521    18.872    u0/m7_n_8
    SLICE_X35Y85         CARRY4 (Prop_carry4_DI[2]_O[3])
                                                      0.455    19.327 r  u0/y2k1__2_carry/O[3]
                         net (fo=2, routed)           0.318    19.645    u0/y2k1[3]
    SLICE_X37Y85         LUT6 (Prop_lut6_I0_O)        0.306    19.951 r  u0/memdinb[11]_i_2/O
                         net (fo=1, routed)           0.295    20.246    u0/memdinb[11]_i_2_n_0
    SLICE_X37Y86         LUT6 (Prop_lut6_I0_O)        0.124    20.370 r  u0/memdinb[11]_i_1/O
                         net (fo=1, routed)           0.000    20.370    u0_n_5
    SLICE_X37Y86         FDRE                                         r  memdinb_reg[11]/D
  -------------------------------------------------------------------    -------------------

                         (clock clk_fpga_0 rise edge)
                                                     33.000    33.000 r  
    PS7_X0Y0             PS7                          0.000    33.000 r  mw0/datatrans_sys_i/processing_system7_0/inst/PS7_i/FCLKCLK[0]
                         net (fo=1, routed)           1.088    34.088    mw0/datatrans_sys_i/processing_system7_0/inst/FCLK_CLK_unbuffered[0]
    BUFGCTRL_X0Y16       BUFG (Prop_bufg_I_O)         0.091    34.179 r  mw0/datatrans_sys_i/processing_system7_0/inst/buffer_fclk_clk_0.FCLK_CLK_0_BUFG/O
                         net (fo=845, routed)         1.474    35.653    clk
    SLICE_X37Y86         FDRE                                         r  memdinb_reg[11]/C
                         clock pessimism              0.229    35.882    
                         clock uncertainty           -0.496    35.386    
    SLICE_X37Y86         FDRE (Setup_fdre_C_D)        0.029    35.415    memdinb_reg[11]
  -------------------------------------------------------------------
                         required time                         35.415    
                         arrival time                         -20.370    
  -------------------------------------------------------------------
                         slack                                 15.045    

Slack (MET) :             15.586ns  (required time - arrival time)
  Source:                 u0/y_1_reg[7]/C
                            (rising edge-triggered cell FDCE clocked by clk_fpga_0  {rise@0.000ns fall@16.500ns period=33.000ns})
  Destination:            memdinb_reg[10]/D
                            (rising edge-triggered cell FDRE clocked by clk_fpga_0  {rise@0.000ns fall@16.500ns period=33.000ns})
  Path Group:             clk_fpga_0
  Path Type:              Setup (Max at Slow Process Corner)
  Requirement:            33.000ns  (clk_fpga_0 rise@33.000ns - clk_fpga_0 rise@0.000ns)
  Data Path Delay:        16.888ns  (logic 10.120ns (59.923%)  route 6.768ns (40.077%))
  Logic Levels:           11  (CARRY4=2 DSP48E1=2 LUT3=2 LUT5=1 LUT6=4)
  Clock Path Skew:        -0.059ns (DCD - SCD + CPR)
    Destination Clock Delay (DCD):    2.653ns = ( 35.653 - 33.000 ) 
    Source Clock Delay      (SCD):    2.941ns
    Clock Pessimism Removal (CPR):    0.229ns
  Clock Uncertainty:      0.496ns  ((TSJ^2 + TIJ^2)^1/2 + DJ) / 2 + PE
    Total System Jitter     (TSJ):    0.071ns
    Total Input Jitter      (TIJ):    0.990ns
    Discrete Jitter          (DJ):    0.000ns
    Phase Error              (PE):    0.000ns

    Location             Delay type                Incr(ns)  Path(ns)    Netlist Resource(s)
  -------------------------------------------------------------------    -------------------
                         (clock clk_fpga_0 rise edge)
                                                      0.000     0.000 r  
    PS7_X0Y0             PS7                          0.000     0.000 r  mw0/datatrans_sys_i/processing_system7_0/inst/PS7_i/FCLKCLK[0]
                         net (fo=1, routed)           1.193     1.193    mw0/datatrans_sys_i/processing_system7_0/inst/FCLK_CLK_unbuffered[0]
    BUFGCTRL_X0Y16       BUFG (Prop_bufg_I_O)         0.101     1.294 r  mw0/datatrans_sys_i/processing_system7_0/inst/buffer_fclk_clk_0.FCLK_CLK_0_BUFG/O
                         net (fo=845, routed)         1.647     2.941    u0/axiclk
    SLICE_X35Y86         FDCE                                         r  u0/y_1_reg[7]/C
  -------------------------------------------------------------------    -------------------
    SLICE_X35Y86         FDCE (Prop_fdce_C_Q)         0.456     3.397 r  u0/y_1_reg[7]/Q
                         net (fo=10, routed)          0.835     4.232    u0/m2/Q[7]
    DSP48_X2Y36          DSP48E1 (Prop_dsp48e1_B[8]_P[8])
                                                      3.656     7.888 r  u0/m2/ab/P[8]
                         net (fo=3, routed)           1.530     9.418    u0/m3/P[3]
    SLICE_X37Y82         LUT3 (Prop_lut3_I2_O)        0.124     9.542 r  u0/m3/y2k__2_carry__0_i_9/O
                         net (fo=2, routed)           0.651    10.193    u0/m3/y2k__2_carry__0_i_9_n_0
    SLICE_X37Y82         LUT5 (Prop_lut5_I4_O)        0.153    10.346 r  u0/m3/y2k__2_carry__0_i_2/O
                         net (fo=2, routed)           0.538    10.883    u0/m3/ab_1[1]
    SLICE_X36Y82         LUT6 (Prop_lut6_I0_O)        0.327    11.210 r  u0/m3/y2k__2_carry__0_i_6/O
                         net (fo=1, routed)           0.000    11.210    u0/m3_n_27
    SLICE_X36Y82         CARRY4 (Prop_carry4_S[1]_O[3])
                                                      0.643    11.853 r  u0/y2k__2_carry__0/O[3]
                         net (fo=7, routed)           0.980    12.834    u0/m6/B[7]
    DSP48_X2Y34          DSP48E1 (Prop_dsp48e1_B[10]_P[6])
                                                      3.839    16.673 r  u0/m6/ab/P[6]
                         net (fo=3, routed)           0.856    17.529    u0/m7/P[1]
    SLICE_X34Y86         LUT3 (Prop_lut3_I2_O)        0.124    17.653 r  u0/m7/y2k1__2_carry_i_8/O
                         net (fo=3, routed)           0.581    18.233    u0/m7/y2k1__2_carry_i_8_n_0
    SLICE_X35Y85         LUT6 (Prop_lut6_I0_O)        0.124    18.357 r  u0/m7/y2k1__2_carry_i_5/O
                         net (fo=1, routed)           0.000    18.357    u0/m7_n_13
    SLICE_X35Y85         CARRY4 (Prop_carry4_S[2]_O[2])
                                                      0.248    18.605 r  u0/y2k1__2_carry/O[2]
                         net (fo=2, routed)           0.455    19.060    u0/y2k1[2]
    SLICE_X36Y85         LUT6 (Prop_lut6_I0_O)        0.302    19.362 r  u0/memdinb[10]_i_2/O
                         net (fo=1, routed)           0.343    19.705    u0/memdinb[10]_i_2_n_0
    SLICE_X37Y85         LUT6 (Prop_lut6_I0_O)        0.124    19.829 r  u0/memdinb[10]_i_1/O
                         net (fo=1, routed)           0.000    19.829    u0_n_6
    SLICE_X37Y85         FDRE                                         r  memdinb_reg[10]/D
  -------------------------------------------------------------------    -------------------

                         (clock clk_fpga_0 rise edge)
                                                     33.000    33.000 r  
    PS7_X0Y0             PS7                          0.000    33.000 r  mw0/datatrans_sys_i/processing_system7_0/inst/PS7_i/FCLKCLK[0]
                         net (fo=1, routed)           1.088    34.088    mw0/datatrans_sys_i/processing_system7_0/inst/FCLK_CLK_unbuffered[0]
    BUFGCTRL_X0Y16       BUFG (Prop_bufg_I_O)         0.091    34.179 r  mw0/datatrans_sys_i/processing_system7_0/inst/buffer_fclk_clk_0.FCLK_CLK_0_BUFG/O
                         net (fo=845, routed)         1.474    35.653    clk
    SLICE_X37Y85         FDRE                                         r  memdinb_reg[10]/C
                         clock pessimism              0.229    35.882    
                         clock uncertainty           -0.496    35.386    
    SLICE_X37Y85         FDRE (Setup_fdre_C_D)        0.029    35.415    memdinb_reg[10]
  -------------------------------------------------------------------
                         required time                         35.415    
                         arrival time                         -19.829    
  -------------------------------------------------------------------
                         slack                                 15.586    

Slack (MET) :             15.609ns  (required time - arrival time)
  Source:                 u0/y_1_reg[7]/C
                            (rising edge-triggered cell FDCE clocked by clk_fpga_0  {rise@0.000ns fall@16.500ns period=33.000ns})
  Destination:            u0/y_1_reg[7]/D
                            (rising edge-triggered cell FDCE clocked by clk_fpga_0  {rise@0.000ns fall@16.500ns period=33.000ns})
  Path Group:             clk_fpga_0
  Path Type:              Setup (Max at Slow Process Corner)
  Requirement:            33.000ns  (clk_fpga_0 rise@33.000ns - clk_fpga_0 rise@0.000ns)
  Data Path Delay:        16.946ns  (logic 10.347ns (61.058%)  route 6.599ns (38.942%))
  Logic Levels:           9  (CARRY4=2 DSP48E1=2 LUT3=2 LUT5=2 LUT6=1)
  Clock Path Skew:        0.000ns (DCD - SCD + CPR)
    Destination Clock Delay (DCD):    2.654ns = ( 35.654 - 33.000 ) 
    Source Clock Delay      (SCD):    2.941ns
    Clock Pessimism Removal (CPR):    0.287ns
  Clock Uncertainty:      0.496ns  ((TSJ^2 + TIJ^2)^1/2 + DJ) / 2 + PE
    Total System Jitter     (TSJ):    0.071ns
    Total Input Jitter      (TIJ):    0.990ns
    Discrete Jitter          (DJ):    0.000ns
    Phase Error              (PE):    0.000ns

    Location             Delay type                Incr(ns)  Path(ns)    Netlist Resource(s)
  -------------------------------------------------------------------    -------------------
                         (clock clk_fpga_0 rise edge)
                                                      0.000     0.000 r  
    PS7_X0Y0             PS7                          0.000     0.000 r  mw0/datatrans_sys_i/processing_system7_0/inst/PS7_i/FCLKCLK[0]
                         net (fo=1, routed)           1.193     1.193    mw0/datatrans_sys_i/processing_system7_0/inst/FCLK_CLK_unbuffered[0]
    BUFGCTRL_X0Y16       BUFG (Prop_bufg_I_O)         0.101     1.294 r  mw0/datatrans_sys_i/processing_system7_0/inst/buffer_fclk_clk_0.FCLK_CLK_0_BUFG/O
                         net (fo=845, routed)         1.647     2.941    u0/axiclk
    SLICE_X35Y86         FDCE                                         r  u0/y_1_reg[7]/C
  -------------------------------------------------------------------    -------------------
    SLICE_X35Y86         FDCE (Prop_fdce_C_Q)         0.456     3.397 r  u0/y_1_reg[7]/Q
                         net (fo=10, routed)          0.835     4.232    u0/m2/Q[7]
    DSP48_X2Y36          DSP48E1 (Prop_dsp48e1_B[8]_P[8])
                                                      3.656     7.888 r  u0/m2/ab/P[8]
                         net (fo=3, routed)           1.530     9.418    u0/m3/P[3]
    SLICE_X37Y82         LUT3 (Prop_lut3_I2_O)        0.124     9.542 r  u0/m3/y2k__2_carry__0_i_9/O
                         net (fo=2, routed)           0.651    10.193    u0/m3/y2k__2_carry__0_i_9_n_0
    SLICE_X37Y82         LUT5 (Prop_lut5_I4_O)        0.153    10.346 r  u0/m3/y2k__2_carry__0_i_2/O
                         net (fo=2, routed)           0.538    10.883    u0/m3/ab_1[1]
    SLICE_X36Y82         LUT6 (Prop_lut6_I0_O)        0.327    11.210 r  u0/m3/y2k__2_carry__0_i_6/O
                         net (fo=1, routed)           0.000    11.210    u0/m3_n_27
    SLICE_X36Y82         CARRY4 (Prop_carry4_S[1]_O[3])
                                                      0.643    11.853 r  u0/y2k__2_carry__0/O[3]
                         net (fo=7, routed)           0.980    12.834    u0/m6/B[7]
    DSP48_X2Y34          DSP48E1 (Prop_dsp48e1_B[10]_P[9])
                                                      3.839    16.673 r  u0/m6/ab/P[9]
                         net (fo=3, routed)           0.778    17.451    u0/m7/P[4]
    SLICE_X36Y86         LUT3 (Prop_lut3_I2_O)        0.116    17.567 r  u0/m7/y2k1__2_carry__0_i_8/O
                         net (fo=2, routed)           0.753    18.320    u0/m7/y2k1__2_carry__0_i_8_n_0
    SLICE_X34Y86         LUT5 (Prop_lut5_I4_O)        0.354    18.674 r  u0/m7/y2k1__2_carry__0_i_1/O
                         net (fo=2, routed)           0.534    19.208    u0/m7_n_9
    SLICE_X35Y86         CARRY4 (Prop_carry4_DI[2]_O[3])
                                                      0.679    19.887 r  u0/y2k1__2_carry__0/O[3]
                         net (fo=2, routed)           0.000    19.887    u0/y2k1[7]
    SLICE_X35Y86         FDCE                                         r  u0/y_1_reg[7]/D
  -------------------------------------------------------------------    -------------------

                         (clock clk_fpga_0 rise edge)
                                                     33.000    33.000 r  
    PS7_X0Y0             PS7                          0.000    33.000 r  mw0/datatrans_sys_i/processing_system7_0/inst/PS7_i/FCLKCLK[0]
                         net (fo=1, routed)           1.088    34.088    mw0/datatrans_sys_i/processing_system7_0/inst/FCLK_CLK_unbuffered[0]
    BUFGCTRL_X0Y16       BUFG (Prop_bufg_I_O)         0.091    34.179 r  mw0/datatrans_sys_i/processing_system7_0/inst/buffer_fclk_clk_0.FCLK_CLK_0_BUFG/O
                         net (fo=845, routed)         1.475    35.654    u0/axiclk
    SLICE_X35Y86         FDCE                                         r  u0/y_1_reg[7]/C
                         clock pessimism              0.287    35.941    
                         clock uncertainty           -0.496    35.445    
    SLICE_X35Y86         FDCE (Setup_fdce_C_D)        0.051    35.496    u0/y_1_reg[7]
  -------------------------------------------------------------------
                         required time                         35.496    
                         arrival time                         -19.887    
  -------------------------------------------------------------------
                         slack                                 15.609    

Slack (MET) :             15.678ns  (required time - arrival time)
  Source:                 u0/y_1_reg[7]/C
                            (rising edge-triggered cell FDCE clocked by clk_fpga_0  {rise@0.000ns fall@16.500ns period=33.000ns})
  Destination:            u0/y_1_reg[5]/D
                            (rising edge-triggered cell FDCE clocked by clk_fpga_0  {rise@0.000ns fall@16.500ns period=33.000ns})
  Path Group:             clk_fpga_0
  Path Type:              Setup (Max at Slow Process Corner)
  Requirement:            33.000ns  (clk_fpga_0 rise@33.000ns - clk_fpga_0 rise@0.000ns)
  Data Path Delay:        16.876ns  (logic 10.375ns (61.477%)  route 6.501ns (38.523%))
  Logic Levels:           10  (CARRY4=3 DSP48E1=2 LUT3=2 LUT5=2 LUT6=1)
  Clock Path Skew:        0.000ns (DCD - SCD + CPR)
    Destination Clock Delay (DCD):    2.654ns = ( 35.654 - 33.000 ) 
    Source Clock Delay      (SCD):    2.941ns
    Clock Pessimism Removal (CPR):    0.287ns
  Clock Uncertainty:      0.496ns  ((TSJ^2 + TIJ^2)^1/2 + DJ) / 2 + PE
    Total System Jitter     (TSJ):    0.071ns
    Total Input Jitter      (TIJ):    0.990ns
    Discrete Jitter          (DJ):    0.000ns
    Phase Error              (PE):    0.000ns

    Location             Delay type                Incr(ns)  Path(ns)    Netlist Resource(s)
  -------------------------------------------------------------------    -------------------
                         (clock clk_fpga_0 rise edge)
                                                      0.000     0.000 r  
    PS7_X0Y0             PS7                          0.000     0.000 r  mw0/datatrans_sys_i/processing_system7_0/inst/PS7_i/FCLKCLK[0]
                         net (fo=1, routed)           1.193     1.193    mw0/datatrans_sys_i/processing_system7_0/inst/FCLK_CLK_unbuffered[0]
    BUFGCTRL_X0Y16       BUFG (Prop_bufg_I_O)         0.101     1.294 r  mw0/datatrans_sys_i/processing_system7_0/inst/buffer_fclk_clk_0.FCLK_CLK_0_BUFG/O
                         net (fo=845, routed)         1.647     2.941    u0/axiclk
    SLICE_X35Y86         FDCE                                         r  u0/y_1_reg[7]/C
  -------------------------------------------------------------------    -------------------
    SLICE_X35Y86         FDCE (Prop_fdce_C_Q)         0.456     3.397 r  u0/y_1_reg[7]/Q
                         net (fo=10, routed)          0.835     4.232    u0/m2/Q[7]
    DSP48_X2Y36          DSP48E1 (Prop_dsp48e1_B[8]_P[8])
                                                      3.656     7.888 r  u0/m2/ab/P[8]
                         net (fo=3, routed)           1.530     9.418    u0/m3/P[3]
    SLICE_X37Y82         LUT3 (Prop_lut3_I2_O)        0.124     9.542 r  u0/m3/y2k__2_carry__0_i_9/O
                         net (fo=2, routed)           0.651    10.193    u0/m3/y2k__2_carry__0_i_9_n_0
    SLICE_X37Y82         LUT5 (Prop_lut5_I4_O)        0.153    10.346 r  u0/m3/y2k__2_carry__0_i_2/O
                         net (fo=2, routed)           0.538    10.883    u0/m3/ab_1[1]
    SLICE_X36Y82         LUT6 (Prop_lut6_I0_O)        0.327    11.210 r  u0/m3/y2k__2_carry__0_i_6/O
                         net (fo=1, routed)           0.000    11.210    u0/m3_n_27
    SLICE_X36Y82         CARRY4 (Prop_carry4_S[1]_O[3])
                                                      0.643    11.853 r  u0/y2k__2_carry__0/O[3]
                         net (fo=7, routed)           0.980    12.834    u0/m6/B[7]
    DSP48_X2Y34          DSP48E1 (Prop_dsp48e1_B[10]_P[6])
                                                      3.839    16.673 r  u0/m6/ab/P[6]
                         net (fo=3, routed)           0.856    17.529    u0/m7/P[1]
    SLICE_X34Y86         LUT3 (Prop_lut3_I2_O)        0.124    17.653 r  u0/m7/y2k1__2_carry_i_8/O
                         net (fo=3, routed)           0.575    18.228    u0/m7/y2k1__2_carry_i_8_n_0
    SLICE_X34Y85         LUT5 (Prop_lut5_I4_O)        0.116    18.344 r  u0/m7/y2k1__2_carry_i_1/O
                         net (fo=2, routed)           0.537    18.880    u0/m7_n_7
    SLICE_X35Y85         CARRY4 (Prop_carry4_DI[3]_CO[3])
                                                      0.589    19.469 r  u0/y2k1__2_carry/CO[3]
                         net (fo=1, routed)           0.000    19.469    u0/y2k1__2_carry_n_0
    SLICE_X35Y86         CARRY4 (Prop_carry4_CI_O[1])
                                                      0.348    19.817 r  u0/y2k1__2_carry__0/O[1]
                         net (fo=2, routed)           0.000    19.817    u0/y2k1[5]
    SLICE_X35Y86         FDCE                                         r  u0/y_1_reg[5]/D
  -------------------------------------------------------------------    -------------------

                         (clock clk_fpga_0 rise edge)
                                                     33.000    33.000 r  
    PS7_X0Y0             PS7                          0.000    33.000 r  mw0/datatrans_sys_i/processing_system7_0/inst/PS7_i/FCLKCLK[0]
                         net (fo=1, routed)           1.088    34.088    mw0/datatrans_sys_i/processing_system7_0/inst/FCLK_CLK_unbuffered[0]
    BUFGCTRL_X0Y16       BUFG (Prop_bufg_I_O)         0.091    34.179 r  mw0/datatrans_sys_i/processing_system7_0/inst/buffer_fclk_clk_0.FCLK_CLK_0_BUFG/O
                         net (fo=845, routed)         1.475    35.654    u0/axiclk
    SLICE_X35Y86         FDCE                                         r  u0/y_1_reg[5]/C
                         clock pessimism              0.287    35.941    
                         clock uncertainty           -0.496    35.445    
    SLICE_X35Y86         FDCE (Setup_fdce_C_D)        0.051    35.496    u0/y_1_reg[5]
  -------------------------------------------------------------------
                         required time                         35.496    
                         arrival time                         -19.817    
  -------------------------------------------------------------------
                         slack                                 15.678    

Slack (MET) :             15.686ns  (required time - arrival time)
  Source:                 u0/y_1_reg[7]/C
                            (rising edge-triggered cell FDCE clocked by clk_fpga_0  {rise@0.000ns fall@16.500ns period=33.000ns})
  Destination:            u0/y_1_reg[6]/D
                            (rising edge-triggered cell FDCE clocked by clk_fpga_0  {rise@0.000ns fall@16.500ns period=33.000ns})
  Path Group:             clk_fpga_0
  Path Type:              Setup (Max at Slow Process Corner)
  Requirement:            33.000ns  (clk_fpga_0 rise@33.000ns - clk_fpga_0 rise@0.000ns)
  Data Path Delay:        16.868ns  (logic 10.406ns (61.689%)  route 6.462ns (38.311%))
  Logic Levels:           10  (CARRY4=2 DSP48E1=2 LUT3=2 LUT5=2 LUT6=2)
  Clock Path Skew:        0.000ns (DCD - SCD + CPR)
    Destination Clock Delay (DCD):    2.654ns = ( 35.654 - 33.000 ) 
    Source Clock Delay      (SCD):    2.941ns
    Clock Pessimism Removal (CPR):    0.287ns
  Clock Uncertainty:      0.496ns  ((TSJ^2 + TIJ^2)^1/2 + DJ) / 2 + PE
    Total System Jitter     (TSJ):    0.071ns
    Total Input Jitter      (TIJ):    0.990ns
    Discrete Jitter          (DJ):    0.000ns
    Phase Error              (PE):    0.000ns

    Location             Delay type                Incr(ns)  Path(ns)    Netlist Resource(s)
  -------------------------------------------------------------------    -------------------
                         (clock clk_fpga_0 rise edge)
                                                      0.000     0.000 r  
    PS7_X0Y0             PS7                          0.000     0.000 r  mw0/datatrans_sys_i/processing_system7_0/inst/PS7_i/FCLKCLK[0]
                         net (fo=1, routed)           1.193     1.193    mw0/datatrans_sys_i/processing_system7_0/inst/FCLK_CLK_unbuffered[0]
    BUFGCTRL_X0Y16       BUFG (Prop_bufg_I_O)         0.101     1.294 r  mw0/datatrans_sys_i/processing_system7_0/inst/buffer_fclk_clk_0.FCLK_CLK_0_BUFG/O
                         net (fo=845, routed)         1.647     2.941    u0/axiclk
    SLICE_X35Y86         FDCE                                         r  u0/y_1_reg[7]/C
  -------------------------------------------------------------------    -------------------
    SLICE_X35Y86         FDCE (Prop_fdce_C_Q)         0.456     3.397 r  u0/y_1_reg[7]/Q
                         net (fo=10, routed)          0.835     4.232    u0/m2/Q[7]
    DSP48_X2Y36          DSP48E1 (Prop_dsp48e1_B[8]_P[8])
                                                      3.656     7.888 r  u0/m2/ab/P[8]
                         net (fo=3, routed)           1.530     9.418    u0/m3/P[3]
    SLICE_X37Y82         LUT3 (Prop_lut3_I2_O)        0.124     9.542 r  u0/m3/y2k__2_carry__0_i_9/O
                         net (fo=2, routed)           0.651    10.193    u0/m3/y2k__2_carry__0_i_9_n_0
    SLICE_X37Y82         LUT5 (Prop_lut5_I4_O)        0.153    10.346 r  u0/m3/y2k__2_carry__0_i_2/O
                         net (fo=2, routed)           0.538    10.883    u0/m3/ab_1[1]
    SLICE_X36Y82         LUT6 (Prop_lut6_I0_O)        0.327    11.210 r  u0/m3/y2k__2_carry__0_i_6/O
                         net (fo=1, routed)           0.000    11.210    u0/m3_n_27
    SLICE_X36Y82         CARRY4 (Prop_carry4_S[1]_O[3])
                                                      0.643    11.853 r  u0/y2k__2_carry__0/O[3]
                         net (fo=7, routed)           0.980    12.834    u0/m6/B[7]
    DSP48_X2Y34          DSP48E1 (Prop_dsp48e1_B[10]_P[8])
                                                      3.839    16.673 r  u0/m6/ab/P[8]
                         net (fo=3, routed)           0.779    17.452    u0/m7/P[3]
    SLICE_X34Y86         LUT3 (Prop_lut3_I2_O)        0.124    17.576 r  u0/m7/y2k1__2_carry__0_i_9/O
                         net (fo=2, routed)           0.806    18.382    u0/m7/y2k1__2_carry__0_i_9_n_0
    SLICE_X34Y86         LUT5 (Prop_lut5_I4_O)        0.149    18.531 r  u0/m7/y2k1__2_carry__0_i_2/O
                         net (fo=2, routed)           0.344    18.874    u0/m7/ab_1[1]
    SLICE_X35Y86         LUT6 (Prop_lut6_I0_O)        0.355    19.229 r  u0/m7/y2k1__2_carry__0_i_6/O
                         net (fo=1, routed)           0.000    19.229    u0/m7_n_16
    SLICE_X35Y86         CARRY4 (Prop_carry4_S[1]_O[2])
                                                      0.580    19.809 r  u0/y2k1__2_carry__0/O[2]
                         net (fo=2, routed)           0.000    19.809    u0/y2k1[6]
    SLICE_X35Y86         FDCE                                         r  u0/y_1_reg[6]/D
  -------------------------------------------------------------------    -------------------

                         (clock clk_fpga_0 rise edge)
                                                     33.000    33.000 r  
    PS7_X0Y0             PS7                          0.000    33.000 r  mw0/datatrans_sys_i/processing_system7_0/inst/PS7_i/FCLKCLK[0]
                         net (fo=1, routed)           1.088    34.088    mw0/datatrans_sys_i/processing_system7_0/inst/FCLK_CLK_unbuffered[0]
    BUFGCTRL_X0Y16       BUFG (Prop_bufg_I_O)         0.091    34.179 r  mw0/datatrans_sys_i/processing_system7_0/inst/buffer_fclk_clk_0.FCLK_CLK_0_BUFG/O
                         net (fo=845, routed)         1.475    35.654    u0/axiclk
    SLICE_X35Y86         FDCE                                         r  u0/y_1_reg[6]/C
                         clock pessimism              0.287    35.941    
                         clock uncertainty           -0.496    35.445    
    SLICE_X35Y86         FDCE (Setup_fdce_C_D)        0.051    35.496    u0/y_1_reg[6]
  -------------------------------------------------------------------
                         required time                         35.496    
                         arrival time                         -19.809    
  -------------------------------------------------------------------
                         slack                                 15.686    

Slack (MET) :             15.792ns  (required time - arrival time)
  Source:                 u0/y_1_reg[7]/C
                            (rising edge-triggered cell FDCE clocked by clk_fpga_0  {rise@0.000ns fall@16.500ns period=33.000ns})
  Destination:            u0/y_1_reg[4]/D
                            (rising edge-triggered cell FDCE clocked by clk_fpga_0  {rise@0.000ns fall@16.500ns period=33.000ns})
  Path Group:             clk_fpga_0
  Path Type:              Setup (Max at Slow Process Corner)
  Requirement:            33.000ns  (clk_fpga_0 rise@33.000ns - clk_fpga_0 rise@0.000ns)
  Data Path Delay:        16.763ns  (logic 10.262ns (61.217%)  route 6.501ns (38.783%))
  Logic Levels:           10  (CARRY4=3 DSP48E1=2 LUT3=2 LUT5=2 LUT6=1)
  Clock Path Skew:        0.000ns (DCD - SCD + CPR)
    Destination Clock Delay (DCD):    2.654ns = ( 35.654 - 33.000 ) 
    Source Clock Delay      (SCD):    2.941ns
    Clock Pessimism Removal (CPR):    0.287ns
  Clock Uncertainty:      0.496ns  ((TSJ^2 + TIJ^2)^1/2 + DJ) / 2 + PE
    Total System Jitter     (TSJ):    0.071ns
    Total Input Jitter      (TIJ):    0.990ns
    Discrete Jitter          (DJ):    0.000ns
    Phase Error              (PE):    0.000ns

    Location             Delay type                Incr(ns)  Path(ns)    Netlist Resource(s)
  -------------------------------------------------------------------    -------------------
                         (clock clk_fpga_0 rise edge)
                                                      0.000     0.000 r  
    PS7_X0Y0             PS7                          0.000     0.000 r  mw0/datatrans_sys_i/processing_system7_0/inst/PS7_i/FCLKCLK[0]
                         net (fo=1, routed)           1.193     1.193    mw0/datatrans_sys_i/processing_system7_0/inst/FCLK_CLK_unbuffered[0]
    BUFGCTRL_X0Y16       BUFG (Prop_bufg_I_O)         0.101     1.294 r  mw0/datatrans_sys_i/processing_system7_0/inst/buffer_fclk_clk_0.FCLK_CLK_0_BUFG/O
                         net (fo=845, routed)         1.647     2.941    u0/axiclk
    SLICE_X35Y86         FDCE                                         r  u0/y_1_reg[7]/C
  -------------------------------------------------------------------    -------------------
    SLICE_X35Y86         FDCE (Prop_fdce_C_Q)         0.456     3.397 r  u0/y_1_reg[7]/Q
                         net (fo=10, routed)          0.835     4.232    u0/m2/Q[7]
    DSP48_X2Y36          DSP48E1 (Prop_dsp48e1_B[8]_P[8])
                                                      3.656     7.888 r  u0/m2/ab/P[8]
                         net (fo=3, routed)           1.530     9.418    u0/m3/P[3]
    SLICE_X37Y82         LUT3 (Prop_lut3_I2_O)        0.124     9.542 r  u0/m3/y2k__2_carry__0_i_9/O
                         net (fo=2, routed)           0.651    10.193    u0/m3/y2k__2_carry__0_i_9_n_0
    SLICE_X37Y82         LUT5 (Prop_lut5_I4_O)        0.153    10.346 r  u0/m3/y2k__2_carry__0_i_2/O
                         net (fo=2, routed)           0.538    10.883    u0/m3/ab_1[1]
    SLICE_X36Y82         LUT6 (Prop_lut6_I0_O)        0.327    11.210 r  u0/m3/y2k__2_carry__0_i_6/O
                         net (fo=1, routed)           0.000    11.210    u0/m3_n_27
    SLICE_X36Y82         CARRY4 (Prop_carry4_S[1]_O[3])
                                                      0.643    11.853 r  u0/y2k__2_carry__0/O[3]
                         net (fo=7, routed)           0.980    12.834    u0/m6/B[7]
    DSP48_X2Y34          DSP48E1 (Prop_dsp48e1_B[10]_P[6])
                                                      3.839    16.673 r  u0/m6/ab/P[6]
                         net (fo=3, routed)           0.856    17.529    u0/m7/P[1]
    SLICE_X34Y86         LUT3 (Prop_lut3_I2_O)        0.124    17.653 r  u0/m7/y2k1__2_carry_i_8/O
                         net (fo=3, routed)           0.575    18.228    u0/m7/y2k1__2_carry_i_8_n_0
    SLICE_X34Y85         LUT5 (Prop_lut5_I4_O)        0.116    18.344 r  u0/m7/y2k1__2_carry_i_1/O
                         net (fo=2, routed)           0.537    18.880    u0/m7_n_7
    SLICE_X35Y85         CARRY4 (Prop_carry4_DI[3]_CO[3])
                                                      0.589    19.469 r  u0/y2k1__2_carry/CO[3]
                         net (fo=1, routed)           0.000    19.469    u0/y2k1__2_carry_n_0
    SLICE_X35Y86         CARRY4 (Prop_carry4_CI_O[0])
                                                      0.235    19.704 r  u0/y2k1__2_carry__0/O[0]
                         net (fo=2, routed)           0.000    19.704    u0/y2k1[4]
    SLICE_X35Y86         FDCE                                         r  u0/y_1_reg[4]/D
  -------------------------------------------------------------------    -------------------

                         (clock clk_fpga_0 rise edge)
                                                     33.000    33.000 r  
    PS7_X0Y0             PS7                          0.000    33.000 r  mw0/datatrans_sys_i/processing_system7_0/inst/PS7_i/FCLKCLK[0]
                         net (fo=1, routed)           1.088    34.088    mw0/datatrans_sys_i/processing_system7_0/inst/FCLK_CLK_unbuffered[0]
    BUFGCTRL_X0Y16       BUFG (Prop_bufg_I_O)         0.091    34.179 r  mw0/datatrans_sys_i/processing_system7_0/inst/buffer_fclk_clk_0.FCLK_CLK_0_BUFG/O
                         net (fo=845, routed)         1.475    35.654    u0/axiclk
    SLICE_X35Y86         FDCE                                         r  u0/y_1_reg[4]/C
                         clock pessimism              0.287    35.941    
                         clock uncertainty           -0.496    35.445    
    SLICE_X35Y86         FDCE (Setup_fdce_C_D)        0.051    35.496    u0/y_1_reg[4]
  -------------------------------------------------------------------
                         required time                         35.496    
                         arrival time                         -19.704    
  -------------------------------------------------------------------
                         slack                                 15.792    





Min Delay Paths
--------------------------------------------------------------------------------------
Slack (MET) :             0.039ns  (arrival time - required time)
  Source:                 mw0/datatrans_sys_i/processing_system7_0_axi_periph/s00_couplers/auto_pc/inst/gen_axilite.gen_b2s_conv.axilite_b2s/WR.aw_channel_0/s_awid_r_reg[4]/C
                            (rising edge-triggered cell FDRE clocked by clk_fpga_0  {rise@0.000ns fall@16.500ns period=33.000ns})
  Destination:            mw0/datatrans_sys_i/processing_system7_0_axi_periph/s00_couplers/auto_pc/inst/gen_axilite.gen_b2s_conv.axilite_b2s/WR.b_channel_0/bid_fifo_0/memory_reg[3][12]_srl4/D
                            (rising edge-triggered cell SRL16E clocked by clk_fpga_0  {rise@0.000ns fall@16.500ns period=33.000ns})
  Path Group:             clk_fpga_0
  Path Type:              Hold (Min at Fast Process Corner)
  Requirement:            0.000ns  (clk_fpga_0 rise@0.000ns - clk_fpga_0 rise@0.000ns)
  Data Path Delay:        0.340ns  (logic 0.141ns (41.430%)  route 0.199ns (58.570%))
  Logic Levels:           0  
  Clock Path Skew:        0.184ns (DCD - SCD - CPR)
    Destination Clock Delay (DCD):    1.210ns
    Source Clock Delay      (SCD):    0.991ns
    Clock Pessimism Removal (CPR):    0.035ns

    Location             Delay type                Incr(ns)  Path(ns)    Netlist Resource(s)
  -------------------------------------------------------------------    -------------------
                         (clock clk_fpga_0 rise edge)
                                                      0.000     0.000 r  
    PS7_X0Y0             PS7                          0.000     0.000 r  mw0/datatrans_sys_i/processing_system7_0/inst/PS7_i/FCLKCLK[0]
                         net (fo=1, routed)           0.310     0.310    mw0/datatrans_sys_i/processing_system7_0/inst/FCLK_CLK_unbuffered[0]
    BUFGCTRL_X0Y16       BUFG (Prop_bufg_I_O)         0.026     0.336 r  mw0/datatrans_sys_i/processing_system7_0/inst/buffer_fclk_clk_0.FCLK_CLK_0_BUFG/O
                         net (fo=845, routed)         0.655     0.991    mw0/datatrans_sys_i/processing_system7_0_axi_periph/s00_couplers/auto_pc/inst/gen_axilite.gen_b2s_conv.axilite_b2s/WR.aw_channel_0/aclk
    SLICE_X27Y104        FDRE                                         r  mw0/datatrans_sys_i/processing_system7_0_axi_periph/s00_couplers/auto_pc/inst/gen_axilite.gen_b2s_conv.axilite_b2s/WR.aw_channel_0/s_awid_r_reg[4]/C
  -------------------------------------------------------------------    -------------------
    SLICE_X27Y104        FDRE (Prop_fdre_C_Q)         0.141     1.132 r  mw0/datatrans_sys_i/processing_system7_0_axi_periph/s00_couplers/auto_pc/inst/gen_axilite.gen_b2s_conv.axilite_b2s/WR.aw_channel_0/s_awid_r_reg[4]/Q
                         net (fo=1, routed)           0.199     1.331    mw0/datatrans_sys_i/processing_system7_0_axi_periph/s00_couplers/auto_pc/inst/gen_axilite.gen_b2s_conv.axilite_b2s/WR.b_channel_0/bid_fifo_0/in[8]
    SLICE_X26Y99         SRL16E                                       r  mw0/datatrans_sys_i/processing_system7_0_axi_periph/s00_couplers/auto_pc/inst/gen_axilite.gen_b2s_conv.axilite_b2s/WR.b_channel_0/bid_fifo_0/memory_reg[3][12]_srl4/D
  -------------------------------------------------------------------    -------------------

                         (clock clk_fpga_0 rise edge)
                                                      0.000     0.000 r  
    PS7_X0Y0             PS7                          0.000     0.000 r  mw0/datatrans_sys_i/processing_system7_0/inst/PS7_i/FCLKCLK[0]
                         net (fo=1, routed)           0.337     0.337    mw0/datatrans_sys_i/processing_system7_0/inst/FCLK_CLK_unbuffered[0]
    BUFGCTRL_X0Y16       BUFG (Prop_bufg_I_O)         0.029     0.366 r  mw0/datatrans_sys_i/processing_system7_0/inst/buffer_fclk_clk_0.FCLK_CLK_0_BUFG/O
                         net (fo=845, routed)         0.844     1.210    mw0/datatrans_sys_i/processing_system7_0_axi_periph/s00_couplers/auto_pc/inst/gen_axilite.gen_b2s_conv.axilite_b2s/WR.b_channel_0/bid_fifo_0/aclk
    SLICE_X26Y99         SRL16E                                       r  mw0/datatrans_sys_i/processing_system7_0_axi_periph/s00_couplers/auto_pc/inst/gen_axilite.gen_b2s_conv.axilite_b2s/WR.b_channel_0/bid_fifo_0/memory_reg[3][12]_srl4/CLK
                         clock pessimism             -0.035     1.175    
    SLICE_X26Y99         SRL16E (Hold_srl16e_CLK_D)
                                                      0.117     1.292    mw0/datatrans_sys_i/processing_system7_0_axi_periph/s00_couplers/auto_pc/inst/gen_axilite.gen_b2s_conv.axilite_b2s/WR.b_channel_0/bid_fifo_0/memory_reg[3][12]_srl4
  -------------------------------------------------------------------
                         required time                         -1.292    
                         arrival time                           1.331    
  -------------------------------------------------------------------
                         slack                                  0.039    

Slack (MET) :             0.041ns  (arrival time - required time)
  Source:                 mw0/datatrans_sys_i/processing_system7_0_axi_periph/s00_couplers/auto_pc/inst/gen_axilite.gen_b2s_conv.axilite_b2s/WR.aw_channel_0/s_awid_r_reg[5]/C
                            (rising edge-triggered cell FDRE clocked by clk_fpga_0  {rise@0.000ns fall@16.500ns period=33.000ns})
  Destination:            mw0/datatrans_sys_i/processing_system7_0_axi_periph/s00_couplers/auto_pc/inst/gen_axilite.gen_b2s_conv.axilite_b2s/WR.b_channel_0/bid_fifo_0/memory_reg[3][13]_srl4/D
                            (rising edge-triggered cell SRL16E clocked by clk_fpga_0  {rise@0.000ns fall@16.500ns period=33.000ns})
  Path Group:             clk_fpga_0
  Path Type:              Hold (Min at Fast Process Corner)
  Requirement:            0.000ns  (clk_fpga_0 rise@0.000ns - clk_fpga_0 rise@0.000ns)
  Data Path Delay:        0.340ns  (logic 0.141ns (41.430%)  route 0.199ns (58.570%))
  Logic Levels:           0  
  Clock Path Skew:        0.184ns (DCD - SCD - CPR)
    Destination Clock Delay (DCD):    1.210ns
    Source Clock Delay      (SCD):    0.991ns
    Clock Pessimism Removal (CPR):    0.035ns

    Location             Delay type                Incr(ns)  Path(ns)    Netlist Resource(s)
  -------------------------------------------------------------------    -------------------
                         (clock clk_fpga_0 rise edge)
                                                      0.000     0.000 r  
    PS7_X0Y0             PS7                          0.000     0.000 r  mw0/datatrans_sys_i/processing_system7_0/inst/PS7_i/FCLKCLK[0]
                         net (fo=1, routed)           0.310     0.310    mw0/datatrans_sys_i/processing_system7_0/inst/FCLK_CLK_unbuffered[0]
    BUFGCTRL_X0Y16       BUFG (Prop_bufg_I_O)         0.026     0.336 r  mw0/datatrans_sys_i/processing_system7_0/inst/buffer_fclk_clk_0.FCLK_CLK_0_BUFG/O
                         net (fo=845, routed)         0.655     0.991    mw0/datatrans_sys_i/processing_system7_0_axi_periph/s00_couplers/auto_pc/inst/gen_axilite.gen_b2s_conv.axilite_b2s/WR.aw_channel_0/aclk
    SLICE_X27Y104        FDRE                                         r  mw0/datatrans_sys_i/processing_system7_0_axi_periph/s00_couplers/auto_pc/inst/gen_axilite.gen_b2s_conv.axilite_b2s/WR.aw_channel_0/s_awid_r_reg[5]/C
  -------------------------------------------------------------------    -------------------
    SLICE_X27Y104        FDRE (Prop_fdre_C_Q)         0.141     1.132 r  mw0/datatrans_sys_i/processing_system7_0_axi_periph/s00_couplers/auto_pc/inst/gen_axilite.gen_b2s_conv.axilite_b2s/WR.aw_channel_0/s_awid_r_reg[5]/Q
                         net (fo=1, routed)           0.199     1.331    mw0/datatrans_sys_i/processing_system7_0_axi_periph/s00_couplers/auto_pc/inst/gen_axilite.gen_b2s_conv.axilite_b2s/WR.b_channel_0/bid_fifo_0/in[9]
    SLICE_X26Y99         SRL16E                                       r  mw0/datatrans_sys_i/processing_system7_0_axi_periph/s00_couplers/auto_pc/inst/gen_axilite.gen_b2s_conv.axilite_b2s/WR.b_channel_0/bid_fifo_0/memory_reg[3][13]_srl4/D
  -------------------------------------------------------------------    -------------------

                         (clock clk_fpga_0 rise edge)
                                                      0.000     0.000 r  
    PS7_X0Y0             PS7                          0.000     0.000 r  mw0/datatrans_sys_i/processing_system7_0/inst/PS7_i/FCLKCLK[0]
                         net (fo=1, routed)           0.337     0.337    mw0/datatrans_sys_i/processing_system7_0/inst/FCLK_CLK_unbuffered[0]
    BUFGCTRL_X0Y16       BUFG (Prop_bufg_I_O)         0.029     0.366 r  mw0/datatrans_sys_i/processing_system7_0/inst/buffer_fclk_clk_0.FCLK_CLK_0_BUFG/O
                         net (fo=845, routed)         0.844     1.210    mw0/datatrans_sys_i/processing_system7_0_axi_periph/s00_couplers/auto_pc/inst/gen_axilite.gen_b2s_conv.axilite_b2s/WR.b_channel_0/bid_fifo_0/aclk
    SLICE_X26Y99         SRL16E                                       r  mw0/datatrans_sys_i/processing_system7_0_axi_periph/s00_couplers/auto_pc/inst/gen_axilite.gen_b2s_conv.axilite_b2s/WR.b_channel_0/bid_fifo_0/memory_reg[3][13]_srl4/CLK
                         clock pessimism             -0.035     1.175    
    SLICE_X26Y99         SRL16E (Hold_srl16e_CLK_D)
                                                      0.115     1.290    mw0/datatrans_sys_i/processing_system7_0_axi_periph/s00_couplers/auto_pc/inst/gen_axilite.gen_b2s_conv.axilite_b2s/WR.b_channel_0/bid_fifo_0/memory_reg[3][13]_srl4
  -------------------------------------------------------------------
                         required time                         -1.290    
                         arrival time                           1.331    
  -------------------------------------------------------------------
                         slack                                  0.041    

Slack (MET) :             0.046ns  (arrival time - required time)
  Source:                 mw0/datatrans_sys_i/processing_system7_0_axi_periph/s00_couplers/auto_pc/inst/gen_axilite.gen_b2s_conv.axilite_b2s/SI_REG/b.b_pipe/m_payload_i_reg[12]/C
                            (rising edge-triggered cell FDRE clocked by clk_fpga_0  {rise@0.000ns fall@16.500ns period=33.000ns})
  Destination:            mw0/datatrans_sys_i/processing_system7_0/inst/PS7_i/MAXIGP0BID[10]
                            (rising edge-triggered cell PS7 clocked by clk_fpga_0  {rise@0.000ns fall@16.500ns period=33.000ns})
  Path Group:             clk_fpga_0
  Path Type:              Hold (Min at Fast Process Corner)
  Requirement:            0.000ns  (clk_fpga_0 rise@0.000ns - clk_fpga_0 rise@0.000ns)
  Data Path Delay:        0.270ns  (logic 0.141ns (52.263%)  route 0.129ns (47.737%))
  Logic Levels:           0  
  Clock Path Skew:        0.224ns (DCD - SCD - CPR)
    Destination Clock Delay (DCD):    1.251ns
    Source Clock Delay      (SCD):    0.992ns
    Clock Pessimism Removal (CPR):    0.035ns

    Location             Delay type                Incr(ns)  Path(ns)    Netlist Resource(s)
  -------------------------------------------------------------------    -------------------
                         (clock clk_fpga_0 rise edge)
                                                      0.000     0.000 r  
    PS7_X0Y0             PS7                          0.000     0.000 r  mw0/datatrans_sys_i/processing_system7_0/inst/PS7_i/FCLKCLK[0]
                         net (fo=1, routed)           0.310     0.310    mw0/datatrans_sys_i/processing_system7_0/inst/FCLK_CLK_unbuffered[0]
    BUFGCTRL_X0Y16       BUFG (Prop_bufg_I_O)         0.026     0.336 r  mw0/datatrans_sys_i/processing_system7_0/inst/buffer_fclk_clk_0.FCLK_CLK_0_BUFG/O
                         net (fo=845, routed)         0.656     0.992    mw0/datatrans_sys_i/processing_system7_0_axi_periph/s00_couplers/auto_pc/inst/gen_axilite.gen_b2s_conv.axilite_b2s/SI_REG/b.b_pipe/aclk
    SLICE_X27Y100        FDRE                                         r  mw0/datatrans_sys_i/processing_system7_0_axi_periph/s00_couplers/auto_pc/inst/gen_axilite.gen_b2s_conv.axilite_b2s/SI_REG/b.b_pipe/m_payload_i_reg[12]/C
  -------------------------------------------------------------------    -------------------
    SLICE_X27Y100        FDRE (Prop_fdre_C_Q)         0.141     1.133 r  mw0/datatrans_sys_i/processing_system7_0_axi_periph/s00_couplers/auto_pc/inst/gen_axilite.gen_b2s_conv.axilite_b2s/SI_REG/b.b_pipe/m_payload_i_reg[12]/Q
                         net (fo=1, routed)           0.129     1.262    mw0/datatrans_sys_i/processing_system7_0/inst/M_AXI_GP0_BID[10]
    PS7_X0Y0             PS7                                          r  mw0/datatrans_sys_i/processing_system7_0/inst/PS7_i/MAXIGP0BID[10]
  -------------------------------------------------------------------    -------------------

                         (clock clk_fpga_0 rise edge)
                                                      0.000     0.000 r  
    PS7_X0Y0             PS7                          0.000     0.000 r  mw0/datatrans_sys_i/processing_system7_0/inst/PS7_i/FCLKCLK[0]
                         net (fo=1, routed)           0.337     0.337    mw0/datatrans_sys_i/processing_system7_0/inst/FCLK_CLK_unbuffered[0]
    BUFGCTRL_X0Y16       BUFG (Prop_bufg_I_O)         0.029     0.366 r  mw0/datatrans_sys_i/processing_system7_0/inst/buffer_fclk_clk_0.FCLK_CLK_0_BUFG/O
                         net (fo=845, routed)         0.885     1.251    mw0/datatrans_sys_i/processing_system7_0/inst/M_AXI_GP0_ACLK
    PS7_X0Y0             PS7                                          r  mw0/datatrans_sys_i/processing_system7_0/inst/PS7_i/MAXIGP0ACLK
                         clock pessimism             -0.035     1.216    
    PS7_X0Y0             PS7 (Hold_ps7_MAXIGP0ACLK_MAXIGP0BID[10])
                                                      0.000     1.216    mw0/datatrans_sys_i/processing_system7_0/inst/PS7_i
  -------------------------------------------------------------------
                         required time                         -1.216    
                         arrival time                           1.262    
  -------------------------------------------------------------------
                         slack                                  0.046    

Slack (MET) :             0.061ns  (arrival time - required time)
  Source:                 mw0/datatrans_sys_i/trans_0/inst/trans_v1_0_S00_AXI_inst/axi_rdata_reg[3]/C
                            (rising edge-triggered cell FDRE clocked by clk_fpga_0  {rise@0.000ns fall@16.500ns period=33.000ns})
  Destination:            mw0/datatrans_sys_i/processing_system7_0_axi_periph/s00_couplers/auto_pc/inst/gen_axilite.gen_b2s_conv.axilite_b2s/RD.r_channel_0/rd_data_fifo_0/memory_reg[31][3]_srl32/D
                            (rising edge-triggered cell SRLC32E clocked by clk_fpga_0  {rise@0.000ns fall@16.500ns period=33.000ns})
  Path Group:             clk_fpga_0
  Path Type:              Hold (Min at Fast Process Corner)
  Requirement:            0.000ns  (clk_fpga_0 rise@0.000ns - clk_fpga_0 rise@0.000ns)
  Data Path Delay:        0.257ns  (logic 0.141ns (54.828%)  route 0.116ns (45.172%))
  Logic Levels:           0  
  Clock Path Skew:        0.013ns (DCD - SCD - CPR)
    Destination Clock Delay (DCD):    1.207ns
    Source Clock Delay      (SCD):    0.907ns
    Clock Pessimism Removal (CPR):    0.287ns

    Location             Delay type                Incr(ns)  Path(ns)    Netlist Resource(s)
  -------------------------------------------------------------------    -------------------
                         (clock clk_fpga_0 rise edge)
                                                      0.000     0.000 r  
    PS7_X0Y0             PS7                          0.000     0.000 r  mw0/datatrans_sys_i/processing_system7_0/inst/PS7_i/FCLKCLK[0]
                         net (fo=1, routed)           0.310     0.310    mw0/datatrans_sys_i/processing_system7_0/inst/FCLK_CLK_unbuffered[0]
    BUFGCTRL_X0Y16       BUFG (Prop_bufg_I_O)         0.026     0.336 r  mw0/datatrans_sys_i/processing_system7_0/inst/buffer_fclk_clk_0.FCLK_CLK_0_BUFG/O
                         net (fo=845, routed)         0.571     0.907    mw0/datatrans_sys_i/trans_0/inst/trans_v1_0_S00_AXI_inst/s00_axi_aclk
    SLICE_X27Y88         FDRE                                         r  mw0/datatrans_sys_i/trans_0/inst/trans_v1_0_S00_AXI_inst/axi_rdata_reg[3]/C
  -------------------------------------------------------------------    -------------------
    SLICE_X27Y88         FDRE (Prop_fdre_C_Q)         0.141     1.048 r  mw0/datatrans_sys_i/trans_0/inst/trans_v1_0_S00_AXI_inst/axi_rdata_reg[3]/Q
                         net (fo=1, routed)           0.116     1.164    mw0/datatrans_sys_i/processing_system7_0_axi_periph/s00_couplers/auto_pc/inst/gen_axilite.gen_b2s_conv.axilite_b2s/RD.r_channel_0/rd_data_fifo_0/in[3]
    SLICE_X26Y88         SRLC32E                                      r  mw0/datatrans_sys_i/processing_system7_0_axi_periph/s00_couplers/auto_pc/inst/gen_axilite.gen_b2s_conv.axilite_b2s/RD.r_channel_0/rd_data_fifo_0/memory_reg[31][3]_srl32/D
  -------------------------------------------------------------------    -------------------

                         (clock clk_fpga_0 rise edge)
                                                      0.000     0.000 r  
    PS7_X0Y0             PS7                          0.000     0.000 r  mw0/datatrans_sys_i/processing_system7_0/inst/PS7_i/FCLKCLK[0]
                         net (fo=1, routed)           0.337     0.337    mw0/datatrans_sys_i/processing_system7_0/inst/FCLK_CLK_unbuffered[0]
    BUFGCTRL_X0Y16       BUFG (Prop_bufg_I_O)         0.029     0.366 r  mw0/datatrans_sys_i/processing_system7_0/inst/buffer_fclk_clk_0.FCLK_CLK_0_BUFG/O
                         net (fo=845, routed)         0.841     1.207    mw0/datatrans_sys_i/processing_system7_0_axi_periph/s00_couplers/auto_pc/inst/gen_axilite.gen_b2s_conv.axilite_b2s/RD.r_channel_0/rd_data_fifo_0/aclk
    SLICE_X26Y88         SRLC32E                                      r  mw0/datatrans_sys_i/processing_system7_0_axi_periph/s00_couplers/auto_pc/inst/gen_axilite.gen_b2s_conv.axilite_b2s/RD.r_channel_0/rd_data_fifo_0/memory_reg[31][3]_srl32/CLK
                         clock pessimism             -0.287     0.920    
    SLICE_X26Y88         SRLC32E (Hold_srlc32e_CLK_D)
                                                      0.183     1.103    mw0/datatrans_sys_i/processing_system7_0_axi_periph/s00_couplers/auto_pc/inst/gen_axilite.gen_b2s_conv.axilite_b2s/RD.r_channel_0/rd_data_fifo_0/memory_reg[31][3]_srl32
  -------------------------------------------------------------------
                         required time                         -1.103    
                         arrival time                           1.164    
  -------------------------------------------------------------------
                         slack                                  0.061    

Slack (MET) :             0.091ns  (arrival time - required time)
  Source:                 mw0/datatrans_sys_i/processing_system7_0_axi_periph/s00_couplers/auto_pc/inst/gen_axilite.gen_b2s_conv.axilite_b2s/SI_REG/b.b_pipe/m_payload_i_reg[1]/C
                            (rising edge-triggered cell FDRE clocked by clk_fpga_0  {rise@0.000ns fall@16.500ns period=33.000ns})
  Destination:            mw0/datatrans_sys_i/processing_system7_0/inst/PS7_i/MAXIGP0BRESP[1]
                            (rising edge-triggered cell PS7 clocked by clk_fpga_0  {rise@0.000ns fall@16.500ns period=33.000ns})
  Path Group:             clk_fpga_0
  Path Type:              Hold (Min at Fast Process Corner)
  Requirement:            0.000ns  (clk_fpga_0 rise@0.000ns - clk_fpga_0 rise@0.000ns)
  Data Path Delay:        0.260ns  (logic 0.128ns (49.151%)  route 0.132ns (50.849%))
  Logic Levels:           0  
  Clock Path Skew:        0.224ns (DCD - SCD - CPR)
    Destination Clock Delay (DCD):    1.251ns
    Source Clock Delay      (SCD):    0.992ns
    Clock Pessimism Removal (CPR):    0.035ns

    Location             Delay type                Incr(ns)  Path(ns)    Netlist Resource(s)
  -------------------------------------------------------------------    -------------------
                         (clock clk_fpga_0 rise edge)
                                                      0.000     0.000 r  
    PS7_X0Y0             PS7                          0.000     0.000 r  mw0/datatrans_sys_i/processing_system7_0/inst/PS7_i/FCLKCLK[0]
                         net (fo=1, routed)           0.310     0.310    mw0/datatrans_sys_i/processing_system7_0/inst/FCLK_CLK_unbuffered[0]
    BUFGCTRL_X0Y16       BUFG (Prop_bufg_I_O)         0.026     0.336 r  mw0/datatrans_sys_i/processing_system7_0/inst/buffer_fclk_clk_0.FCLK_CLK_0_BUFG/O
                         net (fo=845, routed)         0.656     0.992    mw0/datatrans_sys_i/processing_system7_0_axi_periph/s00_couplers/auto_pc/inst/gen_axilite.gen_b2s_conv.axilite_b2s/SI_REG/b.b_pipe/aclk
    SLICE_X27Y100        FDRE                                         r  mw0/datatrans_sys_i/processing_system7_0_axi_periph/s00_couplers/auto_pc/inst/gen_axilite.gen_b2s_conv.axilite_b2s/SI_REG/b.b_pipe/m_payload_i_reg[1]/C
  -------------------------------------------------------------------    -------------------
    SLICE_X27Y100        FDRE (Prop_fdre_C_Q)         0.128     1.120 r  mw0/datatrans_sys_i/processing_system7_0_axi_periph/s00_couplers/auto_pc/inst/gen_axilite.gen_b2s_conv.axilite_b2s/SI_REG/b.b_pipe/m_payload_i_reg[1]/Q
                         net (fo=1, routed)           0.132     1.252    mw0/datatrans_sys_i/processing_system7_0/inst/M_AXI_GP0_BRESP[1]
    PS7_X0Y0             PS7                                          r  mw0/datatrans_sys_i/processing_system7_0/inst/PS7_i/MAXIGP0BRESP[1]
  -------------------------------------------------------------------    -------------------

                         (clock clk_fpga_0 rise edge)
                                                      0.000     0.000 r  
    PS7_X0Y0             PS7                          0.000     0.000 r  mw0/datatrans_sys_i/processing_system7_0/inst/PS7_i/FCLKCLK[0]
                         net (fo=1, routed)           0.337     0.337    mw0/datatrans_sys_i/processing_system7_0/inst/FCLK_CLK_unbuffered[0]
    BUFGCTRL_X0Y16       BUFG (Prop_bufg_I_O)         0.029     0.366 r  mw0/datatrans_sys_i/processing_system7_0/inst/buffer_fclk_clk_0.FCLK_CLK_0_BUFG/O
                         net (fo=845, routed)         0.885     1.251    mw0/datatrans_sys_i/processing_system7_0/inst/M_AXI_GP0_ACLK
    PS7_X0Y0             PS7                                          r  mw0/datatrans_sys_i/processing_system7_0/inst/PS7_i/MAXIGP0ACLK
                         clock pessimism             -0.035     1.216    
    PS7_X0Y0             PS7 (Hold_ps7_MAXIGP0ACLK_MAXIGP0BRESP[1])
                                                     -0.054     1.162    mw0/datatrans_sys_i/processing_system7_0/inst/PS7_i
  -------------------------------------------------------------------
                         required time                         -1.162    
                         arrival time                           1.252    
  -------------------------------------------------------------------
                         slack                                  0.091    

Slack (MET) :             0.093ns  (arrival time - required time)
  Source:                 mw0/datatrans_sys_i/trans_0/inst/trans_v1_0_S00_AXI_inst/axi_rdata_reg[21]/C
                            (rising edge-triggered cell FDRE clocked by clk_fpga_0  {rise@0.000ns fall@16.500ns period=33.000ns})
  Destination:            mw0/datatrans_sys_i/processing_system7_0_axi_periph/s00_couplers/auto_pc/inst/gen_axilite.gen_b2s_conv.axilite_b2s/RD.r_channel_0/rd_data_fifo_0/memory_reg[31][21]_srl32/D
                            (rising edge-triggered cell SRLC32E clocked by clk_fpga_0  {rise@0.000ns fall@16.500ns period=33.000ns})
  Path Group:             clk_fpga_0
  Path Type:              Hold (Min at Fast Process Corner)
  Requirement:            0.000ns  (clk_fpga_0 rise@0.000ns - clk_fpga_0 rise@0.000ns)
  Data Path Delay:        0.310ns  (logic 0.141ns (45.499%)  route 0.169ns (54.501%))
  Logic Levels:           0  
  Clock Path Skew:        0.034ns (DCD - SCD - CPR)
    Destination Clock Delay (DCD):    1.210ns
    Source Clock Delay      (SCD):    0.912ns
    Clock Pessimism Removal (CPR):    0.264ns

    Location             Delay type                Incr(ns)  Path(ns)    Netlist Resource(s)
  -------------------------------------------------------------------    -------------------
                         (clock clk_fpga_0 rise edge)
                                                      0.000     0.000 r  
    PS7_X0Y0             PS7                          0.000     0.000 r  mw0/datatrans_sys_i/processing_system7_0/inst/PS7_i/FCLKCLK[0]
                         net (fo=1, routed)           0.310     0.310    mw0/datatrans_sys_i/processing_system7_0/inst/FCLK_CLK_unbuffered[0]
    BUFGCTRL_X0Y16       BUFG (Prop_bufg_I_O)         0.026     0.336 r  mw0/datatrans_sys_i/processing_system7_0/inst/buffer_fclk_clk_0.FCLK_CLK_0_BUFG/O
                         net (fo=845, routed)         0.576     0.912    mw0/datatrans_sys_i/trans_0/inst/trans_v1_0_S00_AXI_inst/s00_axi_aclk
    SLICE_X29Y96         FDRE                                         r  mw0/datatrans_sys_i/trans_0/inst/trans_v1_0_S00_AXI_inst/axi_rdata_reg[21]/C
  -------------------------------------------------------------------    -------------------
    SLICE_X29Y96         FDRE (Prop_fdre_C_Q)         0.141     1.053 r  mw0/datatrans_sys_i/trans_0/inst/trans_v1_0_S00_AXI_inst/axi_rdata_reg[21]/Q
                         net (fo=1, routed)           0.169     1.221    mw0/datatrans_sys_i/processing_system7_0_axi_periph/s00_couplers/auto_pc/inst/gen_axilite.gen_b2s_conv.axilite_b2s/RD.r_channel_0/rd_data_fifo_0/in[21]
    SLICE_X26Y97         SRLC32E                                      r  mw0/datatrans_sys_i/processing_system7_0_axi_periph/s00_couplers/auto_pc/inst/gen_axilite.gen_b2s_conv.axilite_b2s/RD.r_channel_0/rd_data_fifo_0/memory_reg[31][21]_srl32/D
  -------------------------------------------------------------------    -------------------

                         (clock clk_fpga_0 rise edge)
                                                      0.000     0.000 r  
    PS7_X0Y0             PS7                          0.000     0.000 r  mw0/datatrans_sys_i/processing_system7_0/inst/PS7_i/FCLKCLK[0]
                         net (fo=1, routed)           0.337     0.337    mw0/datatrans_sys_i/processing_system7_0/inst/FCLK_CLK_unbuffered[0]
    BUFGCTRL_X0Y16       BUFG (Prop_bufg_I_O)         0.029     0.366 r  mw0/datatrans_sys_i/processing_system7_0/inst/buffer_fclk_clk_0.FCLK_CLK_0_BUFG/O
                         net (fo=845, routed)         0.844     1.210    mw0/datatrans_sys_i/processing_system7_0_axi_periph/s00_couplers/auto_pc/inst/gen_axilite.gen_b2s_conv.axilite_b2s/RD.r_channel_0/rd_data_fifo_0/aclk
    SLICE_X26Y97         SRLC32E                                      r  mw0/datatrans_sys_i/processing_system7_0_axi_periph/s00_couplers/auto_pc/inst/gen_axilite.gen_b2s_conv.axilite_b2s/RD.r_channel_0/rd_data_fifo_0/memory_reg[31][21]_srl32/CLK
                         clock pessimism             -0.264     0.946    
    SLICE_X26Y97         SRLC32E (Hold_srlc32e_CLK_D)
                                                      0.183     1.129    mw0/datatrans_sys_i/processing_system7_0_axi_periph/s00_couplers/auto_pc/inst/gen_axilite.gen_b2s_conv.axilite_b2s/RD.r_channel_0/rd_data_fifo_0/memory_reg[31][21]_srl32
  -------------------------------------------------------------------
                         required time                         -1.129    
                         arrival time                           1.221    
  -------------------------------------------------------------------
                         slack                                  0.093    

Slack (MET) :             0.094ns  (arrival time - required time)
  Source:                 mw0/datatrans_sys_i/trans_0/inst/trans_v1_0_S00_AXI_inst/axi_rdata_reg[27]/C
                            (rising edge-triggered cell FDRE clocked by clk_fpga_0  {rise@0.000ns fall@16.500ns period=33.000ns})
  Destination:            mw0/datatrans_sys_i/processing_system7_0_axi_periph/s00_couplers/auto_pc/inst/gen_axilite.gen_b2s_conv.axilite_b2s/RD.r_channel_0/rd_data_fifo_0/memory_reg[31][27]_srl32/D
                            (rising edge-triggered cell SRLC32E clocked by clk_fpga_0  {rise@0.000ns fall@16.500ns period=33.000ns})
  Path Group:             clk_fpga_0
  Path Type:              Hold (Min at Fast Process Corner)
  Requirement:            0.000ns  (clk_fpga_0 rise@0.000ns - clk_fpga_0 rise@0.000ns)
  Data Path Delay:        0.310ns  (logic 0.141ns (45.498%)  route 0.169ns (54.502%))
  Logic Levels:           0  
  Clock Path Skew:        0.033ns (DCD - SCD - CPR)
    Destination Clock Delay (DCD):    1.209ns
    Source Clock Delay      (SCD):    0.912ns
    Clock Pessimism Removal (CPR):    0.264ns

    Location             Delay type                Incr(ns)  Path(ns)    Netlist Resource(s)
  -------------------------------------------------------------------    -------------------
                         (clock clk_fpga_0 rise edge)
                                                      0.000     0.000 r  
    PS7_X0Y0             PS7                          0.000     0.000 r  mw0/datatrans_sys_i/processing_system7_0/inst/PS7_i/FCLKCLK[0]
                         net (fo=1, routed)           0.310     0.310    mw0/datatrans_sys_i/processing_system7_0/inst/FCLK_CLK_unbuffered[0]
    BUFGCTRL_X0Y16       BUFG (Prop_bufg_I_O)         0.026     0.336 r  mw0/datatrans_sys_i/processing_system7_0/inst/buffer_fclk_clk_0.FCLK_CLK_0_BUFG/O
                         net (fo=845, routed)         0.576     0.912    mw0/datatrans_sys_i/trans_0/inst/trans_v1_0_S00_AXI_inst/s00_axi_aclk
    SLICE_X29Y96         FDRE                                         r  mw0/datatrans_sys_i/trans_0/inst/trans_v1_0_S00_AXI_inst/axi_rdata_reg[27]/C
  -------------------------------------------------------------------    -------------------
    SLICE_X29Y96         FDRE (Prop_fdre_C_Q)         0.141     1.053 r  mw0/datatrans_sys_i/trans_0/inst/trans_v1_0_S00_AXI_inst/axi_rdata_reg[27]/Q
                         net (fo=1, routed)           0.169     1.222    mw0/datatrans_sys_i/processing_system7_0_axi_periph/s00_couplers/auto_pc/inst/gen_axilite.gen_b2s_conv.axilite_b2s/RD.r_channel_0/rd_data_fifo_0/in[27]
    SLICE_X26Y94         SRLC32E                                      r  mw0/datatrans_sys_i/processing_system7_0_axi_periph/s00_couplers/auto_pc/inst/gen_axilite.gen_b2s_conv.axilite_b2s/RD.r_channel_0/rd_data_fifo_0/memory_reg[31][27]_srl32/D
  -------------------------------------------------------------------    -------------------

                         (clock clk_fpga_0 rise edge)
                                                      0.000     0.000 r  
    PS7_X0Y0             PS7                          0.000     0.000 r  mw0/datatrans_sys_i/processing_system7_0/inst/PS7_i/FCLKCLK[0]
                         net (fo=1, routed)           0.337     0.337    mw0/datatrans_sys_i/processing_system7_0/inst/FCLK_CLK_unbuffered[0]
    BUFGCTRL_X0Y16       BUFG (Prop_bufg_I_O)         0.029     0.366 r  mw0/datatrans_sys_i/processing_system7_0/inst/buffer_fclk_clk_0.FCLK_CLK_0_BUFG/O
                         net (fo=845, routed)         0.843     1.209    mw0/datatrans_sys_i/processing_system7_0_axi_periph/s00_couplers/auto_pc/inst/gen_axilite.gen_b2s_conv.axilite_b2s/RD.r_channel_0/rd_data_fifo_0/aclk
    SLICE_X26Y94         SRLC32E                                      r  mw0/datatrans_sys_i/processing_system7_0_axi_periph/s00_couplers/auto_pc/inst/gen_axilite.gen_b2s_conv.axilite_b2s/RD.r_channel_0/rd_data_fifo_0/memory_reg[31][27]_srl32/CLK
                         clock pessimism             -0.264     0.945    
    SLICE_X26Y94         SRLC32E (Hold_srlc32e_CLK_D)
                                                      0.183     1.128    mw0/datatrans_sys_i/processing_system7_0_axi_periph/s00_couplers/auto_pc/inst/gen_axilite.gen_b2s_conv.axilite_b2s/RD.r_channel_0/rd_data_fifo_0/memory_reg[31][27]_srl32
  -------------------------------------------------------------------
                         required time                         -1.128    
                         arrival time                           1.222    
  -------------------------------------------------------------------
                         slack                                  0.094    

Slack (MET) :             0.096ns  (arrival time - required time)
  Source:                 mw0/datatrans_sys_i/processing_system7_0_axi_periph/s00_couplers/auto_pc/inst/gen_axilite.gen_b2s_conv.axilite_b2s/RD.r_channel_0/r_arid_r_reg[8]/C
                            (rising edge-triggered cell FDRE clocked by clk_fpga_0  {rise@0.000ns fall@16.500ns period=33.000ns})
  Destination:            mw0/datatrans_sys_i/processing_system7_0_axi_periph/s00_couplers/auto_pc/inst/gen_axilite.gen_b2s_conv.axilite_b2s/RD.r_channel_0/transaction_fifo_0/memory_reg[31][9]_srl32/D
                            (rising edge-triggered cell SRLC32E clocked by clk_fpga_0  {rise@0.000ns fall@16.500ns period=33.000ns})
  Path Group:             clk_fpga_0
  Path Type:              Hold (Min at Fast Process Corner)
  Requirement:            0.000ns  (clk_fpga_0 rise@0.000ns - clk_fpga_0 rise@0.000ns)
  Data Path Delay:        0.242ns  (logic 0.128ns (52.946%)  route 0.114ns (47.054%))
  Logic Levels:           0  
  Clock Path Skew:        0.016ns (DCD - SCD - CPR)
    Destination Clock Delay (DCD):    1.209ns
    Source Clock Delay      (SCD):    0.909ns
    Clock Pessimism Removal (CPR):    0.284ns

    Location             Delay type                Incr(ns)  Path(ns)    Netlist Resource(s)
  -------------------------------------------------------------------    -------------------
                         (clock clk_fpga_0 rise edge)
                                                      0.000     0.000 r  
    PS7_X0Y0             PS7                          0.000     0.000 r  mw0/datatrans_sys_i/processing_system7_0/inst/PS7_i/FCLKCLK[0]
                         net (fo=1, routed)           0.310     0.310    mw0/datatrans_sys_i/processing_system7_0/inst/FCLK_CLK_unbuffered[0]
    BUFGCTRL_X0Y16       BUFG (Prop_bufg_I_O)         0.026     0.336 r  mw0/datatrans_sys_i/processing_system7_0/inst/buffer_fclk_clk_0.FCLK_CLK_0_BUFG/O
                         net (fo=845, routed)         0.573     0.909    mw0/datatrans_sys_i/processing_system7_0_axi_periph/s00_couplers/auto_pc/inst/gen_axilite.gen_b2s_conv.axilite_b2s/RD.r_channel_0/aclk
    SLICE_X27Y94         FDRE                                         r  mw0/datatrans_sys_i/processing_system7_0_axi_periph/s00_couplers/auto_pc/inst/gen_axilite.gen_b2s_conv.axilite_b2s/RD.r_channel_0/r_arid_r_reg[8]/C
  -------------------------------------------------------------------    -------------------
    SLICE_X27Y94         FDRE (Prop_fdre_C_Q)         0.128     1.037 r  mw0/datatrans_sys_i/processing_system7_0_axi_periph/s00_couplers/auto_pc/inst/gen_axilite.gen_b2s_conv.axilite_b2s/RD.r_channel_0/r_arid_r_reg[8]/Q
                         net (fo=1, routed)           0.114     1.150    mw0/datatrans_sys_i/processing_system7_0_axi_periph/s00_couplers/auto_pc/inst/gen_axilite.gen_b2s_conv.axilite_b2s/RD.r_channel_0/transaction_fifo_0/in[9]
    SLICE_X26Y93         SRLC32E                                      r  mw0/datatrans_sys_i/processing_system7_0_axi_periph/s00_couplers/auto_pc/inst/gen_axilite.gen_b2s_conv.axilite_b2s/RD.r_channel_0/transaction_fifo_0/memory_reg[31][9]_srl32/D
  -------------------------------------------------------------------    -------------------

                         (clock clk_fpga_0 rise edge)
                                                      0.000     0.000 r  
    PS7_X0Y0             PS7                          0.000     0.000 r  mw0/datatrans_sys_i/processing_system7_0/inst/PS7_i/FCLKCLK[0]
                         net (fo=1, routed)           0.337     0.337    mw0/datatrans_sys_i/processing_system7_0/inst/FCLK_CLK_unbuffered[0]
    BUFGCTRL_X0Y16       BUFG (Prop_bufg_I_O)         0.029     0.366 r  mw0/datatrans_sys_i/processing_system7_0/inst/buffer_fclk_clk_0.FCLK_CLK_0_BUFG/O
                         net (fo=845, routed)         0.843     1.209    mw0/datatrans_sys_i/processing_system7_0_axi_periph/s00_couplers/auto_pc/inst/gen_axilite.gen_b2s_conv.axilite_b2s/RD.r_channel_0/transaction_fifo_0/aclk
    SLICE_X26Y93         SRLC32E                                      r  mw0/datatrans_sys_i/processing_system7_0_axi_periph/s00_couplers/auto_pc/inst/gen_axilite.gen_b2s_conv.axilite_b2s/RD.r_channel_0/transaction_fifo_0/memory_reg[31][9]_srl32/CLK
                         clock pessimism             -0.284     0.925    
    SLICE_X26Y93         SRLC32E (Hold_srlc32e_CLK_D)
                                                      0.130     1.055    mw0/datatrans_sys_i/processing_system7_0_axi_periph/s00_couplers/auto_pc/inst/gen_axilite.gen_b2s_conv.axilite_b2s/RD.r_channel_0/transaction_fifo_0/memory_reg[31][9]_srl32
  -------------------------------------------------------------------
                         required time                         -1.055    
                         arrival time                           1.150    
  -------------------------------------------------------------------
                         slack                                  0.096    

Slack (MET) :             0.101ns  (arrival time - required time)
  Source:                 mw0/datatrans_sys_i/trans_0/inst/trans_v1_0_S00_AXI_inst/axi_rdata_reg[31]/C
                            (rising edge-triggered cell FDRE clocked by clk_fpga_0  {rise@0.000ns fall@16.500ns period=33.000ns})
  Destination:            mw0/datatrans_sys_i/processing_system7_0_axi_periph/s00_couplers/auto_pc/inst/gen_axilite.gen_b2s_conv.axilite_b2s/RD.r_channel_0/rd_data_fifo_0/memory_reg[31][31]_srl32/D
                            (rising edge-triggered cell SRLC32E clocked by clk_fpga_0  {rise@0.000ns fall@16.500ns period=33.000ns})
  Path Group:             clk_fpga_0
  Path Type:              Hold (Min at Fast Process Corner)
  Requirement:            0.000ns  (clk_fpga_0 rise@0.000ns - clk_fpga_0 rise@0.000ns)
  Data Path Delay:        0.317ns  (logic 0.141ns (44.451%)  route 0.176ns (55.549%))
  Logic Levels:           0  
  Clock Path Skew:        0.033ns (DCD - SCD - CPR)
    Destination Clock Delay (DCD):    1.296ns
    Source Clock Delay      (SCD):    0.995ns
    Clock Pessimism Removal (CPR):    0.268ns

    Location             Delay type                Incr(ns)  Path(ns)    Netlist Resource(s)
  -------------------------------------------------------------------    -------------------
                         (clock clk_fpga_0 rise edge)
                                                      0.000     0.000 r  
    PS7_X0Y0             PS7                          0.000     0.000 r  mw0/datatrans_sys_i/processing_system7_0/inst/PS7_i/FCLKCLK[0]
                         net (fo=1, routed)           0.310     0.310    mw0/datatrans_sys_i/processing_system7_0/inst/FCLK_CLK_unbuffered[0]
    BUFGCTRL_X0Y16       BUFG (Prop_bufg_I_O)         0.026     0.336 r  mw0/datatrans_sys_i/processing_system7_0/inst/buffer_fclk_clk_0.FCLK_CLK_0_BUFG/O
                         net (fo=845, routed)         0.659     0.995    mw0/datatrans_sys_i/trans_0/inst/trans_v1_0_S00_AXI_inst/s00_axi_aclk
    SLICE_X28Y101        FDRE                                         r  mw0/datatrans_sys_i/trans_0/inst/trans_v1_0_S00_AXI_inst/axi_rdata_reg[31]/C
  -------------------------------------------------------------------    -------------------
    SLICE_X28Y101        FDRE (Prop_fdre_C_Q)         0.141     1.136 r  mw0/datatrans_sys_i/trans_0/inst/trans_v1_0_S00_AXI_inst/axi_rdata_reg[31]/Q
                         net (fo=1, routed)           0.176     1.312    mw0/datatrans_sys_i/processing_system7_0_axi_periph/s00_couplers/auto_pc/inst/gen_axilite.gen_b2s_conv.axilite_b2s/RD.r_channel_0/rd_data_fifo_0/in[31]
    SLICE_X26Y100        SRLC32E                                      r  mw0/datatrans_sys_i/processing_system7_0_axi_periph/s00_couplers/auto_pc/inst/gen_axilite.gen_b2s_conv.axilite_b2s/RD.r_channel_0/rd_data_fifo_0/memory_reg[31][31]_srl32/D
  -------------------------------------------------------------------    -------------------

                         (clock clk_fpga_0 rise edge)
                                                      0.000     0.000 r  
    PS7_X0Y0             PS7                          0.000     0.000 r  mw0/datatrans_sys_i/processing_system7_0/inst/PS7_i/FCLKCLK[0]
                         net (fo=1, routed)           0.337     0.337    mw0/datatrans_sys_i/processing_system7_0/inst/FCLK_CLK_unbuffered[0]
    BUFGCTRL_X0Y16       BUFG (Prop_bufg_I_O)         0.029     0.366 r  mw0/datatrans_sys_i/processing_system7_0/inst/buffer_fclk_clk_0.FCLK_CLK_0_BUFG/O
                         net (fo=845, routed)         0.930     1.296    mw0/datatrans_sys_i/processing_system7_0_axi_periph/s00_couplers/auto_pc/inst/gen_axilite.gen_b2s_conv.axilite_b2s/RD.r_channel_0/rd_data_fifo_0/aclk
    SLICE_X26Y100        SRLC32E                                      r  mw0/datatrans_sys_i/processing_system7_0_axi_periph/s00_couplers/auto_pc/inst/gen_axilite.gen_b2s_conv.axilite_b2s/RD.r_channel_0/rd_data_fifo_0/memory_reg[31][31]_srl32/CLK
                         clock pessimism             -0.268     1.028    
    SLICE_X26Y100        SRLC32E (Hold_srlc32e_CLK_D)
                                                      0.183     1.211    mw0/datatrans_sys_i/processing_system7_0_axi_periph/s00_couplers/auto_pc/inst/gen_axilite.gen_b2s_conv.axilite_b2s/RD.r_channel_0/rd_data_fifo_0/memory_reg[31][31]_srl32
  -------------------------------------------------------------------
                         required time                         -1.211    
                         arrival time                           1.312    
  -------------------------------------------------------------------
                         slack                                  0.101    

Slack (MET) :             0.102ns  (arrival time - required time)
  Source:                 mw0/datatrans_sys_i/processing_system7_0_axi_periph/s00_couplers/auto_pc/inst/gen_axilite.gen_b2s_conv.axilite_b2s/RD.r_channel_0/r_arid_r_reg[3]/C
                            (rising edge-triggered cell FDRE clocked by clk_fpga_0  {rise@0.000ns fall@16.500ns period=33.000ns})
  Destination:            mw0/datatrans_sys_i/processing_system7_0_axi_periph/s00_couplers/auto_pc/inst/gen_axilite.gen_b2s_conv.axilite_b2s/RD.r_channel_0/transaction_fifo_0/memory_reg[31][4]_srl32/D
                            (rising edge-triggered cell SRLC32E clocked by clk_fpga_0  {rise@0.000ns fall@16.500ns period=33.000ns})
  Path Group:             clk_fpga_0
  Path Type:              Hold (Min at Fast Process Corner)
  Requirement:            0.000ns  (clk_fpga_0 rise@0.000ns - clk_fpga_0 rise@0.000ns)
  Data Path Delay:        0.318ns  (logic 0.141ns (44.398%)  route 0.177ns (55.602%))
  Logic Levels:           0  
  Clock Path Skew:        0.033ns (DCD - SCD - CPR)
    Destination Clock Delay (DCD):    1.208ns
    Source Clock Delay      (SCD):    0.911ns
    Clock Pessimism Removal (CPR):    0.264ns

    Location             Delay type                Incr(ns)  Path(ns)    Netlist Resource(s)
  -------------------------------------------------------------------    -------------------
                         (clock clk_fpga_0 rise edge)
                                                      0.000     0.000 r  
    PS7_X0Y0             PS7                          0.000     0.000 r  mw0/datatrans_sys_i/processing_system7_0/inst/PS7_i/FCLKCLK[0]
                         net (fo=1, routed)           0.310     0.310    mw0/datatrans_sys_i/processing_system7_0/inst/FCLK_CLK_unbuffered[0]
    BUFGCTRL_X0Y16       BUFG (Prop_bufg_I_O)         0.026     0.336 r  mw0/datatrans_sys_i/processing_system7_0/inst/buffer_fclk_clk_0.FCLK_CLK_0_BUFG/O
                         net (fo=845, routed)         0.575     0.911    mw0/datatrans_sys_i/processing_system7_0_axi_periph/s00_couplers/auto_pc/inst/gen_axilite.gen_b2s_conv.axilite_b2s/RD.r_channel_0/aclk
    SLICE_X29Y90         FDRE                                         r  mw0/datatrans_sys_i/processing_system7_0_axi_periph/s00_couplers/auto_pc/inst/gen_axilite.gen_b2s_conv.axilite_b2s/RD.r_channel_0/r_arid_r_reg[3]/C
  -------------------------------------------------------------------    -------------------
    SLICE_X29Y90         FDRE (Prop_fdre_C_Q)         0.141     1.052 r  mw0/datatrans_sys_i/processing_system7_0_axi_periph/s00_couplers/auto_pc/inst/gen_axilite.gen_b2s_conv.axilite_b2s/RD.r_channel_0/r_arid_r_reg[3]/Q
                         net (fo=1, routed)           0.177     1.228    mw0/datatrans_sys_i/processing_system7_0_axi_periph/s00_couplers/auto_pc/inst/gen_axilite.gen_b2s_conv.axilite_b2s/RD.r_channel_0/transaction_fifo_0/in[4]
    SLICE_X26Y92         SRLC32E                                      r  mw0/datatrans_sys_i/processing_system7_0_axi_periph/s00_couplers/auto_pc/inst/gen_axilite.gen_b2s_conv.axilite_b2s/RD.r_channel_0/transaction_fifo_0/memory_reg[31][4]_srl32/D
  -------------------------------------------------------------------    -------------------

                         (clock clk_fpga_0 rise edge)
                                                      0.000     0.000 r  
    PS7_X0Y0             PS7                          0.000     0.000 r  mw0/datatrans_sys_i/processing_system7_0/inst/PS7_i/FCLKCLK[0]
                         net (fo=1, routed)           0.337     0.337    mw0/datatrans_sys_i/processing_system7_0/inst/FCLK_CLK_unbuffered[0]
    BUFGCTRL_X0Y16       BUFG (Prop_bufg_I_O)         0.029     0.366 r  mw0/datatrans_sys_i/processing_system7_0/inst/buffer_fclk_clk_0.FCLK_CLK_0_BUFG/O
                         net (fo=845, routed)         0.842     1.208    mw0/datatrans_sys_i/processing_system7_0_axi_periph/s00_couplers/auto_pc/inst/gen_axilite.gen_b2s_conv.axilite_b2s/RD.r_channel_0/transaction_fifo_0/aclk
    SLICE_X26Y92         SRLC32E                                      r  mw0/datatrans_sys_i/processing_system7_0_axi_periph/s00_couplers/auto_pc/inst/gen_axilite.gen_b2s_conv.axilite_b2s/RD.r_channel_0/transaction_fifo_0/memory_reg[31][4]_srl32/CLK
                         clock pessimism             -0.264     0.944    
    SLICE_X26Y92         SRLC32E (Hold_srlc32e_CLK_D)
                                                      0.183     1.127    mw0/datatrans_sys_i/processing_system7_0_axi_periph/s00_couplers/auto_pc/inst/gen_axilite.gen_b2s_conv.axilite_b2s/RD.r_channel_0/transaction_fifo_0/memory_reg[31][4]_srl32
  -------------------------------------------------------------------
                         required time                         -1.127    
                         arrival time                           1.228    
  -------------------------------------------------------------------
                         slack                                  0.102    





Pulse Width Checks
--------------------------------------------------------------------------------------
Clock Name:         clk_fpga_0
Waveform(ns):       { 0.000 16.500 }
Period(ns):         33.000
Sources:            { mw0/datatrans_sys_i/processing_system7_0/inst/PS7_i/FCLKCLK[0] }

Check Type        Corner  Lib Pin             Reference Pin  Required(ns)  Actual(ns)  Slack(ns)  Location      Pin
Min Period        n/a     RAMB36E1/CLKARDCLK  n/a            3.363         33.000      29.637     RAMB36_X2Y15  b0/U0/inst_blk_mem_gen/gnbram.gnativebmg.native_blk_mem_gen/valid.cstr/ramloop[16].ram.r/prim_noinit.ram/DEVICE_7SERIES.NO_BMM_INFO.TRUE_DP.CASCADED_PRIM36.ram_B/CLKARDCLK
Min Period        n/a     RAMB36E1/CLKARDCLK  n/a            3.363         33.000      29.637     RAMB36_X2Y16  b0/U0/inst_blk_mem_gen/gnbram.gnativebmg.native_blk_mem_gen/valid.cstr/ramloop[16].ram.r/prim_noinit.ram/DEVICE_7SERIES.NO_BMM_INFO.TRUE_DP.CASCADED_PRIM36.ram_T/CLKARDCLK
Min Period        n/a     RAMB36E1/CLKARDCLK  n/a            3.363         33.000      29.637     RAMB36_X3Y14  b0/U0/inst_blk_mem_gen/gnbram.gnativebmg.native_blk_mem_gen/valid.cstr/ramloop[17].ram.r/prim_noinit.ram/DEVICE_7SERIES.NO_BMM_INFO.TRUE_DP.CASCADED_PRIM36.ram_B/CLKARDCLK
Min Period        n/a     RAMB36E1/CLKARDCLK  n/a            3.363         33.000      29.637     RAMB36_X3Y15  b0/U0/inst_blk_mem_gen/gnbram.gnativebmg.native_blk_mem_gen/valid.cstr/ramloop[17].ram.r/prim_noinit.ram/DEVICE_7SERIES.NO_BMM_INFO.TRUE_DP.CASCADED_PRIM36.ram_T/CLKARDCLK
Min Period        n/a     RAMB36E1/CLKARDCLK  n/a            3.363         33.000      29.637     RAMB36_X3Y16  b0/U0/inst_blk_mem_gen/gnbram.gnativebmg.native_blk_mem_gen/valid.cstr/ramloop[18].ram.r/prim_noinit.ram/DEVICE_7SERIES.NO_BMM_INFO.TRUE_DP.CASCADED_PRIM36.ram_B/CLKARDCLK
Min Period        n/a     RAMB36E1/CLKARDCLK  n/a            3.363         33.000      29.637     RAMB36_X3Y17  b0/U0/inst_blk_mem_gen/gnbram.gnativebmg.native_blk_mem_gen/valid.cstr/ramloop[18].ram.r/prim_noinit.ram/DEVICE_7SERIES.NO_BMM_INFO.TRUE_DP.CASCADED_PRIM36.ram_T/CLKARDCLK
Min Period        n/a     RAMB36E1/CLKARDCLK  n/a            3.363         33.000      29.637     RAMB36_X3Y18  b0/U0/inst_blk_mem_gen/gnbram.gnativebmg.native_blk_mem_gen/valid.cstr/ramloop[19].ram.r/prim_noinit.ram/DEVICE_7SERIES.NO_BMM_INFO.TRUE_DP.CASCADED_PRIM36.ram_B/CLKARDCLK
Min Period        n/a     RAMB36E1/CLKARDCLK  n/a            3.363         33.000      29.637     RAMB36_X3Y19  b0/U0/inst_blk_mem_gen/gnbram.gnativebmg.native_blk_mem_gen/valid.cstr/ramloop[19].ram.r/prim_noinit.ram/DEVICE_7SERIES.NO_BMM_INFO.TRUE_DP.CASCADED_PRIM36.ram_T/CLKARDCLK
Min Period        n/a     RAMB36E1/CLKARDCLK  n/a            3.363         33.000      29.637     RAMB36_X2Y13  b0/U0/inst_blk_mem_gen/gnbram.gnativebmg.native_blk_mem_gen/valid.cstr/ramloop[20].ram.r/prim_noinit.ram/DEVICE_7SERIES.NO_BMM_INFO.TRUE_DP.CASCADED_PRIM36.ram_B/CLKARDCLK
Min Period        n/a     RAMB36E1/CLKARDCLK  n/a            3.363         33.000      29.637     RAMB36_X2Y14  b0/U0/inst_blk_mem_gen/gnbram.gnativebmg.native_blk_mem_gen/valid.cstr/ramloop[20].ram.r/prim_noinit.ram/DEVICE_7SERIES.NO_BMM_INFO.TRUE_DP.CASCADED_PRIM36.ram_T/CLKARDCLK
Low Pulse Width   Slow    SRLC32E/CLK         n/a            0.980         16.500      15.520     SLICE_X26Y88  mw0/datatrans_sys_i/processing_system7_0_axi_periph/s00_couplers/auto_pc/inst/gen_axilite.gen_b2s_conv.axilite_b2s/RD.r_channel_0/rd_data_fifo_0/memory_reg[31][0]_srl32/CLK
Low Pulse Width   Fast    SRLC32E/CLK         n/a            0.980         16.500      15.520     SLICE_X26Y88  mw0/datatrans_sys_i/processing_system7_0_axi_periph/s00_couplers/auto_pc/inst/gen_axilite.gen_b2s_conv.axilite_b2s/RD.r_channel_0/rd_data_fifo_0/memory_reg[31][0]_srl32/CLK
Low Pulse Width   Slow    SRLC32E/CLK         n/a            0.980         16.500      15.520     SLICE_X30Y89  mw0/datatrans_sys_i/processing_system7_0_axi_periph/s00_couplers/auto_pc/inst/gen_axilite.gen_b2s_conv.axilite_b2s/RD.r_channel_0/rd_data_fifo_0/memory_reg[31][10]_srl32/CLK
Low Pulse Width   Fast    SRLC32E/CLK         n/a            0.980         16.500      15.520     SLICE_X30Y89  mw0/datatrans_sys_i/processing_system7_0_axi_periph/s00_couplers/auto_pc/inst/gen_axilite.gen_b2s_conv.axilite_b2s/RD.r_channel_0/rd_data_fifo_0/memory_reg[31][10]_srl32/CLK
Low Pulse Width   Slow    SRLC32E/CLK         n/a            0.980         16.500      15.520     SLICE_X26Y90  mw0/datatrans_sys_i/processing_system7_0_axi_periph/s00_couplers/auto_pc/inst/gen_axilite.gen_b2s_conv.axilite_b2s/RD.r_channel_0/rd_data_fifo_0/memory_reg[31][11]_srl32/CLK
Low Pulse Width   Fast    SRLC32E/CLK         n/a            0.980         16.500      15.520     SLICE_X26Y90  mw0/datatrans_sys_i/processing_system7_0_axi_periph/s00_couplers/auto_pc/inst/gen_axilite.gen_b2s_conv.axilite_b2s/RD.r_channel_0/rd_data_fifo_0/memory_reg[31][11]_srl32/CLK
Low Pulse Width   Slow    SRLC32E/CLK         n/a            0.980         16.500      15.520     SLICE_X30Y93  mw0/datatrans_sys_i/processing_system7_0_axi_periph/s00_couplers/auto_pc/inst/gen_axilite.gen_b2s_conv.axilite_b2s/RD.r_channel_0/rd_data_fifo_0/memory_reg[31][12]_srl32/CLK
Low Pulse Width   Fast    SRLC32E/CLK         n/a            0.980         16.500      15.520     SLICE_X30Y93  mw0/datatrans_sys_i/processing_system7_0_axi_periph/s00_couplers/auto_pc/inst/gen_axilite.gen_b2s_conv.axilite_b2s/RD.r_channel_0/rd_data_fifo_0/memory_reg[31][12]_srl32/CLK
Low Pulse Width   Slow    SRLC32E/CLK         n/a            0.980         16.500      15.520     SLICE_X30Y93  mw0/datatrans_sys_i/processing_system7_0_axi_periph/s00_couplers/auto_pc/inst/gen_axilite.gen_b2s_conv.axilite_b2s/RD.r_channel_0/rd_data_fifo_0/memory_reg[31][13]_srl32/CLK
Low Pulse Width   Fast    SRLC32E/CLK         n/a            0.980         16.500      15.520     SLICE_X30Y93  mw0/datatrans_sys_i/processing_system7_0_axi_periph/s00_couplers/auto_pc/inst/gen_axilite.gen_b2s_conv.axilite_b2s/RD.r_channel_0/rd_data_fifo_0/memory_reg[31][13]_srl32/CLK
High Pulse Width  Slow    SRLC32E/CLK         n/a            0.980         16.500      15.520     SLICE_X26Y88  mw0/datatrans_sys_i/processing_system7_0_axi_periph/s00_couplers/auto_pc/inst/gen_axilite.gen_b2s_conv.axilite_b2s/RD.r_channel_0/rd_data_fifo_0/memory_reg[31][0]_srl32/CLK
High Pulse Width  Fast    SRLC32E/CLK         n/a            0.980         16.500      15.520     SLICE_X26Y88  mw0/datatrans_sys_i/processing_system7_0_axi_periph/s00_couplers/auto_pc/inst/gen_axilite.gen_b2s_conv.axilite_b2s/RD.r_channel_0/rd_data_fifo_0/memory_reg[31][0]_srl32/CLK
High Pulse Width  Slow    SRLC32E/CLK         n/a            0.980         16.500      15.520     SLICE_X30Y89  mw0/datatrans_sys_i/processing_system7_0_axi_periph/s00_couplers/auto_pc/inst/gen_axilite.gen_b2s_conv.axilite_b2s/RD.r_channel_0/rd_data_fifo_0/memory_reg[31][10]_srl32/CLK
High Pulse Width  Fast    SRLC32E/CLK         n/a            0.980         16.500      15.520     SLICE_X30Y89  mw0/datatrans_sys_i/processing_system7_0_axi_periph/s00_couplers/auto_pc/inst/gen_axilite.gen_b2s_conv.axilite_b2s/RD.r_channel_0/rd_data_fifo_0/memory_reg[31][10]_srl32/CLK
High Pulse Width  Slow    SRLC32E/CLK         n/a            0.980         16.500      15.520     SLICE_X26Y90  mw0/datatrans_sys_i/processing_system7_0_axi_periph/s00_couplers/auto_pc/inst/gen_axilite.gen_b2s_conv.axilite_b2s/RD.r_channel_0/rd_data_fifo_0/memory_reg[31][11]_srl32/CLK
High Pulse Width  Fast    SRLC32E/CLK         n/a            0.980         16.500      15.520     SLICE_X26Y90  mw0/datatrans_sys_i/processing_system7_0_axi_periph/s00_couplers/auto_pc/inst/gen_axilite.gen_b2s_conv.axilite_b2s/RD.r_channel_0/rd_data_fifo_0/memory_reg[31][11]_srl32/CLK
High Pulse Width  Slow    SRLC32E/CLK         n/a            0.980         16.500      15.520     SLICE_X30Y93  mw0/datatrans_sys_i/processing_system7_0_axi_periph/s00_couplers/auto_pc/inst/gen_axilite.gen_b2s_conv.axilite_b2s/RD.r_channel_0/rd_data_fifo_0/memory_reg[31][12]_srl32/CLK
High Pulse Width  Fast    SRLC32E/CLK         n/a            0.980         16.500      15.520     SLICE_X30Y93  mw0/datatrans_sys_i/processing_system7_0_axi_periph/s00_couplers/auto_pc/inst/gen_axilite.gen_b2s_conv.axilite_b2s/RD.r_channel_0/rd_data_fifo_0/memory_reg[31][12]_srl32/CLK
High Pulse Width  Slow    SRLC32E/CLK         n/a            0.980         16.500      15.520     SLICE_X30Y93  mw0/datatrans_sys_i/processing_system7_0_axi_periph/s00_couplers/auto_pc/inst/gen_axilite.gen_b2s_conv.axilite_b2s/RD.r_channel_0/rd_data_fifo_0/memory_reg[31][13]_srl32/CLK
High Pulse Width  Fast    SRLC32E/CLK         n/a            0.980         16.500      15.520     SLICE_X30Y93  mw0/datatrans_sys_i/processing_system7_0_axi_periph/s00_couplers/auto_pc/inst/gen_axilite.gen_b2s_conv.axilite_b2s/RD.r_channel_0/rd_data_fifo_0/memory_reg[31][13]_srl32/CLK



---------------------------------------------------------------------------------------------------
Path Group:  **async_default**
From Clock:  clk_fpga_0
  To Clock:  clk_fpga_0

Setup :            0  Failing Endpoints,  Worst Slack       28.662ns,  Total Violation        0.000ns
Hold  :            0  Failing Endpoints,  Worst Slack        0.950ns,  Total Violation        0.000ns
---------------------------------------------------------------------------------------------------


Max Delay Paths
--------------------------------------------------------------------------------------
Slack (MET) :             28.662ns  (required time - arrival time)
  Source:                 mw0/datatrans_sys_i/trans_0/inst/trans_v1_0_S00_AXI_inst/slv_reg0_reg[0]/C
                            (rising edge-triggered cell FDRE clocked by clk_fpga_0  {rise@0.000ns fall@16.500ns period=33.000ns})
  Destination:            u0/y_2_reg[0]/CLR
                            (recovery check against rising-edge clock clk_fpga_0  {rise@0.000ns fall@16.500ns period=33.000ns})
  Path Group:             **async_default**
  Path Type:              Recovery (Max at Slow Process Corner)
  Requirement:            33.000ns  (clk_fpga_0 rise@33.000ns - clk_fpga_0 rise@0.000ns)
  Data Path Delay:        3.412ns  (logic 0.456ns (13.363%)  route 2.956ns (86.637%))
  Logic Levels:           0  
  Clock Path Skew:        -0.110ns (DCD - SCD + CPR)
    Destination Clock Delay (DCD):    2.648ns = ( 35.648 - 33.000 ) 
    Source Clock Delay      (SCD):    2.987ns
    Clock Pessimism Removal (CPR):    0.229ns
  Clock Uncertainty:      0.496ns  ((TSJ^2 + TIJ^2)^1/2 + DJ) / 2 + PE
    Total System Jitter     (TSJ):    0.071ns
    Total Input Jitter      (TIJ):    0.990ns
    Discrete Jitter          (DJ):    0.000ns
    Phase Error              (PE):    0.000ns

    Location             Delay type                Incr(ns)  Path(ns)    Netlist Resource(s)
  -------------------------------------------------------------------    -------------------
                         (clock clk_fpga_0 rise edge)
                                                      0.000     0.000 r  
    PS7_X0Y0             PS7                          0.000     0.000 r  mw0/datatrans_sys_i/processing_system7_0/inst/PS7_i/FCLKCLK[0]
                         net (fo=1, routed)           1.193     1.193    mw0/datatrans_sys_i/processing_system7_0/inst/FCLK_CLK_unbuffered[0]
    BUFGCTRL_X0Y16       BUFG (Prop_bufg_I_O)         0.101     1.294 r  mw0/datatrans_sys_i/processing_system7_0/inst/buffer_fclk_clk_0.FCLK_CLK_0_BUFG/O
                         net (fo=845, routed)         1.693     2.987    mw0/datatrans_sys_i/trans_0/inst/trans_v1_0_S00_AXI_inst/s00_axi_aclk
    SLICE_X27Y90         FDRE                                         r  mw0/datatrans_sys_i/trans_0/inst/trans_v1_0_S00_AXI_inst/slv_reg0_reg[0]/C
  -------------------------------------------------------------------    -------------------
    SLICE_X27Y90         FDRE (Prop_fdre_C_Q)         0.456     3.443 f  mw0/datatrans_sys_i/trans_0/inst/trans_v1_0_S00_AXI_inst/slv_reg0_reg[0]/Q
                         net (fo=159, routed)         2.956     6.399    u0/memctl
    SLICE_X36Y81         FDCE                                         f  u0/y_2_reg[0]/CLR
  -------------------------------------------------------------------    -------------------

                         (clock clk_fpga_0 rise edge)
                                                     33.000    33.000 r  
    PS7_X0Y0             PS7                          0.000    33.000 r  mw0/datatrans_sys_i/processing_system7_0/inst/PS7_i/FCLKCLK[0]
                         net (fo=1, routed)           1.088    34.088    mw0/datatrans_sys_i/processing_system7_0/inst/FCLK_CLK_unbuffered[0]
    BUFGCTRL_X0Y16       BUFG (Prop_bufg_I_O)         0.091    34.179 r  mw0/datatrans_sys_i/processing_system7_0/inst/buffer_fclk_clk_0.FCLK_CLK_0_BUFG/O
                         net (fo=845, routed)         1.469    35.648    u0/axiclk
    SLICE_X36Y81         FDCE                                         r  u0/y_2_reg[0]/C
                         clock pessimism              0.229    35.877    
                         clock uncertainty           -0.496    35.381    
    SLICE_X36Y81         FDCE (Recov_fdce_C_CLR)     -0.319    35.062    u0/y_2_reg[0]
  -------------------------------------------------------------------
                         required time                         35.062    
                         arrival time                          -6.399    
  -------------------------------------------------------------------
                         slack                                 28.662    

Slack (MET) :             28.662ns  (required time - arrival time)
  Source:                 mw0/datatrans_sys_i/trans_0/inst/trans_v1_0_S00_AXI_inst/slv_reg0_reg[0]/C
                            (rising edge-triggered cell FDRE clocked by clk_fpga_0  {rise@0.000ns fall@16.500ns period=33.000ns})
  Destination:            u0/y_2_reg[1]/CLR
                            (recovery check against rising-edge clock clk_fpga_0  {rise@0.000ns fall@16.500ns period=33.000ns})
  Path Group:             **async_default**
  Path Type:              Recovery (Max at Slow Process Corner)
  Requirement:            33.000ns  (clk_fpga_0 rise@33.000ns - clk_fpga_0 rise@0.000ns)
  Data Path Delay:        3.412ns  (logic 0.456ns (13.363%)  route 2.956ns (86.637%))
  Logic Levels:           0  
  Clock Path Skew:        -0.110ns (DCD - SCD + CPR)
    Destination Clock Delay (DCD):    2.648ns = ( 35.648 - 33.000 ) 
    Source Clock Delay      (SCD):    2.987ns
    Clock Pessimism Removal (CPR):    0.229ns
  Clock Uncertainty:      0.496ns  ((TSJ^2 + TIJ^2)^1/2 + DJ) / 2 + PE
    Total System Jitter     (TSJ):    0.071ns
    Total Input Jitter      (TIJ):    0.990ns
    Discrete Jitter          (DJ):    0.000ns
    Phase Error              (PE):    0.000ns

    Location             Delay type                Incr(ns)  Path(ns)    Netlist Resource(s)
  -------------------------------------------------------------------    -------------------
                         (clock clk_fpga_0 rise edge)
                                                      0.000     0.000 r  
    PS7_X0Y0             PS7                          0.000     0.000 r  mw0/datatrans_sys_i/processing_system7_0/inst/PS7_i/FCLKCLK[0]
                         net (fo=1, routed)           1.193     1.193    mw0/datatrans_sys_i/processing_system7_0/inst/FCLK_CLK_unbuffered[0]
    BUFGCTRL_X0Y16       BUFG (Prop_bufg_I_O)         0.101     1.294 r  mw0/datatrans_sys_i/processing_system7_0/inst/buffer_fclk_clk_0.FCLK_CLK_0_BUFG/O
                         net (fo=845, routed)         1.693     2.987    mw0/datatrans_sys_i/trans_0/inst/trans_v1_0_S00_AXI_inst/s00_axi_aclk
    SLICE_X27Y90         FDRE                                         r  mw0/datatrans_sys_i/trans_0/inst/trans_v1_0_S00_AXI_inst/slv_reg0_reg[0]/C
  -------------------------------------------------------------------    -------------------
    SLICE_X27Y90         FDRE (Prop_fdre_C_Q)         0.456     3.443 f  mw0/datatrans_sys_i/trans_0/inst/trans_v1_0_S00_AXI_inst/slv_reg0_reg[0]/Q
                         net (fo=159, routed)         2.956     6.399    u0/memctl
    SLICE_X36Y81         FDCE                                         f  u0/y_2_reg[1]/CLR
  -------------------------------------------------------------------    -------------------

                         (clock clk_fpga_0 rise edge)
                                                     33.000    33.000 r  
    PS7_X0Y0             PS7                          0.000    33.000 r  mw0/datatrans_sys_i/processing_system7_0/inst/PS7_i/FCLKCLK[0]
                         net (fo=1, routed)           1.088    34.088    mw0/datatrans_sys_i/processing_system7_0/inst/FCLK_CLK_unbuffered[0]
    BUFGCTRL_X0Y16       BUFG (Prop_bufg_I_O)         0.091    34.179 r  mw0/datatrans_sys_i/processing_system7_0/inst/buffer_fclk_clk_0.FCLK_CLK_0_BUFG/O
                         net (fo=845, routed)         1.469    35.648    u0/axiclk
    SLICE_X36Y81         FDCE                                         r  u0/y_2_reg[1]/C
                         clock pessimism              0.229    35.877    
                         clock uncertainty           -0.496    35.381    
    SLICE_X36Y81         FDCE (Recov_fdce_C_CLR)     -0.319    35.062    u0/y_2_reg[1]
  -------------------------------------------------------------------
                         required time                         35.062    
                         arrival time                          -6.399    
  -------------------------------------------------------------------
                         slack                                 28.662    

Slack (MET) :             28.662ns  (required time - arrival time)
  Source:                 mw0/datatrans_sys_i/trans_0/inst/trans_v1_0_S00_AXI_inst/slv_reg0_reg[0]/C
                            (rising edge-triggered cell FDRE clocked by clk_fpga_0  {rise@0.000ns fall@16.500ns period=33.000ns})
  Destination:            u0/y_2_reg[2]/CLR
                            (recovery check against rising-edge clock clk_fpga_0  {rise@0.000ns fall@16.500ns period=33.000ns})
  Path Group:             **async_default**
  Path Type:              Recovery (Max at Slow Process Corner)
  Requirement:            33.000ns  (clk_fpga_0 rise@33.000ns - clk_fpga_0 rise@0.000ns)
  Data Path Delay:        3.412ns  (logic 0.456ns (13.363%)  route 2.956ns (86.637%))
  Logic Levels:           0  
  Clock Path Skew:        -0.110ns (DCD - SCD + CPR)
    Destination Clock Delay (DCD):    2.648ns = ( 35.648 - 33.000 ) 
    Source Clock Delay      (SCD):    2.987ns
    Clock Pessimism Removal (CPR):    0.229ns
  Clock Uncertainty:      0.496ns  ((TSJ^2 + TIJ^2)^1/2 + DJ) / 2 + PE
    Total System Jitter     (TSJ):    0.071ns
    Total Input Jitter      (TIJ):    0.990ns
    Discrete Jitter          (DJ):    0.000ns
    Phase Error              (PE):    0.000ns

    Location             Delay type                Incr(ns)  Path(ns)    Netlist Resource(s)
  -------------------------------------------------------------------    -------------------
                         (clock clk_fpga_0 rise edge)
                                                      0.000     0.000 r  
    PS7_X0Y0             PS7                          0.000     0.000 r  mw0/datatrans_sys_i/processing_system7_0/inst/PS7_i/FCLKCLK[0]
                         net (fo=1, routed)           1.193     1.193    mw0/datatrans_sys_i/processing_system7_0/inst/FCLK_CLK_unbuffered[0]
    BUFGCTRL_X0Y16       BUFG (Prop_bufg_I_O)         0.101     1.294 r  mw0/datatrans_sys_i/processing_system7_0/inst/buffer_fclk_clk_0.FCLK_CLK_0_BUFG/O
                         net (fo=845, routed)         1.693     2.987    mw0/datatrans_sys_i/trans_0/inst/trans_v1_0_S00_AXI_inst/s00_axi_aclk
    SLICE_X27Y90         FDRE                                         r  mw0/datatrans_sys_i/trans_0/inst/trans_v1_0_S00_AXI_inst/slv_reg0_reg[0]/C
  -------------------------------------------------------------------    -------------------
    SLICE_X27Y90         FDRE (Prop_fdre_C_Q)         0.456     3.443 f  mw0/datatrans_sys_i/trans_0/inst/trans_v1_0_S00_AXI_inst/slv_reg0_reg[0]/Q
                         net (fo=159, routed)         2.956     6.399    u0/memctl
    SLICE_X36Y81         FDCE                                         f  u0/y_2_reg[2]/CLR
  -------------------------------------------------------------------    -------------------

                         (clock clk_fpga_0 rise edge)
                                                     33.000    33.000 r  
    PS7_X0Y0             PS7                          0.000    33.000 r  mw0/datatrans_sys_i/processing_system7_0/inst/PS7_i/FCLKCLK[0]
                         net (fo=1, routed)           1.088    34.088    mw0/datatrans_sys_i/processing_system7_0/inst/FCLK_CLK_unbuffered[0]
    BUFGCTRL_X0Y16       BUFG (Prop_bufg_I_O)         0.091    34.179 r  mw0/datatrans_sys_i/processing_system7_0/inst/buffer_fclk_clk_0.FCLK_CLK_0_BUFG/O
                         net (fo=845, routed)         1.469    35.648    u0/axiclk
    SLICE_X36Y81         FDCE                                         r  u0/y_2_reg[2]/C
                         clock pessimism              0.229    35.877    
                         clock uncertainty           -0.496    35.381    
    SLICE_X36Y81         FDCE (Recov_fdce_C_CLR)     -0.319    35.062    u0/y_2_reg[2]
  -------------------------------------------------------------------
                         required time                         35.062    
                         arrival time                          -6.399    
  -------------------------------------------------------------------
                         slack                                 28.662    

Slack (MET) :             28.662ns  (required time - arrival time)
  Source:                 mw0/datatrans_sys_i/trans_0/inst/trans_v1_0_S00_AXI_inst/slv_reg0_reg[0]/C
                            (rising edge-triggered cell FDRE clocked by clk_fpga_0  {rise@0.000ns fall@16.500ns period=33.000ns})
  Destination:            u0/y_2_reg[3]/CLR
                            (recovery check against rising-edge clock clk_fpga_0  {rise@0.000ns fall@16.500ns period=33.000ns})
  Path Group:             **async_default**
  Path Type:              Recovery (Max at Slow Process Corner)
  Requirement:            33.000ns  (clk_fpga_0 rise@33.000ns - clk_fpga_0 rise@0.000ns)
  Data Path Delay:        3.412ns  (logic 0.456ns (13.363%)  route 2.956ns (86.637%))
  Logic Levels:           0  
  Clock Path Skew:        -0.110ns (DCD - SCD + CPR)
    Destination Clock Delay (DCD):    2.648ns = ( 35.648 - 33.000 ) 
    Source Clock Delay      (SCD):    2.987ns
    Clock Pessimism Removal (CPR):    0.229ns
  Clock Uncertainty:      0.496ns  ((TSJ^2 + TIJ^2)^1/2 + DJ) / 2 + PE
    Total System Jitter     (TSJ):    0.071ns
    Total Input Jitter      (TIJ):    0.990ns
    Discrete Jitter          (DJ):    0.000ns
    Phase Error              (PE):    0.000ns

    Location             Delay type                Incr(ns)  Path(ns)    Netlist Resource(s)
  -------------------------------------------------------------------    -------------------
                         (clock clk_fpga_0 rise edge)
                                                      0.000     0.000 r  
    PS7_X0Y0             PS7                          0.000     0.000 r  mw0/datatrans_sys_i/processing_system7_0/inst/PS7_i/FCLKCLK[0]
                         net (fo=1, routed)           1.193     1.193    mw0/datatrans_sys_i/processing_system7_0/inst/FCLK_CLK_unbuffered[0]
    BUFGCTRL_X0Y16       BUFG (Prop_bufg_I_O)         0.101     1.294 r  mw0/datatrans_sys_i/processing_system7_0/inst/buffer_fclk_clk_0.FCLK_CLK_0_BUFG/O
                         net (fo=845, routed)         1.693     2.987    mw0/datatrans_sys_i/trans_0/inst/trans_v1_0_S00_AXI_inst/s00_axi_aclk
    SLICE_X27Y90         FDRE                                         r  mw0/datatrans_sys_i/trans_0/inst/trans_v1_0_S00_AXI_inst/slv_reg0_reg[0]/C
  -------------------------------------------------------------------    -------------------
    SLICE_X27Y90         FDRE (Prop_fdre_C_Q)         0.456     3.443 f  mw0/datatrans_sys_i/trans_0/inst/trans_v1_0_S00_AXI_inst/slv_reg0_reg[0]/Q
                         net (fo=159, routed)         2.956     6.399    u0/memctl
    SLICE_X36Y81         FDCE                                         f  u0/y_2_reg[3]/CLR
  -------------------------------------------------------------------    -------------------

                         (clock clk_fpga_0 rise edge)
                                                     33.000    33.000 r  
    PS7_X0Y0             PS7                          0.000    33.000 r  mw0/datatrans_sys_i/processing_system7_0/inst/PS7_i/FCLKCLK[0]
                         net (fo=1, routed)           1.088    34.088    mw0/datatrans_sys_i/processing_system7_0/inst/FCLK_CLK_unbuffered[0]
    BUFGCTRL_X0Y16       BUFG (Prop_bufg_I_O)         0.091    34.179 r  mw0/datatrans_sys_i/processing_system7_0/inst/buffer_fclk_clk_0.FCLK_CLK_0_BUFG/O
                         net (fo=845, routed)         1.469    35.648    u0/axiclk
    SLICE_X36Y81         FDCE                                         r  u0/y_2_reg[3]/C
                         clock pessimism              0.229    35.877    
                         clock uncertainty           -0.496    35.381    
    SLICE_X36Y81         FDCE (Recov_fdce_C_CLR)     -0.319    35.062    u0/y_2_reg[3]
  -------------------------------------------------------------------
                         required time                         35.062    
                         arrival time                          -6.399    
  -------------------------------------------------------------------
                         slack                                 28.662    

Slack (MET) :             28.758ns  (required time - arrival time)
  Source:                 mw0/datatrans_sys_i/trans_0/inst/trans_v1_0_S00_AXI_inst/slv_reg0_reg[0]/C
                            (rising edge-triggered cell FDRE clocked by clk_fpga_0  {rise@0.000ns fall@16.500ns period=33.000ns})
  Destination:            u0/x_1_reg[5]/CLR
                            (recovery check against rising-edge clock clk_fpga_0  {rise@0.000ns fall@16.500ns period=33.000ns})
  Path Group:             **async_default**
  Path Type:              Recovery (Max at Slow Process Corner)
  Requirement:            33.000ns  (clk_fpga_0 rise@33.000ns - clk_fpga_0 rise@0.000ns)
  Data Path Delay:        3.274ns  (logic 0.456ns (13.928%)  route 2.818ns (86.072%))
  Logic Levels:           0  
  Clock Path Skew:        -0.111ns (DCD - SCD + CPR)
    Destination Clock Delay (DCD):    2.647ns = ( 35.647 - 33.000 ) 
    Source Clock Delay      (SCD):    2.987ns
    Clock Pessimism Removal (CPR):    0.229ns
  Clock Uncertainty:      0.496ns  ((TSJ^2 + TIJ^2)^1/2 + DJ) / 2 + PE
    Total System Jitter     (TSJ):    0.071ns
    Total Input Jitter      (TIJ):    0.990ns
    Discrete Jitter          (DJ):    0.000ns
    Phase Error              (PE):    0.000ns

    Location             Delay type                Incr(ns)  Path(ns)    Netlist Resource(s)
  -------------------------------------------------------------------    -------------------
                         (clock clk_fpga_0 rise edge)
                                                      0.000     0.000 r  
    PS7_X0Y0             PS7                          0.000     0.000 r  mw0/datatrans_sys_i/processing_system7_0/inst/PS7_i/FCLKCLK[0]
                         net (fo=1, routed)           1.193     1.193    mw0/datatrans_sys_i/processing_system7_0/inst/FCLK_CLK_unbuffered[0]
    BUFGCTRL_X0Y16       BUFG (Prop_bufg_I_O)         0.101     1.294 r  mw0/datatrans_sys_i/processing_system7_0/inst/buffer_fclk_clk_0.FCLK_CLK_0_BUFG/O
                         net (fo=845, routed)         1.693     2.987    mw0/datatrans_sys_i/trans_0/inst/trans_v1_0_S00_AXI_inst/s00_axi_aclk
    SLICE_X27Y90         FDRE                                         r  mw0/datatrans_sys_i/trans_0/inst/trans_v1_0_S00_AXI_inst/slv_reg0_reg[0]/C
  -------------------------------------------------------------------    -------------------
    SLICE_X27Y90         FDRE (Prop_fdre_C_Q)         0.456     3.443 f  mw0/datatrans_sys_i/trans_0/inst/trans_v1_0_S00_AXI_inst/slv_reg0_reg[0]/Q
                         net (fo=159, routed)         2.818     6.261    u0/memctl
    SLICE_X36Y80         FDCE                                         f  u0/x_1_reg[5]/CLR
  -------------------------------------------------------------------    -------------------

                         (clock clk_fpga_0 rise edge)
                                                     33.000    33.000 r  
    PS7_X0Y0             PS7                          0.000    33.000 r  mw0/datatrans_sys_i/processing_system7_0/inst/PS7_i/FCLKCLK[0]
                         net (fo=1, routed)           1.088    34.088    mw0/datatrans_sys_i/processing_system7_0/inst/FCLK_CLK_unbuffered[0]
    BUFGCTRL_X0Y16       BUFG (Prop_bufg_I_O)         0.091    34.179 r  mw0/datatrans_sys_i/processing_system7_0/inst/buffer_fclk_clk_0.FCLK_CLK_0_BUFG/O
                         net (fo=845, routed)         1.468    35.647    u0/axiclk
    SLICE_X36Y80         FDCE                                         r  u0/x_1_reg[5]/C
                         clock pessimism              0.229    35.876    
                         clock uncertainty           -0.496    35.380    
    SLICE_X36Y80         FDCE (Recov_fdce_C_CLR)     -0.361    35.019    u0/x_1_reg[5]
  -------------------------------------------------------------------
                         required time                         35.019    
                         arrival time                          -6.261    
  -------------------------------------------------------------------
                         slack                                 28.758    

Slack (MET) :             28.758ns  (required time - arrival time)
  Source:                 mw0/datatrans_sys_i/trans_0/inst/trans_v1_0_S00_AXI_inst/slv_reg0_reg[0]/C
                            (rising edge-triggered cell FDRE clocked by clk_fpga_0  {rise@0.000ns fall@16.500ns period=33.000ns})
  Destination:            u0/x_1_reg[6]/CLR
                            (recovery check against rising-edge clock clk_fpga_0  {rise@0.000ns fall@16.500ns period=33.000ns})
  Path Group:             **async_default**
  Path Type:              Recovery (Max at Slow Process Corner)
  Requirement:            33.000ns  (clk_fpga_0 rise@33.000ns - clk_fpga_0 rise@0.000ns)
  Data Path Delay:        3.274ns  (logic 0.456ns (13.928%)  route 2.818ns (86.072%))
  Logic Levels:           0  
  Clock Path Skew:        -0.111ns (DCD - SCD + CPR)
    Destination Clock Delay (DCD):    2.647ns = ( 35.647 - 33.000 ) 
    Source Clock Delay      (SCD):    2.987ns
    Clock Pessimism Removal (CPR):    0.229ns
  Clock Uncertainty:      0.496ns  ((TSJ^2 + TIJ^2)^1/2 + DJ) / 2 + PE
    Total System Jitter     (TSJ):    0.071ns
    Total Input Jitter      (TIJ):    0.990ns
    Discrete Jitter          (DJ):    0.000ns
    Phase Error              (PE):    0.000ns

    Location             Delay type                Incr(ns)  Path(ns)    Netlist Resource(s)
  -------------------------------------------------------------------    -------------------
                         (clock clk_fpga_0 rise edge)
                                                      0.000     0.000 r  
    PS7_X0Y0             PS7                          0.000     0.000 r  mw0/datatrans_sys_i/processing_system7_0/inst/PS7_i/FCLKCLK[0]
                         net (fo=1, routed)           1.193     1.193    mw0/datatrans_sys_i/processing_system7_0/inst/FCLK_CLK_unbuffered[0]
    BUFGCTRL_X0Y16       BUFG (Prop_bufg_I_O)         0.101     1.294 r  mw0/datatrans_sys_i/processing_system7_0/inst/buffer_fclk_clk_0.FCLK_CLK_0_BUFG/O
                         net (fo=845, routed)         1.693     2.987    mw0/datatrans_sys_i/trans_0/inst/trans_v1_0_S00_AXI_inst/s00_axi_aclk
    SLICE_X27Y90         FDRE                                         r  mw0/datatrans_sys_i/trans_0/inst/trans_v1_0_S00_AXI_inst/slv_reg0_reg[0]/C
  -------------------------------------------------------------------    -------------------
    SLICE_X27Y90         FDRE (Prop_fdre_C_Q)         0.456     3.443 f  mw0/datatrans_sys_i/trans_0/inst/trans_v1_0_S00_AXI_inst/slv_reg0_reg[0]/Q
                         net (fo=159, routed)         2.818     6.261    u0/memctl
    SLICE_X36Y80         FDCE                                         f  u0/x_1_reg[6]/CLR
  -------------------------------------------------------------------    -------------------

                         (clock clk_fpga_0 rise edge)
                                                     33.000    33.000 r  
    PS7_X0Y0             PS7                          0.000    33.000 r  mw0/datatrans_sys_i/processing_system7_0/inst/PS7_i/FCLKCLK[0]
                         net (fo=1, routed)           1.088    34.088    mw0/datatrans_sys_i/processing_system7_0/inst/FCLK_CLK_unbuffered[0]
    BUFGCTRL_X0Y16       BUFG (Prop_bufg_I_O)         0.091    34.179 r  mw0/datatrans_sys_i/processing_system7_0/inst/buffer_fclk_clk_0.FCLK_CLK_0_BUFG/O
                         net (fo=845, routed)         1.468    35.647    u0/axiclk
    SLICE_X36Y80         FDCE                                         r  u0/x_1_reg[6]/C
                         clock pessimism              0.229    35.876    
                         clock uncertainty           -0.496    35.380    
    SLICE_X36Y80         FDCE (Recov_fdce_C_CLR)     -0.361    35.019    u0/x_1_reg[6]
  -------------------------------------------------------------------
                         required time                         35.019    
                         arrival time                          -6.261    
  -------------------------------------------------------------------
                         slack                                 28.758    

Slack (MET) :             28.800ns  (required time - arrival time)
  Source:                 mw0/datatrans_sys_i/trans_0/inst/trans_v1_0_S00_AXI_inst/slv_reg0_reg[0]/C
                            (rising edge-triggered cell FDRE clocked by clk_fpga_0  {rise@0.000ns fall@16.500ns period=33.000ns})
  Destination:            u0/x_1_reg[0]/CLR
                            (recovery check against rising-edge clock clk_fpga_0  {rise@0.000ns fall@16.500ns period=33.000ns})
  Path Group:             **async_default**
  Path Type:              Recovery (Max at Slow Process Corner)
  Requirement:            33.000ns  (clk_fpga_0 rise@33.000ns - clk_fpga_0 rise@0.000ns)
  Data Path Delay:        3.274ns  (logic 0.456ns (13.928%)  route 2.818ns (86.072%))
  Logic Levels:           0  
  Clock Path Skew:        -0.111ns (DCD - SCD + CPR)
    Destination Clock Delay (DCD):    2.647ns = ( 35.647 - 33.000 ) 
    Source Clock Delay      (SCD):    2.987ns
    Clock Pessimism Removal (CPR):    0.229ns
  Clock Uncertainty:      0.496ns  ((TSJ^2 + TIJ^2)^1/2 + DJ) / 2 + PE
    Total System Jitter     (TSJ):    0.071ns
    Total Input Jitter      (TIJ):    0.990ns
    Discrete Jitter          (DJ):    0.000ns
    Phase Error              (PE):    0.000ns

    Location             Delay type                Incr(ns)  Path(ns)    Netlist Resource(s)
  -------------------------------------------------------------------    -------------------
                         (clock clk_fpga_0 rise edge)
                                                      0.000     0.000 r  
    PS7_X0Y0             PS7                          0.000     0.000 r  mw0/datatrans_sys_i/processing_system7_0/inst/PS7_i/FCLKCLK[0]
                         net (fo=1, routed)           1.193     1.193    mw0/datatrans_sys_i/processing_system7_0/inst/FCLK_CLK_unbuffered[0]
    BUFGCTRL_X0Y16       BUFG (Prop_bufg_I_O)         0.101     1.294 r  mw0/datatrans_sys_i/processing_system7_0/inst/buffer_fclk_clk_0.FCLK_CLK_0_BUFG/O
                         net (fo=845, routed)         1.693     2.987    mw0/datatrans_sys_i/trans_0/inst/trans_v1_0_S00_AXI_inst/s00_axi_aclk
    SLICE_X27Y90         FDRE                                         r  mw0/datatrans_sys_i/trans_0/inst/trans_v1_0_S00_AXI_inst/slv_reg0_reg[0]/C
  -------------------------------------------------------------------    -------------------
    SLICE_X27Y90         FDRE (Prop_fdre_C_Q)         0.456     3.443 f  mw0/datatrans_sys_i/trans_0/inst/trans_v1_0_S00_AXI_inst/slv_reg0_reg[0]/Q
                         net (fo=159, routed)         2.818     6.261    u0/memctl
    SLICE_X36Y80         FDCE                                         f  u0/x_1_reg[0]/CLR
  -------------------------------------------------------------------    -------------------

                         (clock clk_fpga_0 rise edge)
                                                     33.000    33.000 r  
    PS7_X0Y0             PS7                          0.000    33.000 r  mw0/datatrans_sys_i/processing_system7_0/inst/PS7_i/FCLKCLK[0]
                         net (fo=1, routed)           1.088    34.088    mw0/datatrans_sys_i/processing_system7_0/inst/FCLK_CLK_unbuffered[0]
    BUFGCTRL_X0Y16       BUFG (Prop_bufg_I_O)         0.091    34.179 r  mw0/datatrans_sys_i/processing_system7_0/inst/buffer_fclk_clk_0.FCLK_CLK_0_BUFG/O
                         net (fo=845, routed)         1.468    35.647    u0/axiclk
    SLICE_X36Y80         FDCE                                         r  u0/x_1_reg[0]/C
                         clock pessimism              0.229    35.876    
                         clock uncertainty           -0.496    35.380    
    SLICE_X36Y80         FDCE (Recov_fdce_C_CLR)     -0.319    35.061    u0/x_1_reg[0]
  -------------------------------------------------------------------
                         required time                         35.061    
                         arrival time                          -6.261    
  -------------------------------------------------------------------
                         slack                                 28.800    

Slack (MET) :             28.800ns  (required time - arrival time)
  Source:                 mw0/datatrans_sys_i/trans_0/inst/trans_v1_0_S00_AXI_inst/slv_reg0_reg[0]/C
                            (rising edge-triggered cell FDRE clocked by clk_fpga_0  {rise@0.000ns fall@16.500ns period=33.000ns})
  Destination:            u0/x_1_reg[1]/CLR
                            (recovery check against rising-edge clock clk_fpga_0  {rise@0.000ns fall@16.500ns period=33.000ns})
  Path Group:             **async_default**
  Path Type:              Recovery (Max at Slow Process Corner)
  Requirement:            33.000ns  (clk_fpga_0 rise@33.000ns - clk_fpga_0 rise@0.000ns)
  Data Path Delay:        3.274ns  (logic 0.456ns (13.928%)  route 2.818ns (86.072%))
  Logic Levels:           0  
  Clock Path Skew:        -0.111ns (DCD - SCD + CPR)
    Destination Clock Delay (DCD):    2.647ns = ( 35.647 - 33.000 ) 
    Source Clock Delay      (SCD):    2.987ns
    Clock Pessimism Removal (CPR):    0.229ns
  Clock Uncertainty:      0.496ns  ((TSJ^2 + TIJ^2)^1/2 + DJ) / 2 + PE
    Total System Jitter     (TSJ):    0.071ns
    Total Input Jitter      (TIJ):    0.990ns
    Discrete Jitter          (DJ):    0.000ns
    Phase Error              (PE):    0.000ns

    Location             Delay type                Incr(ns)  Path(ns)    Netlist Resource(s)
  -------------------------------------------------------------------    -------------------
                         (clock clk_fpga_0 rise edge)
                                                      0.000     0.000 r  
    PS7_X0Y0             PS7                          0.000     0.000 r  mw0/datatrans_sys_i/processing_system7_0/inst/PS7_i/FCLKCLK[0]
                         net (fo=1, routed)           1.193     1.193    mw0/datatrans_sys_i/processing_system7_0/inst/FCLK_CLK_unbuffered[0]
    BUFGCTRL_X0Y16       BUFG (Prop_bufg_I_O)         0.101     1.294 r  mw0/datatrans_sys_i/processing_system7_0/inst/buffer_fclk_clk_0.FCLK_CLK_0_BUFG/O
                         net (fo=845, routed)         1.693     2.987    mw0/datatrans_sys_i/trans_0/inst/trans_v1_0_S00_AXI_inst/s00_axi_aclk
    SLICE_X27Y90         FDRE                                         r  mw0/datatrans_sys_i/trans_0/inst/trans_v1_0_S00_AXI_inst/slv_reg0_reg[0]/C
  -------------------------------------------------------------------    -------------------
    SLICE_X27Y90         FDRE (Prop_fdre_C_Q)         0.456     3.443 f  mw0/datatrans_sys_i/trans_0/inst/trans_v1_0_S00_AXI_inst/slv_reg0_reg[0]/Q
                         net (fo=159, routed)         2.818     6.261    u0/memctl
    SLICE_X36Y80         FDCE                                         f  u0/x_1_reg[1]/CLR
  -------------------------------------------------------------------    -------------------

                         (clock clk_fpga_0 rise edge)
                                                     33.000    33.000 r  
    PS7_X0Y0             PS7                          0.000    33.000 r  mw0/datatrans_sys_i/processing_system7_0/inst/PS7_i/FCLKCLK[0]
                         net (fo=1, routed)           1.088    34.088    mw0/datatrans_sys_i/processing_system7_0/inst/FCLK_CLK_unbuffered[0]
    BUFGCTRL_X0Y16       BUFG (Prop_bufg_I_O)         0.091    34.179 r  mw0/datatrans_sys_i/processing_system7_0/inst/buffer_fclk_clk_0.FCLK_CLK_0_BUFG/O
                         net (fo=845, routed)         1.468    35.647    u0/axiclk
    SLICE_X36Y80         FDCE                                         r  u0/x_1_reg[1]/C
                         clock pessimism              0.229    35.876    
                         clock uncertainty           -0.496    35.380    
    SLICE_X36Y80         FDCE (Recov_fdce_C_CLR)     -0.319    35.061    u0/x_1_reg[1]
  -------------------------------------------------------------------
                         required time                         35.061    
                         arrival time                          -6.261    
  -------------------------------------------------------------------
                         slack                                 28.800    

Slack (MET) :             28.800ns  (required time - arrival time)
  Source:                 mw0/datatrans_sys_i/trans_0/inst/trans_v1_0_S00_AXI_inst/slv_reg0_reg[0]/C
                            (rising edge-triggered cell FDRE clocked by clk_fpga_0  {rise@0.000ns fall@16.500ns period=33.000ns})
  Destination:            u0/x_1_reg[2]/CLR
                            (recovery check against rising-edge clock clk_fpga_0  {rise@0.000ns fall@16.500ns period=33.000ns})
  Path Group:             **async_default**
  Path Type:              Recovery (Max at Slow Process Corner)
  Requirement:            33.000ns  (clk_fpga_0 rise@33.000ns - clk_fpga_0 rise@0.000ns)
  Data Path Delay:        3.274ns  (logic 0.456ns (13.928%)  route 2.818ns (86.072%))
  Logic Levels:           0  
  Clock Path Skew:        -0.111ns (DCD - SCD + CPR)
    Destination Clock Delay (DCD):    2.647ns = ( 35.647 - 33.000 ) 
    Source Clock Delay      (SCD):    2.987ns
    Clock Pessimism Removal (CPR):    0.229ns
  Clock Uncertainty:      0.496ns  ((TSJ^2 + TIJ^2)^1/2 + DJ) / 2 + PE
    Total System Jitter     (TSJ):    0.071ns
    Total Input Jitter      (TIJ):    0.990ns
    Discrete Jitter          (DJ):    0.000ns
    Phase Error              (PE):    0.000ns

    Location             Delay type                Incr(ns)  Path(ns)    Netlist Resource(s)
  -------------------------------------------------------------------    -------------------
                         (clock clk_fpga_0 rise edge)
                                                      0.000     0.000 r  
    PS7_X0Y0             PS7                          0.000     0.000 r  mw0/datatrans_sys_i/processing_system7_0/inst/PS7_i/FCLKCLK[0]
                         net (fo=1, routed)           1.193     1.193    mw0/datatrans_sys_i/processing_system7_0/inst/FCLK_CLK_unbuffered[0]
    BUFGCTRL_X0Y16       BUFG (Prop_bufg_I_O)         0.101     1.294 r  mw0/datatrans_sys_i/processing_system7_0/inst/buffer_fclk_clk_0.FCLK_CLK_0_BUFG/O
                         net (fo=845, routed)         1.693     2.987    mw0/datatrans_sys_i/trans_0/inst/trans_v1_0_S00_AXI_inst/s00_axi_aclk
    SLICE_X27Y90         FDRE                                         r  mw0/datatrans_sys_i/trans_0/inst/trans_v1_0_S00_AXI_inst/slv_reg0_reg[0]/C
  -------------------------------------------------------------------    -------------------
    SLICE_X27Y90         FDRE (Prop_fdre_C_Q)         0.456     3.443 f  mw0/datatrans_sys_i/trans_0/inst/trans_v1_0_S00_AXI_inst/slv_reg0_reg[0]/Q
                         net (fo=159, routed)         2.818     6.261    u0/memctl
    SLICE_X36Y80         FDCE                                         f  u0/x_1_reg[2]/CLR
  -------------------------------------------------------------------    -------------------

                         (clock clk_fpga_0 rise edge)
                                                     33.000    33.000 r  
    PS7_X0Y0             PS7                          0.000    33.000 r  mw0/datatrans_sys_i/processing_system7_0/inst/PS7_i/FCLKCLK[0]
                         net (fo=1, routed)           1.088    34.088    mw0/datatrans_sys_i/processing_system7_0/inst/FCLK_CLK_unbuffered[0]
    BUFGCTRL_X0Y16       BUFG (Prop_bufg_I_O)         0.091    34.179 r  mw0/datatrans_sys_i/processing_system7_0/inst/buffer_fclk_clk_0.FCLK_CLK_0_BUFG/O
                         net (fo=845, routed)         1.468    35.647    u0/axiclk
    SLICE_X36Y80         FDCE                                         r  u0/x_1_reg[2]/C
                         clock pessimism              0.229    35.876    
                         clock uncertainty           -0.496    35.380    
    SLICE_X36Y80         FDCE (Recov_fdce_C_CLR)     -0.319    35.061    u0/x_1_reg[2]
  -------------------------------------------------------------------
                         required time                         35.061    
                         arrival time                          -6.261    
  -------------------------------------------------------------------
                         slack                                 28.800    

Slack (MET) :             28.800ns  (required time - arrival time)
  Source:                 mw0/datatrans_sys_i/trans_0/inst/trans_v1_0_S00_AXI_inst/slv_reg0_reg[0]/C
                            (rising edge-triggered cell FDRE clocked by clk_fpga_0  {rise@0.000ns fall@16.500ns period=33.000ns})
  Destination:            u0/x_1_reg[3]/CLR
                            (recovery check against rising-edge clock clk_fpga_0  {rise@0.000ns fall@16.500ns period=33.000ns})
  Path Group:             **async_default**
  Path Type:              Recovery (Max at Slow Process Corner)
  Requirement:            33.000ns  (clk_fpga_0 rise@33.000ns - clk_fpga_0 rise@0.000ns)
  Data Path Delay:        3.274ns  (logic 0.456ns (13.928%)  route 2.818ns (86.072%))
  Logic Levels:           0  
  Clock Path Skew:        -0.111ns (DCD - SCD + CPR)
    Destination Clock Delay (DCD):    2.647ns = ( 35.647 - 33.000 ) 
    Source Clock Delay      (SCD):    2.987ns
    Clock Pessimism Removal (CPR):    0.229ns
  Clock Uncertainty:      0.496ns  ((TSJ^2 + TIJ^2)^1/2 + DJ) / 2 + PE
    Total System Jitter     (TSJ):    0.071ns
    Total Input Jitter      (TIJ):    0.990ns
    Discrete Jitter          (DJ):    0.000ns
    Phase Error              (PE):    0.000ns

    Location             Delay type                Incr(ns)  Path(ns)    Netlist Resource(s)
  -------------------------------------------------------------------    -------------------
                         (clock clk_fpga_0 rise edge)
                                                      0.000     0.000 r  
    PS7_X0Y0             PS7                          0.000     0.000 r  mw0/datatrans_sys_i/processing_system7_0/inst/PS7_i/FCLKCLK[0]
                         net (fo=1, routed)           1.193     1.193    mw0/datatrans_sys_i/processing_system7_0/inst/FCLK_CLK_unbuffered[0]
    BUFGCTRL_X0Y16       BUFG (Prop_bufg_I_O)         0.101     1.294 r  mw0/datatrans_sys_i/processing_system7_0/inst/buffer_fclk_clk_0.FCLK_CLK_0_BUFG/O
                         net (fo=845, routed)         1.693     2.987    mw0/datatrans_sys_i/trans_0/inst/trans_v1_0_S00_AXI_inst/s00_axi_aclk
    SLICE_X27Y90         FDRE                                         r  mw0/datatrans_sys_i/trans_0/inst/trans_v1_0_S00_AXI_inst/slv_reg0_reg[0]/C
  -------------------------------------------------------------------    -------------------
    SLICE_X27Y90         FDRE (Prop_fdre_C_Q)         0.456     3.443 f  mw0/datatrans_sys_i/trans_0/inst/trans_v1_0_S00_AXI_inst/slv_reg0_reg[0]/Q
                         net (fo=159, routed)         2.818     6.261    u0/memctl
    SLICE_X36Y80         FDCE                                         f  u0/x_1_reg[3]/CLR
  -------------------------------------------------------------------    -------------------

                         (clock clk_fpga_0 rise edge)
                                                     33.000    33.000 r  
    PS7_X0Y0             PS7                          0.000    33.000 r  mw0/datatrans_sys_i/processing_system7_0/inst/PS7_i/FCLKCLK[0]
                         net (fo=1, routed)           1.088    34.088    mw0/datatrans_sys_i/processing_system7_0/inst/FCLK_CLK_unbuffered[0]
    BUFGCTRL_X0Y16       BUFG (Prop_bufg_I_O)         0.091    34.179 r  mw0/datatrans_sys_i/processing_system7_0/inst/buffer_fclk_clk_0.FCLK_CLK_0_BUFG/O
                         net (fo=845, routed)         1.468    35.647    u0/axiclk
    SLICE_X36Y80         FDCE                                         r  u0/x_1_reg[3]/C
                         clock pessimism              0.229    35.876    
                         clock uncertainty           -0.496    35.380    
    SLICE_X36Y80         FDCE (Recov_fdce_C_CLR)     -0.319    35.061    u0/x_1_reg[3]
  -------------------------------------------------------------------
                         required time                         35.061    
                         arrival time                          -6.261    
  -------------------------------------------------------------------
                         slack                                 28.800    





Min Delay Paths
--------------------------------------------------------------------------------------
Slack (MET) :             0.950ns  (arrival time - required time)
  Source:                 mw0/datatrans_sys_i/trans_0/inst/trans_v1_0_S00_AXI_inst/slv_reg0_reg[0]/C
                            (rising edge-triggered cell FDRE clocked by clk_fpga_0  {rise@0.000ns fall@16.500ns period=33.000ns})
  Destination:            u0/y_1_reg[4]/CLR
                            (removal check against rising-edge clock clk_fpga_0  {rise@0.000ns fall@16.500ns period=33.000ns})
  Path Group:             **async_default**
  Path Type:              Removal (Min at Fast Process Corner)
  Requirement:            0.000ns  (clk_fpga_0 rise@0.000ns - clk_fpga_0 rise@0.000ns)
  Data Path Delay:        0.872ns  (logic 0.141ns (16.174%)  route 0.731ns (83.826%))
  Logic Levels:           0  
  Clock Path Skew:        0.014ns (DCD - SCD - CPR)
    Destination Clock Delay (DCD):    1.186ns
    Source Clock Delay      (SCD):    0.908ns
    Clock Pessimism Removal (CPR):    0.264ns

    Location             Delay type                Incr(ns)  Path(ns)    Netlist Resource(s)
  -------------------------------------------------------------------    -------------------
                         (clock clk_fpga_0 rise edge)
                                                      0.000     0.000 r  
    PS7_X0Y0             PS7                          0.000     0.000 r  mw0/datatrans_sys_i/processing_system7_0/inst/PS7_i/FCLKCLK[0]
                         net (fo=1, routed)           0.310     0.310    mw0/datatrans_sys_i/processing_system7_0/inst/FCLK_CLK_unbuffered[0]
    BUFGCTRL_X0Y16       BUFG (Prop_bufg_I_O)         0.026     0.336 r  mw0/datatrans_sys_i/processing_system7_0/inst/buffer_fclk_clk_0.FCLK_CLK_0_BUFG/O
                         net (fo=845, routed)         0.572     0.908    mw0/datatrans_sys_i/trans_0/inst/trans_v1_0_S00_AXI_inst/s00_axi_aclk
    SLICE_X27Y90         FDRE                                         r  mw0/datatrans_sys_i/trans_0/inst/trans_v1_0_S00_AXI_inst/slv_reg0_reg[0]/C
  -------------------------------------------------------------------    -------------------
    SLICE_X27Y90         FDRE (Prop_fdre_C_Q)         0.141     1.049 f  mw0/datatrans_sys_i/trans_0/inst/trans_v1_0_S00_AXI_inst/slv_reg0_reg[0]/Q
                         net (fo=159, routed)         0.731     1.779    u0/memctl
    SLICE_X35Y86         FDCE                                         f  u0/y_1_reg[4]/CLR
  -------------------------------------------------------------------    -------------------

                         (clock clk_fpga_0 rise edge)
                                                      0.000     0.000 r  
    PS7_X0Y0             PS7                          0.000     0.000 r  mw0/datatrans_sys_i/processing_system7_0/inst/PS7_i/FCLKCLK[0]
                         net (fo=1, routed)           0.337     0.337    mw0/datatrans_sys_i/processing_system7_0/inst/FCLK_CLK_unbuffered[0]
    BUFGCTRL_X0Y16       BUFG (Prop_bufg_I_O)         0.029     0.366 r  mw0/datatrans_sys_i/processing_system7_0/inst/buffer_fclk_clk_0.FCLK_CLK_0_BUFG/O
                         net (fo=845, routed)         0.820     1.186    u0/axiclk
    SLICE_X35Y86         FDCE                                         r  u0/y_1_reg[4]/C
                         clock pessimism             -0.264     0.922    
    SLICE_X35Y86         FDCE (Remov_fdce_C_CLR)     -0.092     0.830    u0/y_1_reg[4]
  -------------------------------------------------------------------
                         required time                         -0.830    
                         arrival time                           1.779    
  -------------------------------------------------------------------
                         slack                                  0.950    

Slack (MET) :             0.950ns  (arrival time - required time)
  Source:                 mw0/datatrans_sys_i/trans_0/inst/trans_v1_0_S00_AXI_inst/slv_reg0_reg[0]/C
                            (rising edge-triggered cell FDRE clocked by clk_fpga_0  {rise@0.000ns fall@16.500ns period=33.000ns})
  Destination:            u0/y_1_reg[5]/CLR
                            (removal check against rising-edge clock clk_fpga_0  {rise@0.000ns fall@16.500ns period=33.000ns})
  Path Group:             **async_default**
  Path Type:              Removal (Min at Fast Process Corner)
  Requirement:            0.000ns  (clk_fpga_0 rise@0.000ns - clk_fpga_0 rise@0.000ns)
  Data Path Delay:        0.872ns  (logic 0.141ns (16.174%)  route 0.731ns (83.826%))
  Logic Levels:           0  
  Clock Path Skew:        0.014ns (DCD - SCD - CPR)
    Destination Clock Delay (DCD):    1.186ns
    Source Clock Delay      (SCD):    0.908ns
    Clock Pessimism Removal (CPR):    0.264ns

    Location             Delay type                Incr(ns)  Path(ns)    Netlist Resource(s)
  -------------------------------------------------------------------    -------------------
                         (clock clk_fpga_0 rise edge)
                                                      0.000     0.000 r  
    PS7_X0Y0             PS7                          0.000     0.000 r  mw0/datatrans_sys_i/processing_system7_0/inst/PS7_i/FCLKCLK[0]
                         net (fo=1, routed)           0.310     0.310    mw0/datatrans_sys_i/processing_system7_0/inst/FCLK_CLK_unbuffered[0]
    BUFGCTRL_X0Y16       BUFG (Prop_bufg_I_O)         0.026     0.336 r  mw0/datatrans_sys_i/processing_system7_0/inst/buffer_fclk_clk_0.FCLK_CLK_0_BUFG/O
                         net (fo=845, routed)         0.572     0.908    mw0/datatrans_sys_i/trans_0/inst/trans_v1_0_S00_AXI_inst/s00_axi_aclk
    SLICE_X27Y90         FDRE                                         r  mw0/datatrans_sys_i/trans_0/inst/trans_v1_0_S00_AXI_inst/slv_reg0_reg[0]/C
  -------------------------------------------------------------------    -------------------
    SLICE_X27Y90         FDRE (Prop_fdre_C_Q)         0.141     1.049 f  mw0/datatrans_sys_i/trans_0/inst/trans_v1_0_S00_AXI_inst/slv_reg0_reg[0]/Q
                         net (fo=159, routed)         0.731     1.779    u0/memctl
    SLICE_X35Y86         FDCE                                         f  u0/y_1_reg[5]/CLR
  -------------------------------------------------------------------    -------------------

                         (clock clk_fpga_0 rise edge)
                                                      0.000     0.000 r  
    PS7_X0Y0             PS7                          0.000     0.000 r  mw0/datatrans_sys_i/processing_system7_0/inst/PS7_i/FCLKCLK[0]
                         net (fo=1, routed)           0.337     0.337    mw0/datatrans_sys_i/processing_system7_0/inst/FCLK_CLK_unbuffered[0]
    BUFGCTRL_X0Y16       BUFG (Prop_bufg_I_O)         0.029     0.366 r  mw0/datatrans_sys_i/processing_system7_0/inst/buffer_fclk_clk_0.FCLK_CLK_0_BUFG/O
                         net (fo=845, routed)         0.820     1.186    u0/axiclk
    SLICE_X35Y86         FDCE                                         r  u0/y_1_reg[5]/C
                         clock pessimism             -0.264     0.922    
    SLICE_X35Y86         FDCE (Remov_fdce_C_CLR)     -0.092     0.830    u0/y_1_reg[5]
  -------------------------------------------------------------------
                         required time                         -0.830    
                         arrival time                           1.779    
  -------------------------------------------------------------------
                         slack                                  0.950    

Slack (MET) :             0.950ns  (arrival time - required time)
  Source:                 mw0/datatrans_sys_i/trans_0/inst/trans_v1_0_S00_AXI_inst/slv_reg0_reg[0]/C
                            (rising edge-triggered cell FDRE clocked by clk_fpga_0  {rise@0.000ns fall@16.500ns period=33.000ns})
  Destination:            u0/y_1_reg[6]/CLR
                            (removal check against rising-edge clock clk_fpga_0  {rise@0.000ns fall@16.500ns period=33.000ns})
  Path Group:             **async_default**
  Path Type:              Removal (Min at Fast Process Corner)
  Requirement:            0.000ns  (clk_fpga_0 rise@0.000ns - clk_fpga_0 rise@0.000ns)
  Data Path Delay:        0.872ns  (logic 0.141ns (16.174%)  route 0.731ns (83.826%))
  Logic Levels:           0  
  Clock Path Skew:        0.014ns (DCD - SCD - CPR)
    Destination Clock Delay (DCD):    1.186ns
    Source Clock Delay      (SCD):    0.908ns
    Clock Pessimism Removal (CPR):    0.264ns

    Location             Delay type                Incr(ns)  Path(ns)    Netlist Resource(s)
  -------------------------------------------------------------------    -------------------
                         (clock clk_fpga_0 rise edge)
                                                      0.000     0.000 r  
    PS7_X0Y0             PS7                          0.000     0.000 r  mw0/datatrans_sys_i/processing_system7_0/inst/PS7_i/FCLKCLK[0]
                         net (fo=1, routed)           0.310     0.310    mw0/datatrans_sys_i/processing_system7_0/inst/FCLK_CLK_unbuffered[0]
    BUFGCTRL_X0Y16       BUFG (Prop_bufg_I_O)         0.026     0.336 r  mw0/datatrans_sys_i/processing_system7_0/inst/buffer_fclk_clk_0.FCLK_CLK_0_BUFG/O
                         net (fo=845, routed)         0.572     0.908    mw0/datatrans_sys_i/trans_0/inst/trans_v1_0_S00_AXI_inst/s00_axi_aclk
    SLICE_X27Y90         FDRE                                         r  mw0/datatrans_sys_i/trans_0/inst/trans_v1_0_S00_AXI_inst/slv_reg0_reg[0]/C
  -------------------------------------------------------------------    -------------------
    SLICE_X27Y90         FDRE (Prop_fdre_C_Q)         0.141     1.049 f  mw0/datatrans_sys_i/trans_0/inst/trans_v1_0_S00_AXI_inst/slv_reg0_reg[0]/Q
                         net (fo=159, routed)         0.731     1.779    u0/memctl
    SLICE_X35Y86         FDCE                                         f  u0/y_1_reg[6]/CLR
  -------------------------------------------------------------------    -------------------

                         (clock clk_fpga_0 rise edge)
                                                      0.000     0.000 r  
    PS7_X0Y0             PS7                          0.000     0.000 r  mw0/datatrans_sys_i/processing_system7_0/inst/PS7_i/FCLKCLK[0]
                         net (fo=1, routed)           0.337     0.337    mw0/datatrans_sys_i/processing_system7_0/inst/FCLK_CLK_unbuffered[0]
    BUFGCTRL_X0Y16       BUFG (Prop_bufg_I_O)         0.029     0.366 r  mw0/datatrans_sys_i/processing_system7_0/inst/buffer_fclk_clk_0.FCLK_CLK_0_BUFG/O
                         net (fo=845, routed)         0.820     1.186    u0/axiclk
    SLICE_X35Y86         FDCE                                         r  u0/y_1_reg[6]/C
                         clock pessimism             -0.264     0.922    
    SLICE_X35Y86         FDCE (Remov_fdce_C_CLR)     -0.092     0.830    u0/y_1_reg[6]
  -------------------------------------------------------------------
                         required time                         -0.830    
                         arrival time                           1.779    
  -------------------------------------------------------------------
                         slack                                  0.950    

Slack (MET) :             0.950ns  (arrival time - required time)
  Source:                 mw0/datatrans_sys_i/trans_0/inst/trans_v1_0_S00_AXI_inst/slv_reg0_reg[0]/C
                            (rising edge-triggered cell FDRE clocked by clk_fpga_0  {rise@0.000ns fall@16.500ns period=33.000ns})
  Destination:            u0/y_1_reg[7]/CLR
                            (removal check against rising-edge clock clk_fpga_0  {rise@0.000ns fall@16.500ns period=33.000ns})
  Path Group:             **async_default**
  Path Type:              Removal (Min at Fast Process Corner)
  Requirement:            0.000ns  (clk_fpga_0 rise@0.000ns - clk_fpga_0 rise@0.000ns)
  Data Path Delay:        0.872ns  (logic 0.141ns (16.174%)  route 0.731ns (83.826%))
  Logic Levels:           0  
  Clock Path Skew:        0.014ns (DCD - SCD - CPR)
    Destination Clock Delay (DCD):    1.186ns
    Source Clock Delay      (SCD):    0.908ns
    Clock Pessimism Removal (CPR):    0.264ns

    Location             Delay type                Incr(ns)  Path(ns)    Netlist Resource(s)
  -------------------------------------------------------------------    -------------------
                         (clock clk_fpga_0 rise edge)
                                                      0.000     0.000 r  
    PS7_X0Y0             PS7                          0.000     0.000 r  mw0/datatrans_sys_i/processing_system7_0/inst/PS7_i/FCLKCLK[0]
                         net (fo=1, routed)           0.310     0.310    mw0/datatrans_sys_i/processing_system7_0/inst/FCLK_CLK_unbuffered[0]
    BUFGCTRL_X0Y16       BUFG (Prop_bufg_I_O)         0.026     0.336 r  mw0/datatrans_sys_i/processing_system7_0/inst/buffer_fclk_clk_0.FCLK_CLK_0_BUFG/O
                         net (fo=845, routed)         0.572     0.908    mw0/datatrans_sys_i/trans_0/inst/trans_v1_0_S00_AXI_inst/s00_axi_aclk
    SLICE_X27Y90         FDRE                                         r  mw0/datatrans_sys_i/trans_0/inst/trans_v1_0_S00_AXI_inst/slv_reg0_reg[0]/C
  -------------------------------------------------------------------    -------------------
    SLICE_X27Y90         FDRE (Prop_fdre_C_Q)         0.141     1.049 f  mw0/datatrans_sys_i/trans_0/inst/trans_v1_0_S00_AXI_inst/slv_reg0_reg[0]/Q
                         net (fo=159, routed)         0.731     1.779    u0/memctl
    SLICE_X35Y86         FDCE                                         f  u0/y_1_reg[7]/CLR
  -------------------------------------------------------------------    -------------------

                         (clock clk_fpga_0 rise edge)
                                                      0.000     0.000 r  
    PS7_X0Y0             PS7                          0.000     0.000 r  mw0/datatrans_sys_i/processing_system7_0/inst/PS7_i/FCLKCLK[0]
                         net (fo=1, routed)           0.337     0.337    mw0/datatrans_sys_i/processing_system7_0/inst/FCLK_CLK_unbuffered[0]
    BUFGCTRL_X0Y16       BUFG (Prop_bufg_I_O)         0.029     0.366 r  mw0/datatrans_sys_i/processing_system7_0/inst/buffer_fclk_clk_0.FCLK_CLK_0_BUFG/O
                         net (fo=845, routed)         0.820     1.186    u0/axiclk
    SLICE_X35Y86         FDCE                                         r  u0/y_1_reg[7]/C
                         clock pessimism             -0.264     0.922    
    SLICE_X35Y86         FDCE (Remov_fdce_C_CLR)     -0.092     0.830    u0/y_1_reg[7]
  -------------------------------------------------------------------
                         required time                         -0.830    
                         arrival time                           1.779    
  -------------------------------------------------------------------
                         slack                                  0.950    

Slack (MET) :             1.016ns  (arrival time - required time)
  Source:                 mw0/datatrans_sys_i/trans_0/inst/trans_v1_0_S00_AXI_inst/slv_reg0_reg[0]/C
                            (rising edge-triggered cell FDRE clocked by clk_fpga_0  {rise@0.000ns fall@16.500ns period=33.000ns})
  Destination:            u0/y_1_reg[0]/CLR
                            (removal check against rising-edge clock clk_fpga_0  {rise@0.000ns fall@16.500ns period=33.000ns})
  Path Group:             **async_default**
  Path Type:              Removal (Min at Fast Process Corner)
  Requirement:            0.000ns  (clk_fpga_0 rise@0.000ns - clk_fpga_0 rise@0.000ns)
  Data Path Delay:        0.938ns  (logic 0.141ns (15.028%)  route 0.797ns (84.972%))
  Logic Levels:           0  
  Clock Path Skew:        0.014ns (DCD - SCD - CPR)
    Destination Clock Delay (DCD):    1.186ns
    Source Clock Delay      (SCD):    0.908ns
    Clock Pessimism Removal (CPR):    0.264ns

    Location             Delay type                Incr(ns)  Path(ns)    Netlist Resource(s)
  -------------------------------------------------------------------    -------------------
                         (clock clk_fpga_0 rise edge)
                                                      0.000     0.000 r  
    PS7_X0Y0             PS7                          0.000     0.000 r  mw0/datatrans_sys_i/processing_system7_0/inst/PS7_i/FCLKCLK[0]
                         net (fo=1, routed)           0.310     0.310    mw0/datatrans_sys_i/processing_system7_0/inst/FCLK_CLK_unbuffered[0]
    BUFGCTRL_X0Y16       BUFG (Prop_bufg_I_O)         0.026     0.336 r  mw0/datatrans_sys_i/processing_system7_0/inst/buffer_fclk_clk_0.FCLK_CLK_0_BUFG/O
                         net (fo=845, routed)         0.572     0.908    mw0/datatrans_sys_i/trans_0/inst/trans_v1_0_S00_AXI_inst/s00_axi_aclk
    SLICE_X27Y90         FDRE                                         r  mw0/datatrans_sys_i/trans_0/inst/trans_v1_0_S00_AXI_inst/slv_reg0_reg[0]/C
  -------------------------------------------------------------------    -------------------
    SLICE_X27Y90         FDRE (Prop_fdre_C_Q)         0.141     1.049 f  mw0/datatrans_sys_i/trans_0/inst/trans_v1_0_S00_AXI_inst/slv_reg0_reg[0]/Q
                         net (fo=159, routed)         0.797     1.846    u0/memctl
    SLICE_X35Y85         FDCE                                         f  u0/y_1_reg[0]/CLR
  -------------------------------------------------------------------    -------------------

                         (clock clk_fpga_0 rise edge)
                                                      0.000     0.000 r  
    PS7_X0Y0             PS7                          0.000     0.000 r  mw0/datatrans_sys_i/processing_system7_0/inst/PS7_i/FCLKCLK[0]
                         net (fo=1, routed)           0.337     0.337    mw0/datatrans_sys_i/processing_system7_0/inst/FCLK_CLK_unbuffered[0]
    BUFGCTRL_X0Y16       BUFG (Prop_bufg_I_O)         0.029     0.366 r  mw0/datatrans_sys_i/processing_system7_0/inst/buffer_fclk_clk_0.FCLK_CLK_0_BUFG/O
                         net (fo=845, routed)         0.820     1.186    u0/axiclk
    SLICE_X35Y85         FDCE                                         r  u0/y_1_reg[0]/C
                         clock pessimism             -0.264     0.922    
    SLICE_X35Y85         FDCE (Remov_fdce_C_CLR)     -0.092     0.830    u0/y_1_reg[0]
  -------------------------------------------------------------------
                         required time                         -0.830    
                         arrival time                           1.846    
  -------------------------------------------------------------------
                         slack                                  1.016    

Slack (MET) :             1.016ns  (arrival time - required time)
  Source:                 mw0/datatrans_sys_i/trans_0/inst/trans_v1_0_S00_AXI_inst/slv_reg0_reg[0]/C
                            (rising edge-triggered cell FDRE clocked by clk_fpga_0  {rise@0.000ns fall@16.500ns period=33.000ns})
  Destination:            u0/y_1_reg[1]/CLR
                            (removal check against rising-edge clock clk_fpga_0  {rise@0.000ns fall@16.500ns period=33.000ns})
  Path Group:             **async_default**
  Path Type:              Removal (Min at Fast Process Corner)
  Requirement:            0.000ns  (clk_fpga_0 rise@0.000ns - clk_fpga_0 rise@0.000ns)
  Data Path Delay:        0.938ns  (logic 0.141ns (15.028%)  route 0.797ns (84.972%))
  Logic Levels:           0  
  Clock Path Skew:        0.014ns (DCD - SCD - CPR)
    Destination Clock Delay (DCD):    1.186ns
    Source Clock Delay      (SCD):    0.908ns
    Clock Pessimism Removal (CPR):    0.264ns

    Location             Delay type                Incr(ns)  Path(ns)    Netlist Resource(s)
  -------------------------------------------------------------------    -------------------
                         (clock clk_fpga_0 rise edge)
                                                      0.000     0.000 r  
    PS7_X0Y0             PS7                          0.000     0.000 r  mw0/datatrans_sys_i/processing_system7_0/inst/PS7_i/FCLKCLK[0]
                         net (fo=1, routed)           0.310     0.310    mw0/datatrans_sys_i/processing_system7_0/inst/FCLK_CLK_unbuffered[0]
    BUFGCTRL_X0Y16       BUFG (Prop_bufg_I_O)         0.026     0.336 r  mw0/datatrans_sys_i/processing_system7_0/inst/buffer_fclk_clk_0.FCLK_CLK_0_BUFG/O
                         net (fo=845, routed)         0.572     0.908    mw0/datatrans_sys_i/trans_0/inst/trans_v1_0_S00_AXI_inst/s00_axi_aclk
    SLICE_X27Y90         FDRE                                         r  mw0/datatrans_sys_i/trans_0/inst/trans_v1_0_S00_AXI_inst/slv_reg0_reg[0]/C
  -------------------------------------------------------------------    -------------------
    SLICE_X27Y90         FDRE (Prop_fdre_C_Q)         0.141     1.049 f  mw0/datatrans_sys_i/trans_0/inst/trans_v1_0_S00_AXI_inst/slv_reg0_reg[0]/Q
                         net (fo=159, routed)         0.797     1.846    u0/memctl
    SLICE_X35Y85         FDCE                                         f  u0/y_1_reg[1]/CLR
  -------------------------------------------------------------------    -------------------

                         (clock clk_fpga_0 rise edge)
                                                      0.000     0.000 r  
    PS7_X0Y0             PS7                          0.000     0.000 r  mw0/datatrans_sys_i/processing_system7_0/inst/PS7_i/FCLKCLK[0]
                         net (fo=1, routed)           0.337     0.337    mw0/datatrans_sys_i/processing_system7_0/inst/FCLK_CLK_unbuffered[0]
    BUFGCTRL_X0Y16       BUFG (Prop_bufg_I_O)         0.029     0.366 r  mw0/datatrans_sys_i/processing_system7_0/inst/buffer_fclk_clk_0.FCLK_CLK_0_BUFG/O
                         net (fo=845, routed)         0.820     1.186    u0/axiclk
    SLICE_X35Y85         FDCE                                         r  u0/y_1_reg[1]/C
                         clock pessimism             -0.264     0.922    
    SLICE_X35Y85         FDCE (Remov_fdce_C_CLR)     -0.092     0.830    u0/y_1_reg[1]
  -------------------------------------------------------------------
                         required time                         -0.830    
                         arrival time                           1.846    
  -------------------------------------------------------------------
                         slack                                  1.016    

Slack (MET) :             1.016ns  (arrival time - required time)
  Source:                 mw0/datatrans_sys_i/trans_0/inst/trans_v1_0_S00_AXI_inst/slv_reg0_reg[0]/C
                            (rising edge-triggered cell FDRE clocked by clk_fpga_0  {rise@0.000ns fall@16.500ns period=33.000ns})
  Destination:            u0/y_1_reg[2]/CLR
                            (removal check against rising-edge clock clk_fpga_0  {rise@0.000ns fall@16.500ns period=33.000ns})
  Path Group:             **async_default**
  Path Type:              Removal (Min at Fast Process Corner)
  Requirement:            0.000ns  (clk_fpga_0 rise@0.000ns - clk_fpga_0 rise@0.000ns)
  Data Path Delay:        0.938ns  (logic 0.141ns (15.028%)  route 0.797ns (84.972%))
  Logic Levels:           0  
  Clock Path Skew:        0.014ns (DCD - SCD - CPR)
    Destination Clock Delay (DCD):    1.186ns
    Source Clock Delay      (SCD):    0.908ns
    Clock Pessimism Removal (CPR):    0.264ns

    Location             Delay type                Incr(ns)  Path(ns)    Netlist Resource(s)
  -------------------------------------------------------------------    -------------------
                         (clock clk_fpga_0 rise edge)
                                                      0.000     0.000 r  
    PS7_X0Y0             PS7                          0.000     0.000 r  mw0/datatrans_sys_i/processing_system7_0/inst/PS7_i/FCLKCLK[0]
                         net (fo=1, routed)           0.310     0.310    mw0/datatrans_sys_i/processing_system7_0/inst/FCLK_CLK_unbuffered[0]
    BUFGCTRL_X0Y16       BUFG (Prop_bufg_I_O)         0.026     0.336 r  mw0/datatrans_sys_i/processing_system7_0/inst/buffer_fclk_clk_0.FCLK_CLK_0_BUFG/O
                         net (fo=845, routed)         0.572     0.908    mw0/datatrans_sys_i/trans_0/inst/trans_v1_0_S00_AXI_inst/s00_axi_aclk
    SLICE_X27Y90         FDRE                                         r  mw0/datatrans_sys_i/trans_0/inst/trans_v1_0_S00_AXI_inst/slv_reg0_reg[0]/C
  -------------------------------------------------------------------    -------------------
    SLICE_X27Y90         FDRE (Prop_fdre_C_Q)         0.141     1.049 f  mw0/datatrans_sys_i/trans_0/inst/trans_v1_0_S00_AXI_inst/slv_reg0_reg[0]/Q
                         net (fo=159, routed)         0.797     1.846    u0/memctl
    SLICE_X35Y85         FDCE                                         f  u0/y_1_reg[2]/CLR
  -------------------------------------------------------------------    -------------------

                         (clock clk_fpga_0 rise edge)
                                                      0.000     0.000 r  
    PS7_X0Y0             PS7                          0.000     0.000 r  mw0/datatrans_sys_i/processing_system7_0/inst/PS7_i/FCLKCLK[0]
                         net (fo=1, routed)           0.337     0.337    mw0/datatrans_sys_i/processing_system7_0/inst/FCLK_CLK_unbuffered[0]
    BUFGCTRL_X0Y16       BUFG (Prop_bufg_I_O)         0.029     0.366 r  mw0/datatrans_sys_i/processing_system7_0/inst/buffer_fclk_clk_0.FCLK_CLK_0_BUFG/O
                         net (fo=845, routed)         0.820     1.186    u0/axiclk
    SLICE_X35Y85         FDCE                                         r  u0/y_1_reg[2]/C
                         clock pessimism             -0.264     0.922    
    SLICE_X35Y85         FDCE (Remov_fdce_C_CLR)     -0.092     0.830    u0/y_1_reg[2]
  -------------------------------------------------------------------
                         required time                         -0.830    
                         arrival time                           1.846    
  -------------------------------------------------------------------
                         slack                                  1.016    

Slack (MET) :             1.016ns  (arrival time - required time)
  Source:                 mw0/datatrans_sys_i/trans_0/inst/trans_v1_0_S00_AXI_inst/slv_reg0_reg[0]/C
                            (rising edge-triggered cell FDRE clocked by clk_fpga_0  {rise@0.000ns fall@16.500ns period=33.000ns})
  Destination:            u0/y_1_reg[3]/CLR
                            (removal check against rising-edge clock clk_fpga_0  {rise@0.000ns fall@16.500ns period=33.000ns})
  Path Group:             **async_default**
  Path Type:              Removal (Min at Fast Process Corner)
  Requirement:            0.000ns  (clk_fpga_0 rise@0.000ns - clk_fpga_0 rise@0.000ns)
  Data Path Delay:        0.938ns  (logic 0.141ns (15.028%)  route 0.797ns (84.972%))
  Logic Levels:           0  
  Clock Path Skew:        0.014ns (DCD - SCD - CPR)
    Destination Clock Delay (DCD):    1.186ns
    Source Clock Delay      (SCD):    0.908ns
    Clock Pessimism Removal (CPR):    0.264ns

    Location             Delay type                Incr(ns)  Path(ns)    Netlist Resource(s)
  -------------------------------------------------------------------    -------------------
                         (clock clk_fpga_0 rise edge)
                                                      0.000     0.000 r  
    PS7_X0Y0             PS7                          0.000     0.000 r  mw0/datatrans_sys_i/processing_system7_0/inst/PS7_i/FCLKCLK[0]
                         net (fo=1, routed)           0.310     0.310    mw0/datatrans_sys_i/processing_system7_0/inst/FCLK_CLK_unbuffered[0]
    BUFGCTRL_X0Y16       BUFG (Prop_bufg_I_O)         0.026     0.336 r  mw0/datatrans_sys_i/processing_system7_0/inst/buffer_fclk_clk_0.FCLK_CLK_0_BUFG/O
                         net (fo=845, routed)         0.572     0.908    mw0/datatrans_sys_i/trans_0/inst/trans_v1_0_S00_AXI_inst/s00_axi_aclk
    SLICE_X27Y90         FDRE                                         r  mw0/datatrans_sys_i/trans_0/inst/trans_v1_0_S00_AXI_inst/slv_reg0_reg[0]/C
  -------------------------------------------------------------------    -------------------
    SLICE_X27Y90         FDRE (Prop_fdre_C_Q)         0.141     1.049 f  mw0/datatrans_sys_i/trans_0/inst/trans_v1_0_S00_AXI_inst/slv_reg0_reg[0]/Q
                         net (fo=159, routed)         0.797     1.846    u0/memctl
    SLICE_X35Y85         FDCE                                         f  u0/y_1_reg[3]/CLR
  -------------------------------------------------------------------    -------------------

                         (clock clk_fpga_0 rise edge)
                                                      0.000     0.000 r  
    PS7_X0Y0             PS7                          0.000     0.000 r  mw0/datatrans_sys_i/processing_system7_0/inst/PS7_i/FCLKCLK[0]
                         net (fo=1, routed)           0.337     0.337    mw0/datatrans_sys_i/processing_system7_0/inst/FCLK_CLK_unbuffered[0]
    BUFGCTRL_X0Y16       BUFG (Prop_bufg_I_O)         0.029     0.366 r  mw0/datatrans_sys_i/processing_system7_0/inst/buffer_fclk_clk_0.FCLK_CLK_0_BUFG/O
                         net (fo=845, routed)         0.820     1.186    u0/axiclk
    SLICE_X35Y85         FDCE                                         r  u0/y_1_reg[3]/C
                         clock pessimism             -0.264     0.922    
    SLICE_X35Y85         FDCE (Remov_fdce_C_CLR)     -0.092     0.830    u0/y_1_reg[3]
  -------------------------------------------------------------------
                         required time                         -0.830    
                         arrival time                           1.846    
  -------------------------------------------------------------------
                         slack                                  1.016    

Slack (MET) :             1.328ns  (arrival time - required time)
  Source:                 mw0/datatrans_sys_i/trans_0/inst/trans_v1_0_S00_AXI_inst/slv_reg0_reg[0]/C
                            (rising edge-triggered cell FDRE clocked by clk_fpga_0  {rise@0.000ns fall@16.500ns period=33.000ns})
  Destination:            u0/y_2_reg[4]/CLR
                            (removal check against rising-edge clock clk_fpga_0  {rise@0.000ns fall@16.500ns period=33.000ns})
  Path Group:             **async_default**
  Path Type:              Removal (Min at Fast Process Corner)
  Requirement:            0.000ns  (clk_fpga_0 rise@0.000ns - clk_fpga_0 rise@0.000ns)
  Data Path Delay:        1.271ns  (logic 0.141ns (11.096%)  route 1.130ns (88.904%))
  Logic Levels:           0  
  Clock Path Skew:        0.010ns (DCD - SCD - CPR)
    Destination Clock Delay (DCD):    1.182ns
    Source Clock Delay      (SCD):    0.908ns
    Clock Pessimism Removal (CPR):    0.264ns

    Location             Delay type                Incr(ns)  Path(ns)    Netlist Resource(s)
  -------------------------------------------------------------------    -------------------
                         (clock clk_fpga_0 rise edge)
                                                      0.000     0.000 r  
    PS7_X0Y0             PS7                          0.000     0.000 r  mw0/datatrans_sys_i/processing_system7_0/inst/PS7_i/FCLKCLK[0]
                         net (fo=1, routed)           0.310     0.310    mw0/datatrans_sys_i/processing_system7_0/inst/FCLK_CLK_unbuffered[0]
    BUFGCTRL_X0Y16       BUFG (Prop_bufg_I_O)         0.026     0.336 r  mw0/datatrans_sys_i/processing_system7_0/inst/buffer_fclk_clk_0.FCLK_CLK_0_BUFG/O
                         net (fo=845, routed)         0.572     0.908    mw0/datatrans_sys_i/trans_0/inst/trans_v1_0_S00_AXI_inst/s00_axi_aclk
    SLICE_X27Y90         FDRE                                         r  mw0/datatrans_sys_i/trans_0/inst/trans_v1_0_S00_AXI_inst/slv_reg0_reg[0]/C
  -------------------------------------------------------------------    -------------------
    SLICE_X27Y90         FDRE (Prop_fdre_C_Q)         0.141     1.049 f  mw0/datatrans_sys_i/trans_0/inst/trans_v1_0_S00_AXI_inst/slv_reg0_reg[0]/Q
                         net (fo=159, routed)         1.130     2.178    u0/memctl
    SLICE_X36Y82         FDCE                                         f  u0/y_2_reg[4]/CLR
  -------------------------------------------------------------------    -------------------

                         (clock clk_fpga_0 rise edge)
                                                      0.000     0.000 r  
    PS7_X0Y0             PS7                          0.000     0.000 r  mw0/datatrans_sys_i/processing_system7_0/inst/PS7_i/FCLKCLK[0]
                         net (fo=1, routed)           0.337     0.337    mw0/datatrans_sys_i/processing_system7_0/inst/FCLK_CLK_unbuffered[0]
    BUFGCTRL_X0Y16       BUFG (Prop_bufg_I_O)         0.029     0.366 r  mw0/datatrans_sys_i/processing_system7_0/inst/buffer_fclk_clk_0.FCLK_CLK_0_BUFG/O
                         net (fo=845, routed)         0.816     1.182    u0/axiclk
    SLICE_X36Y82         FDCE                                         r  u0/y_2_reg[4]/C
                         clock pessimism             -0.264     0.918    
    SLICE_X36Y82         FDCE (Remov_fdce_C_CLR)     -0.067     0.851    u0/y_2_reg[4]
  -------------------------------------------------------------------
                         required time                         -0.851    
                         arrival time                           2.178    
  -------------------------------------------------------------------
                         slack                                  1.328    

Slack (MET) :             1.328ns  (arrival time - required time)
  Source:                 mw0/datatrans_sys_i/trans_0/inst/trans_v1_0_S00_AXI_inst/slv_reg0_reg[0]/C
                            (rising edge-triggered cell FDRE clocked by clk_fpga_0  {rise@0.000ns fall@16.500ns period=33.000ns})
  Destination:            u0/y_2_reg[5]/CLR
                            (removal check against rising-edge clock clk_fpga_0  {rise@0.000ns fall@16.500ns period=33.000ns})
  Path Group:             **async_default**
  Path Type:              Removal (Min at Fast Process Corner)
  Requirement:            0.000ns  (clk_fpga_0 rise@0.000ns - clk_fpga_0 rise@0.000ns)
  Data Path Delay:        1.271ns  (logic 0.141ns (11.096%)  route 1.130ns (88.904%))
  Logic Levels:           0  
  Clock Path Skew:        0.010ns (DCD - SCD - CPR)
    Destination Clock Delay (DCD):    1.182ns
    Source Clock Delay      (SCD):    0.908ns
    Clock Pessimism Removal (CPR):    0.264ns

    Location             Delay type                Incr(ns)  Path(ns)    Netlist Resource(s)
  -------------------------------------------------------------------    -------------------
                         (clock clk_fpga_0 rise edge)
                                                      0.000     0.000 r  
    PS7_X0Y0             PS7                          0.000     0.000 r  mw0/datatrans_sys_i/processing_system7_0/inst/PS7_i/FCLKCLK[0]
                         net (fo=1, routed)           0.310     0.310    mw0/datatrans_sys_i/processing_system7_0/inst/FCLK_CLK_unbuffered[0]
    BUFGCTRL_X0Y16       BUFG (Prop_bufg_I_O)         0.026     0.336 r  mw0/datatrans_sys_i/processing_system7_0/inst/buffer_fclk_clk_0.FCLK_CLK_0_BUFG/O
                         net (fo=845, routed)         0.572     0.908    mw0/datatrans_sys_i/trans_0/inst/trans_v1_0_S00_AXI_inst/s00_axi_aclk
    SLICE_X27Y90         FDRE                                         r  mw0/datatrans_sys_i/trans_0/inst/trans_v1_0_S00_AXI_inst/slv_reg0_reg[0]/C
  -------------------------------------------------------------------    -------------------
    SLICE_X27Y90         FDRE (Prop_fdre_C_Q)         0.141     1.049 f  mw0/datatrans_sys_i/trans_0/inst/trans_v1_0_S00_AXI_inst/slv_reg0_reg[0]/Q
                         net (fo=159, routed)         1.130     2.178    u0/memctl
    SLICE_X36Y82         FDCE                                         f  u0/y_2_reg[5]/CLR
  -------------------------------------------------------------------    -------------------

                         (clock clk_fpga_0 rise edge)
                                                      0.000     0.000 r  
    PS7_X0Y0             PS7                          0.000     0.000 r  mw0/datatrans_sys_i/processing_system7_0/inst/PS7_i/FCLKCLK[0]
                         net (fo=1, routed)           0.337     0.337    mw0/datatrans_sys_i/processing_system7_0/inst/FCLK_CLK_unbuffered[0]
    BUFGCTRL_X0Y16       BUFG (Prop_bufg_I_O)         0.029     0.366 r  mw0/datatrans_sys_i/processing_system7_0/inst/buffer_fclk_clk_0.FCLK_CLK_0_BUFG/O
                         net (fo=845, routed)         0.816     1.182    u0/axiclk
    SLICE_X36Y82         FDCE                                         r  u0/y_2_reg[5]/C
                         clock pessimism             -0.264     0.918    
    SLICE_X36Y82         FDCE (Remov_fdce_C_CLR)     -0.067     0.851    u0/y_2_reg[5]
  -------------------------------------------------------------------
                         required time                         -0.851    
                         arrival time                           2.178    
  -------------------------------------------------------------------
                         slack                                  1.328    





