Copyright 1986-2022 Xilinx, Inc. All Rights Reserved. Copyright 2022-2023 Advanced Micro Devices, Inc. All Rights Reserved.
--------------------------------------------------------------------------------------------------------------------------------------------------------------------------------------------------------
| Tool Version : Vivado v.2023.1 (lin64) Build 3865809 Sun May  7 15:04:56 MDT 2023
| Date         : Thu Oct 30 18:27:51 2025
| Host         : zach-127-06.engr.tamu.edu running 64-bit Red Hat Enterprise Linux release 8.10 (Ootpa)
| Command      : report_timing_summary -max_paths 10 -file top_viterbi_timing_summary_routed.rpt -pb top_viterbi_timing_summary_routed.pb -rpx top_viterbi_timing_summary_routed.rpx -warn_on_violation
| Design       : top_viterbi
| Device       : 7z020-clg400
| Speed File   : -1  PRODUCTION 1.12 2019-11-22
| Design State : Routed
--------------------------------------------------------------------------------------------------------------------------------------------------------------------------------------------------------

Timing Summary Report

------------------------------------------------------------------------------------------------
| Timer Settings
| --------------
------------------------------------------------------------------------------------------------

  Enable Multi Corner Analysis               :  Yes
  Enable Pessimism Removal                   :  Yes
  Pessimism Removal Resolution               :  Nearest Common Node
  Enable Input Delay Default Clock           :  No
  Enable Preset / Clear Arcs                 :  No
  Disable Flight Delays                      :  No
  Ignore I/O Paths                           :  No
  Timing Early Launch at Borrowing Latches   :  No
  Borrow Time for Max Delay Exceptions       :  Yes
  Merge Timing Exceptions                    :  Yes

  Corner  Analyze    Analyze    
  Name    Max Paths  Min Paths  
  ------  ---------  ---------  
  Slow    Yes        Yes        
  Fast    Yes        Yes        


------------------------------------------------------------------------------------------------
| Report Methodology
| ------------------
------------------------------------------------------------------------------------------------

No report available as report_methodology has not been run prior. Run report_methodology on the current design for the summary of methodology violations.



check_timing report

Table of Contents
-----------------
1. checking no_clock (0)
2. checking constant_clock (0)
3. checking pulse_width_clock (0)
4. checking unconstrained_internal_endpoints (0)
5. checking no_input_delay (0)
6. checking no_output_delay (0)
7. checking multiple_clock (0)
8. checking generated_clocks (0)
9. checking loops (0)
10. checking partial_input_delay (0)
11. checking partial_output_delay (0)
12. checking latch_loops (0)

1. checking no_clock (0)
------------------------
 There are 0 register/latch pins with no clock.


2. checking constant_clock (0)
------------------------------
 There are 0 register/latch pins with constant_clock.


3. checking pulse_width_clock (0)
---------------------------------
 There are 0 register/latch pins which need pulse_width check


4. checking unconstrained_internal_endpoints (0)
------------------------------------------------
 There are 0 pins that are not constrained for maximum delay.

 There are 0 pins that are not constrained for maximum delay due to constant clock.


5. checking no_input_delay (0)
------------------------------
 There are 0 input ports with no input delay specified.

 There are 0 input ports with no input delay but user has a false path constraint.


6. checking no_output_delay (0)
-------------------------------
 There are 0 ports with no output delay specified.

 There are 0 ports with no output delay but user has a false path constraint

 There are 0 ports with no output delay but with a timing clock defined on it or propagating through it


7. checking multiple_clock (0)
------------------------------
 There are 0 register/latch pins with multiple clocks.


8. checking generated_clocks (0)
--------------------------------
 There are 0 generated clocks that are not connected to a clock source.


9. checking loops (0)
---------------------
 There are 0 combinational loops in the design.


10. checking partial_input_delay (0)
------------------------------------
 There are 0 input ports with partial input delay specified.


11. checking partial_output_delay (0)
-------------------------------------
 There are 0 ports with partial output delay specified.


12. checking latch_loops (0)
----------------------------
 There are 0 combinational latch loops in the design through latch input



------------------------------------------------------------------------------------------------
| Design Timing Summary
| ---------------------
------------------------------------------------------------------------------------------------

    WNS(ns)      TNS(ns)  TNS Failing Endpoints  TNS Total Endpoints      WHS(ns)      THS(ns)  THS Failing Endpoints  THS Total Endpoints     WPWS(ns)     TPWS(ns)  TPWS Failing Endpoints  TPWS Total Endpoints  
    -------      -------  ---------------------  -------------------      -------      -------  ---------------------  -------------------     --------     --------  ----------------------  --------------------  
     23.642        0.000                      0                 2598        0.043        0.000                      0                 2598       15.520        0.000                       0                   950  


All user specified timing constraints are met.


------------------------------------------------------------------------------------------------
| Clock Summary
| -------------
------------------------------------------------------------------------------------------------

Clock       Waveform(ns)       Period(ns)      Frequency(MHz)
-----       ------------       ----------      --------------
clk_fpga_0  {0.000 16.500}     33.000          30.303          


------------------------------------------------------------------------------------------------
| Intra Clock Table
| -----------------
------------------------------------------------------------------------------------------------

Clock             WNS(ns)      TNS(ns)  TNS Failing Endpoints  TNS Total Endpoints      WHS(ns)      THS(ns)  THS Failing Endpoints  THS Total Endpoints     WPWS(ns)     TPWS(ns)  TPWS Failing Endpoints  TPWS Total Endpoints  
-----             -------      -------  ---------------------  -------------------      -------      -------  ---------------------  -------------------     --------     --------  ----------------------  --------------------  
clk_fpga_0         23.642        0.000                      0                 2394        0.043        0.000                      0                 2394       15.520        0.000                       0                   950  


------------------------------------------------------------------------------------------------
| Inter Clock Table
| -----------------
------------------------------------------------------------------------------------------------

From Clock    To Clock          WNS(ns)      TNS(ns)  TNS Failing Endpoints  TNS Total Endpoints      WHS(ns)      THS(ns)  THS Failing Endpoints  THS Total Endpoints  
----------    --------          -------      -------  ---------------------  -------------------      -------      -------  ---------------------  -------------------  


------------------------------------------------------------------------------------------------
| Other Path Groups Table
| -----------------------
------------------------------------------------------------------------------------------------

Path Group         From Clock         To Clock               WNS(ns)      TNS(ns)  TNS Failing Endpoints  TNS Total Endpoints      WHS(ns)      THS(ns)  THS Failing Endpoints  THS Total Endpoints  
----------         ----------         --------               -------      -------  ---------------------  -------------------      -------      -------  ---------------------  -------------------  
**async_default**  clk_fpga_0         clk_fpga_0              27.716        0.000                      0                  204        0.875        0.000                      0                  204  


------------------------------------------------------------------------------------------------
| Timing Details
| --------------
------------------------------------------------------------------------------------------------


---------------------------------------------------------------------------------------------------
From Clock:  clk_fpga_0
  To Clock:  clk_fpga_0

Setup :            0  Failing Endpoints,  Worst Slack       23.642ns,  Total Violation        0.000ns
Hold  :            0  Failing Endpoints,  Worst Slack        0.043ns,  Total Violation        0.000ns
PW    :            0  Failing Endpoints,  Worst Slack       15.520ns,  Total Violation        0.000ns
---------------------------------------------------------------------------------------------------


Max Delay Paths
--------------------------------------------------------------------------------------
Slack (MET) :             23.642ns  (required time - arrival time)
  Source:                 v0/code_count_reg[0]/C
                            (rising edge-triggered cell FDCE clocked by clk_fpga_0  {rise@0.000ns fall@16.500ns period=33.000ns})
  Destination:            v0/codeout_reg[3]/D
                            (rising edge-triggered cell FDCE clocked by clk_fpga_0  {rise@0.000ns fall@16.500ns period=33.000ns})
  Path Group:             clk_fpga_0
  Path Type:              Setup (Max at Slow Process Corner)
  Requirement:            33.000ns  (clk_fpga_0 rise@33.000ns - clk_fpga_0 rise@0.000ns)
  Data Path Delay:        8.878ns  (logic 3.640ns (40.999%)  route 5.238ns (59.001%))
  Logic Levels:           14  (CARRY4=8 LUT2=1 LUT4=1 LUT5=2 LUT6=2)
  Clock Path Skew:        -0.014ns (DCD - SCD + CPR)
    Destination Clock Delay (DCD):    2.690ns = ( 35.690 - 33.000 ) 
    Source Clock Delay      (SCD):    2.933ns
    Clock Pessimism Removal (CPR):    0.229ns
  Clock Uncertainty:      0.496ns  ((TSJ^2 + TIJ^2)^1/2 + DJ) / 2 + PE
    Total System Jitter     (TSJ):    0.071ns
    Total Input Jitter      (TIJ):    0.990ns
    Discrete Jitter          (DJ):    0.000ns
    Phase Error              (PE):    0.000ns

    Location             Delay type                Incr(ns)  Path(ns)    Netlist Resource(s)
  -------------------------------------------------------------------    -------------------
                         (clock clk_fpga_0 rise edge)
                                                      0.000     0.000 r  
    PS7_X0Y0             PS7                          0.000     0.000 r  mw0/datatrans_sys_i/processing_system7_0/inst/PS7_i/FCLKCLK[0]
                         net (fo=1, routed)           1.193     1.193    mw0/datatrans_sys_i/processing_system7_0/inst/FCLK_CLK_unbuffered[0]
    BUFGCTRL_X0Y16       BUFG (Prop_bufg_I_O)         0.101     1.294 r  mw0/datatrans_sys_i/processing_system7_0/inst/buffer_fclk_clk_0.FCLK_CLK_0_BUFG/O
                         net (fo=950, routed)         1.639     2.933    v0/axiclk
    SLICE_X33Y70         FDCE                                         r  v0/code_count_reg[0]/C
  -------------------------------------------------------------------    -------------------
    SLICE_X33Y70         FDCE (Prop_fdce_C_Q)         0.456     3.389 r  v0/code_count_reg[0]/Q
                         net (fo=16, routed)          0.497     3.886    v0/code_count_reg_n_0_[0]
    SLICE_X35Y71         CARRY4 (Prop_carry4_S[0]_O[1])
                                                      0.548     4.434 f  v0/codeout5_carry/O[1]
                         net (fo=43, routed)          0.970     5.404    v0/codeout5[1]
    SLICE_X38Y69         LUT2 (Prop_lut2_I0_O)        0.329     5.733 r  v0/paths[0][9]_i_2/O
                         net (fo=10, routed)          0.855     6.587    v0/paths[0][9]_i_2_n_0
    SLICE_X32Y70         LUT6 (Prop_lut6_I2_O)        0.348     6.935 r  v0/codeout[4]_i_26/O
                         net (fo=1, routed)           0.000     6.935    v0/codeout[4]_i_26_n_0
    SLICE_X32Y70         CARRY4 (Prop_carry4_S[2]_CO[3])
                                                      0.380     7.315 r  v0/codeout_reg[4]_i_10/CO[3]
                         net (fo=1, routed)           0.000     7.315    v0/codeout_reg[4]_i_10_n_0
    SLICE_X32Y71         CARRY4 (Prop_carry4_CI_CO[3])
                                                      0.117     7.432 r  v0/codeout_reg[4]_i_29/CO[3]
                         net (fo=1, routed)           0.000     7.432    v0/codeout_reg[4]_i_29_n_0
    SLICE_X32Y72         CARRY4 (Prop_carry4_CI_CO[3])
                                                      0.117     7.549 r  v0/codeout_reg[4]_i_20/CO[3]
                         net (fo=1, routed)           0.000     7.549    v0/codeout_reg[4]_i_20_n_0
    SLICE_X32Y73         CARRY4 (Prop_carry4_CI_CO[3])
                                                      0.117     7.666 r  v0/codeout_reg[4]_i_8/CO[3]
                         net (fo=1, routed)           0.000     7.666    v0/codeout_reg[4]_i_8_n_0
    SLICE_X32Y74         CARRY4 (Prop_carry4_CI_CO[3])
                                                      0.117     7.783 r  v0/codeout_reg[4]_i_31/CO[3]
                         net (fo=1, routed)           0.009     7.792    v0/codeout_reg[4]_i_31_n_0
    SLICE_X32Y75         CARRY4 (Prop_carry4_CI_CO[3])
                                                      0.117     7.909 r  v0/codeout_reg[4]_i_13/CO[3]
                         net (fo=1, routed)           0.000     7.909    v0/codeout_reg[4]_i_13_n_0
    SLICE_X32Y76         CARRY4 (Prop_carry4_CI_O[3])
                                                      0.315     8.224 f  v0/codeout_reg[4]_i_30/O[3]
                         net (fo=1, routed)           0.626     8.850    v0/codeout4[31]
    SLICE_X33Y76         LUT4 (Prop_lut4_I3_O)        0.307     9.157 f  v0/codeout[4]_i_12/O
                         net (fo=1, routed)           0.505     9.661    v0/codeout[4]_i_12_n_0
    SLICE_X33Y75         LUT6 (Prop_lut6_I0_O)        0.124     9.785 f  v0/codeout[4]_i_6/O
                         net (fo=1, routed)           0.877    10.662    v0/codeout[4]_i_6_n_0
    SLICE_X33Y69         LUT5 (Prop_lut5_I3_O)        0.124    10.786 r  v0/codeout[4]_i_3/O
                         net (fo=5, routed)           0.901    11.687    v0/codeout[4]_i_3_n_0
    SLICE_X31Y72         LUT5 (Prop_lut5_I0_O)        0.124    11.811 r  v0/codeout[3]_i_1/O
                         net (fo=1, routed)           0.000    11.811    v0/codeout[3]_i_1_n_0
    SLICE_X31Y72         FDCE                                         r  v0/codeout_reg[3]/D
  -------------------------------------------------------------------    -------------------

                         (clock clk_fpga_0 rise edge)
                                                     33.000    33.000 r  
    PS7_X0Y0             PS7                          0.000    33.000 r  mw0/datatrans_sys_i/processing_system7_0/inst/PS7_i/FCLKCLK[0]
                         net (fo=1, routed)           1.088    34.088    mw0/datatrans_sys_i/processing_system7_0/inst/FCLK_CLK_unbuffered[0]
    BUFGCTRL_X0Y16       BUFG (Prop_bufg_I_O)         0.091    34.179 r  mw0/datatrans_sys_i/processing_system7_0/inst/buffer_fclk_clk_0.FCLK_CLK_0_BUFG/O
                         net (fo=950, routed)         1.511    35.690    v0/axiclk
    SLICE_X31Y72         FDCE                                         r  v0/codeout_reg[3]/C
                         clock pessimism              0.229    35.919    
                         clock uncertainty           -0.496    35.423    
    SLICE_X31Y72         FDCE (Setup_fdce_C_D)        0.031    35.454    v0/codeout_reg[3]
  -------------------------------------------------------------------
                         required time                         35.454    
                         arrival time                         -11.811    
  -------------------------------------------------------------------
                         slack                                 23.642    

Slack (MET) :             23.810ns  (required time - arrival time)
  Source:                 v0/code_count_reg[0]/C
                            (rising edge-triggered cell FDCE clocked by clk_fpga_0  {rise@0.000ns fall@16.500ns period=33.000ns})
  Destination:            v0/codeout_reg[2]/D
                            (rising edge-triggered cell FDCE clocked by clk_fpga_0  {rise@0.000ns fall@16.500ns period=33.000ns})
  Path Group:             clk_fpga_0
  Path Type:              Setup (Max at Slow Process Corner)
  Requirement:            33.000ns  (clk_fpga_0 rise@33.000ns - clk_fpga_0 rise@0.000ns)
  Data Path Delay:        8.708ns  (logic 3.640ns (41.799%)  route 5.068ns (58.201%))
  Logic Levels:           14  (CARRY4=8 LUT2=1 LUT4=1 LUT5=2 LUT6=2)
  Clock Path Skew:        -0.014ns (DCD - SCD + CPR)
    Destination Clock Delay (DCD):    2.690ns = ( 35.690 - 33.000 ) 
    Source Clock Delay      (SCD):    2.933ns
    Clock Pessimism Removal (CPR):    0.229ns
  Clock Uncertainty:      0.496ns  ((TSJ^2 + TIJ^2)^1/2 + DJ) / 2 + PE
    Total System Jitter     (TSJ):    0.071ns
    Total Input Jitter      (TIJ):    0.990ns
    Discrete Jitter          (DJ):    0.000ns
    Phase Error              (PE):    0.000ns

    Location             Delay type                Incr(ns)  Path(ns)    Netlist Resource(s)
  -------------------------------------------------------------------    -------------------
                         (clock clk_fpga_0 rise edge)
                                                      0.000     0.000 r  
    PS7_X0Y0             PS7                          0.000     0.000 r  mw0/datatrans_sys_i/processing_system7_0/inst/PS7_i/FCLKCLK[0]
                         net (fo=1, routed)           1.193     1.193    mw0/datatrans_sys_i/processing_system7_0/inst/FCLK_CLK_unbuffered[0]
    BUFGCTRL_X0Y16       BUFG (Prop_bufg_I_O)         0.101     1.294 r  mw0/datatrans_sys_i/processing_system7_0/inst/buffer_fclk_clk_0.FCLK_CLK_0_BUFG/O
                         net (fo=950, routed)         1.639     2.933    v0/axiclk
    SLICE_X33Y70         FDCE                                         r  v0/code_count_reg[0]/C
  -------------------------------------------------------------------    -------------------
    SLICE_X33Y70         FDCE (Prop_fdce_C_Q)         0.456     3.389 r  v0/code_count_reg[0]/Q
                         net (fo=16, routed)          0.497     3.886    v0/code_count_reg_n_0_[0]
    SLICE_X35Y71         CARRY4 (Prop_carry4_S[0]_O[1])
                                                      0.548     4.434 f  v0/codeout5_carry/O[1]
                         net (fo=43, routed)          0.970     5.404    v0/codeout5[1]
    SLICE_X38Y69         LUT2 (Prop_lut2_I0_O)        0.329     5.733 r  v0/paths[0][9]_i_2/O
                         net (fo=10, routed)          0.855     6.587    v0/paths[0][9]_i_2_n_0
    SLICE_X32Y70         LUT6 (Prop_lut6_I2_O)        0.348     6.935 r  v0/codeout[4]_i_26/O
                         net (fo=1, routed)           0.000     6.935    v0/codeout[4]_i_26_n_0
    SLICE_X32Y70         CARRY4 (Prop_carry4_S[2]_CO[3])
                                                      0.380     7.315 r  v0/codeout_reg[4]_i_10/CO[3]
                         net (fo=1, routed)           0.000     7.315    v0/codeout_reg[4]_i_10_n_0
    SLICE_X32Y71         CARRY4 (Prop_carry4_CI_CO[3])
                                                      0.117     7.432 r  v0/codeout_reg[4]_i_29/CO[3]
                         net (fo=1, routed)           0.000     7.432    v0/codeout_reg[4]_i_29_n_0
    SLICE_X32Y72         CARRY4 (Prop_carry4_CI_CO[3])
                                                      0.117     7.549 r  v0/codeout_reg[4]_i_20/CO[3]
                         net (fo=1, routed)           0.000     7.549    v0/codeout_reg[4]_i_20_n_0
    SLICE_X32Y73         CARRY4 (Prop_carry4_CI_CO[3])
                                                      0.117     7.666 r  v0/codeout_reg[4]_i_8/CO[3]
                         net (fo=1, routed)           0.000     7.666    v0/codeout_reg[4]_i_8_n_0
    SLICE_X32Y74         CARRY4 (Prop_carry4_CI_CO[3])
                                                      0.117     7.783 r  v0/codeout_reg[4]_i_31/CO[3]
                         net (fo=1, routed)           0.009     7.792    v0/codeout_reg[4]_i_31_n_0
    SLICE_X32Y75         CARRY4 (Prop_carry4_CI_CO[3])
                                                      0.117     7.909 r  v0/codeout_reg[4]_i_13/CO[3]
                         net (fo=1, routed)           0.000     7.909    v0/codeout_reg[4]_i_13_n_0
    SLICE_X32Y76         CARRY4 (Prop_carry4_CI_O[3])
                                                      0.315     8.224 f  v0/codeout_reg[4]_i_30/O[3]
                         net (fo=1, routed)           0.626     8.850    v0/codeout4[31]
    SLICE_X33Y76         LUT4 (Prop_lut4_I3_O)        0.307     9.157 f  v0/codeout[4]_i_12/O
                         net (fo=1, routed)           0.505     9.661    v0/codeout[4]_i_12_n_0
    SLICE_X33Y75         LUT6 (Prop_lut6_I0_O)        0.124     9.785 f  v0/codeout[4]_i_6/O
                         net (fo=1, routed)           0.877    10.662    v0/codeout[4]_i_6_n_0
    SLICE_X33Y69         LUT5 (Prop_lut5_I3_O)        0.124    10.786 r  v0/codeout[4]_i_3/O
                         net (fo=5, routed)           0.731    11.517    v0/codeout[4]_i_3_n_0
    SLICE_X31Y72         LUT5 (Prop_lut5_I0_O)        0.124    11.641 r  v0/codeout[2]_i_1/O
                         net (fo=1, routed)           0.000    11.641    v0/codeout[2]_i_1_n_0
    SLICE_X31Y72         FDCE                                         r  v0/codeout_reg[2]/D
  -------------------------------------------------------------------    -------------------

                         (clock clk_fpga_0 rise edge)
                                                     33.000    33.000 r  
    PS7_X0Y0             PS7                          0.000    33.000 r  mw0/datatrans_sys_i/processing_system7_0/inst/PS7_i/FCLKCLK[0]
                         net (fo=1, routed)           1.088    34.088    mw0/datatrans_sys_i/processing_system7_0/inst/FCLK_CLK_unbuffered[0]
    BUFGCTRL_X0Y16       BUFG (Prop_bufg_I_O)         0.091    34.179 r  mw0/datatrans_sys_i/processing_system7_0/inst/buffer_fclk_clk_0.FCLK_CLK_0_BUFG/O
                         net (fo=950, routed)         1.511    35.690    v0/axiclk
    SLICE_X31Y72         FDCE                                         r  v0/codeout_reg[2]/C
                         clock pessimism              0.229    35.919    
                         clock uncertainty           -0.496    35.423    
    SLICE_X31Y72         FDCE (Setup_fdce_C_D)        0.029    35.452    v0/codeout_reg[2]
  -------------------------------------------------------------------
                         required time                         35.452    
                         arrival time                         -11.641    
  -------------------------------------------------------------------
                         slack                                 23.810    

Slack (MET) :             23.920ns  (required time - arrival time)
  Source:                 v0/code_count_reg[0]/C
                            (rising edge-triggered cell FDCE clocked by clk_fpga_0  {rise@0.000ns fall@16.500ns period=33.000ns})
  Destination:            v0/codeout_reg[0]/D
                            (rising edge-triggered cell FDCE clocked by clk_fpga_0  {rise@0.000ns fall@16.500ns period=33.000ns})
  Path Group:             clk_fpga_0
  Path Type:              Setup (Max at Slow Process Corner)
  Requirement:            33.000ns  (clk_fpga_0 rise@33.000ns - clk_fpga_0 rise@0.000ns)
  Data Path Delay:        8.601ns  (logic 3.640ns (42.319%)  route 4.961ns (57.681%))
  Logic Levels:           14  (CARRY4=8 LUT2=1 LUT4=1 LUT5=2 LUT6=2)
  Clock Path Skew:        -0.014ns (DCD - SCD + CPR)
    Destination Clock Delay (DCD):    2.690ns = ( 35.690 - 33.000 ) 
    Source Clock Delay      (SCD):    2.933ns
    Clock Pessimism Removal (CPR):    0.229ns
  Clock Uncertainty:      0.496ns  ((TSJ^2 + TIJ^2)^1/2 + DJ) / 2 + PE
    Total System Jitter     (TSJ):    0.071ns
    Total Input Jitter      (TIJ):    0.990ns
    Discrete Jitter          (DJ):    0.000ns
    Phase Error              (PE):    0.000ns

    Location             Delay type                Incr(ns)  Path(ns)    Netlist Resource(s)
  -------------------------------------------------------------------    -------------------
                         (clock clk_fpga_0 rise edge)
                                                      0.000     0.000 r  
    PS7_X0Y0             PS7                          0.000     0.000 r  mw0/datatrans_sys_i/processing_system7_0/inst/PS7_i/FCLKCLK[0]
                         net (fo=1, routed)           1.193     1.193    mw0/datatrans_sys_i/processing_system7_0/inst/FCLK_CLK_unbuffered[0]
    BUFGCTRL_X0Y16       BUFG (Prop_bufg_I_O)         0.101     1.294 r  mw0/datatrans_sys_i/processing_system7_0/inst/buffer_fclk_clk_0.FCLK_CLK_0_BUFG/O
                         net (fo=950, routed)         1.639     2.933    v0/axiclk
    SLICE_X33Y70         FDCE                                         r  v0/code_count_reg[0]/C
  -------------------------------------------------------------------    -------------------
    SLICE_X33Y70         FDCE (Prop_fdce_C_Q)         0.456     3.389 r  v0/code_count_reg[0]/Q
                         net (fo=16, routed)          0.497     3.886    v0/code_count_reg_n_0_[0]
    SLICE_X35Y71         CARRY4 (Prop_carry4_S[0]_O[1])
                                                      0.548     4.434 f  v0/codeout5_carry/O[1]
                         net (fo=43, routed)          0.970     5.404    v0/codeout5[1]
    SLICE_X38Y69         LUT2 (Prop_lut2_I0_O)        0.329     5.733 r  v0/paths[0][9]_i_2/O
                         net (fo=10, routed)          0.855     6.587    v0/paths[0][9]_i_2_n_0
    SLICE_X32Y70         LUT6 (Prop_lut6_I2_O)        0.348     6.935 r  v0/codeout[4]_i_26/O
                         net (fo=1, routed)           0.000     6.935    v0/codeout[4]_i_26_n_0
    SLICE_X32Y70         CARRY4 (Prop_carry4_S[2]_CO[3])
                                                      0.380     7.315 r  v0/codeout_reg[4]_i_10/CO[3]
                         net (fo=1, routed)           0.000     7.315    v0/codeout_reg[4]_i_10_n_0
    SLICE_X32Y71         CARRY4 (Prop_carry4_CI_CO[3])
                                                      0.117     7.432 r  v0/codeout_reg[4]_i_29/CO[3]
                         net (fo=1, routed)           0.000     7.432    v0/codeout_reg[4]_i_29_n_0
    SLICE_X32Y72         CARRY4 (Prop_carry4_CI_CO[3])
                                                      0.117     7.549 r  v0/codeout_reg[4]_i_20/CO[3]
                         net (fo=1, routed)           0.000     7.549    v0/codeout_reg[4]_i_20_n_0
    SLICE_X32Y73         CARRY4 (Prop_carry4_CI_CO[3])
                                                      0.117     7.666 r  v0/codeout_reg[4]_i_8/CO[3]
                         net (fo=1, routed)           0.000     7.666    v0/codeout_reg[4]_i_8_n_0
    SLICE_X32Y74         CARRY4 (Prop_carry4_CI_CO[3])
                                                      0.117     7.783 r  v0/codeout_reg[4]_i_31/CO[3]
                         net (fo=1, routed)           0.009     7.792    v0/codeout_reg[4]_i_31_n_0
    SLICE_X32Y75         CARRY4 (Prop_carry4_CI_CO[3])
                                                      0.117     7.909 r  v0/codeout_reg[4]_i_13/CO[3]
                         net (fo=1, routed)           0.000     7.909    v0/codeout_reg[4]_i_13_n_0
    SLICE_X32Y76         CARRY4 (Prop_carry4_CI_O[3])
                                                      0.315     8.224 f  v0/codeout_reg[4]_i_30/O[3]
                         net (fo=1, routed)           0.626     8.850    v0/codeout4[31]
    SLICE_X33Y76         LUT4 (Prop_lut4_I3_O)        0.307     9.157 f  v0/codeout[4]_i_12/O
                         net (fo=1, routed)           0.505     9.661    v0/codeout[4]_i_12_n_0
    SLICE_X33Y75         LUT6 (Prop_lut6_I0_O)        0.124     9.785 f  v0/codeout[4]_i_6/O
                         net (fo=1, routed)           0.877    10.662    v0/codeout[4]_i_6_n_0
    SLICE_X33Y69         LUT5 (Prop_lut5_I3_O)        0.124    10.786 r  v0/codeout[4]_i_3/O
                         net (fo=5, routed)           0.624    11.410    v0/codeout[4]_i_3_n_0
    SLICE_X31Y72         LUT5 (Prop_lut5_I1_O)        0.124    11.534 r  v0/codeout[0]_i_1/O
                         net (fo=1, routed)           0.000    11.534    v0/codeout[0]_i_1_n_0
    SLICE_X31Y72         FDCE                                         r  v0/codeout_reg[0]/D
  -------------------------------------------------------------------    -------------------

                         (clock clk_fpga_0 rise edge)
                                                     33.000    33.000 r  
    PS7_X0Y0             PS7                          0.000    33.000 r  mw0/datatrans_sys_i/processing_system7_0/inst/PS7_i/FCLKCLK[0]
                         net (fo=1, routed)           1.088    34.088    mw0/datatrans_sys_i/processing_system7_0/inst/FCLK_CLK_unbuffered[0]
    BUFGCTRL_X0Y16       BUFG (Prop_bufg_I_O)         0.091    34.179 r  mw0/datatrans_sys_i/processing_system7_0/inst/buffer_fclk_clk_0.FCLK_CLK_0_BUFG/O
                         net (fo=950, routed)         1.511    35.690    v0/axiclk
    SLICE_X31Y72         FDCE                                         r  v0/codeout_reg[0]/C
                         clock pessimism              0.229    35.919    
                         clock uncertainty           -0.496    35.423    
    SLICE_X31Y72         FDCE (Setup_fdce_C_D)        0.032    35.455    v0/codeout_reg[0]
  -------------------------------------------------------------------
                         required time                         35.455    
                         arrival time                         -11.534    
  -------------------------------------------------------------------
                         slack                                 23.920    

Slack (MET) :             23.924ns  (required time - arrival time)
  Source:                 v0/code_count_reg[0]/C
                            (rising edge-triggered cell FDCE clocked by clk_fpga_0  {rise@0.000ns fall@16.500ns period=33.000ns})
  Destination:            v0/codeout_reg[4]/D
                            (rising edge-triggered cell FDCE clocked by clk_fpga_0  {rise@0.000ns fall@16.500ns period=33.000ns})
  Path Group:             clk_fpga_0
  Path Type:              Setup (Max at Slow Process Corner)
  Requirement:            33.000ns  (clk_fpga_0 rise@33.000ns - clk_fpga_0 rise@0.000ns)
  Data Path Delay:        8.596ns  (logic 3.640ns (42.344%)  route 4.956ns (57.656%))
  Logic Levels:           14  (CARRY4=8 LUT2=1 LUT4=1 LUT5=2 LUT6=2)
  Clock Path Skew:        -0.014ns (DCD - SCD + CPR)
    Destination Clock Delay (DCD):    2.690ns = ( 35.690 - 33.000 ) 
    Source Clock Delay      (SCD):    2.933ns
    Clock Pessimism Removal (CPR):    0.229ns
  Clock Uncertainty:      0.496ns  ((TSJ^2 + TIJ^2)^1/2 + DJ) / 2 + PE
    Total System Jitter     (TSJ):    0.071ns
    Total Input Jitter      (TIJ):    0.990ns
    Discrete Jitter          (DJ):    0.000ns
    Phase Error              (PE):    0.000ns

    Location             Delay type                Incr(ns)  Path(ns)    Netlist Resource(s)
  -------------------------------------------------------------------    -------------------
                         (clock clk_fpga_0 rise edge)
                                                      0.000     0.000 r  
    PS7_X0Y0             PS7                          0.000     0.000 r  mw0/datatrans_sys_i/processing_system7_0/inst/PS7_i/FCLKCLK[0]
                         net (fo=1, routed)           1.193     1.193    mw0/datatrans_sys_i/processing_system7_0/inst/FCLK_CLK_unbuffered[0]
    BUFGCTRL_X0Y16       BUFG (Prop_bufg_I_O)         0.101     1.294 r  mw0/datatrans_sys_i/processing_system7_0/inst/buffer_fclk_clk_0.FCLK_CLK_0_BUFG/O
                         net (fo=950, routed)         1.639     2.933    v0/axiclk
    SLICE_X33Y70         FDCE                                         r  v0/code_count_reg[0]/C
  -------------------------------------------------------------------    -------------------
    SLICE_X33Y70         FDCE (Prop_fdce_C_Q)         0.456     3.389 r  v0/code_count_reg[0]/Q
                         net (fo=16, routed)          0.497     3.886    v0/code_count_reg_n_0_[0]
    SLICE_X35Y71         CARRY4 (Prop_carry4_S[0]_O[1])
                                                      0.548     4.434 f  v0/codeout5_carry/O[1]
                         net (fo=43, routed)          0.970     5.404    v0/codeout5[1]
    SLICE_X38Y69         LUT2 (Prop_lut2_I0_O)        0.329     5.733 r  v0/paths[0][9]_i_2/O
                         net (fo=10, routed)          0.855     6.587    v0/paths[0][9]_i_2_n_0
    SLICE_X32Y70         LUT6 (Prop_lut6_I2_O)        0.348     6.935 r  v0/codeout[4]_i_26/O
                         net (fo=1, routed)           0.000     6.935    v0/codeout[4]_i_26_n_0
    SLICE_X32Y70         CARRY4 (Prop_carry4_S[2]_CO[3])
                                                      0.380     7.315 r  v0/codeout_reg[4]_i_10/CO[3]
                         net (fo=1, routed)           0.000     7.315    v0/codeout_reg[4]_i_10_n_0
    SLICE_X32Y71         CARRY4 (Prop_carry4_CI_CO[3])
                                                      0.117     7.432 r  v0/codeout_reg[4]_i_29/CO[3]
                         net (fo=1, routed)           0.000     7.432    v0/codeout_reg[4]_i_29_n_0
    SLICE_X32Y72         CARRY4 (Prop_carry4_CI_CO[3])
                                                      0.117     7.549 r  v0/codeout_reg[4]_i_20/CO[3]
                         net (fo=1, routed)           0.000     7.549    v0/codeout_reg[4]_i_20_n_0
    SLICE_X32Y73         CARRY4 (Prop_carry4_CI_CO[3])
                                                      0.117     7.666 r  v0/codeout_reg[4]_i_8/CO[3]
                         net (fo=1, routed)           0.000     7.666    v0/codeout_reg[4]_i_8_n_0
    SLICE_X32Y74         CARRY4 (Prop_carry4_CI_CO[3])
                                                      0.117     7.783 r  v0/codeout_reg[4]_i_31/CO[3]
                         net (fo=1, routed)           0.009     7.792    v0/codeout_reg[4]_i_31_n_0
    SLICE_X32Y75         CARRY4 (Prop_carry4_CI_CO[3])
                                                      0.117     7.909 r  v0/codeout_reg[4]_i_13/CO[3]
                         net (fo=1, routed)           0.000     7.909    v0/codeout_reg[4]_i_13_n_0
    SLICE_X32Y76         CARRY4 (Prop_carry4_CI_O[3])
                                                      0.315     8.224 f  v0/codeout_reg[4]_i_30/O[3]
                         net (fo=1, routed)           0.626     8.850    v0/codeout4[31]
    SLICE_X33Y76         LUT4 (Prop_lut4_I3_O)        0.307     9.157 f  v0/codeout[4]_i_12/O
                         net (fo=1, routed)           0.505     9.661    v0/codeout[4]_i_12_n_0
    SLICE_X33Y75         LUT6 (Prop_lut6_I0_O)        0.124     9.785 f  v0/codeout[4]_i_6/O
                         net (fo=1, routed)           0.877    10.662    v0/codeout[4]_i_6_n_0
    SLICE_X33Y69         LUT5 (Prop_lut5_I3_O)        0.124    10.786 r  v0/codeout[4]_i_3/O
                         net (fo=5, routed)           0.619    11.405    v0/codeout[4]_i_3_n_0
    SLICE_X31Y72         LUT5 (Prop_lut5_I0_O)        0.124    11.529 r  v0/codeout[4]_i_2/O
                         net (fo=1, routed)           0.000    11.529    v0/codeout[4]_i_2_n_0
    SLICE_X31Y72         FDCE                                         r  v0/codeout_reg[4]/D
  -------------------------------------------------------------------    -------------------

                         (clock clk_fpga_0 rise edge)
                                                     33.000    33.000 r  
    PS7_X0Y0             PS7                          0.000    33.000 r  mw0/datatrans_sys_i/processing_system7_0/inst/PS7_i/FCLKCLK[0]
                         net (fo=1, routed)           1.088    34.088    mw0/datatrans_sys_i/processing_system7_0/inst/FCLK_CLK_unbuffered[0]
    BUFGCTRL_X0Y16       BUFG (Prop_bufg_I_O)         0.091    34.179 r  mw0/datatrans_sys_i/processing_system7_0/inst/buffer_fclk_clk_0.FCLK_CLK_0_BUFG/O
                         net (fo=950, routed)         1.511    35.690    v0/axiclk
    SLICE_X31Y72         FDCE                                         r  v0/codeout_reg[4]/C
                         clock pessimism              0.229    35.919    
                         clock uncertainty           -0.496    35.423    
    SLICE_X31Y72         FDCE (Setup_fdce_C_D)        0.031    35.454    v0/codeout_reg[4]
  -------------------------------------------------------------------
                         required time                         35.454    
                         arrival time                         -11.529    
  -------------------------------------------------------------------
                         slack                                 23.924    

Slack (MET) :             23.971ns  (required time - arrival time)
  Source:                 v0/code_count_reg[0]/C
                            (rising edge-triggered cell FDCE clocked by clk_fpga_0  {rise@0.000ns fall@16.500ns period=33.000ns})
  Destination:            v0/codeout_reg[1]/D
                            (rising edge-triggered cell FDCE clocked by clk_fpga_0  {rise@0.000ns fall@16.500ns period=33.000ns})
  Path Group:             clk_fpga_0
  Path Type:              Setup (Max at Slow Process Corner)
  Requirement:            33.000ns  (clk_fpga_0 rise@33.000ns - clk_fpga_0 rise@0.000ns)
  Data Path Delay:        8.535ns  (logic 3.640ns (42.647%)  route 4.895ns (57.353%))
  Logic Levels:           14  (CARRY4=8 LUT2=1 LUT4=1 LUT5=2 LUT6=2)
  Clock Path Skew:        -0.027ns (DCD - SCD + CPR)
    Destination Clock Delay (DCD):    2.643ns = ( 35.643 - 33.000 ) 
    Source Clock Delay      (SCD):    2.933ns
    Clock Pessimism Removal (CPR):    0.263ns
  Clock Uncertainty:      0.496ns  ((TSJ^2 + TIJ^2)^1/2 + DJ) / 2 + PE
    Total System Jitter     (TSJ):    0.071ns
    Total Input Jitter      (TIJ):    0.990ns
    Discrete Jitter          (DJ):    0.000ns
    Phase Error              (PE):    0.000ns

    Location             Delay type                Incr(ns)  Path(ns)    Netlist Resource(s)
  -------------------------------------------------------------------    -------------------
                         (clock clk_fpga_0 rise edge)
                                                      0.000     0.000 r  
    PS7_X0Y0             PS7                          0.000     0.000 r  mw0/datatrans_sys_i/processing_system7_0/inst/PS7_i/FCLKCLK[0]
                         net (fo=1, routed)           1.193     1.193    mw0/datatrans_sys_i/processing_system7_0/inst/FCLK_CLK_unbuffered[0]
    BUFGCTRL_X0Y16       BUFG (Prop_bufg_I_O)         0.101     1.294 r  mw0/datatrans_sys_i/processing_system7_0/inst/buffer_fclk_clk_0.FCLK_CLK_0_BUFG/O
                         net (fo=950, routed)         1.639     2.933    v0/axiclk
    SLICE_X33Y70         FDCE                                         r  v0/code_count_reg[0]/C
  -------------------------------------------------------------------    -------------------
    SLICE_X33Y70         FDCE (Prop_fdce_C_Q)         0.456     3.389 r  v0/code_count_reg[0]/Q
                         net (fo=16, routed)          0.497     3.886    v0/code_count_reg_n_0_[0]
    SLICE_X35Y71         CARRY4 (Prop_carry4_S[0]_O[1])
                                                      0.548     4.434 f  v0/codeout5_carry/O[1]
                         net (fo=43, routed)          0.970     5.404    v0/codeout5[1]
    SLICE_X38Y69         LUT2 (Prop_lut2_I0_O)        0.329     5.733 r  v0/paths[0][9]_i_2/O
                         net (fo=10, routed)          0.855     6.587    v0/paths[0][9]_i_2_n_0
    SLICE_X32Y70         LUT6 (Prop_lut6_I2_O)        0.348     6.935 r  v0/codeout[4]_i_26/O
                         net (fo=1, routed)           0.000     6.935    v0/codeout[4]_i_26_n_0
    SLICE_X32Y70         CARRY4 (Prop_carry4_S[2]_CO[3])
                                                      0.380     7.315 r  v0/codeout_reg[4]_i_10/CO[3]
                         net (fo=1, routed)           0.000     7.315    v0/codeout_reg[4]_i_10_n_0
    SLICE_X32Y71         CARRY4 (Prop_carry4_CI_CO[3])
                                                      0.117     7.432 r  v0/codeout_reg[4]_i_29/CO[3]
                         net (fo=1, routed)           0.000     7.432    v0/codeout_reg[4]_i_29_n_0
    SLICE_X32Y72         CARRY4 (Prop_carry4_CI_CO[3])
                                                      0.117     7.549 r  v0/codeout_reg[4]_i_20/CO[3]
                         net (fo=1, routed)           0.000     7.549    v0/codeout_reg[4]_i_20_n_0
    SLICE_X32Y73         CARRY4 (Prop_carry4_CI_CO[3])
                                                      0.117     7.666 r  v0/codeout_reg[4]_i_8/CO[3]
                         net (fo=1, routed)           0.000     7.666    v0/codeout_reg[4]_i_8_n_0
    SLICE_X32Y74         CARRY4 (Prop_carry4_CI_CO[3])
                                                      0.117     7.783 r  v0/codeout_reg[4]_i_31/CO[3]
                         net (fo=1, routed)           0.009     7.792    v0/codeout_reg[4]_i_31_n_0
    SLICE_X32Y75         CARRY4 (Prop_carry4_CI_CO[3])
                                                      0.117     7.909 r  v0/codeout_reg[4]_i_13/CO[3]
                         net (fo=1, routed)           0.000     7.909    v0/codeout_reg[4]_i_13_n_0
    SLICE_X32Y76         CARRY4 (Prop_carry4_CI_O[3])
                                                      0.315     8.224 f  v0/codeout_reg[4]_i_30/O[3]
                         net (fo=1, routed)           0.626     8.850    v0/codeout4[31]
    SLICE_X33Y76         LUT4 (Prop_lut4_I3_O)        0.307     9.157 f  v0/codeout[4]_i_12/O
                         net (fo=1, routed)           0.505     9.661    v0/codeout[4]_i_12_n_0
    SLICE_X33Y75         LUT6 (Prop_lut6_I0_O)        0.124     9.785 f  v0/codeout[4]_i_6/O
                         net (fo=1, routed)           0.877    10.662    v0/codeout[4]_i_6_n_0
    SLICE_X33Y69         LUT5 (Prop_lut5_I3_O)        0.124    10.786 r  v0/codeout[4]_i_3/O
                         net (fo=5, routed)           0.558    11.344    v0/codeout[4]_i_3_n_0
    SLICE_X33Y73         LUT5 (Prop_lut5_I0_O)        0.124    11.468 r  v0/codeout[1]_i_1/O
                         net (fo=1, routed)           0.000    11.468    v0/codeout[1]_i_1_n_0
    SLICE_X33Y73         FDCE                                         r  v0/codeout_reg[1]/D
  -------------------------------------------------------------------    -------------------

                         (clock clk_fpga_0 rise edge)
                                                     33.000    33.000 r  
    PS7_X0Y0             PS7                          0.000    33.000 r  mw0/datatrans_sys_i/processing_system7_0/inst/PS7_i/FCLKCLK[0]
                         net (fo=1, routed)           1.088    34.088    mw0/datatrans_sys_i/processing_system7_0/inst/FCLK_CLK_unbuffered[0]
    BUFGCTRL_X0Y16       BUFG (Prop_bufg_I_O)         0.091    34.179 r  mw0/datatrans_sys_i/processing_system7_0/inst/buffer_fclk_clk_0.FCLK_CLK_0_BUFG/O
                         net (fo=950, routed)         1.464    35.643    v0/axiclk
    SLICE_X33Y73         FDCE                                         r  v0/codeout_reg[1]/C
                         clock pessimism              0.263    35.906    
                         clock uncertainty           -0.496    35.410    
    SLICE_X33Y73         FDCE (Setup_fdce_C_D)        0.029    35.439    v0/codeout_reg[1]
  -------------------------------------------------------------------
                         required time                         35.439    
                         arrival time                         -11.468    
  -------------------------------------------------------------------
                         slack                                 23.971    

Slack (MET) :             24.231ns  (required time - arrival time)
  Source:                 v0/code_count_reg[0]/C
                            (rising edge-triggered cell FDCE clocked by clk_fpga_0  {rise@0.000ns fall@16.500ns period=33.000ns})
  Destination:            v0/mins_reg[1]/D
                            (rising edge-triggered cell FDPE clocked by clk_fpga_0  {rise@0.000ns fall@16.500ns period=33.000ns})
  Path Group:             clk_fpga_0
  Path Type:              Setup (Max at Slow Process Corner)
  Requirement:            33.000ns  (clk_fpga_0 rise@33.000ns - clk_fpga_0 rise@0.000ns)
  Data Path Delay:        8.289ns  (logic 3.640ns (43.914%)  route 4.649ns (56.086%))
  Logic Levels:           14  (CARRY4=8 LUT2=1 LUT3=1 LUT4=1 LUT6=3)
  Clock Path Skew:        -0.061ns (DCD - SCD + CPR)
    Destination Clock Delay (DCD):    2.643ns = ( 35.643 - 33.000 ) 
    Source Clock Delay      (SCD):    2.933ns
    Clock Pessimism Removal (CPR):    0.229ns
  Clock Uncertainty:      0.496ns  ((TSJ^2 + TIJ^2)^1/2 + DJ) / 2 + PE
    Total System Jitter     (TSJ):    0.071ns
    Total Input Jitter      (TIJ):    0.990ns
    Discrete Jitter          (DJ):    0.000ns
    Phase Error              (PE):    0.000ns

    Location             Delay type                Incr(ns)  Path(ns)    Netlist Resource(s)
  -------------------------------------------------------------------    -------------------
                         (clock clk_fpga_0 rise edge)
                                                      0.000     0.000 r  
    PS7_X0Y0             PS7                          0.000     0.000 r  mw0/datatrans_sys_i/processing_system7_0/inst/PS7_i/FCLKCLK[0]
                         net (fo=1, routed)           1.193     1.193    mw0/datatrans_sys_i/processing_system7_0/inst/FCLK_CLK_unbuffered[0]
    BUFGCTRL_X0Y16       BUFG (Prop_bufg_I_O)         0.101     1.294 r  mw0/datatrans_sys_i/processing_system7_0/inst/buffer_fclk_clk_0.FCLK_CLK_0_BUFG/O
                         net (fo=950, routed)         1.639     2.933    v0/axiclk
    SLICE_X33Y70         FDCE                                         r  v0/code_count_reg[0]/C
  -------------------------------------------------------------------    -------------------
    SLICE_X33Y70         FDCE (Prop_fdce_C_Q)         0.456     3.389 r  v0/code_count_reg[0]/Q
                         net (fo=16, routed)          0.497     3.886    v0/code_count_reg_n_0_[0]
    SLICE_X35Y71         CARRY4 (Prop_carry4_S[0]_O[1])
                                                      0.548     4.434 f  v0/codeout5_carry/O[1]
                         net (fo=43, routed)          0.970     5.404    v0/codeout5[1]
    SLICE_X38Y69         LUT2 (Prop_lut2_I0_O)        0.329     5.733 r  v0/paths[0][9]_i_2/O
                         net (fo=10, routed)          1.044     6.776    v0/paths[0][9]_i_2_n_0
    SLICE_X34Y70         LUT6 (Prop_lut6_I2_O)        0.348     7.124 r  v0/mins[1]_i_38/O
                         net (fo=1, routed)           0.000     7.124    v0/mins[1]_i_38_n_0
    SLICE_X34Y70         CARRY4 (Prop_carry4_S[2]_CO[3])
                                                      0.380     7.504 r  v0/mins_reg[1]_i_20/CO[3]
                         net (fo=1, routed)           0.000     7.504    v0/mins_reg[1]_i_20_n_0
    SLICE_X34Y71         CARRY4 (Prop_carry4_CI_CO[3])
                                                      0.117     7.621 r  v0/mins_reg[1]_i_41/CO[3]
                         net (fo=1, routed)           0.000     7.621    v0/mins_reg[1]_i_41_n_0
    SLICE_X34Y72         CARRY4 (Prop_carry4_CI_CO[3])
                                                      0.117     7.738 r  v0/mins_reg[1]_i_32/CO[3]
                         net (fo=1, routed)           0.000     7.738    v0/mins_reg[1]_i_32_n_0
    SLICE_X34Y73         CARRY4 (Prop_carry4_CI_CO[3])
                                                      0.117     7.855 r  v0/mins_reg[1]_i_18/CO[3]
                         net (fo=1, routed)           0.000     7.855    v0/mins_reg[1]_i_18_n_0
    SLICE_X34Y74         CARRY4 (Prop_carry4_CI_CO[3])
                                                      0.117     7.972 r  v0/mins_reg[1]_i_43/CO[3]
                         net (fo=1, routed)           0.009     7.981    v0/mins_reg[1]_i_43_n_0
    SLICE_X34Y75         CARRY4 (Prop_carry4_CI_CO[3])
                                                      0.117     8.098 r  v0/mins_reg[1]_i_23/CO[3]
                         net (fo=1, routed)           0.000     8.098    v0/mins_reg[1]_i_23_n_0
    SLICE_X34Y76         CARRY4 (Prop_carry4_CI_O[3])
                                                      0.315     8.413 f  v0/mins_reg[1]_i_42/O[3]
                         net (fo=1, routed)           0.623     9.036    v0/mins20_out[31]
    SLICE_X35Y76         LUT4 (Prop_lut4_I3_O)        0.307     9.343 f  v0/mins[1]_i_22/O
                         net (fo=1, routed)           0.571     9.914    v0/mins[1]_i_22_n_0
    SLICE_X35Y75         LUT6 (Prop_lut6_I0_O)        0.124    10.038 f  v0/mins[1]_i_10/O
                         net (fo=1, routed)           0.460    10.499    v0/mins[1]_i_10_n_0
    SLICE_X35Y74         LUT3 (Prop_lut3_I2_O)        0.124    10.623 r  v0/mins[1]_i_3/O
                         net (fo=2, routed)           0.475    11.098    v0/mins[1]_i_3_n_0
    SLICE_X36Y73         LUT6 (Prop_lut6_I2_O)        0.124    11.222 r  v0/mins[1]_i_1/O
                         net (fo=1, routed)           0.000    11.222    v0/mins[1]_i_1_n_0
    SLICE_X36Y73         FDPE                                         r  v0/mins_reg[1]/D
  -------------------------------------------------------------------    -------------------

                         (clock clk_fpga_0 rise edge)
                                                     33.000    33.000 r  
    PS7_X0Y0             PS7                          0.000    33.000 r  mw0/datatrans_sys_i/processing_system7_0/inst/PS7_i/FCLKCLK[0]
                         net (fo=1, routed)           1.088    34.088    mw0/datatrans_sys_i/processing_system7_0/inst/FCLK_CLK_unbuffered[0]
    BUFGCTRL_X0Y16       BUFG (Prop_bufg_I_O)         0.091    34.179 r  mw0/datatrans_sys_i/processing_system7_0/inst/buffer_fclk_clk_0.FCLK_CLK_0_BUFG/O
                         net (fo=950, routed)         1.464    35.643    v0/axiclk
    SLICE_X36Y73         FDPE                                         r  v0/mins_reg[1]/C
                         clock pessimism              0.229    35.872    
                         clock uncertainty           -0.496    35.376    
    SLICE_X36Y73         FDPE (Setup_fdpe_C_D)        0.077    35.453    v0/mins_reg[1]
  -------------------------------------------------------------------
                         required time                         35.453    
                         arrival time                         -11.222    
  -------------------------------------------------------------------
                         slack                                 24.231    

Slack (MET) :             24.238ns  (required time - arrival time)
  Source:                 v0/code_count_reg[0]/C
                            (rising edge-triggered cell FDCE clocked by clk_fpga_0  {rise@0.000ns fall@16.500ns period=33.000ns})
  Destination:            v0/mins_reg[0]/D
                            (rising edge-triggered cell FDPE clocked by clk_fpga_0  {rise@0.000ns fall@16.500ns period=33.000ns})
  Path Group:             clk_fpga_0
  Path Type:              Setup (Max at Slow Process Corner)
  Requirement:            33.000ns  (clk_fpga_0 rise@33.000ns - clk_fpga_0 rise@0.000ns)
  Data Path Delay:        8.286ns  (logic 3.640ns (43.929%)  route 4.646ns (56.071%))
  Logic Levels:           14  (CARRY4=8 LUT2=1 LUT3=1 LUT4=1 LUT6=3)
  Clock Path Skew:        -0.061ns (DCD - SCD + CPR)
    Destination Clock Delay (DCD):    2.643ns = ( 35.643 - 33.000 ) 
    Source Clock Delay      (SCD):    2.933ns
    Clock Pessimism Removal (CPR):    0.229ns
  Clock Uncertainty:      0.496ns  ((TSJ^2 + TIJ^2)^1/2 + DJ) / 2 + PE
    Total System Jitter     (TSJ):    0.071ns
    Total Input Jitter      (TIJ):    0.990ns
    Discrete Jitter          (DJ):    0.000ns
    Phase Error              (PE):    0.000ns

    Location             Delay type                Incr(ns)  Path(ns)    Netlist Resource(s)
  -------------------------------------------------------------------    -------------------
                         (clock clk_fpga_0 rise edge)
                                                      0.000     0.000 r  
    PS7_X0Y0             PS7                          0.000     0.000 r  mw0/datatrans_sys_i/processing_system7_0/inst/PS7_i/FCLKCLK[0]
                         net (fo=1, routed)           1.193     1.193    mw0/datatrans_sys_i/processing_system7_0/inst/FCLK_CLK_unbuffered[0]
    BUFGCTRL_X0Y16       BUFG (Prop_bufg_I_O)         0.101     1.294 r  mw0/datatrans_sys_i/processing_system7_0/inst/buffer_fclk_clk_0.FCLK_CLK_0_BUFG/O
                         net (fo=950, routed)         1.639     2.933    v0/axiclk
    SLICE_X33Y70         FDCE                                         r  v0/code_count_reg[0]/C
  -------------------------------------------------------------------    -------------------
    SLICE_X33Y70         FDCE (Prop_fdce_C_Q)         0.456     3.389 r  v0/code_count_reg[0]/Q
                         net (fo=16, routed)          0.497     3.886    v0/code_count_reg_n_0_[0]
    SLICE_X35Y71         CARRY4 (Prop_carry4_S[0]_O[1])
                                                      0.548     4.434 f  v0/codeout5_carry/O[1]
                         net (fo=43, routed)          0.970     5.404    v0/codeout5[1]
    SLICE_X38Y69         LUT2 (Prop_lut2_I0_O)        0.329     5.733 r  v0/paths[0][9]_i_2/O
                         net (fo=10, routed)          1.044     6.776    v0/paths[0][9]_i_2_n_0
    SLICE_X34Y70         LUT6 (Prop_lut6_I2_O)        0.348     7.124 r  v0/mins[1]_i_38/O
                         net (fo=1, routed)           0.000     7.124    v0/mins[1]_i_38_n_0
    SLICE_X34Y70         CARRY4 (Prop_carry4_S[2]_CO[3])
                                                      0.380     7.504 r  v0/mins_reg[1]_i_20/CO[3]
                         net (fo=1, routed)           0.000     7.504    v0/mins_reg[1]_i_20_n_0
    SLICE_X34Y71         CARRY4 (Prop_carry4_CI_CO[3])
                                                      0.117     7.621 r  v0/mins_reg[1]_i_41/CO[3]
                         net (fo=1, routed)           0.000     7.621    v0/mins_reg[1]_i_41_n_0
    SLICE_X34Y72         CARRY4 (Prop_carry4_CI_CO[3])
                                                      0.117     7.738 r  v0/mins_reg[1]_i_32/CO[3]
                         net (fo=1, routed)           0.000     7.738    v0/mins_reg[1]_i_32_n_0
    SLICE_X34Y73         CARRY4 (Prop_carry4_CI_CO[3])
                                                      0.117     7.855 r  v0/mins_reg[1]_i_18/CO[3]
                         net (fo=1, routed)           0.000     7.855    v0/mins_reg[1]_i_18_n_0
    SLICE_X34Y74         CARRY4 (Prop_carry4_CI_CO[3])
                                                      0.117     7.972 r  v0/mins_reg[1]_i_43/CO[3]
                         net (fo=1, routed)           0.009     7.981    v0/mins_reg[1]_i_43_n_0
    SLICE_X34Y75         CARRY4 (Prop_carry4_CI_CO[3])
                                                      0.117     8.098 r  v0/mins_reg[1]_i_23/CO[3]
                         net (fo=1, routed)           0.000     8.098    v0/mins_reg[1]_i_23_n_0
    SLICE_X34Y76         CARRY4 (Prop_carry4_CI_O[3])
                                                      0.315     8.413 f  v0/mins_reg[1]_i_42/O[3]
                         net (fo=1, routed)           0.623     9.036    v0/mins20_out[31]
    SLICE_X35Y76         LUT4 (Prop_lut4_I3_O)        0.307     9.343 f  v0/mins[1]_i_22/O
                         net (fo=1, routed)           0.571     9.914    v0/mins[1]_i_22_n_0
    SLICE_X35Y75         LUT6 (Prop_lut6_I0_O)        0.124    10.038 f  v0/mins[1]_i_10/O
                         net (fo=1, routed)           0.460    10.499    v0/mins[1]_i_10_n_0
    SLICE_X35Y74         LUT3 (Prop_lut3_I2_O)        0.124    10.623 r  v0/mins[1]_i_3/O
                         net (fo=2, routed)           0.472    11.095    v0/mins[1]_i_3_n_0
    SLICE_X36Y73         LUT6 (Prop_lut6_I2_O)        0.124    11.219 r  v0/mins[0]_i_1/O
                         net (fo=1, routed)           0.000    11.219    v0/mins[0]_i_1_n_0
    SLICE_X36Y73         FDPE                                         r  v0/mins_reg[0]/D
  -------------------------------------------------------------------    -------------------

                         (clock clk_fpga_0 rise edge)
                                                     33.000    33.000 r  
    PS7_X0Y0             PS7                          0.000    33.000 r  mw0/datatrans_sys_i/processing_system7_0/inst/PS7_i/FCLKCLK[0]
                         net (fo=1, routed)           1.088    34.088    mw0/datatrans_sys_i/processing_system7_0/inst/FCLK_CLK_unbuffered[0]
    BUFGCTRL_X0Y16       BUFG (Prop_bufg_I_O)         0.091    34.179 r  mw0/datatrans_sys_i/processing_system7_0/inst/buffer_fclk_clk_0.FCLK_CLK_0_BUFG/O
                         net (fo=950, routed)         1.464    35.643    v0/axiclk
    SLICE_X36Y73         FDPE                                         r  v0/mins_reg[0]/C
                         clock pessimism              0.229    35.872    
                         clock uncertainty           -0.496    35.376    
    SLICE_X36Y73         FDPE (Setup_fdpe_C_D)        0.081    35.457    v0/mins_reg[0]
  -------------------------------------------------------------------
                         required time                         35.457    
                         arrival time                         -11.219    
  -------------------------------------------------------------------
                         slack                                 24.238    

Slack (MET) :             25.475ns  (required time - arrival time)
  Source:                 mw0/datatrans_sys_i/trans_0/inst/trans_v1_0_S00_AXI_inst/slv_reg0_reg[1]/C
                            (rising edge-triggered cell FDRE clocked by clk_fpga_0  {rise@0.000ns fall@16.500ns period=33.000ns})
  Destination:            b0/U0/inst_blk_mem_gen/gnbram.gnativebmg.native_blk_mem_gen/valid.cstr/ramloop[6].ram.r/prim_noinit.ram/DEVICE_7SERIES.NO_BMM_INFO.TRUE_DP.CASCADED_PRIM36.ram_T/WEA[0]
                            (rising edge-triggered cell RAMB36E1 clocked by clk_fpga_0  {rise@0.000ns fall@16.500ns period=33.000ns})
  Path Group:             clk_fpga_0
  Path Type:              Setup (Max at Slow Process Corner)
  Requirement:            33.000ns  (clk_fpga_0 rise@33.000ns - clk_fpga_0 rise@0.000ns)
  Data Path Delay:        6.176ns  (logic 0.608ns (9.845%)  route 5.568ns (90.155%))
  Logic Levels:           1  (LUT2=1)
  Clock Path Skew:        -0.113ns (DCD - SCD + CPR)
    Destination Clock Delay (DCD):    2.749ns = ( 35.749 - 33.000 ) 
    Source Clock Delay      (SCD):    2.991ns
    Clock Pessimism Removal (CPR):    0.129ns
  Clock Uncertainty:      0.496ns  ((TSJ^2 + TIJ^2)^1/2 + DJ) / 2 + PE
    Total System Jitter     (TSJ):    0.071ns
    Total Input Jitter      (TIJ):    0.990ns
    Discrete Jitter          (DJ):    0.000ns
    Phase Error              (PE):    0.000ns

    Location             Delay type                Incr(ns)  Path(ns)    Netlist Resource(s)
  -------------------------------------------------------------------    -------------------
                         (clock clk_fpga_0 rise edge)
                                                      0.000     0.000 r  
    PS7_X0Y0             PS7                          0.000     0.000 r  mw0/datatrans_sys_i/processing_system7_0/inst/PS7_i/FCLKCLK[0]
                         net (fo=1, routed)           1.193     1.193    mw0/datatrans_sys_i/processing_system7_0/inst/FCLK_CLK_unbuffered[0]
    BUFGCTRL_X0Y16       BUFG (Prop_bufg_I_O)         0.101     1.294 r  mw0/datatrans_sys_i/processing_system7_0/inst/buffer_fclk_clk_0.FCLK_CLK_0_BUFG/O
                         net (fo=950, routed)         1.697     2.991    mw0/datatrans_sys_i/trans_0/inst/trans_v1_0_S00_AXI_inst/s00_axi_aclk
    SLICE_X31Y90         FDRE                                         r  mw0/datatrans_sys_i/trans_0/inst/trans_v1_0_S00_AXI_inst/slv_reg0_reg[1]/C
  -------------------------------------------------------------------    -------------------
    SLICE_X31Y90         FDRE (Prop_fdre_C_Q)         0.456     3.447 r  mw0/datatrans_sys_i/trans_0/inst/trans_v1_0_S00_AXI_inst/slv_reg0_reg[1]/Q
                         net (fo=2, routed)           1.041     4.488    mw0/datatrans_sys_i_n_26
    SLICE_X33Y88         LUT2 (Prop_lut2_I1_O)        0.152     4.640 r  mw0/b0_i_1/O
                         net (fo=16, routed)          4.527     9.167    b0/U0/inst_blk_mem_gen/gnbram.gnativebmg.native_blk_mem_gen/valid.cstr/ramloop[6].ram.r/prim_noinit.ram/wea[0]
    RAMB36_X3Y17         RAMB36E1                                     r  b0/U0/inst_blk_mem_gen/gnbram.gnativebmg.native_blk_mem_gen/valid.cstr/ramloop[6].ram.r/prim_noinit.ram/DEVICE_7SERIES.NO_BMM_INFO.TRUE_DP.CASCADED_PRIM36.ram_T/WEA[0]
  -------------------------------------------------------------------    -------------------

                         (clock clk_fpga_0 rise edge)
                                                     33.000    33.000 r  
    PS7_X0Y0             PS7                          0.000    33.000 r  mw0/datatrans_sys_i/processing_system7_0/inst/PS7_i/FCLKCLK[0]
                         net (fo=1, routed)           1.088    34.088    mw0/datatrans_sys_i/processing_system7_0/inst/FCLK_CLK_unbuffered[0]
    BUFGCTRL_X0Y16       BUFG (Prop_bufg_I_O)         0.091    34.179 r  mw0/datatrans_sys_i/processing_system7_0/inst/buffer_fclk_clk_0.FCLK_CLK_0_BUFG/O
                         net (fo=950, routed)         1.570    35.749    b0/U0/inst_blk_mem_gen/gnbram.gnativebmg.native_blk_mem_gen/valid.cstr/ramloop[6].ram.r/prim_noinit.ram/clka
    RAMB36_X3Y17         RAMB36E1                                     r  b0/U0/inst_blk_mem_gen/gnbram.gnativebmg.native_blk_mem_gen/valid.cstr/ramloop[6].ram.r/prim_noinit.ram/DEVICE_7SERIES.NO_BMM_INFO.TRUE_DP.CASCADED_PRIM36.ram_T/CLKARDCLK
                         clock pessimism              0.129    35.878    
                         clock uncertainty           -0.496    35.382    
    RAMB36_X3Y17         RAMB36E1 (Setup_ramb36e1_CLKARDCLK_WEA[0])
                                                     -0.740    34.642    b0/U0/inst_blk_mem_gen/gnbram.gnativebmg.native_blk_mem_gen/valid.cstr/ramloop[6].ram.r/prim_noinit.ram/DEVICE_7SERIES.NO_BMM_INFO.TRUE_DP.CASCADED_PRIM36.ram_T
  -------------------------------------------------------------------
                         required time                         34.642    
                         arrival time                          -9.167    
  -------------------------------------------------------------------
                         slack                                 25.475    

Slack (MET) :             25.973ns  (required time - arrival time)
  Source:                 mw0/datatrans_sys_i/trans_0/inst/trans_v1_0_S00_AXI_inst/slv_reg0_reg[1]/C
                            (rising edge-triggered cell FDRE clocked by clk_fpga_0  {rise@0.000ns fall@16.500ns period=33.000ns})
  Destination:            b0/U0/inst_blk_mem_gen/gnbram.gnativebmg.native_blk_mem_gen/valid.cstr/ramloop[6].ram.r/prim_noinit.ram/DEVICE_7SERIES.NO_BMM_INFO.TRUE_DP.CASCADED_PRIM36.ram_B/WEA[0]
                            (rising edge-triggered cell RAMB36E1 clocked by clk_fpga_0  {rise@0.000ns fall@16.500ns period=33.000ns})
  Path Group:             clk_fpga_0
  Path Type:              Setup (Max at Slow Process Corner)
  Requirement:            33.000ns  (clk_fpga_0 rise@33.000ns - clk_fpga_0 rise@0.000ns)
  Data Path Delay:        5.674ns  (logic 0.608ns (10.716%)  route 5.066ns (89.284%))
  Logic Levels:           1  (LUT2=1)
  Clock Path Skew:        -0.117ns (DCD - SCD + CPR)
    Destination Clock Delay (DCD):    2.745ns = ( 35.745 - 33.000 ) 
    Source Clock Delay      (SCD):    2.991ns
    Clock Pessimism Removal (CPR):    0.129ns
  Clock Uncertainty:      0.496ns  ((TSJ^2 + TIJ^2)^1/2 + DJ) / 2 + PE
    Total System Jitter     (TSJ):    0.071ns
    Total Input Jitter      (TIJ):    0.990ns
    Discrete Jitter          (DJ):    0.000ns
    Phase Error              (PE):    0.000ns

    Location             Delay type                Incr(ns)  Path(ns)    Netlist Resource(s)
  -------------------------------------------------------------------    -------------------
                         (clock clk_fpga_0 rise edge)
                                                      0.000     0.000 r  
    PS7_X0Y0             PS7                          0.000     0.000 r  mw0/datatrans_sys_i/processing_system7_0/inst/PS7_i/FCLKCLK[0]
                         net (fo=1, routed)           1.193     1.193    mw0/datatrans_sys_i/processing_system7_0/inst/FCLK_CLK_unbuffered[0]
    BUFGCTRL_X0Y16       BUFG (Prop_bufg_I_O)         0.101     1.294 r  mw0/datatrans_sys_i/processing_system7_0/inst/buffer_fclk_clk_0.FCLK_CLK_0_BUFG/O
                         net (fo=950, routed)         1.697     2.991    mw0/datatrans_sys_i/trans_0/inst/trans_v1_0_S00_AXI_inst/s00_axi_aclk
    SLICE_X31Y90         FDRE                                         r  mw0/datatrans_sys_i/trans_0/inst/trans_v1_0_S00_AXI_inst/slv_reg0_reg[1]/C
  -------------------------------------------------------------------    -------------------
    SLICE_X31Y90         FDRE (Prop_fdre_C_Q)         0.456     3.447 r  mw0/datatrans_sys_i/trans_0/inst/trans_v1_0_S00_AXI_inst/slv_reg0_reg[1]/Q
                         net (fo=2, routed)           1.041     4.488    mw0/datatrans_sys_i_n_26
    SLICE_X33Y88         LUT2 (Prop_lut2_I1_O)        0.152     4.640 r  mw0/b0_i_1/O
                         net (fo=16, routed)          4.025     8.665    b0/U0/inst_blk_mem_gen/gnbram.gnativebmg.native_blk_mem_gen/valid.cstr/ramloop[6].ram.r/prim_noinit.ram/wea[0]
    RAMB36_X3Y16         RAMB36E1                                     r  b0/U0/inst_blk_mem_gen/gnbram.gnativebmg.native_blk_mem_gen/valid.cstr/ramloop[6].ram.r/prim_noinit.ram/DEVICE_7SERIES.NO_BMM_INFO.TRUE_DP.CASCADED_PRIM36.ram_B/WEA[0]
  -------------------------------------------------------------------    -------------------

                         (clock clk_fpga_0 rise edge)
                                                     33.000    33.000 r  
    PS7_X0Y0             PS7                          0.000    33.000 r  mw0/datatrans_sys_i/processing_system7_0/inst/PS7_i/FCLKCLK[0]
                         net (fo=1, routed)           1.088    34.088    mw0/datatrans_sys_i/processing_system7_0/inst/FCLK_CLK_unbuffered[0]
    BUFGCTRL_X0Y16       BUFG (Prop_bufg_I_O)         0.091    34.179 r  mw0/datatrans_sys_i/processing_system7_0/inst/buffer_fclk_clk_0.FCLK_CLK_0_BUFG/O
                         net (fo=950, routed)         1.566    35.745    b0/U0/inst_blk_mem_gen/gnbram.gnativebmg.native_blk_mem_gen/valid.cstr/ramloop[6].ram.r/prim_noinit.ram/clka
    RAMB36_X3Y16         RAMB36E1                                     r  b0/U0/inst_blk_mem_gen/gnbram.gnativebmg.native_blk_mem_gen/valid.cstr/ramloop[6].ram.r/prim_noinit.ram/DEVICE_7SERIES.NO_BMM_INFO.TRUE_DP.CASCADED_PRIM36.ram_B/CLKARDCLK
                         clock pessimism              0.129    35.874    
                         clock uncertainty           -0.496    35.378    
    RAMB36_X3Y16         RAMB36E1 (Setup_ramb36e1_CLKARDCLK_WEA[0])
                                                     -0.740    34.638    b0/U0/inst_blk_mem_gen/gnbram.gnativebmg.native_blk_mem_gen/valid.cstr/ramloop[6].ram.r/prim_noinit.ram/DEVICE_7SERIES.NO_BMM_INFO.TRUE_DP.CASCADED_PRIM36.ram_B
  -------------------------------------------------------------------
                         required time                         34.638    
                         arrival time                          -8.665    
  -------------------------------------------------------------------
                         slack                                 25.973    

Slack (MET) :             26.011ns  (required time - arrival time)
  Source:                 mw0/datatrans_sys_i/trans_0/inst/trans_v1_0_S00_AXI_inst/slv_reg0_reg[1]/C
                            (rising edge-triggered cell FDRE clocked by clk_fpga_0  {rise@0.000ns fall@16.500ns period=33.000ns})
  Destination:            b0/U0/inst_blk_mem_gen/gnbram.gnativebmg.native_blk_mem_gen/valid.cstr/ramloop[4].ram.r/prim_noinit.ram/DEVICE_7SERIES.NO_BMM_INFO.TRUE_DP.CASCADED_PRIM36.ram_T/WEA[0]
                            (rising edge-triggered cell RAMB36E1 clocked by clk_fpga_0  {rise@0.000ns fall@16.500ns period=33.000ns})
  Path Group:             clk_fpga_0
  Path Type:              Setup (Max at Slow Process Corner)
  Requirement:            33.000ns  (clk_fpga_0 rise@33.000ns - clk_fpga_0 rise@0.000ns)
  Data Path Delay:        5.631ns  (logic 0.608ns (10.798%)  route 5.023ns (89.202%))
  Logic Levels:           1  (LUT2=1)
  Clock Path Skew:        -0.122ns (DCD - SCD + CPR)
    Destination Clock Delay (DCD):    2.740ns = ( 35.740 - 33.000 ) 
    Source Clock Delay      (SCD):    2.991ns
    Clock Pessimism Removal (CPR):    0.129ns
  Clock Uncertainty:      0.496ns  ((TSJ^2 + TIJ^2)^1/2 + DJ) / 2 + PE
    Total System Jitter     (TSJ):    0.071ns
    Total Input Jitter      (TIJ):    0.990ns
    Discrete Jitter          (DJ):    0.000ns
    Phase Error              (PE):    0.000ns

    Location             Delay type                Incr(ns)  Path(ns)    Netlist Resource(s)
  -------------------------------------------------------------------    -------------------
                         (clock clk_fpga_0 rise edge)
                                                      0.000     0.000 r  
    PS7_X0Y0             PS7                          0.000     0.000 r  mw0/datatrans_sys_i/processing_system7_0/inst/PS7_i/FCLKCLK[0]
                         net (fo=1, routed)           1.193     1.193    mw0/datatrans_sys_i/processing_system7_0/inst/FCLK_CLK_unbuffered[0]
    BUFGCTRL_X0Y16       BUFG (Prop_bufg_I_O)         0.101     1.294 r  mw0/datatrans_sys_i/processing_system7_0/inst/buffer_fclk_clk_0.FCLK_CLK_0_BUFG/O
                         net (fo=950, routed)         1.697     2.991    mw0/datatrans_sys_i/trans_0/inst/trans_v1_0_S00_AXI_inst/s00_axi_aclk
    SLICE_X31Y90         FDRE                                         r  mw0/datatrans_sys_i/trans_0/inst/trans_v1_0_S00_AXI_inst/slv_reg0_reg[1]/C
  -------------------------------------------------------------------    -------------------
    SLICE_X31Y90         FDRE (Prop_fdre_C_Q)         0.456     3.447 r  mw0/datatrans_sys_i/trans_0/inst/trans_v1_0_S00_AXI_inst/slv_reg0_reg[1]/Q
                         net (fo=2, routed)           1.041     4.488    mw0/datatrans_sys_i_n_26
    SLICE_X33Y88         LUT2 (Prop_lut2_I1_O)        0.152     4.640 r  mw0/b0_i_1/O
                         net (fo=16, routed)          3.982     8.622    b0/U0/inst_blk_mem_gen/gnbram.gnativebmg.native_blk_mem_gen/valid.cstr/ramloop[4].ram.r/prim_noinit.ram/wea[0]
    RAMB36_X3Y15         RAMB36E1                                     r  b0/U0/inst_blk_mem_gen/gnbram.gnativebmg.native_blk_mem_gen/valid.cstr/ramloop[4].ram.r/prim_noinit.ram/DEVICE_7SERIES.NO_BMM_INFO.TRUE_DP.CASCADED_PRIM36.ram_T/WEA[0]
  -------------------------------------------------------------------    -------------------

                         (clock clk_fpga_0 rise edge)
                                                     33.000    33.000 r  
    PS7_X0Y0             PS7                          0.000    33.000 r  mw0/datatrans_sys_i/processing_system7_0/inst/PS7_i/FCLKCLK[0]
                         net (fo=1, routed)           1.088    34.088    mw0/datatrans_sys_i/processing_system7_0/inst/FCLK_CLK_unbuffered[0]
    BUFGCTRL_X0Y16       BUFG (Prop_bufg_I_O)         0.091    34.179 r  mw0/datatrans_sys_i/processing_system7_0/inst/buffer_fclk_clk_0.FCLK_CLK_0_BUFG/O
                         net (fo=950, routed)         1.561    35.740    b0/U0/inst_blk_mem_gen/gnbram.gnativebmg.native_blk_mem_gen/valid.cstr/ramloop[4].ram.r/prim_noinit.ram/clka
    RAMB36_X3Y15         RAMB36E1                                     r  b0/U0/inst_blk_mem_gen/gnbram.gnativebmg.native_blk_mem_gen/valid.cstr/ramloop[4].ram.r/prim_noinit.ram/DEVICE_7SERIES.NO_BMM_INFO.TRUE_DP.CASCADED_PRIM36.ram_T/CLKARDCLK
                         clock pessimism              0.129    35.869    
                         clock uncertainty           -0.496    35.373    
    RAMB36_X3Y15         RAMB36E1 (Setup_ramb36e1_CLKARDCLK_WEA[0])
                                                     -0.740    34.633    b0/U0/inst_blk_mem_gen/gnbram.gnativebmg.native_blk_mem_gen/valid.cstr/ramloop[4].ram.r/prim_noinit.ram/DEVICE_7SERIES.NO_BMM_INFO.TRUE_DP.CASCADED_PRIM36.ram_T
  -------------------------------------------------------------------
                         required time                         34.633    
                         arrival time                          -8.622    
  -------------------------------------------------------------------
                         slack                                 26.011    





Min Delay Paths
--------------------------------------------------------------------------------------
Slack (MET) :             0.043ns  (arrival time - required time)
  Source:                 mw0/datatrans_sys_i/trans_0/inst/trans_v1_0_S00_AXI_inst/axi_rdata_reg[20]/C
                            (rising edge-triggered cell FDRE clocked by clk_fpga_0  {rise@0.000ns fall@16.500ns period=33.000ns})
  Destination:            mw0/datatrans_sys_i/processing_system7_0_axi_periph/s00_couplers/auto_pc/inst/gen_axilite.gen_b2s_conv.axilite_b2s/RD.r_channel_0/rd_data_fifo_0/memory_reg[31][20]_srl32/D
                            (rising edge-triggered cell SRLC32E clocked by clk_fpga_0  {rise@0.000ns fall@16.500ns period=33.000ns})
  Path Group:             clk_fpga_0
  Path Type:              Hold (Min at Fast Process Corner)
  Requirement:            0.000ns  (clk_fpga_0 rise@0.000ns - clk_fpga_0 rise@0.000ns)
  Data Path Delay:        0.259ns  (logic 0.141ns (54.469%)  route 0.118ns (45.531%))
  Logic Levels:           0  
  Clock Path Skew:        0.033ns (DCD - SCD - CPR)
    Destination Clock Delay (DCD):    1.209ns
    Source Clock Delay      (SCD):    0.912ns
    Clock Pessimism Removal (CPR):    0.264ns

    Location             Delay type                Incr(ns)  Path(ns)    Netlist Resource(s)
  -------------------------------------------------------------------    -------------------
                         (clock clk_fpga_0 rise edge)
                                                      0.000     0.000 r  
    PS7_X0Y0             PS7                          0.000     0.000 r  mw0/datatrans_sys_i/processing_system7_0/inst/PS7_i/FCLKCLK[0]
                         net (fo=1, routed)           0.310     0.310    mw0/datatrans_sys_i/processing_system7_0/inst/FCLK_CLK_unbuffered[0]
    BUFGCTRL_X0Y16       BUFG (Prop_bufg_I_O)         0.026     0.336 r  mw0/datatrans_sys_i/processing_system7_0/inst/buffer_fclk_clk_0.FCLK_CLK_0_BUFG/O
                         net (fo=950, routed)         0.576     0.912    mw0/datatrans_sys_i/trans_0/inst/trans_v1_0_S00_AXI_inst/s00_axi_aclk
    SLICE_X28Y95         FDRE                                         r  mw0/datatrans_sys_i/trans_0/inst/trans_v1_0_S00_AXI_inst/axi_rdata_reg[20]/C
  -------------------------------------------------------------------    -------------------
    SLICE_X28Y95         FDRE (Prop_fdre_C_Q)         0.141     1.053 r  mw0/datatrans_sys_i/trans_0/inst/trans_v1_0_S00_AXI_inst/axi_rdata_reg[20]/Q
                         net (fo=1, routed)           0.118     1.170    mw0/datatrans_sys_i/processing_system7_0_axi_periph/s00_couplers/auto_pc/inst/gen_axilite.gen_b2s_conv.axilite_b2s/RD.r_channel_0/rd_data_fifo_0/in[20]
    SLICE_X26Y94         SRLC32E                                      r  mw0/datatrans_sys_i/processing_system7_0_axi_periph/s00_couplers/auto_pc/inst/gen_axilite.gen_b2s_conv.axilite_b2s/RD.r_channel_0/rd_data_fifo_0/memory_reg[31][20]_srl32/D
  -------------------------------------------------------------------    -------------------

                         (clock clk_fpga_0 rise edge)
                                                      0.000     0.000 r  
    PS7_X0Y0             PS7                          0.000     0.000 r  mw0/datatrans_sys_i/processing_system7_0/inst/PS7_i/FCLKCLK[0]
                         net (fo=1, routed)           0.337     0.337    mw0/datatrans_sys_i/processing_system7_0/inst/FCLK_CLK_unbuffered[0]
    BUFGCTRL_X0Y16       BUFG (Prop_bufg_I_O)         0.029     0.366 r  mw0/datatrans_sys_i/processing_system7_0/inst/buffer_fclk_clk_0.FCLK_CLK_0_BUFG/O
                         net (fo=950, routed)         0.843     1.209    mw0/datatrans_sys_i/processing_system7_0_axi_periph/s00_couplers/auto_pc/inst/gen_axilite.gen_b2s_conv.axilite_b2s/RD.r_channel_0/rd_data_fifo_0/aclk
    SLICE_X26Y94         SRLC32E                                      r  mw0/datatrans_sys_i/processing_system7_0_axi_periph/s00_couplers/auto_pc/inst/gen_axilite.gen_b2s_conv.axilite_b2s/RD.r_channel_0/rd_data_fifo_0/memory_reg[31][20]_srl32/CLK
                         clock pessimism             -0.264     0.945    
    SLICE_X26Y94         SRLC32E (Hold_srlc32e_CLK_D)
                                                      0.183     1.128    mw0/datatrans_sys_i/processing_system7_0_axi_periph/s00_couplers/auto_pc/inst/gen_axilite.gen_b2s_conv.axilite_b2s/RD.r_channel_0/rd_data_fifo_0/memory_reg[31][20]_srl32
  -------------------------------------------------------------------
                         required time                         -1.128    
                         arrival time                           1.170    
  -------------------------------------------------------------------
                         slack                                  0.043    

Slack (MET) :             0.098ns  (arrival time - required time)
  Source:                 mw0/datatrans_sys_i/processing_system7_0_axi_periph/s00_couplers/auto_pc/inst/gen_axilite.gen_b2s_conv.axilite_b2s/WR.aw_channel_0/s_awid_r_reg[7]/C
                            (rising edge-triggered cell FDRE clocked by clk_fpga_0  {rise@0.000ns fall@16.500ns period=33.000ns})
  Destination:            mw0/datatrans_sys_i/processing_system7_0_axi_periph/s00_couplers/auto_pc/inst/gen_axilite.gen_b2s_conv.axilite_b2s/WR.b_channel_0/bid_fifo_0/memory_reg[3][15]_srl4/D
                            (rising edge-triggered cell SRL16E clocked by clk_fpga_0  {rise@0.000ns fall@16.500ns period=33.000ns})
  Path Group:             clk_fpga_0
  Path Type:              Hold (Min at Fast Process Corner)
  Requirement:            0.000ns  (clk_fpga_0 rise@0.000ns - clk_fpga_0 rise@0.000ns)
  Data Path Delay:        0.241ns  (logic 0.128ns (53.025%)  route 0.113ns (46.975%))
  Logic Levels:           0  
  Clock Path Skew:        0.013ns (DCD - SCD - CPR)
    Destination Clock Delay (DCD):    1.210ns
    Source Clock Delay      (SCD):    0.910ns
    Clock Pessimism Removal (CPR):    0.287ns

    Location             Delay type                Incr(ns)  Path(ns)    Netlist Resource(s)
  -------------------------------------------------------------------    -------------------
                         (clock clk_fpga_0 rise edge)
                                                      0.000     0.000 r  
    PS7_X0Y0             PS7                          0.000     0.000 r  mw0/datatrans_sys_i/processing_system7_0/inst/PS7_i/FCLKCLK[0]
                         net (fo=1, routed)           0.310     0.310    mw0/datatrans_sys_i/processing_system7_0/inst/FCLK_CLK_unbuffered[0]
    BUFGCTRL_X0Y16       BUFG (Prop_bufg_I_O)         0.026     0.336 r  mw0/datatrans_sys_i/processing_system7_0/inst/buffer_fclk_clk_0.FCLK_CLK_0_BUFG/O
                         net (fo=950, routed)         0.574     0.910    mw0/datatrans_sys_i/processing_system7_0_axi_periph/s00_couplers/auto_pc/inst/gen_axilite.gen_b2s_conv.axilite_b2s/WR.aw_channel_0/aclk
    SLICE_X27Y98         FDRE                                         r  mw0/datatrans_sys_i/processing_system7_0_axi_periph/s00_couplers/auto_pc/inst/gen_axilite.gen_b2s_conv.axilite_b2s/WR.aw_channel_0/s_awid_r_reg[7]/C
  -------------------------------------------------------------------    -------------------
    SLICE_X27Y98         FDRE (Prop_fdre_C_Q)         0.128     1.038 r  mw0/datatrans_sys_i/processing_system7_0_axi_periph/s00_couplers/auto_pc/inst/gen_axilite.gen_b2s_conv.axilite_b2s/WR.aw_channel_0/s_awid_r_reg[7]/Q
                         net (fo=1, routed)           0.113     1.151    mw0/datatrans_sys_i/processing_system7_0_axi_periph/s00_couplers/auto_pc/inst/gen_axilite.gen_b2s_conv.axilite_b2s/WR.b_channel_0/bid_fifo_0/in[11]
    SLICE_X26Y98         SRL16E                                       r  mw0/datatrans_sys_i/processing_system7_0_axi_periph/s00_couplers/auto_pc/inst/gen_axilite.gen_b2s_conv.axilite_b2s/WR.b_channel_0/bid_fifo_0/memory_reg[3][15]_srl4/D
  -------------------------------------------------------------------    -------------------

                         (clock clk_fpga_0 rise edge)
                                                      0.000     0.000 r  
    PS7_X0Y0             PS7                          0.000     0.000 r  mw0/datatrans_sys_i/processing_system7_0/inst/PS7_i/FCLKCLK[0]
                         net (fo=1, routed)           0.337     0.337    mw0/datatrans_sys_i/processing_system7_0/inst/FCLK_CLK_unbuffered[0]
    BUFGCTRL_X0Y16       BUFG (Prop_bufg_I_O)         0.029     0.366 r  mw0/datatrans_sys_i/processing_system7_0/inst/buffer_fclk_clk_0.FCLK_CLK_0_BUFG/O
                         net (fo=950, routed)         0.844     1.210    mw0/datatrans_sys_i/processing_system7_0_axi_periph/s00_couplers/auto_pc/inst/gen_axilite.gen_b2s_conv.axilite_b2s/WR.b_channel_0/bid_fifo_0/aclk
    SLICE_X26Y98         SRL16E                                       r  mw0/datatrans_sys_i/processing_system7_0_axi_periph/s00_couplers/auto_pc/inst/gen_axilite.gen_b2s_conv.axilite_b2s/WR.b_channel_0/bid_fifo_0/memory_reg[3][15]_srl4/CLK
                         clock pessimism             -0.287     0.923    
    SLICE_X26Y98         SRL16E (Hold_srl16e_CLK_D)
                                                      0.130     1.053    mw0/datatrans_sys_i/processing_system7_0_axi_periph/s00_couplers/auto_pc/inst/gen_axilite.gen_b2s_conv.axilite_b2s/WR.b_channel_0/bid_fifo_0/memory_reg[3][15]_srl4
  -------------------------------------------------------------------
                         required time                         -1.053    
                         arrival time                           1.151    
  -------------------------------------------------------------------
                         slack                                  0.098    

Slack (MET) :             0.100ns  (arrival time - required time)
  Source:                 mw0/datatrans_sys_i/trans_0/inst/trans_v1_0_S00_AXI_inst/axi_rdata_reg[8]/C
                            (rising edge-triggered cell FDRE clocked by clk_fpga_0  {rise@0.000ns fall@16.500ns period=33.000ns})
  Destination:            mw0/datatrans_sys_i/processing_system7_0_axi_periph/s00_couplers/auto_pc/inst/gen_axilite.gen_b2s_conv.axilite_b2s/RD.r_channel_0/rd_data_fifo_0/memory_reg[31][8]_srl32/D
                            (rising edge-triggered cell SRLC32E clocked by clk_fpga_0  {rise@0.000ns fall@16.500ns period=33.000ns})
  Path Group:             clk_fpga_0
  Path Type:              Hold (Min at Fast Process Corner)
  Requirement:            0.000ns  (clk_fpga_0 rise@0.000ns - clk_fpga_0 rise@0.000ns)
  Data Path Delay:        0.316ns  (logic 0.141ns (44.605%)  route 0.175ns (55.395%))
  Logic Levels:           0  
  Clock Path Skew:        0.033ns (DCD - SCD - CPR)
    Destination Clock Delay (DCD):    1.208ns
    Source Clock Delay      (SCD):    0.911ns
    Clock Pessimism Removal (CPR):    0.264ns

    Location             Delay type                Incr(ns)  Path(ns)    Netlist Resource(s)
  -------------------------------------------------------------------    -------------------
                         (clock clk_fpga_0 rise edge)
                                                      0.000     0.000 r  
    PS7_X0Y0             PS7                          0.000     0.000 r  mw0/datatrans_sys_i/processing_system7_0/inst/PS7_i/FCLKCLK[0]
                         net (fo=1, routed)           0.310     0.310    mw0/datatrans_sys_i/processing_system7_0/inst/FCLK_CLK_unbuffered[0]
    BUFGCTRL_X0Y16       BUFG (Prop_bufg_I_O)         0.026     0.336 r  mw0/datatrans_sys_i/processing_system7_0/inst/buffer_fclk_clk_0.FCLK_CLK_0_BUFG/O
                         net (fo=950, routed)         0.575     0.911    mw0/datatrans_sys_i/trans_0/inst/trans_v1_0_S00_AXI_inst/s00_axi_aclk
    SLICE_X31Y91         FDRE                                         r  mw0/datatrans_sys_i/trans_0/inst/trans_v1_0_S00_AXI_inst/axi_rdata_reg[8]/C
  -------------------------------------------------------------------    -------------------
    SLICE_X31Y91         FDRE (Prop_fdre_C_Q)         0.141     1.052 r  mw0/datatrans_sys_i/trans_0/inst/trans_v1_0_S00_AXI_inst/axi_rdata_reg[8]/Q
                         net (fo=1, routed)           0.175     1.227    mw0/datatrans_sys_i/processing_system7_0_axi_periph/s00_couplers/auto_pc/inst/gen_axilite.gen_b2s_conv.axilite_b2s/RD.r_channel_0/rd_data_fifo_0/in[8]
    SLICE_X26Y90         SRLC32E                                      r  mw0/datatrans_sys_i/processing_system7_0_axi_periph/s00_couplers/auto_pc/inst/gen_axilite.gen_b2s_conv.axilite_b2s/RD.r_channel_0/rd_data_fifo_0/memory_reg[31][8]_srl32/D
  -------------------------------------------------------------------    -------------------

                         (clock clk_fpga_0 rise edge)
                                                      0.000     0.000 r  
    PS7_X0Y0             PS7                          0.000     0.000 r  mw0/datatrans_sys_i/processing_system7_0/inst/PS7_i/FCLKCLK[0]
                         net (fo=1, routed)           0.337     0.337    mw0/datatrans_sys_i/processing_system7_0/inst/FCLK_CLK_unbuffered[0]
    BUFGCTRL_X0Y16       BUFG (Prop_bufg_I_O)         0.029     0.366 r  mw0/datatrans_sys_i/processing_system7_0/inst/buffer_fclk_clk_0.FCLK_CLK_0_BUFG/O
                         net (fo=950, routed)         0.842     1.208    mw0/datatrans_sys_i/processing_system7_0_axi_periph/s00_couplers/auto_pc/inst/gen_axilite.gen_b2s_conv.axilite_b2s/RD.r_channel_0/rd_data_fifo_0/aclk
    SLICE_X26Y90         SRLC32E                                      r  mw0/datatrans_sys_i/processing_system7_0_axi_periph/s00_couplers/auto_pc/inst/gen_axilite.gen_b2s_conv.axilite_b2s/RD.r_channel_0/rd_data_fifo_0/memory_reg[31][8]_srl32/CLK
                         clock pessimism             -0.264     0.944    
    SLICE_X26Y90         SRLC32E (Hold_srlc32e_CLK_D)
                                                      0.183     1.127    mw0/datatrans_sys_i/processing_system7_0_axi_periph/s00_couplers/auto_pc/inst/gen_axilite.gen_b2s_conv.axilite_b2s/RD.r_channel_0/rd_data_fifo_0/memory_reg[31][8]_srl32
  -------------------------------------------------------------------
                         required time                         -1.127    
                         arrival time                           1.227    
  -------------------------------------------------------------------
                         slack                                  0.100    

Slack (MET) :             0.100ns  (arrival time - required time)
  Source:                 mw0/datatrans_sys_i/trans_0/inst/trans_v1_0_S00_AXI_inst/slv_reg2_reg[24]/C
                            (rising edge-triggered cell FDRE clocked by clk_fpga_0  {rise@0.000ns fall@16.500ns period=33.000ns})
  Destination:            mw0/datatrans_sys_i/trans_0/inst/trans_v1_0_S00_AXI_inst/axi_rdata_reg[24]/D
                            (rising edge-triggered cell FDRE clocked by clk_fpga_0  {rise@0.000ns fall@16.500ns period=33.000ns})
  Path Group:             clk_fpga_0
  Path Type:              Hold (Min at Fast Process Corner)
  Requirement:            0.000ns  (clk_fpga_0 rise@0.000ns - clk_fpga_0 rise@0.000ns)
  Data Path Delay:        0.373ns  (logic 0.186ns (49.847%)  route 0.187ns (50.153%))
  Logic Levels:           1  (LUT5=1)
  Clock Path Skew:        0.181ns (DCD - SCD - CPR)
    Destination Clock Delay (DCD):    1.211ns
    Source Clock Delay      (SCD):    0.995ns
    Clock Pessimism Removal (CPR):    0.035ns

    Location             Delay type                Incr(ns)  Path(ns)    Netlist Resource(s)
  -------------------------------------------------------------------    -------------------
                         (clock clk_fpga_0 rise edge)
                                                      0.000     0.000 r  
    PS7_X0Y0             PS7                          0.000     0.000 r  mw0/datatrans_sys_i/processing_system7_0/inst/PS7_i/FCLKCLK[0]
                         net (fo=1, routed)           0.310     0.310    mw0/datatrans_sys_i/processing_system7_0/inst/FCLK_CLK_unbuffered[0]
    BUFGCTRL_X0Y16       BUFG (Prop_bufg_I_O)         0.026     0.336 r  mw0/datatrans_sys_i/processing_system7_0/inst/buffer_fclk_clk_0.FCLK_CLK_0_BUFG/O
                         net (fo=950, routed)         0.659     0.995    mw0/datatrans_sys_i/trans_0/inst/trans_v1_0_S00_AXI_inst/s00_axi_aclk
    SLICE_X29Y100        FDRE                                         r  mw0/datatrans_sys_i/trans_0/inst/trans_v1_0_S00_AXI_inst/slv_reg2_reg[24]/C
  -------------------------------------------------------------------    -------------------
    SLICE_X29Y100        FDRE (Prop_fdre_C_Q)         0.141     1.136 r  mw0/datatrans_sys_i/trans_0/inst/trans_v1_0_S00_AXI_inst/slv_reg2_reg[24]/Q
                         net (fo=1, routed)           0.187     1.323    mw0/datatrans_sys_i/trans_0/inst/trans_v1_0_S00_AXI_inst/slv_reg2[24]
    SLICE_X28Y98         LUT5 (Prop_lut5_I4_O)        0.045     1.368 r  mw0/datatrans_sys_i/trans_0/inst/trans_v1_0_S00_AXI_inst/axi_rdata[24]_i_1/O
                         net (fo=1, routed)           0.000     1.368    mw0/datatrans_sys_i/trans_0/inst/trans_v1_0_S00_AXI_inst/reg_data_out[24]
    SLICE_X28Y98         FDRE                                         r  mw0/datatrans_sys_i/trans_0/inst/trans_v1_0_S00_AXI_inst/axi_rdata_reg[24]/D
  -------------------------------------------------------------------    -------------------

                         (clock clk_fpga_0 rise edge)
                                                      0.000     0.000 r  
    PS7_X0Y0             PS7                          0.000     0.000 r  mw0/datatrans_sys_i/processing_system7_0/inst/PS7_i/FCLKCLK[0]
                         net (fo=1, routed)           0.337     0.337    mw0/datatrans_sys_i/processing_system7_0/inst/FCLK_CLK_unbuffered[0]
    BUFGCTRL_X0Y16       BUFG (Prop_bufg_I_O)         0.029     0.366 r  mw0/datatrans_sys_i/processing_system7_0/inst/buffer_fclk_clk_0.FCLK_CLK_0_BUFG/O
                         net (fo=950, routed)         0.845     1.211    mw0/datatrans_sys_i/trans_0/inst/trans_v1_0_S00_AXI_inst/s00_axi_aclk
    SLICE_X28Y98         FDRE                                         r  mw0/datatrans_sys_i/trans_0/inst/trans_v1_0_S00_AXI_inst/axi_rdata_reg[24]/C
                         clock pessimism             -0.035     1.176    
    SLICE_X28Y98         FDRE (Hold_fdre_C_D)         0.092     1.268    mw0/datatrans_sys_i/trans_0/inst/trans_v1_0_S00_AXI_inst/axi_rdata_reg[24]
  -------------------------------------------------------------------
                         required time                         -1.268    
                         arrival time                           1.368    
  -------------------------------------------------------------------
                         slack                                  0.100    

Slack (MET) :             0.101ns  (arrival time - required time)
  Source:                 mw0/datatrans_sys_i/trans_0/inst/trans_v1_0_S00_AXI_inst/slv_reg0_reg[31]/C
                            (rising edge-triggered cell FDRE clocked by clk_fpga_0  {rise@0.000ns fall@16.500ns period=33.000ns})
  Destination:            mw0/datatrans_sys_i/trans_0/inst/trans_v1_0_S00_AXI_inst/axi_rdata_reg[31]/D
                            (rising edge-triggered cell FDRE clocked by clk_fpga_0  {rise@0.000ns fall@16.500ns period=33.000ns})
  Path Group:             clk_fpga_0
  Path Type:              Hold (Min at Fast Process Corner)
  Requirement:            0.000ns  (clk_fpga_0 rise@0.000ns - clk_fpga_0 rise@0.000ns)
  Data Path Delay:        0.374ns  (logic 0.226ns (60.420%)  route 0.148ns (39.580%))
  Logic Levels:           1  (LUT5=1)
  Clock Path Skew:        0.181ns (DCD - SCD - CPR)
    Destination Clock Delay (DCD):    1.211ns
    Source Clock Delay      (SCD):    0.995ns
    Clock Pessimism Removal (CPR):    0.035ns

    Location             Delay type                Incr(ns)  Path(ns)    Netlist Resource(s)
  -------------------------------------------------------------------    -------------------
                         (clock clk_fpga_0 rise edge)
                                                      0.000     0.000 r  
    PS7_X0Y0             PS7                          0.000     0.000 r  mw0/datatrans_sys_i/processing_system7_0/inst/PS7_i/FCLKCLK[0]
                         net (fo=1, routed)           0.310     0.310    mw0/datatrans_sys_i/processing_system7_0/inst/FCLK_CLK_unbuffered[0]
    BUFGCTRL_X0Y16       BUFG (Prop_bufg_I_O)         0.026     0.336 r  mw0/datatrans_sys_i/processing_system7_0/inst/buffer_fclk_clk_0.FCLK_CLK_0_BUFG/O
                         net (fo=950, routed)         0.659     0.995    mw0/datatrans_sys_i/trans_0/inst/trans_v1_0_S00_AXI_inst/s00_axi_aclk
    SLICE_X28Y100        FDRE                                         r  mw0/datatrans_sys_i/trans_0/inst/trans_v1_0_S00_AXI_inst/slv_reg0_reg[31]/C
  -------------------------------------------------------------------    -------------------
    SLICE_X28Y100        FDRE (Prop_fdre_C_Q)         0.128     1.123 r  mw0/datatrans_sys_i/trans_0/inst/trans_v1_0_S00_AXI_inst/slv_reg0_reg[31]/Q
                         net (fo=1, routed)           0.148     1.271    mw0/datatrans_sys_i/trans_0/inst/trans_v1_0_S00_AXI_inst/slv_reg0_reg_n_0_[31]
    SLICE_X29Y98         LUT5 (Prop_lut5_I1_O)        0.098     1.369 r  mw0/datatrans_sys_i/trans_0/inst/trans_v1_0_S00_AXI_inst/axi_rdata[31]_i_2/O
                         net (fo=1, routed)           0.000     1.369    mw0/datatrans_sys_i/trans_0/inst/trans_v1_0_S00_AXI_inst/reg_data_out[31]
    SLICE_X29Y98         FDRE                                         r  mw0/datatrans_sys_i/trans_0/inst/trans_v1_0_S00_AXI_inst/axi_rdata_reg[31]/D
  -------------------------------------------------------------------    -------------------

                         (clock clk_fpga_0 rise edge)
                                                      0.000     0.000 r  
    PS7_X0Y0             PS7                          0.000     0.000 r  mw0/datatrans_sys_i/processing_system7_0/inst/PS7_i/FCLKCLK[0]
                         net (fo=1, routed)           0.337     0.337    mw0/datatrans_sys_i/processing_system7_0/inst/FCLK_CLK_unbuffered[0]
    BUFGCTRL_X0Y16       BUFG (Prop_bufg_I_O)         0.029     0.366 r  mw0/datatrans_sys_i/processing_system7_0/inst/buffer_fclk_clk_0.FCLK_CLK_0_BUFG/O
                         net (fo=950, routed)         0.845     1.211    mw0/datatrans_sys_i/trans_0/inst/trans_v1_0_S00_AXI_inst/s00_axi_aclk
    SLICE_X29Y98         FDRE                                         r  mw0/datatrans_sys_i/trans_0/inst/trans_v1_0_S00_AXI_inst/axi_rdata_reg[31]/C
                         clock pessimism             -0.035     1.176    
    SLICE_X29Y98         FDRE (Hold_fdre_C_D)         0.092     1.268    mw0/datatrans_sys_i/trans_0/inst/trans_v1_0_S00_AXI_inst/axi_rdata_reg[31]
  -------------------------------------------------------------------
                         required time                         -1.268    
                         arrival time                           1.369    
  -------------------------------------------------------------------
                         slack                                  0.101    

Slack (MET) :             0.106ns  (arrival time - required time)
  Source:                 mw0/datatrans_sys_i/processing_system7_0_axi_periph/s00_couplers/auto_pc/inst/gen_axilite.gen_b2s_conv.axilite_b2s/SI_REG/ar.ar_pipe/skid_buffer_reg[35]/C
                            (rising edge-triggered cell FDRE clocked by clk_fpga_0  {rise@0.000ns fall@16.500ns period=33.000ns})
  Destination:            mw0/datatrans_sys_i/processing_system7_0_axi_periph/s00_couplers/auto_pc/inst/gen_axilite.gen_b2s_conv.axilite_b2s/SI_REG/ar.ar_pipe/m_payload_i_reg[35]/D
                            (rising edge-triggered cell FDRE clocked by clk_fpga_0  {rise@0.000ns fall@16.500ns period=33.000ns})
  Path Group:             clk_fpga_0
  Path Type:              Hold (Min at Fast Process Corner)
  Requirement:            0.000ns  (clk_fpga_0 rise@0.000ns - clk_fpga_0 rise@0.000ns)
  Data Path Delay:        0.240ns  (logic 0.186ns (77.466%)  route 0.054ns (22.534%))
  Logic Levels:           1  (LUT3=1)
  Clock Path Skew:        0.013ns (DCD - SCD - CPR)
    Destination Clock Delay (DCD):    1.205ns
    Source Clock Delay      (SCD):    0.906ns
    Clock Pessimism Removal (CPR):    0.286ns

    Location             Delay type                Incr(ns)  Path(ns)    Netlist Resource(s)
  -------------------------------------------------------------------    -------------------
                         (clock clk_fpga_0 rise edge)
                                                      0.000     0.000 r  
    PS7_X0Y0             PS7                          0.000     0.000 r  mw0/datatrans_sys_i/processing_system7_0/inst/PS7_i/FCLKCLK[0]
                         net (fo=1, routed)           0.310     0.310    mw0/datatrans_sys_i/processing_system7_0/inst/FCLK_CLK_unbuffered[0]
    BUFGCTRL_X0Y16       BUFG (Prop_bufg_I_O)         0.026     0.336 r  mw0/datatrans_sys_i/processing_system7_0/inst/buffer_fclk_clk_0.FCLK_CLK_0_BUFG/O
                         net (fo=950, routed)         0.570     0.906    mw0/datatrans_sys_i/processing_system7_0_axi_periph/s00_couplers/auto_pc/inst/gen_axilite.gen_b2s_conv.axilite_b2s/SI_REG/ar.ar_pipe/aclk
    SLICE_X27Y87         FDRE                                         r  mw0/datatrans_sys_i/processing_system7_0_axi_periph/s00_couplers/auto_pc/inst/gen_axilite.gen_b2s_conv.axilite_b2s/SI_REG/ar.ar_pipe/skid_buffer_reg[35]/C
  -------------------------------------------------------------------    -------------------
    SLICE_X27Y87         FDRE (Prop_fdre_C_Q)         0.141     1.047 r  mw0/datatrans_sys_i/processing_system7_0_axi_periph/s00_couplers/auto_pc/inst/gen_axilite.gen_b2s_conv.axilite_b2s/SI_REG/ar.ar_pipe/skid_buffer_reg[35]/Q
                         net (fo=1, routed)           0.054     1.101    mw0/datatrans_sys_i/processing_system7_0_axi_periph/s00_couplers/auto_pc/inst/gen_axilite.gen_b2s_conv.axilite_b2s/SI_REG/ar.ar_pipe/skid_buffer_reg_n_0_[35]
    SLICE_X26Y87         LUT3 (Prop_lut3_I2_O)        0.045     1.146 r  mw0/datatrans_sys_i/processing_system7_0_axi_periph/s00_couplers/auto_pc/inst/gen_axilite.gen_b2s_conv.axilite_b2s/SI_REG/ar.ar_pipe/m_payload_i[35]_i_1__0/O
                         net (fo=1, routed)           0.000     1.146    mw0/datatrans_sys_i/processing_system7_0_axi_periph/s00_couplers/auto_pc/inst/gen_axilite.gen_b2s_conv.axilite_b2s/SI_REG/ar.ar_pipe/m_payload_i[35]_i_1__0_n_0
    SLICE_X26Y87         FDRE                                         r  mw0/datatrans_sys_i/processing_system7_0_axi_periph/s00_couplers/auto_pc/inst/gen_axilite.gen_b2s_conv.axilite_b2s/SI_REG/ar.ar_pipe/m_payload_i_reg[35]/D
  -------------------------------------------------------------------    -------------------

                         (clock clk_fpga_0 rise edge)
                                                      0.000     0.000 r  
    PS7_X0Y0             PS7                          0.000     0.000 r  mw0/datatrans_sys_i/processing_system7_0/inst/PS7_i/FCLKCLK[0]
                         net (fo=1, routed)           0.337     0.337    mw0/datatrans_sys_i/processing_system7_0/inst/FCLK_CLK_unbuffered[0]
    BUFGCTRL_X0Y16       BUFG (Prop_bufg_I_O)         0.029     0.366 r  mw0/datatrans_sys_i/processing_system7_0/inst/buffer_fclk_clk_0.FCLK_CLK_0_BUFG/O
                         net (fo=950, routed)         0.839     1.205    mw0/datatrans_sys_i/processing_system7_0_axi_periph/s00_couplers/auto_pc/inst/gen_axilite.gen_b2s_conv.axilite_b2s/SI_REG/ar.ar_pipe/aclk
    SLICE_X26Y87         FDRE                                         r  mw0/datatrans_sys_i/processing_system7_0_axi_periph/s00_couplers/auto_pc/inst/gen_axilite.gen_b2s_conv.axilite_b2s/SI_REG/ar.ar_pipe/m_payload_i_reg[35]/C
                         clock pessimism             -0.286     0.919    
    SLICE_X26Y87         FDRE (Hold_fdre_C_D)         0.121     1.040    mw0/datatrans_sys_i/processing_system7_0_axi_periph/s00_couplers/auto_pc/inst/gen_axilite.gen_b2s_conv.axilite_b2s/SI_REG/ar.ar_pipe/m_payload_i_reg[35]
  -------------------------------------------------------------------
                         required time                         -1.040    
                         arrival time                           1.146    
  -------------------------------------------------------------------
                         slack                                  0.106    

Slack (MET) :             0.106ns  (arrival time - required time)
  Source:                 v0/dis_reg[0][28]/C
                            (rising edge-triggered cell FDPE clocked by clk_fpga_0  {rise@0.000ns fall@16.500ns period=33.000ns})
  Destination:            v0/dis_reg[1][28]/D
                            (rising edge-triggered cell FDPE clocked by clk_fpga_0  {rise@0.000ns fall@16.500ns period=33.000ns})
  Path Group:             clk_fpga_0
  Path Type:              Hold (Min at Fast Process Corner)
  Requirement:            0.000ns  (clk_fpga_0 rise@0.000ns - clk_fpga_0 rise@0.000ns)
  Data Path Delay:        0.195ns  (logic 0.141ns (72.269%)  route 0.054ns (27.731%))
  Logic Levels:           0  
  Clock Path Skew:        0.013ns (DCD - SCD - CPR)
    Destination Clock Delay (DCD):    1.175ns
    Source Clock Delay      (SCD):    0.880ns
    Clock Pessimism Removal (CPR):    0.282ns

    Location             Delay type                Incr(ns)  Path(ns)    Netlist Resource(s)
  -------------------------------------------------------------------    -------------------
                         (clock clk_fpga_0 rise edge)
                                                      0.000     0.000 r  
    PS7_X0Y0             PS7                          0.000     0.000 r  mw0/datatrans_sys_i/processing_system7_0/inst/PS7_i/FCLKCLK[0]
                         net (fo=1, routed)           0.310     0.310    mw0/datatrans_sys_i/processing_system7_0/inst/FCLK_CLK_unbuffered[0]
    BUFGCTRL_X0Y16       BUFG (Prop_bufg_I_O)         0.026     0.336 r  mw0/datatrans_sys_i/processing_system7_0/inst/buffer_fclk_clk_0.FCLK_CLK_0_BUFG/O
                         net (fo=950, routed)         0.544     0.880    v0/axiclk
    SLICE_X43Y73         FDPE                                         r  v0/dis_reg[0][28]/C
  -------------------------------------------------------------------    -------------------
    SLICE_X43Y73         FDPE (Prop_fdpe_C_Q)         0.141     1.021 r  v0/dis_reg[0][28]/Q
                         net (fo=1, routed)           0.054     1.075    v0/dis_reg[0]_0[28]
    SLICE_X42Y73         FDPE                                         r  v0/dis_reg[1][28]/D
  -------------------------------------------------------------------    -------------------

                         (clock clk_fpga_0 rise edge)
                                                      0.000     0.000 r  
    PS7_X0Y0             PS7                          0.000     0.000 r  mw0/datatrans_sys_i/processing_system7_0/inst/PS7_i/FCLKCLK[0]
                         net (fo=1, routed)           0.337     0.337    mw0/datatrans_sys_i/processing_system7_0/inst/FCLK_CLK_unbuffered[0]
    BUFGCTRL_X0Y16       BUFG (Prop_bufg_I_O)         0.029     0.366 r  mw0/datatrans_sys_i/processing_system7_0/inst/buffer_fclk_clk_0.FCLK_CLK_0_BUFG/O
                         net (fo=950, routed)         0.809     1.175    v0/axiclk
    SLICE_X42Y73         FDPE                                         r  v0/dis_reg[1][28]/C
                         clock pessimism             -0.282     0.893    
    SLICE_X42Y73         FDPE (Hold_fdpe_C_D)         0.076     0.969    v0/dis_reg[1][28]
  -------------------------------------------------------------------
                         required time                         -0.969    
                         arrival time                           1.075    
  -------------------------------------------------------------------
                         slack                                  0.106    

Slack (MET) :             0.110ns  (arrival time - required time)
  Source:                 mw0/datatrans_sys_i/processing_system7_0_axi_periph/s00_couplers/auto_pc/inst/gen_axilite.gen_b2s_conv.axilite_b2s/SI_REG/b.b_pipe/m_payload_i_reg[1]/C
                            (rising edge-triggered cell FDRE clocked by clk_fpga_0  {rise@0.000ns fall@16.500ns period=33.000ns})
  Destination:            mw0/datatrans_sys_i/processing_system7_0/inst/PS7_i/MAXIGP0BRESP[1]
                            (rising edge-triggered cell PS7 clocked by clk_fpga_0  {rise@0.000ns fall@16.500ns period=33.000ns})
  Path Group:             clk_fpga_0
  Path Type:              Hold (Min at Fast Process Corner)
  Requirement:            0.000ns  (clk_fpga_0 rise@0.000ns - clk_fpga_0 rise@0.000ns)
  Data Path Delay:        0.280ns  (logic 0.148ns (52.809%)  route 0.132ns (47.191%))
  Logic Levels:           0  
  Clock Path Skew:        0.224ns (DCD - SCD - CPR)
    Destination Clock Delay (DCD):    1.251ns
    Source Clock Delay      (SCD):    0.992ns
    Clock Pessimism Removal (CPR):    0.035ns

    Location             Delay type                Incr(ns)  Path(ns)    Netlist Resource(s)
  -------------------------------------------------------------------    -------------------
                         (clock clk_fpga_0 rise edge)
                                                      0.000     0.000 r  
    PS7_X0Y0             PS7                          0.000     0.000 r  mw0/datatrans_sys_i/processing_system7_0/inst/PS7_i/FCLKCLK[0]
                         net (fo=1, routed)           0.310     0.310    mw0/datatrans_sys_i/processing_system7_0/inst/FCLK_CLK_unbuffered[0]
    BUFGCTRL_X0Y16       BUFG (Prop_bufg_I_O)         0.026     0.336 r  mw0/datatrans_sys_i/processing_system7_0/inst/buffer_fclk_clk_0.FCLK_CLK_0_BUFG/O
                         net (fo=950, routed)         0.656     0.992    mw0/datatrans_sys_i/processing_system7_0_axi_periph/s00_couplers/auto_pc/inst/gen_axilite.gen_b2s_conv.axilite_b2s/SI_REG/b.b_pipe/aclk
    SLICE_X26Y100        FDRE                                         r  mw0/datatrans_sys_i/processing_system7_0_axi_periph/s00_couplers/auto_pc/inst/gen_axilite.gen_b2s_conv.axilite_b2s/SI_REG/b.b_pipe/m_payload_i_reg[1]/C
  -------------------------------------------------------------------    -------------------
    SLICE_X26Y100        FDRE (Prop_fdre_C_Q)         0.148     1.140 r  mw0/datatrans_sys_i/processing_system7_0_axi_periph/s00_couplers/auto_pc/inst/gen_axilite.gen_b2s_conv.axilite_b2s/SI_REG/b.b_pipe/m_payload_i_reg[1]/Q
                         net (fo=1, routed)           0.132     1.272    mw0/datatrans_sys_i/processing_system7_0/inst/M_AXI_GP0_BRESP[1]
    PS7_X0Y0             PS7                                          r  mw0/datatrans_sys_i/processing_system7_0/inst/PS7_i/MAXIGP0BRESP[1]
  -------------------------------------------------------------------    -------------------

                         (clock clk_fpga_0 rise edge)
                                                      0.000     0.000 r  
    PS7_X0Y0             PS7                          0.000     0.000 r  mw0/datatrans_sys_i/processing_system7_0/inst/PS7_i/FCLKCLK[0]
                         net (fo=1, routed)           0.337     0.337    mw0/datatrans_sys_i/processing_system7_0/inst/FCLK_CLK_unbuffered[0]
    BUFGCTRL_X0Y16       BUFG (Prop_bufg_I_O)         0.029     0.366 r  mw0/datatrans_sys_i/processing_system7_0/inst/buffer_fclk_clk_0.FCLK_CLK_0_BUFG/O
                         net (fo=950, routed)         0.885     1.251    mw0/datatrans_sys_i/processing_system7_0/inst/M_AXI_GP0_ACLK
    PS7_X0Y0             PS7                                          r  mw0/datatrans_sys_i/processing_system7_0/inst/PS7_i/MAXIGP0ACLK
                         clock pessimism             -0.035     1.216    
    PS7_X0Y0             PS7 (Hold_ps7_MAXIGP0ACLK_MAXIGP0BRESP[1])
                                                     -0.053     1.163    mw0/datatrans_sys_i/processing_system7_0/inst/PS7_i
  -------------------------------------------------------------------
                         required time                         -1.163    
                         arrival time                           1.272    
  -------------------------------------------------------------------
                         slack                                  0.110    

Slack (MET) :             0.110ns  (arrival time - required time)
  Source:                 mw0/datatrans_sys_i/processing_system7_0_axi_periph/s00_couplers/auto_pc/inst/gen_axilite.gen_b2s_conv.axilite_b2s/RD.r_channel_0/r_arid_r_reg[5]/C
                            (rising edge-triggered cell FDRE clocked by clk_fpga_0  {rise@0.000ns fall@16.500ns period=33.000ns})
  Destination:            mw0/datatrans_sys_i/processing_system7_0_axi_periph/s00_couplers/auto_pc/inst/gen_axilite.gen_b2s_conv.axilite_b2s/RD.r_channel_0/transaction_fifo_0/memory_reg[31][6]_srl32/D
                            (rising edge-triggered cell SRLC32E clocked by clk_fpga_0  {rise@0.000ns fall@16.500ns period=33.000ns})
  Path Group:             clk_fpga_0
  Path Type:              Hold (Min at Fast Process Corner)
  Requirement:            0.000ns  (clk_fpga_0 rise@0.000ns - clk_fpga_0 rise@0.000ns)
  Data Path Delay:        0.258ns  (logic 0.141ns (54.595%)  route 0.117ns (45.405%))
  Logic Levels:           0  
  Clock Path Skew:        0.033ns (DCD - SCD - CPR)
    Destination Clock Delay (DCD):    1.207ns
    Source Clock Delay      (SCD):    0.910ns
    Clock Pessimism Removal (CPR):    0.264ns

    Location             Delay type                Incr(ns)  Path(ns)    Netlist Resource(s)
  -------------------------------------------------------------------    -------------------
                         (clock clk_fpga_0 rise edge)
                                                      0.000     0.000 r  
    PS7_X0Y0             PS7                          0.000     0.000 r  mw0/datatrans_sys_i/processing_system7_0/inst/PS7_i/FCLKCLK[0]
                         net (fo=1, routed)           0.310     0.310    mw0/datatrans_sys_i/processing_system7_0/inst/FCLK_CLK_unbuffered[0]
    BUFGCTRL_X0Y16       BUFG (Prop_bufg_I_O)         0.026     0.336 r  mw0/datatrans_sys_i/processing_system7_0/inst/buffer_fclk_clk_0.FCLK_CLK_0_BUFG/O
                         net (fo=950, routed)         0.574     0.910    mw0/datatrans_sys_i/processing_system7_0_axi_periph/s00_couplers/auto_pc/inst/gen_axilite.gen_b2s_conv.axilite_b2s/RD.r_channel_0/aclk
    SLICE_X28Y89         FDRE                                         r  mw0/datatrans_sys_i/processing_system7_0_axi_periph/s00_couplers/auto_pc/inst/gen_axilite.gen_b2s_conv.axilite_b2s/RD.r_channel_0/r_arid_r_reg[5]/C
  -------------------------------------------------------------------    -------------------
    SLICE_X28Y89         FDRE (Prop_fdre_C_Q)         0.141     1.051 r  mw0/datatrans_sys_i/processing_system7_0_axi_periph/s00_couplers/auto_pc/inst/gen_axilite.gen_b2s_conv.axilite_b2s/RD.r_channel_0/r_arid_r_reg[5]/Q
                         net (fo=1, routed)           0.117     1.168    mw0/datatrans_sys_i/processing_system7_0_axi_periph/s00_couplers/auto_pc/inst/gen_axilite.gen_b2s_conv.axilite_b2s/RD.r_channel_0/transaction_fifo_0/in[6]
    SLICE_X26Y89         SRLC32E                                      r  mw0/datatrans_sys_i/processing_system7_0_axi_periph/s00_couplers/auto_pc/inst/gen_axilite.gen_b2s_conv.axilite_b2s/RD.r_channel_0/transaction_fifo_0/memory_reg[31][6]_srl32/D
  -------------------------------------------------------------------    -------------------

                         (clock clk_fpga_0 rise edge)
                                                      0.000     0.000 r  
    PS7_X0Y0             PS7                          0.000     0.000 r  mw0/datatrans_sys_i/processing_system7_0/inst/PS7_i/FCLKCLK[0]
                         net (fo=1, routed)           0.337     0.337    mw0/datatrans_sys_i/processing_system7_0/inst/FCLK_CLK_unbuffered[0]
    BUFGCTRL_X0Y16       BUFG (Prop_bufg_I_O)         0.029     0.366 r  mw0/datatrans_sys_i/processing_system7_0/inst/buffer_fclk_clk_0.FCLK_CLK_0_BUFG/O
                         net (fo=950, routed)         0.841     1.207    mw0/datatrans_sys_i/processing_system7_0_axi_periph/s00_couplers/auto_pc/inst/gen_axilite.gen_b2s_conv.axilite_b2s/RD.r_channel_0/transaction_fifo_0/aclk
    SLICE_X26Y89         SRLC32E                                      r  mw0/datatrans_sys_i/processing_system7_0_axi_periph/s00_couplers/auto_pc/inst/gen_axilite.gen_b2s_conv.axilite_b2s/RD.r_channel_0/transaction_fifo_0/memory_reg[31][6]_srl32/CLK
                         clock pessimism             -0.264     0.943    
    SLICE_X26Y89         SRLC32E (Hold_srlc32e_CLK_D)
                                                      0.115     1.058    mw0/datatrans_sys_i/processing_system7_0_axi_periph/s00_couplers/auto_pc/inst/gen_axilite.gen_b2s_conv.axilite_b2s/RD.r_channel_0/transaction_fifo_0/memory_reg[31][6]_srl32
  -------------------------------------------------------------------
                         required time                         -1.058    
                         arrival time                           1.168    
  -------------------------------------------------------------------
                         slack                                  0.110    

Slack (MET) :             0.111ns  (arrival time - required time)
  Source:                 mw0/datatrans_sys_i/trans_0/inst/trans_v1_0_S00_AXI_inst/axi_rdata_reg[7]/C
                            (rising edge-triggered cell FDRE clocked by clk_fpga_0  {rise@0.000ns fall@16.500ns period=33.000ns})
  Destination:            mw0/datatrans_sys_i/processing_system7_0_axi_periph/s00_couplers/auto_pc/inst/gen_axilite.gen_b2s_conv.axilite_b2s/RD.r_channel_0/rd_data_fifo_0/memory_reg[31][7]_srl32/D
                            (rising edge-triggered cell SRLC32E clocked by clk_fpga_0  {rise@0.000ns fall@16.500ns period=33.000ns})
  Path Group:             clk_fpga_0
  Path Type:              Hold (Min at Fast Process Corner)
  Requirement:            0.000ns  (clk_fpga_0 rise@0.000ns - clk_fpga_0 rise@0.000ns)
  Data Path Delay:        0.311ns  (logic 0.141ns (45.317%)  route 0.170ns (54.683%))
  Logic Levels:           0  
  Clock Path Skew:        0.017ns (DCD - SCD - CPR)
    Destination Clock Delay (DCD):    1.209ns
    Source Clock Delay      (SCD):    0.910ns
    Clock Pessimism Removal (CPR):    0.282ns

    Location             Delay type                Incr(ns)  Path(ns)    Netlist Resource(s)
  -------------------------------------------------------------------    -------------------
                         (clock clk_fpga_0 rise edge)
                                                      0.000     0.000 r  
    PS7_X0Y0             PS7                          0.000     0.000 r  mw0/datatrans_sys_i/processing_system7_0/inst/PS7_i/FCLKCLK[0]
                         net (fo=1, routed)           0.310     0.310    mw0/datatrans_sys_i/processing_system7_0/inst/FCLK_CLK_unbuffered[0]
    BUFGCTRL_X0Y16       BUFG (Prop_bufg_I_O)         0.026     0.336 r  mw0/datatrans_sys_i/processing_system7_0/inst/buffer_fclk_clk_0.FCLK_CLK_0_BUFG/O
                         net (fo=950, routed)         0.574     0.910    mw0/datatrans_sys_i/trans_0/inst/trans_v1_0_S00_AXI_inst/s00_axi_aclk
    SLICE_X31Y88         FDRE                                         r  mw0/datatrans_sys_i/trans_0/inst/trans_v1_0_S00_AXI_inst/axi_rdata_reg[7]/C
  -------------------------------------------------------------------    -------------------
    SLICE_X31Y88         FDRE (Prop_fdre_C_Q)         0.141     1.051 r  mw0/datatrans_sys_i/trans_0/inst/trans_v1_0_S00_AXI_inst/axi_rdata_reg[7]/Q
                         net (fo=1, routed)           0.170     1.221    mw0/datatrans_sys_i/processing_system7_0_axi_periph/s00_couplers/auto_pc/inst/gen_axilite.gen_b2s_conv.axilite_b2s/RD.r_channel_0/rd_data_fifo_0/in[7]
    SLICE_X30Y90         SRLC32E                                      r  mw0/datatrans_sys_i/processing_system7_0_axi_periph/s00_couplers/auto_pc/inst/gen_axilite.gen_b2s_conv.axilite_b2s/RD.r_channel_0/rd_data_fifo_0/memory_reg[31][7]_srl32/D
  -------------------------------------------------------------------    -------------------

                         (clock clk_fpga_0 rise edge)
                                                      0.000     0.000 r  
    PS7_X0Y0             PS7                          0.000     0.000 r  mw0/datatrans_sys_i/processing_system7_0/inst/PS7_i/FCLKCLK[0]
                         net (fo=1, routed)           0.337     0.337    mw0/datatrans_sys_i/processing_system7_0/inst/FCLK_CLK_unbuffered[0]
    BUFGCTRL_X0Y16       BUFG (Prop_bufg_I_O)         0.029     0.366 r  mw0/datatrans_sys_i/processing_system7_0/inst/buffer_fclk_clk_0.FCLK_CLK_0_BUFG/O
                         net (fo=950, routed)         0.843     1.209    mw0/datatrans_sys_i/processing_system7_0_axi_periph/s00_couplers/auto_pc/inst/gen_axilite.gen_b2s_conv.axilite_b2s/RD.r_channel_0/rd_data_fifo_0/aclk
    SLICE_X30Y90         SRLC32E                                      r  mw0/datatrans_sys_i/processing_system7_0_axi_periph/s00_couplers/auto_pc/inst/gen_axilite.gen_b2s_conv.axilite_b2s/RD.r_channel_0/rd_data_fifo_0/memory_reg[31][7]_srl32/CLK
                         clock pessimism             -0.282     0.927    
    SLICE_X30Y90         SRLC32E (Hold_srlc32e_CLK_D)
                                                      0.183     1.110    mw0/datatrans_sys_i/processing_system7_0_axi_periph/s00_couplers/auto_pc/inst/gen_axilite.gen_b2s_conv.axilite_b2s/RD.r_channel_0/rd_data_fifo_0/memory_reg[31][7]_srl32
  -------------------------------------------------------------------
                         required time                         -1.110    
                         arrival time                           1.221    
  -------------------------------------------------------------------
                         slack                                  0.111    





Pulse Width Checks
--------------------------------------------------------------------------------------
Clock Name:         clk_fpga_0
Waveform(ns):       { 0.000 16.500 }
Period(ns):         33.000
Sources:            { mw0/datatrans_sys_i/processing_system7_0/inst/PS7_i/FCLKCLK[0] }

Check Type        Corner  Lib Pin             Reference Pin  Required(ns)  Actual(ns)  Slack(ns)  Location      Pin
Min Period        n/a     RAMB36E1/CLKARDCLK  n/a            3.363         33.000      29.637     RAMB36_X3Y12  b0/U0/inst_blk_mem_gen/gnbram.gnativebmg.native_blk_mem_gen/valid.cstr/ramloop[0].ram.r/prim_noinit.ram/DEVICE_7SERIES.NO_BMM_INFO.TRUE_DP.CASCADED_PRIM36.ram_B/CLKARDCLK
Min Period        n/a     RAMB36E1/CLKARDCLK  n/a            3.363         33.000      29.637     RAMB36_X3Y13  b0/U0/inst_blk_mem_gen/gnbram.gnativebmg.native_blk_mem_gen/valid.cstr/ramloop[0].ram.r/prim_noinit.ram/DEVICE_7SERIES.NO_BMM_INFO.TRUE_DP.CASCADED_PRIM36.ram_T/CLKARDCLK
Min Period        n/a     RAMB36E1/CLKARDCLK  n/a            3.363         33.000      29.637     RAMB36_X2Y15  b0/U0/inst_blk_mem_gen/gnbram.gnativebmg.native_blk_mem_gen/valid.cstr/ramloop[1].ram.r/prim_noinit.ram/DEVICE_7SERIES.NO_BMM_INFO.TRUE_DP.CASCADED_PRIM36.ram_B/CLKARDCLK
Min Period        n/a     RAMB36E1/CLKARDCLK  n/a            3.363         33.000      29.637     RAMB36_X2Y16  b0/U0/inst_blk_mem_gen/gnbram.gnativebmg.native_blk_mem_gen/valid.cstr/ramloop[1].ram.r/prim_noinit.ram/DEVICE_7SERIES.NO_BMM_INFO.TRUE_DP.CASCADED_PRIM36.ram_T/CLKARDCLK
Min Period        n/a     RAMB36E1/CLKARDCLK  n/a            3.363         33.000      29.637     RAMB36_X2Y19  b0/U0/inst_blk_mem_gen/gnbram.gnativebmg.native_blk_mem_gen/valid.cstr/ramloop[2].ram.r/prim_noinit.ram/DEVICE_7SERIES.NO_BMM_INFO.TRUE_DP.CASCADED_PRIM36.ram_B/CLKARDCLK
Min Period        n/a     RAMB36E1/CLKARDCLK  n/a            3.363         33.000      29.637     RAMB36_X2Y20  b0/U0/inst_blk_mem_gen/gnbram.gnativebmg.native_blk_mem_gen/valid.cstr/ramloop[2].ram.r/prim_noinit.ram/DEVICE_7SERIES.NO_BMM_INFO.TRUE_DP.CASCADED_PRIM36.ram_T/CLKARDCLK
Min Period        n/a     RAMB36E1/CLKARDCLK  n/a            3.363         33.000      29.637     RAMB36_X2Y13  b0/U0/inst_blk_mem_gen/gnbram.gnativebmg.native_blk_mem_gen/valid.cstr/ramloop[3].ram.r/prim_noinit.ram/DEVICE_7SERIES.NO_BMM_INFO.TRUE_DP.CASCADED_PRIM36.ram_B/CLKARDCLK
Min Period        n/a     RAMB36E1/CLKARDCLK  n/a            3.363         33.000      29.637     RAMB36_X2Y14  b0/U0/inst_blk_mem_gen/gnbram.gnativebmg.native_blk_mem_gen/valid.cstr/ramloop[3].ram.r/prim_noinit.ram/DEVICE_7SERIES.NO_BMM_INFO.TRUE_DP.CASCADED_PRIM36.ram_T/CLKARDCLK
Min Period        n/a     RAMB36E1/CLKARDCLK  n/a            3.363         33.000      29.637     RAMB36_X3Y14  b0/U0/inst_blk_mem_gen/gnbram.gnativebmg.native_blk_mem_gen/valid.cstr/ramloop[4].ram.r/prim_noinit.ram/DEVICE_7SERIES.NO_BMM_INFO.TRUE_DP.CASCADED_PRIM36.ram_B/CLKARDCLK
Min Period        n/a     RAMB36E1/CLKARDCLK  n/a            3.363         33.000      29.637     RAMB36_X3Y15  b0/U0/inst_blk_mem_gen/gnbram.gnativebmg.native_blk_mem_gen/valid.cstr/ramloop[4].ram.r/prim_noinit.ram/DEVICE_7SERIES.NO_BMM_INFO.TRUE_DP.CASCADED_PRIM36.ram_T/CLKARDCLK
Low Pulse Width   Slow    SRLC32E/CLK         n/a            0.980         16.500      15.520     SLICE_X30Y88  mw0/datatrans_sys_i/processing_system7_0_axi_periph/s00_couplers/auto_pc/inst/gen_axilite.gen_b2s_conv.axilite_b2s/RD.r_channel_0/rd_data_fifo_0/memory_reg[31][0]_srl32/CLK
Low Pulse Width   Fast    SRLC32E/CLK         n/a            0.980         16.500      15.520     SLICE_X30Y88  mw0/datatrans_sys_i/processing_system7_0_axi_periph/s00_couplers/auto_pc/inst/gen_axilite.gen_b2s_conv.axilite_b2s/RD.r_channel_0/rd_data_fifo_0/memory_reg[31][0]_srl32/CLK
Low Pulse Width   Slow    SRLC32E/CLK         n/a            0.980         16.500      15.520     SLICE_X30Y92  mw0/datatrans_sys_i/processing_system7_0_axi_periph/s00_couplers/auto_pc/inst/gen_axilite.gen_b2s_conv.axilite_b2s/RD.r_channel_0/rd_data_fifo_0/memory_reg[31][10]_srl32/CLK
Low Pulse Width   Fast    SRLC32E/CLK         n/a            0.980         16.500      15.520     SLICE_X30Y92  mw0/datatrans_sys_i/processing_system7_0_axi_periph/s00_couplers/auto_pc/inst/gen_axilite.gen_b2s_conv.axilite_b2s/RD.r_channel_0/rd_data_fifo_0/memory_reg[31][10]_srl32/CLK
Low Pulse Width   Slow    SRLC32E/CLK         n/a            0.980         16.500      15.520     SLICE_X30Y90  mw0/datatrans_sys_i/processing_system7_0_axi_periph/s00_couplers/auto_pc/inst/gen_axilite.gen_b2s_conv.axilite_b2s/RD.r_channel_0/rd_data_fifo_0/memory_reg[31][11]_srl32/CLK
Low Pulse Width   Fast    SRLC32E/CLK         n/a            0.980         16.500      15.520     SLICE_X30Y90  mw0/datatrans_sys_i/processing_system7_0_axi_periph/s00_couplers/auto_pc/inst/gen_axilite.gen_b2s_conv.axilite_b2s/RD.r_channel_0/rd_data_fifo_0/memory_reg[31][11]_srl32/CLK
Low Pulse Width   Slow    SRLC32E/CLK         n/a            0.980         16.500      15.520     SLICE_X26Y90  mw0/datatrans_sys_i/processing_system7_0_axi_periph/s00_couplers/auto_pc/inst/gen_axilite.gen_b2s_conv.axilite_b2s/RD.r_channel_0/rd_data_fifo_0/memory_reg[31][12]_srl32/CLK
Low Pulse Width   Fast    SRLC32E/CLK         n/a            0.980         16.500      15.520     SLICE_X26Y90  mw0/datatrans_sys_i/processing_system7_0_axi_periph/s00_couplers/auto_pc/inst/gen_axilite.gen_b2s_conv.axilite_b2s/RD.r_channel_0/rd_data_fifo_0/memory_reg[31][12]_srl32/CLK
Low Pulse Width   Slow    SRLC32E/CLK         n/a            0.980         16.500      15.520     SLICE_X30Y92  mw0/datatrans_sys_i/processing_system7_0_axi_periph/s00_couplers/auto_pc/inst/gen_axilite.gen_b2s_conv.axilite_b2s/RD.r_channel_0/rd_data_fifo_0/memory_reg[31][13]_srl32/CLK
Low Pulse Width   Fast    SRLC32E/CLK         n/a            0.980         16.500      15.520     SLICE_X30Y92  mw0/datatrans_sys_i/processing_system7_0_axi_periph/s00_couplers/auto_pc/inst/gen_axilite.gen_b2s_conv.axilite_b2s/RD.r_channel_0/rd_data_fifo_0/memory_reg[31][13]_srl32/CLK
High Pulse Width  Slow    SRLC32E/CLK         n/a            0.980         16.500      15.520     SLICE_X30Y88  mw0/datatrans_sys_i/processing_system7_0_axi_periph/s00_couplers/auto_pc/inst/gen_axilite.gen_b2s_conv.axilite_b2s/RD.r_channel_0/rd_data_fifo_0/memory_reg[31][0]_srl32/CLK
High Pulse Width  Fast    SRLC32E/CLK         n/a            0.980         16.500      15.520     SLICE_X30Y88  mw0/datatrans_sys_i/processing_system7_0_axi_periph/s00_couplers/auto_pc/inst/gen_axilite.gen_b2s_conv.axilite_b2s/RD.r_channel_0/rd_data_fifo_0/memory_reg[31][0]_srl32/CLK
High Pulse Width  Slow    SRLC32E/CLK         n/a            0.980         16.500      15.520     SLICE_X30Y92  mw0/datatrans_sys_i/processing_system7_0_axi_periph/s00_couplers/auto_pc/inst/gen_axilite.gen_b2s_conv.axilite_b2s/RD.r_channel_0/rd_data_fifo_0/memory_reg[31][10]_srl32/CLK
High Pulse Width  Fast    SRLC32E/CLK         n/a            0.980         16.500      15.520     SLICE_X30Y92  mw0/datatrans_sys_i/processing_system7_0_axi_periph/s00_couplers/auto_pc/inst/gen_axilite.gen_b2s_conv.axilite_b2s/RD.r_channel_0/rd_data_fifo_0/memory_reg[31][10]_srl32/CLK
High Pulse Width  Slow    SRLC32E/CLK         n/a            0.980         16.500      15.520     SLICE_X30Y90  mw0/datatrans_sys_i/processing_system7_0_axi_periph/s00_couplers/auto_pc/inst/gen_axilite.gen_b2s_conv.axilite_b2s/RD.r_channel_0/rd_data_fifo_0/memory_reg[31][11]_srl32/CLK
High Pulse Width  Fast    SRLC32E/CLK         n/a            0.980         16.500      15.520     SLICE_X30Y90  mw0/datatrans_sys_i/processing_system7_0_axi_periph/s00_couplers/auto_pc/inst/gen_axilite.gen_b2s_conv.axilite_b2s/RD.r_channel_0/rd_data_fifo_0/memory_reg[31][11]_srl32/CLK
High Pulse Width  Slow    SRLC32E/CLK         n/a            0.980         16.500      15.520     SLICE_X26Y90  mw0/datatrans_sys_i/processing_system7_0_axi_periph/s00_couplers/auto_pc/inst/gen_axilite.gen_b2s_conv.axilite_b2s/RD.r_channel_0/rd_data_fifo_0/memory_reg[31][12]_srl32/CLK
High Pulse Width  Fast    SRLC32E/CLK         n/a            0.980         16.500      15.520     SLICE_X26Y90  mw0/datatrans_sys_i/processing_system7_0_axi_periph/s00_couplers/auto_pc/inst/gen_axilite.gen_b2s_conv.axilite_b2s/RD.r_channel_0/rd_data_fifo_0/memory_reg[31][12]_srl32/CLK
High Pulse Width  Slow    SRLC32E/CLK         n/a            0.980         16.500      15.520     SLICE_X30Y92  mw0/datatrans_sys_i/processing_system7_0_axi_periph/s00_couplers/auto_pc/inst/gen_axilite.gen_b2s_conv.axilite_b2s/RD.r_channel_0/rd_data_fifo_0/memory_reg[31][13]_srl32/CLK
High Pulse Width  Fast    SRLC32E/CLK         n/a            0.980         16.500      15.520     SLICE_X30Y92  mw0/datatrans_sys_i/processing_system7_0_axi_periph/s00_couplers/auto_pc/inst/gen_axilite.gen_b2s_conv.axilite_b2s/RD.r_channel_0/rd_data_fifo_0/memory_reg[31][13]_srl32/CLK



---------------------------------------------------------------------------------------------------
Path Group:  **async_default**
From Clock:  clk_fpga_0
  To Clock:  clk_fpga_0

Setup :            0  Failing Endpoints,  Worst Slack       27.716ns,  Total Violation        0.000ns
Hold  :            0  Failing Endpoints,  Worst Slack        0.875ns,  Total Violation        0.000ns
---------------------------------------------------------------------------------------------------


Max Delay Paths
--------------------------------------------------------------------------------------
Slack (MET) :             27.716ns  (required time - arrival time)
  Source:                 vrst_reg/C
                            (rising edge-triggered cell FDRE clocked by clk_fpga_0  {rise@0.000ns fall@16.500ns period=33.000ns})
  Destination:            v0/p0/dis_out_reg[14]/CLR
                            (recovery check against rising-edge clock clk_fpga_0  {rise@0.000ns fall@16.500ns period=33.000ns})
  Path Group:             **async_default**
  Path Type:              Recovery (Max at Slow Process Corner)
  Requirement:            33.000ns  (clk_fpga_0 rise@33.000ns - clk_fpga_0 rise@0.000ns)
  Data Path Delay:        4.281ns  (logic 0.580ns (13.547%)  route 3.701ns (86.453%))
  Logic Levels:           1  (LUT1=1)
  Clock Path Skew:        -0.101ns (DCD - SCD + CPR)
    Destination Clock Delay (DCD):    2.643ns = ( 35.643 - 33.000 ) 
    Source Clock Delay      (SCD):    2.973ns
    Clock Pessimism Removal (CPR):    0.229ns
  Clock Uncertainty:      0.496ns  ((TSJ^2 + TIJ^2)^1/2 + DJ) / 2 + PE
    Total System Jitter     (TSJ):    0.071ns
    Total Input Jitter      (TIJ):    0.990ns
    Discrete Jitter          (DJ):    0.000ns
    Phase Error              (PE):    0.000ns

    Location             Delay type                Incr(ns)  Path(ns)    Netlist Resource(s)
  -------------------------------------------------------------------    -------------------
                         (clock clk_fpga_0 rise edge)
                                                      0.000     0.000 r  
    PS7_X0Y0             PS7                          0.000     0.000 r  mw0/datatrans_sys_i/processing_system7_0/inst/PS7_i/FCLKCLK[0]
                         net (fo=1, routed)           1.193     1.193    mw0/datatrans_sys_i/processing_system7_0/inst/FCLK_CLK_unbuffered[0]
    BUFGCTRL_X0Y16       BUFG (Prop_bufg_I_O)         0.101     1.294 r  mw0/datatrans_sys_i/processing_system7_0/inst/buffer_fclk_clk_0.FCLK_CLK_0_BUFG/O
                         net (fo=950, routed)         1.679     2.973    clk
    SLICE_X31Y74         FDRE                                         r  vrst_reg/C
  -------------------------------------------------------------------    -------------------
    SLICE_X31Y74         FDRE (Prop_fdre_C_Q)         0.456     3.429 r  vrst_reg/Q
                         net (fo=4, routed)           1.042     4.471    v0/p0/vrst
    SLICE_X33Y74         LUT1 (Prop_lut1_I0_O)        0.124     4.595 f  v0/p0/code_count[7]_i_3/O
                         net (fo=204, routed)         2.659     7.254    v0/p0/vrst_reg
    SLICE_X45Y72         FDCE                                         f  v0/p0/dis_out_reg[14]/CLR
  -------------------------------------------------------------------    -------------------

                         (clock clk_fpga_0 rise edge)
                                                     33.000    33.000 r  
    PS7_X0Y0             PS7                          0.000    33.000 r  mw0/datatrans_sys_i/processing_system7_0/inst/PS7_i/FCLKCLK[0]
                         net (fo=1, routed)           1.088    34.088    mw0/datatrans_sys_i/processing_system7_0/inst/FCLK_CLK_unbuffered[0]
    BUFGCTRL_X0Y16       BUFG (Prop_bufg_I_O)         0.091    34.179 r  mw0/datatrans_sys_i/processing_system7_0/inst/buffer_fclk_clk_0.FCLK_CLK_0_BUFG/O
                         net (fo=950, routed)         1.464    35.643    v0/p0/axiclk
    SLICE_X45Y72         FDCE                                         r  v0/p0/dis_out_reg[14]/C
                         clock pessimism              0.229    35.872    
                         clock uncertainty           -0.496    35.376    
    SLICE_X45Y72         FDCE (Recov_fdce_C_CLR)     -0.405    34.971    v0/p0/dis_out_reg[14]
  -------------------------------------------------------------------
                         required time                         34.971    
                         arrival time                          -7.254    
  -------------------------------------------------------------------
                         slack                                 27.716    

Slack (MET) :             27.716ns  (required time - arrival time)
  Source:                 vrst_reg/C
                            (rising edge-triggered cell FDRE clocked by clk_fpga_0  {rise@0.000ns fall@16.500ns period=33.000ns})
  Destination:            v0/p0/dis_out_reg[15]/CLR
                            (recovery check against rising-edge clock clk_fpga_0  {rise@0.000ns fall@16.500ns period=33.000ns})
  Path Group:             **async_default**
  Path Type:              Recovery (Max at Slow Process Corner)
  Requirement:            33.000ns  (clk_fpga_0 rise@33.000ns - clk_fpga_0 rise@0.000ns)
  Data Path Delay:        4.281ns  (logic 0.580ns (13.547%)  route 3.701ns (86.453%))
  Logic Levels:           1  (LUT1=1)
  Clock Path Skew:        -0.101ns (DCD - SCD + CPR)
    Destination Clock Delay (DCD):    2.643ns = ( 35.643 - 33.000 ) 
    Source Clock Delay      (SCD):    2.973ns
    Clock Pessimism Removal (CPR):    0.229ns
  Clock Uncertainty:      0.496ns  ((TSJ^2 + TIJ^2)^1/2 + DJ) / 2 + PE
    Total System Jitter     (TSJ):    0.071ns
    Total Input Jitter      (TIJ):    0.990ns
    Discrete Jitter          (DJ):    0.000ns
    Phase Error              (PE):    0.000ns

    Location             Delay type                Incr(ns)  Path(ns)    Netlist Resource(s)
  -------------------------------------------------------------------    -------------------
                         (clock clk_fpga_0 rise edge)
                                                      0.000     0.000 r  
    PS7_X0Y0             PS7                          0.000     0.000 r  mw0/datatrans_sys_i/processing_system7_0/inst/PS7_i/FCLKCLK[0]
                         net (fo=1, routed)           1.193     1.193    mw0/datatrans_sys_i/processing_system7_0/inst/FCLK_CLK_unbuffered[0]
    BUFGCTRL_X0Y16       BUFG (Prop_bufg_I_O)         0.101     1.294 r  mw0/datatrans_sys_i/processing_system7_0/inst/buffer_fclk_clk_0.FCLK_CLK_0_BUFG/O
                         net (fo=950, routed)         1.679     2.973    clk
    SLICE_X31Y74         FDRE                                         r  vrst_reg/C
  -------------------------------------------------------------------    -------------------
    SLICE_X31Y74         FDRE (Prop_fdre_C_Q)         0.456     3.429 r  vrst_reg/Q
                         net (fo=4, routed)           1.042     4.471    v0/p0/vrst
    SLICE_X33Y74         LUT1 (Prop_lut1_I0_O)        0.124     4.595 f  v0/p0/code_count[7]_i_3/O
                         net (fo=204, routed)         2.659     7.254    v0/p0/vrst_reg
    SLICE_X45Y72         FDCE                                         f  v0/p0/dis_out_reg[15]/CLR
  -------------------------------------------------------------------    -------------------

                         (clock clk_fpga_0 rise edge)
                                                     33.000    33.000 r  
    PS7_X0Y0             PS7                          0.000    33.000 r  mw0/datatrans_sys_i/processing_system7_0/inst/PS7_i/FCLKCLK[0]
                         net (fo=1, routed)           1.088    34.088    mw0/datatrans_sys_i/processing_system7_0/inst/FCLK_CLK_unbuffered[0]
    BUFGCTRL_X0Y16       BUFG (Prop_bufg_I_O)         0.091    34.179 r  mw0/datatrans_sys_i/processing_system7_0/inst/buffer_fclk_clk_0.FCLK_CLK_0_BUFG/O
                         net (fo=950, routed)         1.464    35.643    v0/p0/axiclk
    SLICE_X45Y72         FDCE                                         r  v0/p0/dis_out_reg[15]/C
                         clock pessimism              0.229    35.872    
                         clock uncertainty           -0.496    35.376    
    SLICE_X45Y72         FDCE (Recov_fdce_C_CLR)     -0.405    34.971    v0/p0/dis_out_reg[15]
  -------------------------------------------------------------------
                         required time                         34.971    
                         arrival time                          -7.254    
  -------------------------------------------------------------------
                         slack                                 27.716    

Slack (MET) :             27.716ns  (required time - arrival time)
  Source:                 vrst_reg/C
                            (rising edge-triggered cell FDRE clocked by clk_fpga_0  {rise@0.000ns fall@16.500ns period=33.000ns})
  Destination:            v0/p0/dis_out_reg[30]/CLR
                            (recovery check against rising-edge clock clk_fpga_0  {rise@0.000ns fall@16.500ns period=33.000ns})
  Path Group:             **async_default**
  Path Type:              Recovery (Max at Slow Process Corner)
  Requirement:            33.000ns  (clk_fpga_0 rise@33.000ns - clk_fpga_0 rise@0.000ns)
  Data Path Delay:        4.281ns  (logic 0.580ns (13.547%)  route 3.701ns (86.453%))
  Logic Levels:           1  (LUT1=1)
  Clock Path Skew:        -0.101ns (DCD - SCD + CPR)
    Destination Clock Delay (DCD):    2.643ns = ( 35.643 - 33.000 ) 
    Source Clock Delay      (SCD):    2.973ns
    Clock Pessimism Removal (CPR):    0.229ns
  Clock Uncertainty:      0.496ns  ((TSJ^2 + TIJ^2)^1/2 + DJ) / 2 + PE
    Total System Jitter     (TSJ):    0.071ns
    Total Input Jitter      (TIJ):    0.990ns
    Discrete Jitter          (DJ):    0.000ns
    Phase Error              (PE):    0.000ns

    Location             Delay type                Incr(ns)  Path(ns)    Netlist Resource(s)
  -------------------------------------------------------------------    -------------------
                         (clock clk_fpga_0 rise edge)
                                                      0.000     0.000 r  
    PS7_X0Y0             PS7                          0.000     0.000 r  mw0/datatrans_sys_i/processing_system7_0/inst/PS7_i/FCLKCLK[0]
                         net (fo=1, routed)           1.193     1.193    mw0/datatrans_sys_i/processing_system7_0/inst/FCLK_CLK_unbuffered[0]
    BUFGCTRL_X0Y16       BUFG (Prop_bufg_I_O)         0.101     1.294 r  mw0/datatrans_sys_i/processing_system7_0/inst/buffer_fclk_clk_0.FCLK_CLK_0_BUFG/O
                         net (fo=950, routed)         1.679     2.973    clk
    SLICE_X31Y74         FDRE                                         r  vrst_reg/C
  -------------------------------------------------------------------    -------------------
    SLICE_X31Y74         FDRE (Prop_fdre_C_Q)         0.456     3.429 r  vrst_reg/Q
                         net (fo=4, routed)           1.042     4.471    v0/p0/vrst
    SLICE_X33Y74         LUT1 (Prop_lut1_I0_O)        0.124     4.595 f  v0/p0/code_count[7]_i_3/O
                         net (fo=204, routed)         2.659     7.254    v0/p0/vrst_reg
    SLICE_X45Y72         FDCE                                         f  v0/p0/dis_out_reg[30]/CLR
  -------------------------------------------------------------------    -------------------

                         (clock clk_fpga_0 rise edge)
                                                     33.000    33.000 r  
    PS7_X0Y0             PS7                          0.000    33.000 r  mw0/datatrans_sys_i/processing_system7_0/inst/PS7_i/FCLKCLK[0]
                         net (fo=1, routed)           1.088    34.088    mw0/datatrans_sys_i/processing_system7_0/inst/FCLK_CLK_unbuffered[0]
    BUFGCTRL_X0Y16       BUFG (Prop_bufg_I_O)         0.091    34.179 r  mw0/datatrans_sys_i/processing_system7_0/inst/buffer_fclk_clk_0.FCLK_CLK_0_BUFG/O
                         net (fo=950, routed)         1.464    35.643    v0/p0/axiclk
    SLICE_X45Y72         FDCE                                         r  v0/p0/dis_out_reg[30]/C
                         clock pessimism              0.229    35.872    
                         clock uncertainty           -0.496    35.376    
    SLICE_X45Y72         FDCE (Recov_fdce_C_CLR)     -0.405    34.971    v0/p0/dis_out_reg[30]
  -------------------------------------------------------------------
                         required time                         34.971    
                         arrival time                          -7.254    
  -------------------------------------------------------------------
                         slack                                 27.716    

Slack (MET) :             27.716ns  (required time - arrival time)
  Source:                 vrst_reg/C
                            (rising edge-triggered cell FDRE clocked by clk_fpga_0  {rise@0.000ns fall@16.500ns period=33.000ns})
  Destination:            v0/p0/dis_out_reg[31]/CLR
                            (recovery check against rising-edge clock clk_fpga_0  {rise@0.000ns fall@16.500ns period=33.000ns})
  Path Group:             **async_default**
  Path Type:              Recovery (Max at Slow Process Corner)
  Requirement:            33.000ns  (clk_fpga_0 rise@33.000ns - clk_fpga_0 rise@0.000ns)
  Data Path Delay:        4.281ns  (logic 0.580ns (13.547%)  route 3.701ns (86.453%))
  Logic Levels:           1  (LUT1=1)
  Clock Path Skew:        -0.101ns (DCD - SCD + CPR)
    Destination Clock Delay (DCD):    2.643ns = ( 35.643 - 33.000 ) 
    Source Clock Delay      (SCD):    2.973ns
    Clock Pessimism Removal (CPR):    0.229ns
  Clock Uncertainty:      0.496ns  ((TSJ^2 + TIJ^2)^1/2 + DJ) / 2 + PE
    Total System Jitter     (TSJ):    0.071ns
    Total Input Jitter      (TIJ):    0.990ns
    Discrete Jitter          (DJ):    0.000ns
    Phase Error              (PE):    0.000ns

    Location             Delay type                Incr(ns)  Path(ns)    Netlist Resource(s)
  -------------------------------------------------------------------    -------------------
                         (clock clk_fpga_0 rise edge)
                                                      0.000     0.000 r  
    PS7_X0Y0             PS7                          0.000     0.000 r  mw0/datatrans_sys_i/processing_system7_0/inst/PS7_i/FCLKCLK[0]
                         net (fo=1, routed)           1.193     1.193    mw0/datatrans_sys_i/processing_system7_0/inst/FCLK_CLK_unbuffered[0]
    BUFGCTRL_X0Y16       BUFG (Prop_bufg_I_O)         0.101     1.294 r  mw0/datatrans_sys_i/processing_system7_0/inst/buffer_fclk_clk_0.FCLK_CLK_0_BUFG/O
                         net (fo=950, routed)         1.679     2.973    clk
    SLICE_X31Y74         FDRE                                         r  vrst_reg/C
  -------------------------------------------------------------------    -------------------
    SLICE_X31Y74         FDRE (Prop_fdre_C_Q)         0.456     3.429 r  vrst_reg/Q
                         net (fo=4, routed)           1.042     4.471    v0/p0/vrst
    SLICE_X33Y74         LUT1 (Prop_lut1_I0_O)        0.124     4.595 f  v0/p0/code_count[7]_i_3/O
                         net (fo=204, routed)         2.659     7.254    v0/p0/vrst_reg
    SLICE_X45Y72         FDCE                                         f  v0/p0/dis_out_reg[31]/CLR
  -------------------------------------------------------------------    -------------------

                         (clock clk_fpga_0 rise edge)
                                                     33.000    33.000 r  
    PS7_X0Y0             PS7                          0.000    33.000 r  mw0/datatrans_sys_i/processing_system7_0/inst/PS7_i/FCLKCLK[0]
                         net (fo=1, routed)           1.088    34.088    mw0/datatrans_sys_i/processing_system7_0/inst/FCLK_CLK_unbuffered[0]
    BUFGCTRL_X0Y16       BUFG (Prop_bufg_I_O)         0.091    34.179 r  mw0/datatrans_sys_i/processing_system7_0/inst/buffer_fclk_clk_0.FCLK_CLK_0_BUFG/O
                         net (fo=950, routed)         1.464    35.643    v0/p0/axiclk
    SLICE_X45Y72         FDCE                                         r  v0/p0/dis_out_reg[31]/C
                         clock pessimism              0.229    35.872    
                         clock uncertainty           -0.496    35.376    
    SLICE_X45Y72         FDCE (Recov_fdce_C_CLR)     -0.405    34.971    v0/p0/dis_out_reg[31]
  -------------------------------------------------------------------
                         required time                         34.971    
                         arrival time                          -7.254    
  -------------------------------------------------------------------
                         slack                                 27.716    

Slack (MET) :             27.758ns  (required time - arrival time)
  Source:                 vrst_reg/C
                            (rising edge-triggered cell FDRE clocked by clk_fpga_0  {rise@0.000ns fall@16.500ns period=33.000ns})
  Destination:            v0/dis_reg[0][12]/PRE
                            (recovery check against rising-edge clock clk_fpga_0  {rise@0.000ns fall@16.500ns period=33.000ns})
  Path Group:             **async_default**
  Path Type:              Recovery (Max at Slow Process Corner)
  Requirement:            33.000ns  (clk_fpga_0 rise@33.000ns - clk_fpga_0 rise@0.000ns)
  Data Path Delay:        4.286ns  (logic 0.580ns (13.533%)  route 3.706ns (86.467%))
  Logic Levels:           1  (LUT1=1)
  Clock Path Skew:        -0.101ns (DCD - SCD + CPR)
    Destination Clock Delay (DCD):    2.643ns = ( 35.643 - 33.000 ) 
    Source Clock Delay      (SCD):    2.973ns
    Clock Pessimism Removal (CPR):    0.229ns
  Clock Uncertainty:      0.496ns  ((TSJ^2 + TIJ^2)^1/2 + DJ) / 2 + PE
    Total System Jitter     (TSJ):    0.071ns
    Total Input Jitter      (TIJ):    0.990ns
    Discrete Jitter          (DJ):    0.000ns
    Phase Error              (PE):    0.000ns

    Location             Delay type                Incr(ns)  Path(ns)    Netlist Resource(s)
  -------------------------------------------------------------------    -------------------
                         (clock clk_fpga_0 rise edge)
                                                      0.000     0.000 r  
    PS7_X0Y0             PS7                          0.000     0.000 r  mw0/datatrans_sys_i/processing_system7_0/inst/PS7_i/FCLKCLK[0]
                         net (fo=1, routed)           1.193     1.193    mw0/datatrans_sys_i/processing_system7_0/inst/FCLK_CLK_unbuffered[0]
    BUFGCTRL_X0Y16       BUFG (Prop_bufg_I_O)         0.101     1.294 r  mw0/datatrans_sys_i/processing_system7_0/inst/buffer_fclk_clk_0.FCLK_CLK_0_BUFG/O
                         net (fo=950, routed)         1.679     2.973    clk
    SLICE_X31Y74         FDRE                                         r  vrst_reg/C
  -------------------------------------------------------------------    -------------------
    SLICE_X31Y74         FDRE (Prop_fdre_C_Q)         0.456     3.429 r  vrst_reg/Q
                         net (fo=4, routed)           1.042     4.471    v0/p0/vrst
    SLICE_X33Y74         LUT1 (Prop_lut1_I0_O)        0.124     4.595 f  v0/p0/code_count[7]_i_3/O
                         net (fo=204, routed)         2.663     7.259    v0/p0_n_92
    SLICE_X44Y72         FDPE                                         f  v0/dis_reg[0][12]/PRE
  -------------------------------------------------------------------    -------------------

                         (clock clk_fpga_0 rise edge)
                                                     33.000    33.000 r  
    PS7_X0Y0             PS7                          0.000    33.000 r  mw0/datatrans_sys_i/processing_system7_0/inst/PS7_i/FCLKCLK[0]
                         net (fo=1, routed)           1.088    34.088    mw0/datatrans_sys_i/processing_system7_0/inst/FCLK_CLK_unbuffered[0]
    BUFGCTRL_X0Y16       BUFG (Prop_bufg_I_O)         0.091    34.179 r  mw0/datatrans_sys_i/processing_system7_0/inst/buffer_fclk_clk_0.FCLK_CLK_0_BUFG/O
                         net (fo=950, routed)         1.464    35.643    v0/axiclk
    SLICE_X44Y72         FDPE                                         r  v0/dis_reg[0][12]/C
                         clock pessimism              0.229    35.872    
                         clock uncertainty           -0.496    35.376    
    SLICE_X44Y72         FDPE (Recov_fdpe_C_PRE)     -0.359    35.017    v0/dis_reg[0][12]
  -------------------------------------------------------------------
                         required time                         35.017    
                         arrival time                          -7.259    
  -------------------------------------------------------------------
                         slack                                 27.758    

Slack (MET) :             27.758ns  (required time - arrival time)
  Source:                 vrst_reg/C
                            (rising edge-triggered cell FDRE clocked by clk_fpga_0  {rise@0.000ns fall@16.500ns period=33.000ns})
  Destination:            v0/dis_reg[0][13]/PRE
                            (recovery check against rising-edge clock clk_fpga_0  {rise@0.000ns fall@16.500ns period=33.000ns})
  Path Group:             **async_default**
  Path Type:              Recovery (Max at Slow Process Corner)
  Requirement:            33.000ns  (clk_fpga_0 rise@33.000ns - clk_fpga_0 rise@0.000ns)
  Data Path Delay:        4.286ns  (logic 0.580ns (13.533%)  route 3.706ns (86.467%))
  Logic Levels:           1  (LUT1=1)
  Clock Path Skew:        -0.101ns (DCD - SCD + CPR)
    Destination Clock Delay (DCD):    2.643ns = ( 35.643 - 33.000 ) 
    Source Clock Delay      (SCD):    2.973ns
    Clock Pessimism Removal (CPR):    0.229ns
  Clock Uncertainty:      0.496ns  ((TSJ^2 + TIJ^2)^1/2 + DJ) / 2 + PE
    Total System Jitter     (TSJ):    0.071ns
    Total Input Jitter      (TIJ):    0.990ns
    Discrete Jitter          (DJ):    0.000ns
    Phase Error              (PE):    0.000ns

    Location             Delay type                Incr(ns)  Path(ns)    Netlist Resource(s)
  -------------------------------------------------------------------    -------------------
                         (clock clk_fpga_0 rise edge)
                                                      0.000     0.000 r  
    PS7_X0Y0             PS7                          0.000     0.000 r  mw0/datatrans_sys_i/processing_system7_0/inst/PS7_i/FCLKCLK[0]
                         net (fo=1, routed)           1.193     1.193    mw0/datatrans_sys_i/processing_system7_0/inst/FCLK_CLK_unbuffered[0]
    BUFGCTRL_X0Y16       BUFG (Prop_bufg_I_O)         0.101     1.294 r  mw0/datatrans_sys_i/processing_system7_0/inst/buffer_fclk_clk_0.FCLK_CLK_0_BUFG/O
                         net (fo=950, routed)         1.679     2.973    clk
    SLICE_X31Y74         FDRE                                         r  vrst_reg/C
  -------------------------------------------------------------------    -------------------
    SLICE_X31Y74         FDRE (Prop_fdre_C_Q)         0.456     3.429 r  vrst_reg/Q
                         net (fo=4, routed)           1.042     4.471    v0/p0/vrst
    SLICE_X33Y74         LUT1 (Prop_lut1_I0_O)        0.124     4.595 f  v0/p0/code_count[7]_i_3/O
                         net (fo=204, routed)         2.663     7.259    v0/p0_n_92
    SLICE_X44Y72         FDPE                                         f  v0/dis_reg[0][13]/PRE
  -------------------------------------------------------------------    -------------------

                         (clock clk_fpga_0 rise edge)
                                                     33.000    33.000 r  
    PS7_X0Y0             PS7                          0.000    33.000 r  mw0/datatrans_sys_i/processing_system7_0/inst/PS7_i/FCLKCLK[0]
                         net (fo=1, routed)           1.088    34.088    mw0/datatrans_sys_i/processing_system7_0/inst/FCLK_CLK_unbuffered[0]
    BUFGCTRL_X0Y16       BUFG (Prop_bufg_I_O)         0.091    34.179 r  mw0/datatrans_sys_i/processing_system7_0/inst/buffer_fclk_clk_0.FCLK_CLK_0_BUFG/O
                         net (fo=950, routed)         1.464    35.643    v0/axiclk
    SLICE_X44Y72         FDPE                                         r  v0/dis_reg[0][13]/C
                         clock pessimism              0.229    35.872    
                         clock uncertainty           -0.496    35.376    
    SLICE_X44Y72         FDPE (Recov_fdpe_C_PRE)     -0.359    35.017    v0/dis_reg[0][13]
  -------------------------------------------------------------------
                         required time                         35.017    
                         arrival time                          -7.259    
  -------------------------------------------------------------------
                         slack                                 27.758    

Slack (MET) :             27.758ns  (required time - arrival time)
  Source:                 vrst_reg/C
                            (rising edge-triggered cell FDRE clocked by clk_fpga_0  {rise@0.000ns fall@16.500ns period=33.000ns})
  Destination:            v0/dis_reg[0][14]/PRE
                            (recovery check against rising-edge clock clk_fpga_0  {rise@0.000ns fall@16.500ns period=33.000ns})
  Path Group:             **async_default**
  Path Type:              Recovery (Max at Slow Process Corner)
  Requirement:            33.000ns  (clk_fpga_0 rise@33.000ns - clk_fpga_0 rise@0.000ns)
  Data Path Delay:        4.286ns  (logic 0.580ns (13.533%)  route 3.706ns (86.467%))
  Logic Levels:           1  (LUT1=1)
  Clock Path Skew:        -0.101ns (DCD - SCD + CPR)
    Destination Clock Delay (DCD):    2.643ns = ( 35.643 - 33.000 ) 
    Source Clock Delay      (SCD):    2.973ns
    Clock Pessimism Removal (CPR):    0.229ns
  Clock Uncertainty:      0.496ns  ((TSJ^2 + TIJ^2)^1/2 + DJ) / 2 + PE
    Total System Jitter     (TSJ):    0.071ns
    Total Input Jitter      (TIJ):    0.990ns
    Discrete Jitter          (DJ):    0.000ns
    Phase Error              (PE):    0.000ns

    Location             Delay type                Incr(ns)  Path(ns)    Netlist Resource(s)
  -------------------------------------------------------------------    -------------------
                         (clock clk_fpga_0 rise edge)
                                                      0.000     0.000 r  
    PS7_X0Y0             PS7                          0.000     0.000 r  mw0/datatrans_sys_i/processing_system7_0/inst/PS7_i/FCLKCLK[0]
                         net (fo=1, routed)           1.193     1.193    mw0/datatrans_sys_i/processing_system7_0/inst/FCLK_CLK_unbuffered[0]
    BUFGCTRL_X0Y16       BUFG (Prop_bufg_I_O)         0.101     1.294 r  mw0/datatrans_sys_i/processing_system7_0/inst/buffer_fclk_clk_0.FCLK_CLK_0_BUFG/O
                         net (fo=950, routed)         1.679     2.973    clk
    SLICE_X31Y74         FDRE                                         r  vrst_reg/C
  -------------------------------------------------------------------    -------------------
    SLICE_X31Y74         FDRE (Prop_fdre_C_Q)         0.456     3.429 r  vrst_reg/Q
                         net (fo=4, routed)           1.042     4.471    v0/p0/vrst
    SLICE_X33Y74         LUT1 (Prop_lut1_I0_O)        0.124     4.595 f  v0/p0/code_count[7]_i_3/O
                         net (fo=204, routed)         2.663     7.259    v0/p0_n_92
    SLICE_X44Y72         FDPE                                         f  v0/dis_reg[0][14]/PRE
  -------------------------------------------------------------------    -------------------

                         (clock clk_fpga_0 rise edge)
                                                     33.000    33.000 r  
    PS7_X0Y0             PS7                          0.000    33.000 r  mw0/datatrans_sys_i/processing_system7_0/inst/PS7_i/FCLKCLK[0]
                         net (fo=1, routed)           1.088    34.088    mw0/datatrans_sys_i/processing_system7_0/inst/FCLK_CLK_unbuffered[0]
    BUFGCTRL_X0Y16       BUFG (Prop_bufg_I_O)         0.091    34.179 r  mw0/datatrans_sys_i/processing_system7_0/inst/buffer_fclk_clk_0.FCLK_CLK_0_BUFG/O
                         net (fo=950, routed)         1.464    35.643    v0/axiclk
    SLICE_X44Y72         FDPE                                         r  v0/dis_reg[0][14]/C
                         clock pessimism              0.229    35.872    
                         clock uncertainty           -0.496    35.376    
    SLICE_X44Y72         FDPE (Recov_fdpe_C_PRE)     -0.359    35.017    v0/dis_reg[0][14]
  -------------------------------------------------------------------
                         required time                         35.017    
                         arrival time                          -7.259    
  -------------------------------------------------------------------
                         slack                                 27.758    

Slack (MET) :             27.758ns  (required time - arrival time)
  Source:                 vrst_reg/C
                            (rising edge-triggered cell FDRE clocked by clk_fpga_0  {rise@0.000ns fall@16.500ns period=33.000ns})
  Destination:            v0/dis_reg[0][15]/PRE
                            (recovery check against rising-edge clock clk_fpga_0  {rise@0.000ns fall@16.500ns period=33.000ns})
  Path Group:             **async_default**
  Path Type:              Recovery (Max at Slow Process Corner)
  Requirement:            33.000ns  (clk_fpga_0 rise@33.000ns - clk_fpga_0 rise@0.000ns)
  Data Path Delay:        4.286ns  (logic 0.580ns (13.533%)  route 3.706ns (86.467%))
  Logic Levels:           1  (LUT1=1)
  Clock Path Skew:        -0.101ns (DCD - SCD + CPR)
    Destination Clock Delay (DCD):    2.643ns = ( 35.643 - 33.000 ) 
    Source Clock Delay      (SCD):    2.973ns
    Clock Pessimism Removal (CPR):    0.229ns
  Clock Uncertainty:      0.496ns  ((TSJ^2 + TIJ^2)^1/2 + DJ) / 2 + PE
    Total System Jitter     (TSJ):    0.071ns
    Total Input Jitter      (TIJ):    0.990ns
    Discrete Jitter          (DJ):    0.000ns
    Phase Error              (PE):    0.000ns

    Location             Delay type                Incr(ns)  Path(ns)    Netlist Resource(s)
  -------------------------------------------------------------------    -------------------
                         (clock clk_fpga_0 rise edge)
                                                      0.000     0.000 r  
    PS7_X0Y0             PS7                          0.000     0.000 r  mw0/datatrans_sys_i/processing_system7_0/inst/PS7_i/FCLKCLK[0]
                         net (fo=1, routed)           1.193     1.193    mw0/datatrans_sys_i/processing_system7_0/inst/FCLK_CLK_unbuffered[0]
    BUFGCTRL_X0Y16       BUFG (Prop_bufg_I_O)         0.101     1.294 r  mw0/datatrans_sys_i/processing_system7_0/inst/buffer_fclk_clk_0.FCLK_CLK_0_BUFG/O
                         net (fo=950, routed)         1.679     2.973    clk
    SLICE_X31Y74         FDRE                                         r  vrst_reg/C
  -------------------------------------------------------------------    -------------------
    SLICE_X31Y74         FDRE (Prop_fdre_C_Q)         0.456     3.429 r  vrst_reg/Q
                         net (fo=4, routed)           1.042     4.471    v0/p0/vrst
    SLICE_X33Y74         LUT1 (Prop_lut1_I0_O)        0.124     4.595 f  v0/p0/code_count[7]_i_3/O
                         net (fo=204, routed)         2.663     7.259    v0/p0_n_92
    SLICE_X44Y72         FDPE                                         f  v0/dis_reg[0][15]/PRE
  -------------------------------------------------------------------    -------------------

                         (clock clk_fpga_0 rise edge)
                                                     33.000    33.000 r  
    PS7_X0Y0             PS7                          0.000    33.000 r  mw0/datatrans_sys_i/processing_system7_0/inst/PS7_i/FCLKCLK[0]
                         net (fo=1, routed)           1.088    34.088    mw0/datatrans_sys_i/processing_system7_0/inst/FCLK_CLK_unbuffered[0]
    BUFGCTRL_X0Y16       BUFG (Prop_bufg_I_O)         0.091    34.179 r  mw0/datatrans_sys_i/processing_system7_0/inst/buffer_fclk_clk_0.FCLK_CLK_0_BUFG/O
                         net (fo=950, routed)         1.464    35.643    v0/axiclk
    SLICE_X44Y72         FDPE                                         r  v0/dis_reg[0][15]/C
                         clock pessimism              0.229    35.872    
                         clock uncertainty           -0.496    35.376    
    SLICE_X44Y72         FDPE (Recov_fdpe_C_PRE)     -0.359    35.017    v0/dis_reg[0][15]
  -------------------------------------------------------------------
                         required time                         35.017    
                         arrival time                          -7.259    
  -------------------------------------------------------------------
                         slack                                 27.758    

Slack (MET) :             27.758ns  (required time - arrival time)
  Source:                 vrst_reg/C
                            (rising edge-triggered cell FDRE clocked by clk_fpga_0  {rise@0.000ns fall@16.500ns period=33.000ns})
  Destination:            v0/dis_reg[0][22]/PRE
                            (recovery check against rising-edge clock clk_fpga_0  {rise@0.000ns fall@16.500ns period=33.000ns})
  Path Group:             **async_default**
  Path Type:              Recovery (Max at Slow Process Corner)
  Requirement:            33.000ns  (clk_fpga_0 rise@33.000ns - clk_fpga_0 rise@0.000ns)
  Data Path Delay:        4.286ns  (logic 0.580ns (13.533%)  route 3.706ns (86.467%))
  Logic Levels:           1  (LUT1=1)
  Clock Path Skew:        -0.101ns (DCD - SCD + CPR)
    Destination Clock Delay (DCD):    2.643ns = ( 35.643 - 33.000 ) 
    Source Clock Delay      (SCD):    2.973ns
    Clock Pessimism Removal (CPR):    0.229ns
  Clock Uncertainty:      0.496ns  ((TSJ^2 + TIJ^2)^1/2 + DJ) / 2 + PE
    Total System Jitter     (TSJ):    0.071ns
    Total Input Jitter      (TIJ):    0.990ns
    Discrete Jitter          (DJ):    0.000ns
    Phase Error              (PE):    0.000ns

    Location             Delay type                Incr(ns)  Path(ns)    Netlist Resource(s)
  -------------------------------------------------------------------    -------------------
                         (clock clk_fpga_0 rise edge)
                                                      0.000     0.000 r  
    PS7_X0Y0             PS7                          0.000     0.000 r  mw0/datatrans_sys_i/processing_system7_0/inst/PS7_i/FCLKCLK[0]
                         net (fo=1, routed)           1.193     1.193    mw0/datatrans_sys_i/processing_system7_0/inst/FCLK_CLK_unbuffered[0]
    BUFGCTRL_X0Y16       BUFG (Prop_bufg_I_O)         0.101     1.294 r  mw0/datatrans_sys_i/processing_system7_0/inst/buffer_fclk_clk_0.FCLK_CLK_0_BUFG/O
                         net (fo=950, routed)         1.679     2.973    clk
    SLICE_X31Y74         FDRE                                         r  vrst_reg/C
  -------------------------------------------------------------------    -------------------
    SLICE_X31Y74         FDRE (Prop_fdre_C_Q)         0.456     3.429 r  vrst_reg/Q
                         net (fo=4, routed)           1.042     4.471    v0/p0/vrst
    SLICE_X33Y74         LUT1 (Prop_lut1_I0_O)        0.124     4.595 f  v0/p0/code_count[7]_i_3/O
                         net (fo=204, routed)         2.663     7.259    v0/p0_n_92
    SLICE_X44Y72         FDPE                                         f  v0/dis_reg[0][22]/PRE
  -------------------------------------------------------------------    -------------------

                         (clock clk_fpga_0 rise edge)
                                                     33.000    33.000 r  
    PS7_X0Y0             PS7                          0.000    33.000 r  mw0/datatrans_sys_i/processing_system7_0/inst/PS7_i/FCLKCLK[0]
                         net (fo=1, routed)           1.088    34.088    mw0/datatrans_sys_i/processing_system7_0/inst/FCLK_CLK_unbuffered[0]
    BUFGCTRL_X0Y16       BUFG (Prop_bufg_I_O)         0.091    34.179 r  mw0/datatrans_sys_i/processing_system7_0/inst/buffer_fclk_clk_0.FCLK_CLK_0_BUFG/O
                         net (fo=950, routed)         1.464    35.643    v0/axiclk
    SLICE_X44Y72         FDPE                                         r  v0/dis_reg[0][22]/C
                         clock pessimism              0.229    35.872    
                         clock uncertainty           -0.496    35.376    
    SLICE_X44Y72         FDPE (Recov_fdpe_C_PRE)     -0.359    35.017    v0/dis_reg[0][22]
  -------------------------------------------------------------------
                         required time                         35.017    
                         arrival time                          -7.259    
  -------------------------------------------------------------------
                         slack                                 27.758    

Slack (MET) :             27.758ns  (required time - arrival time)
  Source:                 vrst_reg/C
                            (rising edge-triggered cell FDRE clocked by clk_fpga_0  {rise@0.000ns fall@16.500ns period=33.000ns})
  Destination:            v0/dis_reg[0][23]/PRE
                            (recovery check against rising-edge clock clk_fpga_0  {rise@0.000ns fall@16.500ns period=33.000ns})
  Path Group:             **async_default**
  Path Type:              Recovery (Max at Slow Process Corner)
  Requirement:            33.000ns  (clk_fpga_0 rise@33.000ns - clk_fpga_0 rise@0.000ns)
  Data Path Delay:        4.286ns  (logic 0.580ns (13.533%)  route 3.706ns (86.467%))
  Logic Levels:           1  (LUT1=1)
  Clock Path Skew:        -0.101ns (DCD - SCD + CPR)
    Destination Clock Delay (DCD):    2.643ns = ( 35.643 - 33.000 ) 
    Source Clock Delay      (SCD):    2.973ns
    Clock Pessimism Removal (CPR):    0.229ns
  Clock Uncertainty:      0.496ns  ((TSJ^2 + TIJ^2)^1/2 + DJ) / 2 + PE
    Total System Jitter     (TSJ):    0.071ns
    Total Input Jitter      (TIJ):    0.990ns
    Discrete Jitter          (DJ):    0.000ns
    Phase Error              (PE):    0.000ns

    Location             Delay type                Incr(ns)  Path(ns)    Netlist Resource(s)
  -------------------------------------------------------------------    -------------------
                         (clock clk_fpga_0 rise edge)
                                                      0.000     0.000 r  
    PS7_X0Y0             PS7                          0.000     0.000 r  mw0/datatrans_sys_i/processing_system7_0/inst/PS7_i/FCLKCLK[0]
                         net (fo=1, routed)           1.193     1.193    mw0/datatrans_sys_i/processing_system7_0/inst/FCLK_CLK_unbuffered[0]
    BUFGCTRL_X0Y16       BUFG (Prop_bufg_I_O)         0.101     1.294 r  mw0/datatrans_sys_i/processing_system7_0/inst/buffer_fclk_clk_0.FCLK_CLK_0_BUFG/O
                         net (fo=950, routed)         1.679     2.973    clk
    SLICE_X31Y74         FDRE                                         r  vrst_reg/C
  -------------------------------------------------------------------    -------------------
    SLICE_X31Y74         FDRE (Prop_fdre_C_Q)         0.456     3.429 r  vrst_reg/Q
                         net (fo=4, routed)           1.042     4.471    v0/p0/vrst
    SLICE_X33Y74         LUT1 (Prop_lut1_I0_O)        0.124     4.595 f  v0/p0/code_count[7]_i_3/O
                         net (fo=204, routed)         2.663     7.259    v0/p0_n_92
    SLICE_X44Y72         FDPE                                         f  v0/dis_reg[0][23]/PRE
  -------------------------------------------------------------------    -------------------

                         (clock clk_fpga_0 rise edge)
                                                     33.000    33.000 r  
    PS7_X0Y0             PS7                          0.000    33.000 r  mw0/datatrans_sys_i/processing_system7_0/inst/PS7_i/FCLKCLK[0]
                         net (fo=1, routed)           1.088    34.088    mw0/datatrans_sys_i/processing_system7_0/inst/FCLK_CLK_unbuffered[0]
    BUFGCTRL_X0Y16       BUFG (Prop_bufg_I_O)         0.091    34.179 r  mw0/datatrans_sys_i/processing_system7_0/inst/buffer_fclk_clk_0.FCLK_CLK_0_BUFG/O
                         net (fo=950, routed)         1.464    35.643    v0/axiclk
    SLICE_X44Y72         FDPE                                         r  v0/dis_reg[0][23]/C
                         clock pessimism              0.229    35.872    
                         clock uncertainty           -0.496    35.376    
    SLICE_X44Y72         FDPE (Recov_fdpe_C_PRE)     -0.359    35.017    v0/dis_reg[0][23]
  -------------------------------------------------------------------
                         required time                         35.017    
                         arrival time                          -7.259    
  -------------------------------------------------------------------
                         slack                                 27.758    





Min Delay Paths
--------------------------------------------------------------------------------------
Slack (MET) :             0.875ns  (arrival time - required time)
  Source:                 vrst_reg/C
                            (rising edge-triggered cell FDRE clocked by clk_fpga_0  {rise@0.000ns fall@16.500ns period=33.000ns})
  Destination:            v0/finish_reg/CLR
                            (removal check against rising-edge clock clk_fpga_0  {rise@0.000ns fall@16.500ns period=33.000ns})
  Path Group:             **async_default**
  Path Type:              Removal (Min at Fast Process Corner)
  Requirement:            0.000ns  (clk_fpga_0 rise@0.000ns - clk_fpga_0 rise@0.000ns)
  Data Path Delay:        0.795ns  (logic 0.186ns (23.383%)  route 0.609ns (76.617%))
  Logic Levels:           1  (LUT1=1)
  Clock Path Skew:        0.012ns (DCD - SCD - CPR)
    Destination Clock Delay (DCD):    1.175ns
    Source Clock Delay      (SCD):    0.899ns
    Clock Pessimism Removal (CPR):    0.264ns

    Location             Delay type                Incr(ns)  Path(ns)    Netlist Resource(s)
  -------------------------------------------------------------------    -------------------
                         (clock clk_fpga_0 rise edge)
                                                      0.000     0.000 r  
    PS7_X0Y0             PS7                          0.000     0.000 r  mw0/datatrans_sys_i/processing_system7_0/inst/PS7_i/FCLKCLK[0]
                         net (fo=1, routed)           0.310     0.310    mw0/datatrans_sys_i/processing_system7_0/inst/FCLK_CLK_unbuffered[0]
    BUFGCTRL_X0Y16       BUFG (Prop_bufg_I_O)         0.026     0.336 r  mw0/datatrans_sys_i/processing_system7_0/inst/buffer_fclk_clk_0.FCLK_CLK_0_BUFG/O
                         net (fo=950, routed)         0.563     0.899    clk
    SLICE_X31Y74         FDRE                                         r  vrst_reg/C
  -------------------------------------------------------------------    -------------------
    SLICE_X31Y74         FDRE (Prop_fdre_C_Q)         0.141     1.040 r  vrst_reg/Q
                         net (fo=4, routed)           0.429     1.469    v0/p0/vrst
    SLICE_X33Y74         LUT1 (Prop_lut1_I0_O)        0.045     1.514 f  v0/p0/code_count[7]_i_3/O
                         net (fo=204, routed)         0.180     1.694    v0/p0_n_92
    SLICE_X33Y75         FDCE                                         f  v0/finish_reg/CLR
  -------------------------------------------------------------------    -------------------

                         (clock clk_fpga_0 rise edge)
                                                      0.000     0.000 r  
    PS7_X0Y0             PS7                          0.000     0.000 r  mw0/datatrans_sys_i/processing_system7_0/inst/PS7_i/FCLKCLK[0]
                         net (fo=1, routed)           0.337     0.337    mw0/datatrans_sys_i/processing_system7_0/inst/FCLK_CLK_unbuffered[0]
    BUFGCTRL_X0Y16       BUFG (Prop_bufg_I_O)         0.029     0.366 r  mw0/datatrans_sys_i/processing_system7_0/inst/buffer_fclk_clk_0.FCLK_CLK_0_BUFG/O
                         net (fo=950, routed)         0.809     1.175    v0/axiclk
    SLICE_X33Y75         FDCE                                         r  v0/finish_reg/C
                         clock pessimism             -0.264     0.911    
    SLICE_X33Y75         FDCE (Remov_fdce_C_CLR)     -0.092     0.819    v0/finish_reg
  -------------------------------------------------------------------
                         required time                         -0.819    
                         arrival time                           1.694    
  -------------------------------------------------------------------
                         slack                                  0.875    

Slack (MET) :             0.879ns  (arrival time - required time)
  Source:                 vrst_reg/C
                            (rising edge-triggered cell FDRE clocked by clk_fpga_0  {rise@0.000ns fall@16.500ns period=33.000ns})
  Destination:            v0/dis_reg[1][0]/PRE
                            (removal check against rising-edge clock clk_fpga_0  {rise@0.000ns fall@16.500ns period=33.000ns})
  Path Group:             **async_default**
  Path Type:              Removal (Min at Fast Process Corner)
  Requirement:            0.000ns  (clk_fpga_0 rise@0.000ns - clk_fpga_0 rise@0.000ns)
  Data Path Delay:        0.819ns  (logic 0.186ns (22.707%)  route 0.633ns (77.293%))
  Logic Levels:           1  (LUT1=1)
  Clock Path Skew:        0.011ns (DCD - SCD - CPR)
    Destination Clock Delay (DCD):    1.174ns
    Source Clock Delay      (SCD):    0.899ns
    Clock Pessimism Removal (CPR):    0.264ns

    Location             Delay type                Incr(ns)  Path(ns)    Netlist Resource(s)
  -------------------------------------------------------------------    -------------------
                         (clock clk_fpga_0 rise edge)
                                                      0.000     0.000 r  
    PS7_X0Y0             PS7                          0.000     0.000 r  mw0/datatrans_sys_i/processing_system7_0/inst/PS7_i/FCLKCLK[0]
                         net (fo=1, routed)           0.310     0.310    mw0/datatrans_sys_i/processing_system7_0/inst/FCLK_CLK_unbuffered[0]
    BUFGCTRL_X0Y16       BUFG (Prop_bufg_I_O)         0.026     0.336 r  mw0/datatrans_sys_i/processing_system7_0/inst/buffer_fclk_clk_0.FCLK_CLK_0_BUFG/O
                         net (fo=950, routed)         0.563     0.899    clk
    SLICE_X31Y74         FDRE                                         r  vrst_reg/C
  -------------------------------------------------------------------    -------------------
    SLICE_X31Y74         FDRE (Prop_fdre_C_Q)         0.141     1.040 r  vrst_reg/Q
                         net (fo=4, routed)           0.429     1.469    v0/p0/vrst
    SLICE_X33Y74         LUT1 (Prop_lut1_I0_O)        0.045     1.514 f  v0/p0/code_count[7]_i_3/O
                         net (fo=204, routed)         0.204     1.718    v0/p0_n_92
    SLICE_X38Y74         FDPE                                         f  v0/dis_reg[1][0]/PRE
  -------------------------------------------------------------------    -------------------

                         (clock clk_fpga_0 rise edge)
                                                      0.000     0.000 r  
    PS7_X0Y0             PS7                          0.000     0.000 r  mw0/datatrans_sys_i/processing_system7_0/inst/PS7_i/FCLKCLK[0]
                         net (fo=1, routed)           0.337     0.337    mw0/datatrans_sys_i/processing_system7_0/inst/FCLK_CLK_unbuffered[0]
    BUFGCTRL_X0Y16       BUFG (Prop_bufg_I_O)         0.029     0.366 r  mw0/datatrans_sys_i/processing_system7_0/inst/buffer_fclk_clk_0.FCLK_CLK_0_BUFG/O
                         net (fo=950, routed)         0.808     1.174    v0/axiclk
    SLICE_X38Y74         FDPE                                         r  v0/dis_reg[1][0]/C
                         clock pessimism             -0.264     0.910    
    SLICE_X38Y74         FDPE (Remov_fdpe_C_PRE)     -0.071     0.839    v0/dis_reg[1][0]
  -------------------------------------------------------------------
                         required time                         -0.839    
                         arrival time                           1.718    
  -------------------------------------------------------------------
                         slack                                  0.879    

Slack (MET) :             0.879ns  (arrival time - required time)
  Source:                 vrst_reg/C
                            (rising edge-triggered cell FDRE clocked by clk_fpga_0  {rise@0.000ns fall@16.500ns period=33.000ns})
  Destination:            v0/dis_reg[1][11]/PRE
                            (removal check against rising-edge clock clk_fpga_0  {rise@0.000ns fall@16.500ns period=33.000ns})
  Path Group:             **async_default**
  Path Type:              Removal (Min at Fast Process Corner)
  Requirement:            0.000ns  (clk_fpga_0 rise@0.000ns - clk_fpga_0 rise@0.000ns)
  Data Path Delay:        0.819ns  (logic 0.186ns (22.707%)  route 0.633ns (77.293%))
  Logic Levels:           1  (LUT1=1)
  Clock Path Skew:        0.011ns (DCD - SCD - CPR)
    Destination Clock Delay (DCD):    1.174ns
    Source Clock Delay      (SCD):    0.899ns
    Clock Pessimism Removal (CPR):    0.264ns

    Location             Delay type                Incr(ns)  Path(ns)    Netlist Resource(s)
  -------------------------------------------------------------------    -------------------
                         (clock clk_fpga_0 rise edge)
                                                      0.000     0.000 r  
    PS7_X0Y0             PS7                          0.000     0.000 r  mw0/datatrans_sys_i/processing_system7_0/inst/PS7_i/FCLKCLK[0]
                         net (fo=1, routed)           0.310     0.310    mw0/datatrans_sys_i/processing_system7_0/inst/FCLK_CLK_unbuffered[0]
    BUFGCTRL_X0Y16       BUFG (Prop_bufg_I_O)         0.026     0.336 r  mw0/datatrans_sys_i/processing_system7_0/inst/buffer_fclk_clk_0.FCLK_CLK_0_BUFG/O
                         net (fo=950, routed)         0.563     0.899    clk
    SLICE_X31Y74         FDRE                                         r  vrst_reg/C
  -------------------------------------------------------------------    -------------------
    SLICE_X31Y74         FDRE (Prop_fdre_C_Q)         0.141     1.040 r  vrst_reg/Q
                         net (fo=4, routed)           0.429     1.469    v0/p0/vrst
    SLICE_X33Y74         LUT1 (Prop_lut1_I0_O)        0.045     1.514 f  v0/p0/code_count[7]_i_3/O
                         net (fo=204, routed)         0.204     1.718    v0/p0_n_92
    SLICE_X38Y74         FDPE                                         f  v0/dis_reg[1][11]/PRE
  -------------------------------------------------------------------    -------------------

                         (clock clk_fpga_0 rise edge)
                                                      0.000     0.000 r  
    PS7_X0Y0             PS7                          0.000     0.000 r  mw0/datatrans_sys_i/processing_system7_0/inst/PS7_i/FCLKCLK[0]
                         net (fo=1, routed)           0.337     0.337    mw0/datatrans_sys_i/processing_system7_0/inst/FCLK_CLK_unbuffered[0]
    BUFGCTRL_X0Y16       BUFG (Prop_bufg_I_O)         0.029     0.366 r  mw0/datatrans_sys_i/processing_system7_0/inst/buffer_fclk_clk_0.FCLK_CLK_0_BUFG/O
                         net (fo=950, routed)         0.808     1.174    v0/axiclk
    SLICE_X38Y74         FDPE                                         r  v0/dis_reg[1][11]/C
                         clock pessimism             -0.264     0.910    
    SLICE_X38Y74         FDPE (Remov_fdpe_C_PRE)     -0.071     0.839    v0/dis_reg[1][11]
  -------------------------------------------------------------------
                         required time                         -0.839    
                         arrival time                           1.718    
  -------------------------------------------------------------------
                         slack                                  0.879    

Slack (MET) :             0.879ns  (arrival time - required time)
  Source:                 vrst_reg/C
                            (rising edge-triggered cell FDRE clocked by clk_fpga_0  {rise@0.000ns fall@16.500ns period=33.000ns})
  Destination:            v0/dis_reg[1][1]/PRE
                            (removal check against rising-edge clock clk_fpga_0  {rise@0.000ns fall@16.500ns period=33.000ns})
  Path Group:             **async_default**
  Path Type:              Removal (Min at Fast Process Corner)
  Requirement:            0.000ns  (clk_fpga_0 rise@0.000ns - clk_fpga_0 rise@0.000ns)
  Data Path Delay:        0.819ns  (logic 0.186ns (22.707%)  route 0.633ns (77.293%))
  Logic Levels:           1  (LUT1=1)
  Clock Path Skew:        0.011ns (DCD - SCD - CPR)
    Destination Clock Delay (DCD):    1.174ns
    Source Clock Delay      (SCD):    0.899ns
    Clock Pessimism Removal (CPR):    0.264ns

    Location             Delay type                Incr(ns)  Path(ns)    Netlist Resource(s)
  -------------------------------------------------------------------    -------------------
                         (clock clk_fpga_0 rise edge)
                                                      0.000     0.000 r  
    PS7_X0Y0             PS7                          0.000     0.000 r  mw0/datatrans_sys_i/processing_system7_0/inst/PS7_i/FCLKCLK[0]
                         net (fo=1, routed)           0.310     0.310    mw0/datatrans_sys_i/processing_system7_0/inst/FCLK_CLK_unbuffered[0]
    BUFGCTRL_X0Y16       BUFG (Prop_bufg_I_O)         0.026     0.336 r  mw0/datatrans_sys_i/processing_system7_0/inst/buffer_fclk_clk_0.FCLK_CLK_0_BUFG/O
                         net (fo=950, routed)         0.563     0.899    clk
    SLICE_X31Y74         FDRE                                         r  vrst_reg/C
  -------------------------------------------------------------------    -------------------
    SLICE_X31Y74         FDRE (Prop_fdre_C_Q)         0.141     1.040 r  vrst_reg/Q
                         net (fo=4, routed)           0.429     1.469    v0/p0/vrst
    SLICE_X33Y74         LUT1 (Prop_lut1_I0_O)        0.045     1.514 f  v0/p0/code_count[7]_i_3/O
                         net (fo=204, routed)         0.204     1.718    v0/p0_n_92
    SLICE_X38Y74         FDPE                                         f  v0/dis_reg[1][1]/PRE
  -------------------------------------------------------------------    -------------------

                         (clock clk_fpga_0 rise edge)
                                                      0.000     0.000 r  
    PS7_X0Y0             PS7                          0.000     0.000 r  mw0/datatrans_sys_i/processing_system7_0/inst/PS7_i/FCLKCLK[0]
                         net (fo=1, routed)           0.337     0.337    mw0/datatrans_sys_i/processing_system7_0/inst/FCLK_CLK_unbuffered[0]
    BUFGCTRL_X0Y16       BUFG (Prop_bufg_I_O)         0.029     0.366 r  mw0/datatrans_sys_i/processing_system7_0/inst/buffer_fclk_clk_0.FCLK_CLK_0_BUFG/O
                         net (fo=950, routed)         0.808     1.174    v0/axiclk
    SLICE_X38Y74         FDPE                                         r  v0/dis_reg[1][1]/C
                         clock pessimism             -0.264     0.910    
    SLICE_X38Y74         FDPE (Remov_fdpe_C_PRE)     -0.071     0.839    v0/dis_reg[1][1]
  -------------------------------------------------------------------
                         required time                         -0.839    
                         arrival time                           1.718    
  -------------------------------------------------------------------
                         slack                                  0.879    

Slack (MET) :             0.879ns  (arrival time - required time)
  Source:                 vrst_reg/C
                            (rising edge-triggered cell FDRE clocked by clk_fpga_0  {rise@0.000ns fall@16.500ns period=33.000ns})
  Destination:            v0/dis_reg[1][2]/PRE
                            (removal check against rising-edge clock clk_fpga_0  {rise@0.000ns fall@16.500ns period=33.000ns})
  Path Group:             **async_default**
  Path Type:              Removal (Min at Fast Process Corner)
  Requirement:            0.000ns  (clk_fpga_0 rise@0.000ns - clk_fpga_0 rise@0.000ns)
  Data Path Delay:        0.819ns  (logic 0.186ns (22.707%)  route 0.633ns (77.293%))
  Logic Levels:           1  (LUT1=1)
  Clock Path Skew:        0.011ns (DCD - SCD - CPR)
    Destination Clock Delay (DCD):    1.174ns
    Source Clock Delay      (SCD):    0.899ns
    Clock Pessimism Removal (CPR):    0.264ns

    Location             Delay type                Incr(ns)  Path(ns)    Netlist Resource(s)
  -------------------------------------------------------------------    -------------------
                         (clock clk_fpga_0 rise edge)
                                                      0.000     0.000 r  
    PS7_X0Y0             PS7                          0.000     0.000 r  mw0/datatrans_sys_i/processing_system7_0/inst/PS7_i/FCLKCLK[0]
                         net (fo=1, routed)           0.310     0.310    mw0/datatrans_sys_i/processing_system7_0/inst/FCLK_CLK_unbuffered[0]
    BUFGCTRL_X0Y16       BUFG (Prop_bufg_I_O)         0.026     0.336 r  mw0/datatrans_sys_i/processing_system7_0/inst/buffer_fclk_clk_0.FCLK_CLK_0_BUFG/O
                         net (fo=950, routed)         0.563     0.899    clk
    SLICE_X31Y74         FDRE                                         r  vrst_reg/C
  -------------------------------------------------------------------    -------------------
    SLICE_X31Y74         FDRE (Prop_fdre_C_Q)         0.141     1.040 r  vrst_reg/Q
                         net (fo=4, routed)           0.429     1.469    v0/p0/vrst
    SLICE_X33Y74         LUT1 (Prop_lut1_I0_O)        0.045     1.514 f  v0/p0/code_count[7]_i_3/O
                         net (fo=204, routed)         0.204     1.718    v0/p0_n_92
    SLICE_X38Y74         FDPE                                         f  v0/dis_reg[1][2]/PRE
  -------------------------------------------------------------------    -------------------

                         (clock clk_fpga_0 rise edge)
                                                      0.000     0.000 r  
    PS7_X0Y0             PS7                          0.000     0.000 r  mw0/datatrans_sys_i/processing_system7_0/inst/PS7_i/FCLKCLK[0]
                         net (fo=1, routed)           0.337     0.337    mw0/datatrans_sys_i/processing_system7_0/inst/FCLK_CLK_unbuffered[0]
    BUFGCTRL_X0Y16       BUFG (Prop_bufg_I_O)         0.029     0.366 r  mw0/datatrans_sys_i/processing_system7_0/inst/buffer_fclk_clk_0.FCLK_CLK_0_BUFG/O
                         net (fo=950, routed)         0.808     1.174    v0/axiclk
    SLICE_X38Y74         FDPE                                         r  v0/dis_reg[1][2]/C
                         clock pessimism             -0.264     0.910    
    SLICE_X38Y74         FDPE (Remov_fdpe_C_PRE)     -0.071     0.839    v0/dis_reg[1][2]
  -------------------------------------------------------------------
                         required time                         -0.839    
                         arrival time                           1.718    
  -------------------------------------------------------------------
                         slack                                  0.879    

Slack (MET) :             0.879ns  (arrival time - required time)
  Source:                 vrst_reg/C
                            (rising edge-triggered cell FDRE clocked by clk_fpga_0  {rise@0.000ns fall@16.500ns period=33.000ns})
  Destination:            v0/dis_reg[1][3]/PRE
                            (removal check against rising-edge clock clk_fpga_0  {rise@0.000ns fall@16.500ns period=33.000ns})
  Path Group:             **async_default**
  Path Type:              Removal (Min at Fast Process Corner)
  Requirement:            0.000ns  (clk_fpga_0 rise@0.000ns - clk_fpga_0 rise@0.000ns)
  Data Path Delay:        0.819ns  (logic 0.186ns (22.707%)  route 0.633ns (77.293%))
  Logic Levels:           1  (LUT1=1)
  Clock Path Skew:        0.011ns (DCD - SCD - CPR)
    Destination Clock Delay (DCD):    1.174ns
    Source Clock Delay      (SCD):    0.899ns
    Clock Pessimism Removal (CPR):    0.264ns

    Location             Delay type                Incr(ns)  Path(ns)    Netlist Resource(s)
  -------------------------------------------------------------------    -------------------
                         (clock clk_fpga_0 rise edge)
                                                      0.000     0.000 r  
    PS7_X0Y0             PS7                          0.000     0.000 r  mw0/datatrans_sys_i/processing_system7_0/inst/PS7_i/FCLKCLK[0]
                         net (fo=1, routed)           0.310     0.310    mw0/datatrans_sys_i/processing_system7_0/inst/FCLK_CLK_unbuffered[0]
    BUFGCTRL_X0Y16       BUFG (Prop_bufg_I_O)         0.026     0.336 r  mw0/datatrans_sys_i/processing_system7_0/inst/buffer_fclk_clk_0.FCLK_CLK_0_BUFG/O
                         net (fo=950, routed)         0.563     0.899    clk
    SLICE_X31Y74         FDRE                                         r  vrst_reg/C
  -------------------------------------------------------------------    -------------------
    SLICE_X31Y74         FDRE (Prop_fdre_C_Q)         0.141     1.040 r  vrst_reg/Q
                         net (fo=4, routed)           0.429     1.469    v0/p0/vrst
    SLICE_X33Y74         LUT1 (Prop_lut1_I0_O)        0.045     1.514 f  v0/p0/code_count[7]_i_3/O
                         net (fo=204, routed)         0.204     1.718    v0/p0_n_92
    SLICE_X38Y74         FDPE                                         f  v0/dis_reg[1][3]/PRE
  -------------------------------------------------------------------    -------------------

                         (clock clk_fpga_0 rise edge)
                                                      0.000     0.000 r  
    PS7_X0Y0             PS7                          0.000     0.000 r  mw0/datatrans_sys_i/processing_system7_0/inst/PS7_i/FCLKCLK[0]
                         net (fo=1, routed)           0.337     0.337    mw0/datatrans_sys_i/processing_system7_0/inst/FCLK_CLK_unbuffered[0]
    BUFGCTRL_X0Y16       BUFG (Prop_bufg_I_O)         0.029     0.366 r  mw0/datatrans_sys_i/processing_system7_0/inst/buffer_fclk_clk_0.FCLK_CLK_0_BUFG/O
                         net (fo=950, routed)         0.808     1.174    v0/axiclk
    SLICE_X38Y74         FDPE                                         r  v0/dis_reg[1][3]/C
                         clock pessimism             -0.264     0.910    
    SLICE_X38Y74         FDPE (Remov_fdpe_C_PRE)     -0.071     0.839    v0/dis_reg[1][3]
  -------------------------------------------------------------------
                         required time                         -0.839    
                         arrival time                           1.718    
  -------------------------------------------------------------------
                         slack                                  0.879    

Slack (MET) :             0.900ns  (arrival time - required time)
  Source:                 vrst_reg/C
                            (rising edge-triggered cell FDRE clocked by clk_fpga_0  {rise@0.000ns fall@16.500ns period=33.000ns})
  Destination:            v0/dis_reg[0][0]/CLR
                            (removal check against rising-edge clock clk_fpga_0  {rise@0.000ns fall@16.500ns period=33.000ns})
  Path Group:             **async_default**
  Path Type:              Removal (Min at Fast Process Corner)
  Requirement:            0.000ns  (clk_fpga_0 rise@0.000ns - clk_fpga_0 rise@0.000ns)
  Data Path Delay:        0.819ns  (logic 0.186ns (22.707%)  route 0.633ns (77.293%))
  Logic Levels:           1  (LUT1=1)
  Clock Path Skew:        0.011ns (DCD - SCD - CPR)
    Destination Clock Delay (DCD):    1.174ns
    Source Clock Delay      (SCD):    0.899ns
    Clock Pessimism Removal (CPR):    0.264ns

    Location             Delay type                Incr(ns)  Path(ns)    Netlist Resource(s)
  -------------------------------------------------------------------    -------------------
                         (clock clk_fpga_0 rise edge)
                                                      0.000     0.000 r  
    PS7_X0Y0             PS7                          0.000     0.000 r  mw0/datatrans_sys_i/processing_system7_0/inst/PS7_i/FCLKCLK[0]
                         net (fo=1, routed)           0.310     0.310    mw0/datatrans_sys_i/processing_system7_0/inst/FCLK_CLK_unbuffered[0]
    BUFGCTRL_X0Y16       BUFG (Prop_bufg_I_O)         0.026     0.336 r  mw0/datatrans_sys_i/processing_system7_0/inst/buffer_fclk_clk_0.FCLK_CLK_0_BUFG/O
                         net (fo=950, routed)         0.563     0.899    clk
    SLICE_X31Y74         FDRE                                         r  vrst_reg/C
  -------------------------------------------------------------------    -------------------
    SLICE_X31Y74         FDRE (Prop_fdre_C_Q)         0.141     1.040 r  vrst_reg/Q
                         net (fo=4, routed)           0.429     1.469    v0/p0/vrst
    SLICE_X33Y74         LUT1 (Prop_lut1_I0_O)        0.045     1.514 f  v0/p0/code_count[7]_i_3/O
                         net (fo=204, routed)         0.204     1.718    v0/p0_n_92
    SLICE_X39Y74         FDCE                                         f  v0/dis_reg[0][0]/CLR
  -------------------------------------------------------------------    -------------------

                         (clock clk_fpga_0 rise edge)
                                                      0.000     0.000 r  
    PS7_X0Y0             PS7                          0.000     0.000 r  mw0/datatrans_sys_i/processing_system7_0/inst/PS7_i/FCLKCLK[0]
                         net (fo=1, routed)           0.337     0.337    mw0/datatrans_sys_i/processing_system7_0/inst/FCLK_CLK_unbuffered[0]
    BUFGCTRL_X0Y16       BUFG (Prop_bufg_I_O)         0.029     0.366 r  mw0/datatrans_sys_i/processing_system7_0/inst/buffer_fclk_clk_0.FCLK_CLK_0_BUFG/O
                         net (fo=950, routed)         0.808     1.174    v0/axiclk
    SLICE_X39Y74         FDCE                                         r  v0/dis_reg[0][0]/C
                         clock pessimism             -0.264     0.910    
    SLICE_X39Y74         FDCE (Remov_fdce_C_CLR)     -0.092     0.818    v0/dis_reg[0][0]
  -------------------------------------------------------------------
                         required time                         -0.818    
                         arrival time                           1.718    
  -------------------------------------------------------------------
                         slack                                  0.900    

Slack (MET) :             0.900ns  (arrival time - required time)
  Source:                 vrst_reg/C
                            (rising edge-triggered cell FDRE clocked by clk_fpga_0  {rise@0.000ns fall@16.500ns period=33.000ns})
  Destination:            v0/dis_reg[0][1]/CLR
                            (removal check against rising-edge clock clk_fpga_0  {rise@0.000ns fall@16.500ns period=33.000ns})
  Path Group:             **async_default**
  Path Type:              Removal (Min at Fast Process Corner)
  Requirement:            0.000ns  (clk_fpga_0 rise@0.000ns - clk_fpga_0 rise@0.000ns)
  Data Path Delay:        0.819ns  (logic 0.186ns (22.707%)  route 0.633ns (77.293%))
  Logic Levels:           1  (LUT1=1)
  Clock Path Skew:        0.011ns (DCD - SCD - CPR)
    Destination Clock Delay (DCD):    1.174ns
    Source Clock Delay      (SCD):    0.899ns
    Clock Pessimism Removal (CPR):    0.264ns

    Location             Delay type                Incr(ns)  Path(ns)    Netlist Resource(s)
  -------------------------------------------------------------------    -------------------
                         (clock clk_fpga_0 rise edge)
                                                      0.000     0.000 r  
    PS7_X0Y0             PS7                          0.000     0.000 r  mw0/datatrans_sys_i/processing_system7_0/inst/PS7_i/FCLKCLK[0]
                         net (fo=1, routed)           0.310     0.310    mw0/datatrans_sys_i/processing_system7_0/inst/FCLK_CLK_unbuffered[0]
    BUFGCTRL_X0Y16       BUFG (Prop_bufg_I_O)         0.026     0.336 r  mw0/datatrans_sys_i/processing_system7_0/inst/buffer_fclk_clk_0.FCLK_CLK_0_BUFG/O
                         net (fo=950, routed)         0.563     0.899    clk
    SLICE_X31Y74         FDRE                                         r  vrst_reg/C
  -------------------------------------------------------------------    -------------------
    SLICE_X31Y74         FDRE (Prop_fdre_C_Q)         0.141     1.040 r  vrst_reg/Q
                         net (fo=4, routed)           0.429     1.469    v0/p0/vrst
    SLICE_X33Y74         LUT1 (Prop_lut1_I0_O)        0.045     1.514 f  v0/p0/code_count[7]_i_3/O
                         net (fo=204, routed)         0.204     1.718    v0/p0_n_92
    SLICE_X39Y74         FDCE                                         f  v0/dis_reg[0][1]/CLR
  -------------------------------------------------------------------    -------------------

                         (clock clk_fpga_0 rise edge)
                                                      0.000     0.000 r  
    PS7_X0Y0             PS7                          0.000     0.000 r  mw0/datatrans_sys_i/processing_system7_0/inst/PS7_i/FCLKCLK[0]
                         net (fo=1, routed)           0.337     0.337    mw0/datatrans_sys_i/processing_system7_0/inst/FCLK_CLK_unbuffered[0]
    BUFGCTRL_X0Y16       BUFG (Prop_bufg_I_O)         0.029     0.366 r  mw0/datatrans_sys_i/processing_system7_0/inst/buffer_fclk_clk_0.FCLK_CLK_0_BUFG/O
                         net (fo=950, routed)         0.808     1.174    v0/axiclk
    SLICE_X39Y74         FDCE                                         r  v0/dis_reg[0][1]/C
                         clock pessimism             -0.264     0.910    
    SLICE_X39Y74         FDCE (Remov_fdce_C_CLR)     -0.092     0.818    v0/dis_reg[0][1]
  -------------------------------------------------------------------
                         required time                         -0.818    
                         arrival time                           1.718    
  -------------------------------------------------------------------
                         slack                                  0.900    

Slack (MET) :             0.900ns  (arrival time - required time)
  Source:                 vrst_reg/C
                            (rising edge-triggered cell FDRE clocked by clk_fpga_0  {rise@0.000ns fall@16.500ns period=33.000ns})
  Destination:            v0/dis_reg[0][2]/CLR
                            (removal check against rising-edge clock clk_fpga_0  {rise@0.000ns fall@16.500ns period=33.000ns})
  Path Group:             **async_default**
  Path Type:              Removal (Min at Fast Process Corner)
  Requirement:            0.000ns  (clk_fpga_0 rise@0.000ns - clk_fpga_0 rise@0.000ns)
  Data Path Delay:        0.819ns  (logic 0.186ns (22.707%)  route 0.633ns (77.293%))
  Logic Levels:           1  (LUT1=1)
  Clock Path Skew:        0.011ns (DCD - SCD - CPR)
    Destination Clock Delay (DCD):    1.174ns
    Source Clock Delay      (SCD):    0.899ns
    Clock Pessimism Removal (CPR):    0.264ns

    Location             Delay type                Incr(ns)  Path(ns)    Netlist Resource(s)
  -------------------------------------------------------------------    -------------------
                         (clock clk_fpga_0 rise edge)
                                                      0.000     0.000 r  
    PS7_X0Y0             PS7                          0.000     0.000 r  mw0/datatrans_sys_i/processing_system7_0/inst/PS7_i/FCLKCLK[0]
                         net (fo=1, routed)           0.310     0.310    mw0/datatrans_sys_i/processing_system7_0/inst/FCLK_CLK_unbuffered[0]
    BUFGCTRL_X0Y16       BUFG (Prop_bufg_I_O)         0.026     0.336 r  mw0/datatrans_sys_i/processing_system7_0/inst/buffer_fclk_clk_0.FCLK_CLK_0_BUFG/O
                         net (fo=950, routed)         0.563     0.899    clk
    SLICE_X31Y74         FDRE                                         r  vrst_reg/C
  -------------------------------------------------------------------    -------------------
    SLICE_X31Y74         FDRE (Prop_fdre_C_Q)         0.141     1.040 r  vrst_reg/Q
                         net (fo=4, routed)           0.429     1.469    v0/p0/vrst
    SLICE_X33Y74         LUT1 (Prop_lut1_I0_O)        0.045     1.514 f  v0/p0/code_count[7]_i_3/O
                         net (fo=204, routed)         0.204     1.718    v0/p0_n_92
    SLICE_X39Y74         FDCE                                         f  v0/dis_reg[0][2]/CLR
  -------------------------------------------------------------------    -------------------

                         (clock clk_fpga_0 rise edge)
                                                      0.000     0.000 r  
    PS7_X0Y0             PS7                          0.000     0.000 r  mw0/datatrans_sys_i/processing_system7_0/inst/PS7_i/FCLKCLK[0]
                         net (fo=1, routed)           0.337     0.337    mw0/datatrans_sys_i/processing_system7_0/inst/FCLK_CLK_unbuffered[0]
    BUFGCTRL_X0Y16       BUFG (Prop_bufg_I_O)         0.029     0.366 r  mw0/datatrans_sys_i/processing_system7_0/inst/buffer_fclk_clk_0.FCLK_CLK_0_BUFG/O
                         net (fo=950, routed)         0.808     1.174    v0/axiclk
    SLICE_X39Y74         FDCE                                         r  v0/dis_reg[0][2]/C
                         clock pessimism             -0.264     0.910    
    SLICE_X39Y74         FDCE (Remov_fdce_C_CLR)     -0.092     0.818    v0/dis_reg[0][2]
  -------------------------------------------------------------------
                         required time                         -0.818    
                         arrival time                           1.718    
  -------------------------------------------------------------------
                         slack                                  0.900    

Slack (MET) :             0.900ns  (arrival time - required time)
  Source:                 vrst_reg/C
                            (rising edge-triggered cell FDRE clocked by clk_fpga_0  {rise@0.000ns fall@16.500ns period=33.000ns})
  Destination:            v0/dis_reg[0][3]/CLR
                            (removal check against rising-edge clock clk_fpga_0  {rise@0.000ns fall@16.500ns period=33.000ns})
  Path Group:             **async_default**
  Path Type:              Removal (Min at Fast Process Corner)
  Requirement:            0.000ns  (clk_fpga_0 rise@0.000ns - clk_fpga_0 rise@0.000ns)
  Data Path Delay:        0.819ns  (logic 0.186ns (22.707%)  route 0.633ns (77.293%))
  Logic Levels:           1  (LUT1=1)
  Clock Path Skew:        0.011ns (DCD - SCD - CPR)
    Destination Clock Delay (DCD):    1.174ns
    Source Clock Delay      (SCD):    0.899ns
    Clock Pessimism Removal (CPR):    0.264ns

    Location             Delay type                Incr(ns)  Path(ns)    Netlist Resource(s)
  -------------------------------------------------------------------    -------------------
                         (clock clk_fpga_0 rise edge)
                                                      0.000     0.000 r  
    PS7_X0Y0             PS7                          0.000     0.000 r  mw0/datatrans_sys_i/processing_system7_0/inst/PS7_i/FCLKCLK[0]
                         net (fo=1, routed)           0.310     0.310    mw0/datatrans_sys_i/processing_system7_0/inst/FCLK_CLK_unbuffered[0]
    BUFGCTRL_X0Y16       BUFG (Prop_bufg_I_O)         0.026     0.336 r  mw0/datatrans_sys_i/processing_system7_0/inst/buffer_fclk_clk_0.FCLK_CLK_0_BUFG/O
                         net (fo=950, routed)         0.563     0.899    clk
    SLICE_X31Y74         FDRE                                         r  vrst_reg/C
  -------------------------------------------------------------------    -------------------
    SLICE_X31Y74         FDRE (Prop_fdre_C_Q)         0.141     1.040 r  vrst_reg/Q
                         net (fo=4, routed)           0.429     1.469    v0/p0/vrst
    SLICE_X33Y74         LUT1 (Prop_lut1_I0_O)        0.045     1.514 f  v0/p0/code_count[7]_i_3/O
                         net (fo=204, routed)         0.204     1.718    v0/p0_n_92
    SLICE_X39Y74         FDCE                                         f  v0/dis_reg[0][3]/CLR
  -------------------------------------------------------------------    -------------------

                         (clock clk_fpga_0 rise edge)
                                                      0.000     0.000 r  
    PS7_X0Y0             PS7                          0.000     0.000 r  mw0/datatrans_sys_i/processing_system7_0/inst/PS7_i/FCLKCLK[0]
                         net (fo=1, routed)           0.337     0.337    mw0/datatrans_sys_i/processing_system7_0/inst/FCLK_CLK_unbuffered[0]
    BUFGCTRL_X0Y16       BUFG (Prop_bufg_I_O)         0.029     0.366 r  mw0/datatrans_sys_i/processing_system7_0/inst/buffer_fclk_clk_0.FCLK_CLK_0_BUFG/O
                         net (fo=950, routed)         0.808     1.174    v0/axiclk
    SLICE_X39Y74         FDCE                                         r  v0/dis_reg[0][3]/C
                         clock pessimism             -0.264     0.910    
    SLICE_X39Y74         FDCE (Remov_fdce_C_CLR)     -0.092     0.818    v0/dis_reg[0][3]
  -------------------------------------------------------------------
                         required time                         -0.818    
                         arrival time                           1.718    
  -------------------------------------------------------------------
                         slack                                  0.900    





