Copyright 1986-2022 Xilinx, Inc. All Rights Reserved. Copyright 2022-2023 Advanced Micro Devices, Inc. All Rights Reserved.
-----------------------------------------------------------------------------------------------------------------------------------------------------------------------------------------------------------
| Tool Version : Vivado v.2023.1 (lin64) Build 3865809 Sun May  7 15:04:56 MDT 2023
| Date         : Wed Oct  8 17:03:16 2025
| Host         : n01-zeus.olympus.ece.tamu.edu running 64-bit Red Hat Enterprise Linux release 8.10 (Ootpa)
| Command      : report_timing_summary -max_paths 10 -file top_fft_freq_timing_summary_routed.rpt -pb top_fft_freq_timing_summary_routed.pb -rpx top_fft_freq_timing_summary_routed.rpx -warn_on_violation
| Design       : top_fft_freq
| Device       : 7z020-clg400
| Speed File   : -1  PRODUCTION 1.12 2019-11-22
| Design State : Routed
-----------------------------------------------------------------------------------------------------------------------------------------------------------------------------------------------------------

Timing Summary Report

------------------------------------------------------------------------------------------------
| Timer Settings
| --------------
------------------------------------------------------------------------------------------------

  Enable Multi Corner Analysis               :  Yes
  Enable Pessimism Removal                   :  Yes
  Pessimism Removal Resolution               :  Nearest Common Node
  Enable Input Delay Default Clock           :  No
  Enable Preset / Clear Arcs                 :  No
  Disable Flight Delays                      :  No
  Ignore I/O Paths                           :  No
  Timing Early Launch at Borrowing Latches   :  No
  Borrow Time for Max Delay Exceptions       :  Yes
  Merge Timing Exceptions                    :  Yes

  Corner  Analyze    Analyze    
  Name    Max Paths  Min Paths  
  ------  ---------  ---------  
  Slow    Yes        Yes        
  Fast    Yes        Yes        


------------------------------------------------------------------------------------------------
| Report Methodology
| ------------------
------------------------------------------------------------------------------------------------

No report available as report_methodology has not been run prior. Run report_methodology on the current design for the summary of methodology violations.



check_timing report

Table of Contents
-----------------
1. checking no_clock (0)
2. checking constant_clock (0)
3. checking pulse_width_clock (0)
4. checking unconstrained_internal_endpoints (0)
5. checking no_input_delay (0)
6. checking no_output_delay (0)
7. checking multiple_clock (0)
8. checking generated_clocks (0)
9. checking loops (0)
10. checking partial_input_delay (0)
11. checking partial_output_delay (0)
12. checking latch_loops (0)

1. checking no_clock (0)
------------------------
 There are 0 register/latch pins with no clock.


2. checking constant_clock (0)
------------------------------
 There are 0 register/latch pins with constant_clock.


3. checking pulse_width_clock (0)
---------------------------------
 There are 0 register/latch pins which need pulse_width check


4. checking unconstrained_internal_endpoints (0)
------------------------------------------------
 There are 0 pins that are not constrained for maximum delay.

 There are 0 pins that are not constrained for maximum delay due to constant clock.


5. checking no_input_delay (0)
------------------------------
 There are 0 input ports with no input delay specified.

 There are 0 input ports with no input delay but user has a false path constraint.


6. checking no_output_delay (0)
-------------------------------
 There are 0 ports with no output delay specified.

 There are 0 ports with no output delay but user has a false path constraint

 There are 0 ports with no output delay but with a timing clock defined on it or propagating through it


7. checking multiple_clock (0)
------------------------------
 There are 0 register/latch pins with multiple clocks.


8. checking generated_clocks (0)
--------------------------------
 There are 0 generated clocks that are not connected to a clock source.


9. checking loops (0)
---------------------
 There are 0 combinational loops in the design.


10. checking partial_input_delay (0)
------------------------------------
 There are 0 input ports with partial input delay specified.


11. checking partial_output_delay (0)
-------------------------------------
 There are 0 ports with partial output delay specified.


12. checking latch_loops (0)
----------------------------
 There are 0 combinational latch loops in the design through latch input



------------------------------------------------------------------------------------------------
| Design Timing Summary
| ---------------------
------------------------------------------------------------------------------------------------

    WNS(ns)      TNS(ns)  TNS Failing Endpoints  TNS Total Endpoints      WHS(ns)      THS(ns)  THS Failing Endpoints  THS Total Endpoints     WPWS(ns)     TPWS(ns)  TPWS Failing Endpoints  TPWS Total Endpoints  
    -------      -------  ---------------------  -------------------      -------      -------  ---------------------  -------------------     --------     --------  ----------------------  --------------------  
      4.360        0.000                      0                 2838        0.055        0.000                      0                 2838       15.520        0.000                       0                  1014  


All user specified timing constraints are met.


------------------------------------------------------------------------------------------------
| Clock Summary
| -------------
------------------------------------------------------------------------------------------------

Clock       Waveform(ns)       Period(ns)      Frequency(MHz)
-----       ------------       ----------      --------------
clk_fpga_0  {0.000 16.500}     33.000          30.303          


------------------------------------------------------------------------------------------------
| Intra Clock Table
| -----------------
------------------------------------------------------------------------------------------------

Clock             WNS(ns)      TNS(ns)  TNS Failing Endpoints  TNS Total Endpoints      WHS(ns)      THS(ns)  THS Failing Endpoints  THS Total Endpoints     WPWS(ns)     TPWS(ns)  TPWS Failing Endpoints  TPWS Total Endpoints  
-----             -------      -------  ---------------------  -------------------      -------      -------  ---------------------  -------------------     --------     --------  ----------------------  --------------------  
clk_fpga_0          4.360        0.000                      0                 2710        0.055        0.000                      0                 2710       15.520        0.000                       0                  1014  


------------------------------------------------------------------------------------------------
| Inter Clock Table
| -----------------
------------------------------------------------------------------------------------------------

From Clock    To Clock          WNS(ns)      TNS(ns)  TNS Failing Endpoints  TNS Total Endpoints      WHS(ns)      THS(ns)  THS Failing Endpoints  THS Total Endpoints  
----------    --------          -------      -------  ---------------------  -------------------      -------      -------  ---------------------  -------------------  


------------------------------------------------------------------------------------------------
| Other Path Groups Table
| -----------------------
------------------------------------------------------------------------------------------------

Path Group         From Clock         To Clock               WNS(ns)      TNS(ns)  TNS Failing Endpoints  TNS Total Endpoints      WHS(ns)      THS(ns)  THS Failing Endpoints  THS Total Endpoints  
----------         ----------         --------               -------      -------  ---------------------  -------------------      -------      -------  ---------------------  -------------------  
**async_default**  clk_fpga_0         clk_fpga_0              23.125        0.000                      0                  128        1.842        0.000                      0                  128  


------------------------------------------------------------------------------------------------
| Timing Details
| --------------
------------------------------------------------------------------------------------------------


---------------------------------------------------------------------------------------------------
From Clock:  clk_fpga_0
  To Clock:  clk_fpga_0

Setup :            0  Failing Endpoints,  Worst Slack        4.360ns,  Total Violation        0.000ns
Hold  :            0  Failing Endpoints,  Worst Slack        0.055ns,  Total Violation        0.000ns
PW    :            0  Failing Endpoints,  Worst Slack       15.520ns,  Total Violation        0.000ns
---------------------------------------------------------------------------------------------------


Max Delay Paths
--------------------------------------------------------------------------------------
Slack (MET) :             4.360ns  (required time - arrival time)
  Source:                 fr_reg[19]/C
                            (rising edge-triggered cell FDRE clocked by clk_fpga_0  {rise@0.000ns fall@16.500ns period=33.000ns})
  Destination:            ft0/Fi_reg[61]/D
                            (rising edge-triggered cell FDCE clocked by clk_fpga_0  {rise@0.000ns fall@16.500ns period=33.000ns})
  Path Group:             clk_fpga_0
  Path Type:              Setup (Max at Slow Process Corner)
  Requirement:            33.000ns  (clk_fpga_0 rise@33.000ns - clk_fpga_0 rise@0.000ns)
  Data Path Delay:        28.209ns  (logic 18.015ns (63.862%)  route 10.194ns (36.138%))
  Logic Levels:           19  (CARRY4=10 DSP48E1=3 LUT2=6)
  Clock Path Skew:        0.004ns (DCD - SCD + CPR)
    Destination Clock Delay (DCD):    2.780ns = ( 35.780 - 33.000 ) 
    Source Clock Delay      (SCD):    3.005ns
    Clock Pessimism Removal (CPR):    0.229ns
  Clock Uncertainty:      0.496ns  ((TSJ^2 + TIJ^2)^1/2 + DJ) / 2 + PE
    Total System Jitter     (TSJ):    0.071ns
    Total Input Jitter      (TIJ):    0.990ns
    Discrete Jitter          (DJ):    0.000ns
    Phase Error              (PE):    0.000ns

    Location             Delay type                Incr(ns)  Path(ns)    Netlist Resource(s)
  -------------------------------------------------------------------    -------------------
                         (clock clk_fpga_0 rise edge)
                                                      0.000     0.000 r  
    PS7_X0Y0             PS7                          0.000     0.000 r  mw0/datatrans_sys_i/processing_system7_0/inst/PS7_i/FCLKCLK[0]
                         net (fo=1, routed)           1.193     1.193    mw0/datatrans_sys_i/processing_system7_0/inst/FCLK_CLK_unbuffered[0]
    BUFGCTRL_X0Y16       BUFG (Prop_bufg_I_O)         0.101     1.294 r  mw0/datatrans_sys_i/processing_system7_0/inst/buffer_fclk_clk_0.FCLK_CLK_0_BUFG/O
                         net (fo=1014, routed)        1.711     3.005    clk
    SLICE_X87Y68         FDRE                                         r  fr_reg[19]/C
  -------------------------------------------------------------------    -------------------
    SLICE_X87Y68         FDRE (Prop_fdre_C_Q)         0.456     3.461 r  fr_reg[19]/Q
                         net (fo=5, routed)           0.635     4.096    ft0/bf2/Q[3]
    SLICE_X86Y66         LUT2 (Prop_lut2_I0_O)        0.124     4.220 r  ft0/bf2/sub_r_carry_i_1__1/O
                         net (fo=1, routed)           0.000     4.220    ft0/bf2/sub_r_carry_i_1__1_n_0
    SLICE_X86Y66         CARRY4 (Prop_carry4_S[3]_CO[3])
                                                      0.376     4.596 r  ft0/bf2/sub_r_carry/CO[3]
                         net (fo=1, routed)           0.000     4.596    ft0/bf2/sub_r_carry_n_0
    SLICE_X86Y67         CARRY4 (Prop_carry4_CI_O[3])
                                                      0.315     4.911 r  ft0/bf2/sub_r_carry__0/O[3]
                         net (fo=10, routed)          2.019     6.930    ft0/bf2/mp0/A[7]
    DSP48_X2Y24          DSP48E1 (Prop_dsp48e1_A[7]_P[4])
                                                      4.024    10.954 r  ft0/bf2/mp0/ab/P[4]
                         net (fo=2, routed)           0.777    11.731    ft0/bf2/mp0/P[0]
    SLICE_X36Y61         LUT2 (Prop_lut2_I0_O)        0.124    11.855 r  ft0/bf2/mp0/mr_carry_i_4__1/O
                         net (fo=1, routed)           0.000    11.855    ft0/bf2/mp0_n_19
    SLICE_X36Y61         CARRY4 (Prop_carry4_S[0]_CO[3])
                                                      0.513    12.368 r  ft0/bf2/mr_carry/CO[3]
                         net (fo=1, routed)           0.000    12.368    ft0/bf2/mr_carry_n_0
    SLICE_X36Y62         CARRY4 (Prop_carry4_CI_O[1])
                                                      0.323    12.691 r  ft0/bf2/mr_carry__0/O[1]
                         net (fo=2, routed)           2.029    14.720    ft0/bf0/mp0/f1r[1]
    SLICE_X95Y65         LUT2 (Prop_lut2_I1_O)        0.306    15.026 r  ft0/bf0/mp0/sub_r_carry__0_i_3__7/O
                         net (fo=1, routed)           0.000    15.026    ft0/bf6/ab_16[1]
    SLICE_X95Y65         CARRY4 (Prop_carry4_S[1]_O[3])
                                                      0.640    15.666 r  ft0/bf6/sub_r_carry__0/O[3]
                         net (fo=10, routed)          0.963    16.629    ft0/bf6/mp0/A[7]
    DSP48_X4Y26          DSP48E1 (Prop_dsp48e1_A[10]_P[4])
                                                      4.023    20.652 r  ft0/bf6/mp0/ab/P[4]
                         net (fo=2, routed)           0.753    21.405    ft0/bf6/mp0/P[0]
    SLICE_X102Y66        LUT2 (Prop_lut2_I0_O)        0.124    21.529 r  ft0/bf6/mp0/mr_carry_i_4__6/O
                         net (fo=1, routed)           0.000    21.529    ft0/bf6/mp0_n_18
    SLICE_X102Y66        CARRY4 (Prop_carry4_S[0]_CO[3])
                                                      0.513    22.042 r  ft0/bf6/mr_carry/CO[3]
                         net (fo=1, routed)           0.000    22.042    ft0/bf6/mr_carry_n_0
    SLICE_X102Y67        CARRY4 (Prop_carry4_CI_O[0])
                                                      0.219    22.261 r  ft0/bf6/mr_carry__0/O[0]
                         net (fo=4, routed)           0.785    23.046    ft0/bf6/mp0/O[0]
    SLICE_X102Y70        LUT2 (Prop_lut2_I0_O)        0.295    23.341 r  ft0/bf6/mp0/sub_r_carry__0_i_4__10/O
                         net (fo=1, routed)           0.000    23.341    ft0/bf11/ab_1[0]
    SLICE_X102Y70        CARRY4 (Prop_carry4_S[0]_O[3])
                                                      0.608    23.949 r  ft0/bf11/sub_r_carry__0/O[3]
                         net (fo=10, routed)          1.247    25.196    ft0/bf11/mp1/A[7]
    DSP48_X4Y35          DSP48E1 (Prop_dsp48e1_A[8]_P[5])
                                                      4.024    29.220 r  ft0/bf11/mp1/ab/P[5]
                         net (fo=2, routed)           0.986    30.206    ft0/bf11/mp1_n_6
    SLICE_X103Y81        LUT2 (Prop_lut2_I0_O)        0.124    30.330 r  ft0/bf11/Fi[59]_i_4/O
                         net (fo=1, routed)           0.000    30.330    ft0/bf11/Fi[59]_i_4_n_0
    SLICE_X103Y81        CARRY4 (Prop_carry4_S[1]_CO[3])
                                                      0.550    30.880 r  ft0/bf11/Fi_reg[59]_i_1/CO[3]
                         net (fo=1, routed)           0.000    30.880    ft0/bf11/Fi_reg[59]_i_1_n_0
    SLICE_X103Y82        CARRY4 (Prop_carry4_CI_O[1])
                                                      0.334    31.214 r  ft0/bf11/Fi_reg[63]_i_1/O[1]
                         net (fo=1, routed)           0.000    31.214    ft0/mi[5]
    SLICE_X103Y82        FDCE                                         r  ft0/Fi_reg[61]/D
  -------------------------------------------------------------------    -------------------

                         (clock clk_fpga_0 rise edge)
                                                     33.000    33.000 r  
    PS7_X0Y0             PS7                          0.000    33.000 r  mw0/datatrans_sys_i/processing_system7_0/inst/PS7_i/FCLKCLK[0]
                         net (fo=1, routed)           1.088    34.088    mw0/datatrans_sys_i/processing_system7_0/inst/FCLK_CLK_unbuffered[0]
    BUFGCTRL_X0Y16       BUFG (Prop_bufg_I_O)         0.091    34.179 r  mw0/datatrans_sys_i/processing_system7_0/inst/buffer_fclk_clk_0.FCLK_CLK_0_BUFG/O
                         net (fo=1014, routed)        1.601    35.780    ft0/CLK
    SLICE_X103Y82        FDCE                                         r  ft0/Fi_reg[61]/C
                         clock pessimism              0.229    36.009    
                         clock uncertainty           -0.496    35.513    
    SLICE_X103Y82        FDCE (Setup_fdce_C_D)        0.062    35.575    ft0/Fi_reg[61]
  -------------------------------------------------------------------
                         required time                         35.575    
                         arrival time                         -31.214    
  -------------------------------------------------------------------
                         slack                                  4.360    

Slack (MET) :             4.381ns  (required time - arrival time)
  Source:                 fr_reg[19]/C
                            (rising edge-triggered cell FDRE clocked by clk_fpga_0  {rise@0.000ns fall@16.500ns period=33.000ns})
  Destination:            ft0/Fi_reg[63]/D
                            (rising edge-triggered cell FDCE clocked by clk_fpga_0  {rise@0.000ns fall@16.500ns period=33.000ns})
  Path Group:             clk_fpga_0
  Path Type:              Setup (Max at Slow Process Corner)
  Requirement:            33.000ns  (clk_fpga_0 rise@33.000ns - clk_fpga_0 rise@0.000ns)
  Data Path Delay:        28.188ns  (logic 17.994ns (63.835%)  route 10.194ns (36.165%))
  Logic Levels:           19  (CARRY4=10 DSP48E1=3 LUT2=6)
  Clock Path Skew:        0.004ns (DCD - SCD + CPR)
    Destination Clock Delay (DCD):    2.780ns = ( 35.780 - 33.000 ) 
    Source Clock Delay      (SCD):    3.005ns
    Clock Pessimism Removal (CPR):    0.229ns
  Clock Uncertainty:      0.496ns  ((TSJ^2 + TIJ^2)^1/2 + DJ) / 2 + PE
    Total System Jitter     (TSJ):    0.071ns
    Total Input Jitter      (TIJ):    0.990ns
    Discrete Jitter          (DJ):    0.000ns
    Phase Error              (PE):    0.000ns

    Location             Delay type                Incr(ns)  Path(ns)    Netlist Resource(s)
  -------------------------------------------------------------------    -------------------
                         (clock clk_fpga_0 rise edge)
                                                      0.000     0.000 r  
    PS7_X0Y0             PS7                          0.000     0.000 r  mw0/datatrans_sys_i/processing_system7_0/inst/PS7_i/FCLKCLK[0]
                         net (fo=1, routed)           1.193     1.193    mw0/datatrans_sys_i/processing_system7_0/inst/FCLK_CLK_unbuffered[0]
    BUFGCTRL_X0Y16       BUFG (Prop_bufg_I_O)         0.101     1.294 r  mw0/datatrans_sys_i/processing_system7_0/inst/buffer_fclk_clk_0.FCLK_CLK_0_BUFG/O
                         net (fo=1014, routed)        1.711     3.005    clk
    SLICE_X87Y68         FDRE                                         r  fr_reg[19]/C
  -------------------------------------------------------------------    -------------------
    SLICE_X87Y68         FDRE (Prop_fdre_C_Q)         0.456     3.461 r  fr_reg[19]/Q
                         net (fo=5, routed)           0.635     4.096    ft0/bf2/Q[3]
    SLICE_X86Y66         LUT2 (Prop_lut2_I0_O)        0.124     4.220 r  ft0/bf2/sub_r_carry_i_1__1/O
                         net (fo=1, routed)           0.000     4.220    ft0/bf2/sub_r_carry_i_1__1_n_0
    SLICE_X86Y66         CARRY4 (Prop_carry4_S[3]_CO[3])
                                                      0.376     4.596 r  ft0/bf2/sub_r_carry/CO[3]
                         net (fo=1, routed)           0.000     4.596    ft0/bf2/sub_r_carry_n_0
    SLICE_X86Y67         CARRY4 (Prop_carry4_CI_O[3])
                                                      0.315     4.911 r  ft0/bf2/sub_r_carry__0/O[3]
                         net (fo=10, routed)          2.019     6.930    ft0/bf2/mp0/A[7]
    DSP48_X2Y24          DSP48E1 (Prop_dsp48e1_A[7]_P[4])
                                                      4.024    10.954 r  ft0/bf2/mp0/ab/P[4]
                         net (fo=2, routed)           0.777    11.731    ft0/bf2/mp0/P[0]
    SLICE_X36Y61         LUT2 (Prop_lut2_I0_O)        0.124    11.855 r  ft0/bf2/mp0/mr_carry_i_4__1/O
                         net (fo=1, routed)           0.000    11.855    ft0/bf2/mp0_n_19
    SLICE_X36Y61         CARRY4 (Prop_carry4_S[0]_CO[3])
                                                      0.513    12.368 r  ft0/bf2/mr_carry/CO[3]
                         net (fo=1, routed)           0.000    12.368    ft0/bf2/mr_carry_n_0
    SLICE_X36Y62         CARRY4 (Prop_carry4_CI_O[1])
                                                      0.323    12.691 r  ft0/bf2/mr_carry__0/O[1]
                         net (fo=2, routed)           2.029    14.720    ft0/bf0/mp0/f1r[1]
    SLICE_X95Y65         LUT2 (Prop_lut2_I1_O)        0.306    15.026 r  ft0/bf0/mp0/sub_r_carry__0_i_3__7/O
                         net (fo=1, routed)           0.000    15.026    ft0/bf6/ab_16[1]
    SLICE_X95Y65         CARRY4 (Prop_carry4_S[1]_O[3])
                                                      0.640    15.666 r  ft0/bf6/sub_r_carry__0/O[3]
                         net (fo=10, routed)          0.963    16.629    ft0/bf6/mp0/A[7]
    DSP48_X4Y26          DSP48E1 (Prop_dsp48e1_A[10]_P[4])
                                                      4.023    20.652 r  ft0/bf6/mp0/ab/P[4]
                         net (fo=2, routed)           0.753    21.405    ft0/bf6/mp0/P[0]
    SLICE_X102Y66        LUT2 (Prop_lut2_I0_O)        0.124    21.529 r  ft0/bf6/mp0/mr_carry_i_4__6/O
                         net (fo=1, routed)           0.000    21.529    ft0/bf6/mp0_n_18
    SLICE_X102Y66        CARRY4 (Prop_carry4_S[0]_CO[3])
                                                      0.513    22.042 r  ft0/bf6/mr_carry/CO[3]
                         net (fo=1, routed)           0.000    22.042    ft0/bf6/mr_carry_n_0
    SLICE_X102Y67        CARRY4 (Prop_carry4_CI_O[0])
                                                      0.219    22.261 r  ft0/bf6/mr_carry__0/O[0]
                         net (fo=4, routed)           0.785    23.046    ft0/bf6/mp0/O[0]
    SLICE_X102Y70        LUT2 (Prop_lut2_I0_O)        0.295    23.341 r  ft0/bf6/mp0/sub_r_carry__0_i_4__10/O
                         net (fo=1, routed)           0.000    23.341    ft0/bf11/ab_1[0]
    SLICE_X102Y70        CARRY4 (Prop_carry4_S[0]_O[3])
                                                      0.608    23.949 r  ft0/bf11/sub_r_carry__0/O[3]
                         net (fo=10, routed)          1.247    25.196    ft0/bf11/mp1/A[7]
    DSP48_X4Y35          DSP48E1 (Prop_dsp48e1_A[8]_P[5])
                                                      4.024    29.220 r  ft0/bf11/mp1/ab/P[5]
                         net (fo=2, routed)           0.986    30.206    ft0/bf11/mp1_n_6
    SLICE_X103Y81        LUT2 (Prop_lut2_I0_O)        0.124    30.330 r  ft0/bf11/Fi[59]_i_4/O
                         net (fo=1, routed)           0.000    30.330    ft0/bf11/Fi[59]_i_4_n_0
    SLICE_X103Y81        CARRY4 (Prop_carry4_S[1]_CO[3])
                                                      0.550    30.880 r  ft0/bf11/Fi_reg[59]_i_1/CO[3]
                         net (fo=1, routed)           0.000    30.880    ft0/bf11/Fi_reg[59]_i_1_n_0
    SLICE_X103Y82        CARRY4 (Prop_carry4_CI_O[3])
                                                      0.313    31.193 r  ft0/bf11/Fi_reg[63]_i_1/O[3]
                         net (fo=1, routed)           0.000    31.193    ft0/mi[7]
    SLICE_X103Y82        FDCE                                         r  ft0/Fi_reg[63]/D
  -------------------------------------------------------------------    -------------------

                         (clock clk_fpga_0 rise edge)
                                                     33.000    33.000 r  
    PS7_X0Y0             PS7                          0.000    33.000 r  mw0/datatrans_sys_i/processing_system7_0/inst/PS7_i/FCLKCLK[0]
                         net (fo=1, routed)           1.088    34.088    mw0/datatrans_sys_i/processing_system7_0/inst/FCLK_CLK_unbuffered[0]
    BUFGCTRL_X0Y16       BUFG (Prop_bufg_I_O)         0.091    34.179 r  mw0/datatrans_sys_i/processing_system7_0/inst/buffer_fclk_clk_0.FCLK_CLK_0_BUFG/O
                         net (fo=1014, routed)        1.601    35.780    ft0/CLK
    SLICE_X103Y82        FDCE                                         r  ft0/Fi_reg[63]/C
                         clock pessimism              0.229    36.009    
                         clock uncertainty           -0.496    35.513    
    SLICE_X103Y82        FDCE (Setup_fdce_C_D)        0.062    35.575    ft0/Fi_reg[63]
  -------------------------------------------------------------------
                         required time                         35.575    
                         arrival time                         -31.193    
  -------------------------------------------------------------------
                         slack                                  4.381    

Slack (MET) :             4.455ns  (required time - arrival time)
  Source:                 fr_reg[19]/C
                            (rising edge-triggered cell FDRE clocked by clk_fpga_0  {rise@0.000ns fall@16.500ns period=33.000ns})
  Destination:            ft0/Fi_reg[62]/D
                            (rising edge-triggered cell FDCE clocked by clk_fpga_0  {rise@0.000ns fall@16.500ns period=33.000ns})
  Path Group:             clk_fpga_0
  Path Type:              Setup (Max at Slow Process Corner)
  Requirement:            33.000ns  (clk_fpga_0 rise@33.000ns - clk_fpga_0 rise@0.000ns)
  Data Path Delay:        28.114ns  (logic 17.920ns (63.740%)  route 10.194ns (36.260%))
  Logic Levels:           19  (CARRY4=10 DSP48E1=3 LUT2=6)
  Clock Path Skew:        0.004ns (DCD - SCD + CPR)
    Destination Clock Delay (DCD):    2.780ns = ( 35.780 - 33.000 ) 
    Source Clock Delay      (SCD):    3.005ns
    Clock Pessimism Removal (CPR):    0.229ns
  Clock Uncertainty:      0.496ns  ((TSJ^2 + TIJ^2)^1/2 + DJ) / 2 + PE
    Total System Jitter     (TSJ):    0.071ns
    Total Input Jitter      (TIJ):    0.990ns
    Discrete Jitter          (DJ):    0.000ns
    Phase Error              (PE):    0.000ns

    Location             Delay type                Incr(ns)  Path(ns)    Netlist Resource(s)
  -------------------------------------------------------------------    -------------------
                         (clock clk_fpga_0 rise edge)
                                                      0.000     0.000 r  
    PS7_X0Y0             PS7                          0.000     0.000 r  mw0/datatrans_sys_i/processing_system7_0/inst/PS7_i/FCLKCLK[0]
                         net (fo=1, routed)           1.193     1.193    mw0/datatrans_sys_i/processing_system7_0/inst/FCLK_CLK_unbuffered[0]
    BUFGCTRL_X0Y16       BUFG (Prop_bufg_I_O)         0.101     1.294 r  mw0/datatrans_sys_i/processing_system7_0/inst/buffer_fclk_clk_0.FCLK_CLK_0_BUFG/O
                         net (fo=1014, routed)        1.711     3.005    clk
    SLICE_X87Y68         FDRE                                         r  fr_reg[19]/C
  -------------------------------------------------------------------    -------------------
    SLICE_X87Y68         FDRE (Prop_fdre_C_Q)         0.456     3.461 r  fr_reg[19]/Q
                         net (fo=5, routed)           0.635     4.096    ft0/bf2/Q[3]
    SLICE_X86Y66         LUT2 (Prop_lut2_I0_O)        0.124     4.220 r  ft0/bf2/sub_r_carry_i_1__1/O
                         net (fo=1, routed)           0.000     4.220    ft0/bf2/sub_r_carry_i_1__1_n_0
    SLICE_X86Y66         CARRY4 (Prop_carry4_S[3]_CO[3])
                                                      0.376     4.596 r  ft0/bf2/sub_r_carry/CO[3]
                         net (fo=1, routed)           0.000     4.596    ft0/bf2/sub_r_carry_n_0
    SLICE_X86Y67         CARRY4 (Prop_carry4_CI_O[3])
                                                      0.315     4.911 r  ft0/bf2/sub_r_carry__0/O[3]
                         net (fo=10, routed)          2.019     6.930    ft0/bf2/mp0/A[7]
    DSP48_X2Y24          DSP48E1 (Prop_dsp48e1_A[7]_P[4])
                                                      4.024    10.954 r  ft0/bf2/mp0/ab/P[4]
                         net (fo=2, routed)           0.777    11.731    ft0/bf2/mp0/P[0]
    SLICE_X36Y61         LUT2 (Prop_lut2_I0_O)        0.124    11.855 r  ft0/bf2/mp0/mr_carry_i_4__1/O
                         net (fo=1, routed)           0.000    11.855    ft0/bf2/mp0_n_19
    SLICE_X36Y61         CARRY4 (Prop_carry4_S[0]_CO[3])
                                                      0.513    12.368 r  ft0/bf2/mr_carry/CO[3]
                         net (fo=1, routed)           0.000    12.368    ft0/bf2/mr_carry_n_0
    SLICE_X36Y62         CARRY4 (Prop_carry4_CI_O[1])
                                                      0.323    12.691 r  ft0/bf2/mr_carry__0/O[1]
                         net (fo=2, routed)           2.029    14.720    ft0/bf0/mp0/f1r[1]
    SLICE_X95Y65         LUT2 (Prop_lut2_I1_O)        0.306    15.026 r  ft0/bf0/mp0/sub_r_carry__0_i_3__7/O
                         net (fo=1, routed)           0.000    15.026    ft0/bf6/ab_16[1]
    SLICE_X95Y65         CARRY4 (Prop_carry4_S[1]_O[3])
                                                      0.640    15.666 r  ft0/bf6/sub_r_carry__0/O[3]
                         net (fo=10, routed)          0.963    16.629    ft0/bf6/mp0/A[7]
    DSP48_X4Y26          DSP48E1 (Prop_dsp48e1_A[10]_P[4])
                                                      4.023    20.652 r  ft0/bf6/mp0/ab/P[4]
                         net (fo=2, routed)           0.753    21.405    ft0/bf6/mp0/P[0]
    SLICE_X102Y66        LUT2 (Prop_lut2_I0_O)        0.124    21.529 r  ft0/bf6/mp0/mr_carry_i_4__6/O
                         net (fo=1, routed)           0.000    21.529    ft0/bf6/mp0_n_18
    SLICE_X102Y66        CARRY4 (Prop_carry4_S[0]_CO[3])
                                                      0.513    22.042 r  ft0/bf6/mr_carry/CO[3]
                         net (fo=1, routed)           0.000    22.042    ft0/bf6/mr_carry_n_0
    SLICE_X102Y67        CARRY4 (Prop_carry4_CI_O[0])
                                                      0.219    22.261 r  ft0/bf6/mr_carry__0/O[0]
                         net (fo=4, routed)           0.785    23.046    ft0/bf6/mp0/O[0]
    SLICE_X102Y70        LUT2 (Prop_lut2_I0_O)        0.295    23.341 r  ft0/bf6/mp0/sub_r_carry__0_i_4__10/O
                         net (fo=1, routed)           0.000    23.341    ft0/bf11/ab_1[0]
    SLICE_X102Y70        CARRY4 (Prop_carry4_S[0]_O[3])
                                                      0.608    23.949 r  ft0/bf11/sub_r_carry__0/O[3]
                         net (fo=10, routed)          1.247    25.196    ft0/bf11/mp1/A[7]
    DSP48_X4Y35          DSP48E1 (Prop_dsp48e1_A[8]_P[5])
                                                      4.024    29.220 r  ft0/bf11/mp1/ab/P[5]
                         net (fo=2, routed)           0.986    30.206    ft0/bf11/mp1_n_6
    SLICE_X103Y81        LUT2 (Prop_lut2_I0_O)        0.124    30.330 r  ft0/bf11/Fi[59]_i_4/O
                         net (fo=1, routed)           0.000    30.330    ft0/bf11/Fi[59]_i_4_n_0
    SLICE_X103Y81        CARRY4 (Prop_carry4_S[1]_CO[3])
                                                      0.550    30.880 r  ft0/bf11/Fi_reg[59]_i_1/CO[3]
                         net (fo=1, routed)           0.000    30.880    ft0/bf11/Fi_reg[59]_i_1_n_0
    SLICE_X103Y82        CARRY4 (Prop_carry4_CI_O[2])
                                                      0.239    31.119 r  ft0/bf11/Fi_reg[63]_i_1/O[2]
                         net (fo=1, routed)           0.000    31.119    ft0/mi[6]
    SLICE_X103Y82        FDCE                                         r  ft0/Fi_reg[62]/D
  -------------------------------------------------------------------    -------------------

                         (clock clk_fpga_0 rise edge)
                                                     33.000    33.000 r  
    PS7_X0Y0             PS7                          0.000    33.000 r  mw0/datatrans_sys_i/processing_system7_0/inst/PS7_i/FCLKCLK[0]
                         net (fo=1, routed)           1.088    34.088    mw0/datatrans_sys_i/processing_system7_0/inst/FCLK_CLK_unbuffered[0]
    BUFGCTRL_X0Y16       BUFG (Prop_bufg_I_O)         0.091    34.179 r  mw0/datatrans_sys_i/processing_system7_0/inst/buffer_fclk_clk_0.FCLK_CLK_0_BUFG/O
                         net (fo=1014, routed)        1.601    35.780    ft0/CLK
    SLICE_X103Y82        FDCE                                         r  ft0/Fi_reg[62]/C
                         clock pessimism              0.229    36.009    
                         clock uncertainty           -0.496    35.513    
    SLICE_X103Y82        FDCE (Setup_fdce_C_D)        0.062    35.575    ft0/Fi_reg[62]
  -------------------------------------------------------------------
                         required time                         35.575    
                         arrival time                         -31.119    
  -------------------------------------------------------------------
                         slack                                  4.455    

Slack (MET) :             4.460ns  (required time - arrival time)
  Source:                 fr_reg[19]/C
                            (rising edge-triggered cell FDRE clocked by clk_fpga_0  {rise@0.000ns fall@16.500ns period=33.000ns})
  Destination:            ft0/Fr_reg[61]/D
                            (rising edge-triggered cell FDCE clocked by clk_fpga_0  {rise@0.000ns fall@16.500ns period=33.000ns})
  Path Group:             clk_fpga_0
  Path Type:              Setup (Max at Slow Process Corner)
  Requirement:            33.000ns  (clk_fpga_0 rise@33.000ns - clk_fpga_0 rise@0.000ns)
  Data Path Delay:        28.156ns  (logic 17.967ns (63.812%)  route 10.189ns (36.188%))
  Logic Levels:           19  (CARRY4=10 DSP48E1=3 LUT2=6)
  Clock Path Skew:        0.004ns (DCD - SCD + CPR)
    Destination Clock Delay (DCD):    2.780ns = ( 35.780 - 33.000 ) 
    Source Clock Delay      (SCD):    3.005ns
    Clock Pessimism Removal (CPR):    0.229ns
  Clock Uncertainty:      0.496ns  ((TSJ^2 + TIJ^2)^1/2 + DJ) / 2 + PE
    Total System Jitter     (TSJ):    0.071ns
    Total Input Jitter      (TIJ):    0.990ns
    Discrete Jitter          (DJ):    0.000ns
    Phase Error              (PE):    0.000ns

    Location             Delay type                Incr(ns)  Path(ns)    Netlist Resource(s)
  -------------------------------------------------------------------    -------------------
                         (clock clk_fpga_0 rise edge)
                                                      0.000     0.000 r  
    PS7_X0Y0             PS7                          0.000     0.000 r  mw0/datatrans_sys_i/processing_system7_0/inst/PS7_i/FCLKCLK[0]
                         net (fo=1, routed)           1.193     1.193    mw0/datatrans_sys_i/processing_system7_0/inst/FCLK_CLK_unbuffered[0]
    BUFGCTRL_X0Y16       BUFG (Prop_bufg_I_O)         0.101     1.294 r  mw0/datatrans_sys_i/processing_system7_0/inst/buffer_fclk_clk_0.FCLK_CLK_0_BUFG/O
                         net (fo=1014, routed)        1.711     3.005    clk
    SLICE_X87Y68         FDRE                                         r  fr_reg[19]/C
  -------------------------------------------------------------------    -------------------
    SLICE_X87Y68         FDRE (Prop_fdre_C_Q)         0.456     3.461 r  fr_reg[19]/Q
                         net (fo=5, routed)           0.635     4.096    ft0/bf2/Q[3]
    SLICE_X86Y66         LUT2 (Prop_lut2_I0_O)        0.124     4.220 r  ft0/bf2/sub_r_carry_i_1__1/O
                         net (fo=1, routed)           0.000     4.220    ft0/bf2/sub_r_carry_i_1__1_n_0
    SLICE_X86Y66         CARRY4 (Prop_carry4_S[3]_CO[3])
                                                      0.376     4.596 r  ft0/bf2/sub_r_carry/CO[3]
                         net (fo=1, routed)           0.000     4.596    ft0/bf2/sub_r_carry_n_0
    SLICE_X86Y67         CARRY4 (Prop_carry4_CI_O[3])
                                                      0.315     4.911 r  ft0/bf2/sub_r_carry__0/O[3]
                         net (fo=10, routed)          2.019     6.930    ft0/bf2/mp0/A[7]
    DSP48_X2Y24          DSP48E1 (Prop_dsp48e1_A[7]_P[4])
                                                      4.024    10.954 r  ft0/bf2/mp0/ab/P[4]
                         net (fo=2, routed)           0.777    11.731    ft0/bf2/mp0/P[0]
    SLICE_X36Y61         LUT2 (Prop_lut2_I0_O)        0.124    11.855 r  ft0/bf2/mp0/mr_carry_i_4__1/O
                         net (fo=1, routed)           0.000    11.855    ft0/bf2/mp0_n_19
    SLICE_X36Y61         CARRY4 (Prop_carry4_S[0]_CO[3])
                                                      0.513    12.368 r  ft0/bf2/mr_carry/CO[3]
                         net (fo=1, routed)           0.000    12.368    ft0/bf2/mr_carry_n_0
    SLICE_X36Y62         CARRY4 (Prop_carry4_CI_O[1])
                                                      0.323    12.691 r  ft0/bf2/mr_carry__0/O[1]
                         net (fo=2, routed)           2.029    14.720    ft0/bf0/mp0/f1r[1]
    SLICE_X95Y65         LUT2 (Prop_lut2_I1_O)        0.306    15.026 r  ft0/bf0/mp0/sub_r_carry__0_i_3__7/O
                         net (fo=1, routed)           0.000    15.026    ft0/bf6/ab_16[1]
    SLICE_X95Y65         CARRY4 (Prop_carry4_S[1]_O[3])
                                                      0.640    15.666 r  ft0/bf6/sub_r_carry__0/O[3]
                         net (fo=10, routed)          0.963    16.629    ft0/bf6/mp0/A[7]
    DSP48_X4Y26          DSP48E1 (Prop_dsp48e1_A[10]_P[4])
                                                      4.023    20.652 r  ft0/bf6/mp0/ab/P[4]
                         net (fo=2, routed)           0.753    21.405    ft0/bf6/mp0/P[0]
    SLICE_X102Y66        LUT2 (Prop_lut2_I0_O)        0.124    21.529 r  ft0/bf6/mp0/mr_carry_i_4__6/O
                         net (fo=1, routed)           0.000    21.529    ft0/bf6/mp0_n_18
    SLICE_X102Y66        CARRY4 (Prop_carry4_S[0]_CO[3])
                                                      0.513    22.042 r  ft0/bf6/mr_carry/CO[3]
                         net (fo=1, routed)           0.000    22.042    ft0/bf6/mr_carry_n_0
    SLICE_X102Y67        CARRY4 (Prop_carry4_CI_O[0])
                                                      0.219    22.261 r  ft0/bf6/mr_carry__0/O[0]
                         net (fo=4, routed)           0.785    23.046    ft0/bf6/mp0/O[0]
    SLICE_X102Y70        LUT2 (Prop_lut2_I0_O)        0.295    23.341 r  ft0/bf6/mp0/sub_r_carry__0_i_4__10/O
                         net (fo=1, routed)           0.000    23.341    ft0/bf11/ab_1[0]
    SLICE_X102Y70        CARRY4 (Prop_carry4_S[0]_O[3])
                                                      0.608    23.949 r  ft0/bf11/sub_r_carry__0/O[3]
                         net (fo=10, routed)          1.247    25.196    ft0/bf11/mp0/A[7]
    DSP48_X4Y34          DSP48E1 (Prop_dsp48e1_A[8]_P[4])
                                                      4.024    29.220 r  ft0/bf11/mp0/ab/P[4]
                         net (fo=2, routed)           0.981    30.201    ft0/bf11/mp0/I123[0]
    SLICE_X102Y81        LUT2 (Prop_lut2_I0_O)        0.124    30.325 r  ft0/bf11/mp0/mr_carry_i_4__10/O
                         net (fo=1, routed)           0.000    30.325    ft0/bf11/mp0_n_10
    SLICE_X102Y81        CARRY4 (Prop_carry4_S[0]_CO[3])
                                                      0.513    30.838 r  ft0/bf11/mr_carry/CO[3]
                         net (fo=1, routed)           0.000    30.838    ft0/bf11/mr_carry_n_0
    SLICE_X102Y82        CARRY4 (Prop_carry4_CI_O[1])
                                                      0.323    31.161 r  ft0/bf11/mr_carry__0/O[1]
                         net (fo=1, routed)           0.000    31.161    ft0/mr2_out[5]
    SLICE_X102Y82        FDCE                                         r  ft0/Fr_reg[61]/D
  -------------------------------------------------------------------    -------------------

                         (clock clk_fpga_0 rise edge)
                                                     33.000    33.000 r  
    PS7_X0Y0             PS7                          0.000    33.000 r  mw0/datatrans_sys_i/processing_system7_0/inst/PS7_i/FCLKCLK[0]
                         net (fo=1, routed)           1.088    34.088    mw0/datatrans_sys_i/processing_system7_0/inst/FCLK_CLK_unbuffered[0]
    BUFGCTRL_X0Y16       BUFG (Prop_bufg_I_O)         0.091    34.179 r  mw0/datatrans_sys_i/processing_system7_0/inst/buffer_fclk_clk_0.FCLK_CLK_0_BUFG/O
                         net (fo=1014, routed)        1.601    35.780    ft0/CLK
    SLICE_X102Y82        FDCE                                         r  ft0/Fr_reg[61]/C
                         clock pessimism              0.229    36.009    
                         clock uncertainty           -0.496    35.513    
    SLICE_X102Y82        FDCE (Setup_fdce_C_D)        0.109    35.622    ft0/Fr_reg[61]
  -------------------------------------------------------------------
                         required time                         35.622    
                         arrival time                         -31.161    
  -------------------------------------------------------------------
                         slack                                  4.460    

Slack (MET) :             4.468ns  (required time - arrival time)
  Source:                 fr_reg[19]/C
                            (rising edge-triggered cell FDRE clocked by clk_fpga_0  {rise@0.000ns fall@16.500ns period=33.000ns})
  Destination:            ft0/Fr_reg[63]/D
                            (rising edge-triggered cell FDCE clocked by clk_fpga_0  {rise@0.000ns fall@16.500ns period=33.000ns})
  Path Group:             clk_fpga_0
  Path Type:              Setup (Max at Slow Process Corner)
  Requirement:            33.000ns  (clk_fpga_0 rise@33.000ns - clk_fpga_0 rise@0.000ns)
  Data Path Delay:        28.148ns  (logic 17.959ns (63.801%)  route 10.189ns (36.199%))
  Logic Levels:           19  (CARRY4=10 DSP48E1=3 LUT2=6)
  Clock Path Skew:        0.004ns (DCD - SCD + CPR)
    Destination Clock Delay (DCD):    2.780ns = ( 35.780 - 33.000 ) 
    Source Clock Delay      (SCD):    3.005ns
    Clock Pessimism Removal (CPR):    0.229ns
  Clock Uncertainty:      0.496ns  ((TSJ^2 + TIJ^2)^1/2 + DJ) / 2 + PE
    Total System Jitter     (TSJ):    0.071ns
    Total Input Jitter      (TIJ):    0.990ns
    Discrete Jitter          (DJ):    0.000ns
    Phase Error              (PE):    0.000ns

    Location             Delay type                Incr(ns)  Path(ns)    Netlist Resource(s)
  -------------------------------------------------------------------    -------------------
                         (clock clk_fpga_0 rise edge)
                                                      0.000     0.000 r  
    PS7_X0Y0             PS7                          0.000     0.000 r  mw0/datatrans_sys_i/processing_system7_0/inst/PS7_i/FCLKCLK[0]
                         net (fo=1, routed)           1.193     1.193    mw0/datatrans_sys_i/processing_system7_0/inst/FCLK_CLK_unbuffered[0]
    BUFGCTRL_X0Y16       BUFG (Prop_bufg_I_O)         0.101     1.294 r  mw0/datatrans_sys_i/processing_system7_0/inst/buffer_fclk_clk_0.FCLK_CLK_0_BUFG/O
                         net (fo=1014, routed)        1.711     3.005    clk
    SLICE_X87Y68         FDRE                                         r  fr_reg[19]/C
  -------------------------------------------------------------------    -------------------
    SLICE_X87Y68         FDRE (Prop_fdre_C_Q)         0.456     3.461 r  fr_reg[19]/Q
                         net (fo=5, routed)           0.635     4.096    ft0/bf2/Q[3]
    SLICE_X86Y66         LUT2 (Prop_lut2_I0_O)        0.124     4.220 r  ft0/bf2/sub_r_carry_i_1__1/O
                         net (fo=1, routed)           0.000     4.220    ft0/bf2/sub_r_carry_i_1__1_n_0
    SLICE_X86Y66         CARRY4 (Prop_carry4_S[3]_CO[3])
                                                      0.376     4.596 r  ft0/bf2/sub_r_carry/CO[3]
                         net (fo=1, routed)           0.000     4.596    ft0/bf2/sub_r_carry_n_0
    SLICE_X86Y67         CARRY4 (Prop_carry4_CI_O[3])
                                                      0.315     4.911 r  ft0/bf2/sub_r_carry__0/O[3]
                         net (fo=10, routed)          2.019     6.930    ft0/bf2/mp0/A[7]
    DSP48_X2Y24          DSP48E1 (Prop_dsp48e1_A[7]_P[4])
                                                      4.024    10.954 r  ft0/bf2/mp0/ab/P[4]
                         net (fo=2, routed)           0.777    11.731    ft0/bf2/mp0/P[0]
    SLICE_X36Y61         LUT2 (Prop_lut2_I0_O)        0.124    11.855 r  ft0/bf2/mp0/mr_carry_i_4__1/O
                         net (fo=1, routed)           0.000    11.855    ft0/bf2/mp0_n_19
    SLICE_X36Y61         CARRY4 (Prop_carry4_S[0]_CO[3])
                                                      0.513    12.368 r  ft0/bf2/mr_carry/CO[3]
                         net (fo=1, routed)           0.000    12.368    ft0/bf2/mr_carry_n_0
    SLICE_X36Y62         CARRY4 (Prop_carry4_CI_O[1])
                                                      0.323    12.691 r  ft0/bf2/mr_carry__0/O[1]
                         net (fo=2, routed)           2.029    14.720    ft0/bf0/mp0/f1r[1]
    SLICE_X95Y65         LUT2 (Prop_lut2_I1_O)        0.306    15.026 r  ft0/bf0/mp0/sub_r_carry__0_i_3__7/O
                         net (fo=1, routed)           0.000    15.026    ft0/bf6/ab_16[1]
    SLICE_X95Y65         CARRY4 (Prop_carry4_S[1]_O[3])
                                                      0.640    15.666 r  ft0/bf6/sub_r_carry__0/O[3]
                         net (fo=10, routed)          0.963    16.629    ft0/bf6/mp0/A[7]
    DSP48_X4Y26          DSP48E1 (Prop_dsp48e1_A[10]_P[4])
                                                      4.023    20.652 r  ft0/bf6/mp0/ab/P[4]
                         net (fo=2, routed)           0.753    21.405    ft0/bf6/mp0/P[0]
    SLICE_X102Y66        LUT2 (Prop_lut2_I0_O)        0.124    21.529 r  ft0/bf6/mp0/mr_carry_i_4__6/O
                         net (fo=1, routed)           0.000    21.529    ft0/bf6/mp0_n_18
    SLICE_X102Y66        CARRY4 (Prop_carry4_S[0]_CO[3])
                                                      0.513    22.042 r  ft0/bf6/mr_carry/CO[3]
                         net (fo=1, routed)           0.000    22.042    ft0/bf6/mr_carry_n_0
    SLICE_X102Y67        CARRY4 (Prop_carry4_CI_O[0])
                                                      0.219    22.261 r  ft0/bf6/mr_carry__0/O[0]
                         net (fo=4, routed)           0.785    23.046    ft0/bf6/mp0/O[0]
    SLICE_X102Y70        LUT2 (Prop_lut2_I0_O)        0.295    23.341 r  ft0/bf6/mp0/sub_r_carry__0_i_4__10/O
                         net (fo=1, routed)           0.000    23.341    ft0/bf11/ab_1[0]
    SLICE_X102Y70        CARRY4 (Prop_carry4_S[0]_O[3])
                                                      0.608    23.949 r  ft0/bf11/sub_r_carry__0/O[3]
                         net (fo=10, routed)          1.247    25.196    ft0/bf11/mp0/A[7]
    DSP48_X4Y34          DSP48E1 (Prop_dsp48e1_A[8]_P[4])
                                                      4.024    29.220 r  ft0/bf11/mp0/ab/P[4]
                         net (fo=2, routed)           0.981    30.201    ft0/bf11/mp0/I123[0]
    SLICE_X102Y81        LUT2 (Prop_lut2_I0_O)        0.124    30.325 r  ft0/bf11/mp0/mr_carry_i_4__10/O
                         net (fo=1, routed)           0.000    30.325    ft0/bf11/mp0_n_10
    SLICE_X102Y81        CARRY4 (Prop_carry4_S[0]_CO[3])
                                                      0.513    30.838 r  ft0/bf11/mr_carry/CO[3]
                         net (fo=1, routed)           0.000    30.838    ft0/bf11/mr_carry_n_0
    SLICE_X102Y82        CARRY4 (Prop_carry4_CI_O[3])
                                                      0.315    31.153 r  ft0/bf11/mr_carry__0/O[3]
                         net (fo=1, routed)           0.000    31.153    ft0/mr2_out[7]
    SLICE_X102Y82        FDCE                                         r  ft0/Fr_reg[63]/D
  -------------------------------------------------------------------    -------------------

                         (clock clk_fpga_0 rise edge)
                                                     33.000    33.000 r  
    PS7_X0Y0             PS7                          0.000    33.000 r  mw0/datatrans_sys_i/processing_system7_0/inst/PS7_i/FCLKCLK[0]
                         net (fo=1, routed)           1.088    34.088    mw0/datatrans_sys_i/processing_system7_0/inst/FCLK_CLK_unbuffered[0]
    BUFGCTRL_X0Y16       BUFG (Prop_bufg_I_O)         0.091    34.179 r  mw0/datatrans_sys_i/processing_system7_0/inst/buffer_fclk_clk_0.FCLK_CLK_0_BUFG/O
                         net (fo=1014, routed)        1.601    35.780    ft0/CLK
    SLICE_X102Y82        FDCE                                         r  ft0/Fr_reg[63]/C
                         clock pessimism              0.229    36.009    
                         clock uncertainty           -0.496    35.513    
    SLICE_X102Y82        FDCE (Setup_fdce_C_D)        0.109    35.622    ft0/Fr_reg[63]
  -------------------------------------------------------------------
                         required time                         35.622    
                         arrival time                         -31.153    
  -------------------------------------------------------------------
                         slack                                  4.468    

Slack (MET) :             4.471ns  (required time - arrival time)
  Source:                 fr_reg[19]/C
                            (rising edge-triggered cell FDRE clocked by clk_fpga_0  {rise@0.000ns fall@16.500ns period=33.000ns})
  Destination:            ft0/Fi_reg[60]/D
                            (rising edge-triggered cell FDCE clocked by clk_fpga_0  {rise@0.000ns fall@16.500ns period=33.000ns})
  Path Group:             clk_fpga_0
  Path Type:              Setup (Max at Slow Process Corner)
  Requirement:            33.000ns  (clk_fpga_0 rise@33.000ns - clk_fpga_0 rise@0.000ns)
  Data Path Delay:        28.098ns  (logic 17.904ns (63.719%)  route 10.194ns (36.281%))
  Logic Levels:           19  (CARRY4=10 DSP48E1=3 LUT2=6)
  Clock Path Skew:        0.004ns (DCD - SCD + CPR)
    Destination Clock Delay (DCD):    2.780ns = ( 35.780 - 33.000 ) 
    Source Clock Delay      (SCD):    3.005ns
    Clock Pessimism Removal (CPR):    0.229ns
  Clock Uncertainty:      0.496ns  ((TSJ^2 + TIJ^2)^1/2 + DJ) / 2 + PE
    Total System Jitter     (TSJ):    0.071ns
    Total Input Jitter      (TIJ):    0.990ns
    Discrete Jitter          (DJ):    0.000ns
    Phase Error              (PE):    0.000ns

    Location             Delay type                Incr(ns)  Path(ns)    Netlist Resource(s)
  -------------------------------------------------------------------    -------------------
                         (clock clk_fpga_0 rise edge)
                                                      0.000     0.000 r  
    PS7_X0Y0             PS7                          0.000     0.000 r  mw0/datatrans_sys_i/processing_system7_0/inst/PS7_i/FCLKCLK[0]
                         net (fo=1, routed)           1.193     1.193    mw0/datatrans_sys_i/processing_system7_0/inst/FCLK_CLK_unbuffered[0]
    BUFGCTRL_X0Y16       BUFG (Prop_bufg_I_O)         0.101     1.294 r  mw0/datatrans_sys_i/processing_system7_0/inst/buffer_fclk_clk_0.FCLK_CLK_0_BUFG/O
                         net (fo=1014, routed)        1.711     3.005    clk
    SLICE_X87Y68         FDRE                                         r  fr_reg[19]/C
  -------------------------------------------------------------------    -------------------
    SLICE_X87Y68         FDRE (Prop_fdre_C_Q)         0.456     3.461 r  fr_reg[19]/Q
                         net (fo=5, routed)           0.635     4.096    ft0/bf2/Q[3]
    SLICE_X86Y66         LUT2 (Prop_lut2_I0_O)        0.124     4.220 r  ft0/bf2/sub_r_carry_i_1__1/O
                         net (fo=1, routed)           0.000     4.220    ft0/bf2/sub_r_carry_i_1__1_n_0
    SLICE_X86Y66         CARRY4 (Prop_carry4_S[3]_CO[3])
                                                      0.376     4.596 r  ft0/bf2/sub_r_carry/CO[3]
                         net (fo=1, routed)           0.000     4.596    ft0/bf2/sub_r_carry_n_0
    SLICE_X86Y67         CARRY4 (Prop_carry4_CI_O[3])
                                                      0.315     4.911 r  ft0/bf2/sub_r_carry__0/O[3]
                         net (fo=10, routed)          2.019     6.930    ft0/bf2/mp0/A[7]
    DSP48_X2Y24          DSP48E1 (Prop_dsp48e1_A[7]_P[4])
                                                      4.024    10.954 r  ft0/bf2/mp0/ab/P[4]
                         net (fo=2, routed)           0.777    11.731    ft0/bf2/mp0/P[0]
    SLICE_X36Y61         LUT2 (Prop_lut2_I0_O)        0.124    11.855 r  ft0/bf2/mp0/mr_carry_i_4__1/O
                         net (fo=1, routed)           0.000    11.855    ft0/bf2/mp0_n_19
    SLICE_X36Y61         CARRY4 (Prop_carry4_S[0]_CO[3])
                                                      0.513    12.368 r  ft0/bf2/mr_carry/CO[3]
                         net (fo=1, routed)           0.000    12.368    ft0/bf2/mr_carry_n_0
    SLICE_X36Y62         CARRY4 (Prop_carry4_CI_O[1])
                                                      0.323    12.691 r  ft0/bf2/mr_carry__0/O[1]
                         net (fo=2, routed)           2.029    14.720    ft0/bf0/mp0/f1r[1]
    SLICE_X95Y65         LUT2 (Prop_lut2_I1_O)        0.306    15.026 r  ft0/bf0/mp0/sub_r_carry__0_i_3__7/O
                         net (fo=1, routed)           0.000    15.026    ft0/bf6/ab_16[1]
    SLICE_X95Y65         CARRY4 (Prop_carry4_S[1]_O[3])
                                                      0.640    15.666 r  ft0/bf6/sub_r_carry__0/O[3]
                         net (fo=10, routed)          0.963    16.629    ft0/bf6/mp0/A[7]
    DSP48_X4Y26          DSP48E1 (Prop_dsp48e1_A[10]_P[4])
                                                      4.023    20.652 r  ft0/bf6/mp0/ab/P[4]
                         net (fo=2, routed)           0.753    21.405    ft0/bf6/mp0/P[0]
    SLICE_X102Y66        LUT2 (Prop_lut2_I0_O)        0.124    21.529 r  ft0/bf6/mp0/mr_carry_i_4__6/O
                         net (fo=1, routed)           0.000    21.529    ft0/bf6/mp0_n_18
    SLICE_X102Y66        CARRY4 (Prop_carry4_S[0]_CO[3])
                                                      0.513    22.042 r  ft0/bf6/mr_carry/CO[3]
                         net (fo=1, routed)           0.000    22.042    ft0/bf6/mr_carry_n_0
    SLICE_X102Y67        CARRY4 (Prop_carry4_CI_O[0])
                                                      0.219    22.261 r  ft0/bf6/mr_carry__0/O[0]
                         net (fo=4, routed)           0.785    23.046    ft0/bf6/mp0/O[0]
    SLICE_X102Y70        LUT2 (Prop_lut2_I0_O)        0.295    23.341 r  ft0/bf6/mp0/sub_r_carry__0_i_4__10/O
                         net (fo=1, routed)           0.000    23.341    ft0/bf11/ab_1[0]
    SLICE_X102Y70        CARRY4 (Prop_carry4_S[0]_O[3])
                                                      0.608    23.949 r  ft0/bf11/sub_r_carry__0/O[3]
                         net (fo=10, routed)          1.247    25.196    ft0/bf11/mp1/A[7]
    DSP48_X4Y35          DSP48E1 (Prop_dsp48e1_A[8]_P[5])
                                                      4.024    29.220 r  ft0/bf11/mp1/ab/P[5]
                         net (fo=2, routed)           0.986    30.206    ft0/bf11/mp1_n_6
    SLICE_X103Y81        LUT2 (Prop_lut2_I0_O)        0.124    30.330 r  ft0/bf11/Fi[59]_i_4/O
                         net (fo=1, routed)           0.000    30.330    ft0/bf11/Fi[59]_i_4_n_0
    SLICE_X103Y81        CARRY4 (Prop_carry4_S[1]_CO[3])
                                                      0.550    30.880 r  ft0/bf11/Fi_reg[59]_i_1/CO[3]
                         net (fo=1, routed)           0.000    30.880    ft0/bf11/Fi_reg[59]_i_1_n_0
    SLICE_X103Y82        CARRY4 (Prop_carry4_CI_O[0])
                                                      0.223    31.103 r  ft0/bf11/Fi_reg[63]_i_1/O[0]
                         net (fo=1, routed)           0.000    31.103    ft0/mi[4]
    SLICE_X103Y82        FDCE                                         r  ft0/Fi_reg[60]/D
  -------------------------------------------------------------------    -------------------

                         (clock clk_fpga_0 rise edge)
                                                     33.000    33.000 r  
    PS7_X0Y0             PS7                          0.000    33.000 r  mw0/datatrans_sys_i/processing_system7_0/inst/PS7_i/FCLKCLK[0]
                         net (fo=1, routed)           1.088    34.088    mw0/datatrans_sys_i/processing_system7_0/inst/FCLK_CLK_unbuffered[0]
    BUFGCTRL_X0Y16       BUFG (Prop_bufg_I_O)         0.091    34.179 r  mw0/datatrans_sys_i/processing_system7_0/inst/buffer_fclk_clk_0.FCLK_CLK_0_BUFG/O
                         net (fo=1014, routed)        1.601    35.780    ft0/CLK
    SLICE_X103Y82        FDCE                                         r  ft0/Fi_reg[60]/C
                         clock pessimism              0.229    36.009    
                         clock uncertainty           -0.496    35.513    
    SLICE_X103Y82        FDCE (Setup_fdce_C_D)        0.062    35.575    ft0/Fi_reg[60]
  -------------------------------------------------------------------
                         required time                         35.575    
                         arrival time                         -31.103    
  -------------------------------------------------------------------
                         slack                                  4.471    

Slack (MET) :             4.544ns  (required time - arrival time)
  Source:                 fr_reg[19]/C
                            (rising edge-triggered cell FDRE clocked by clk_fpga_0  {rise@0.000ns fall@16.500ns period=33.000ns})
  Destination:            ft0/Fr_reg[62]/D
                            (rising edge-triggered cell FDCE clocked by clk_fpga_0  {rise@0.000ns fall@16.500ns period=33.000ns})
  Path Group:             clk_fpga_0
  Path Type:              Setup (Max at Slow Process Corner)
  Requirement:            33.000ns  (clk_fpga_0 rise@33.000ns - clk_fpga_0 rise@0.000ns)
  Data Path Delay:        28.072ns  (logic 17.883ns (63.703%)  route 10.189ns (36.297%))
  Logic Levels:           19  (CARRY4=10 DSP48E1=3 LUT2=6)
  Clock Path Skew:        0.004ns (DCD - SCD + CPR)
    Destination Clock Delay (DCD):    2.780ns = ( 35.780 - 33.000 ) 
    Source Clock Delay      (SCD):    3.005ns
    Clock Pessimism Removal (CPR):    0.229ns
  Clock Uncertainty:      0.496ns  ((TSJ^2 + TIJ^2)^1/2 + DJ) / 2 + PE
    Total System Jitter     (TSJ):    0.071ns
    Total Input Jitter      (TIJ):    0.990ns
    Discrete Jitter          (DJ):    0.000ns
    Phase Error              (PE):    0.000ns

    Location             Delay type                Incr(ns)  Path(ns)    Netlist Resource(s)
  -------------------------------------------------------------------    -------------------
                         (clock clk_fpga_0 rise edge)
                                                      0.000     0.000 r  
    PS7_X0Y0             PS7                          0.000     0.000 r  mw0/datatrans_sys_i/processing_system7_0/inst/PS7_i/FCLKCLK[0]
                         net (fo=1, routed)           1.193     1.193    mw0/datatrans_sys_i/processing_system7_0/inst/FCLK_CLK_unbuffered[0]
    BUFGCTRL_X0Y16       BUFG (Prop_bufg_I_O)         0.101     1.294 r  mw0/datatrans_sys_i/processing_system7_0/inst/buffer_fclk_clk_0.FCLK_CLK_0_BUFG/O
                         net (fo=1014, routed)        1.711     3.005    clk
    SLICE_X87Y68         FDRE                                         r  fr_reg[19]/C
  -------------------------------------------------------------------    -------------------
    SLICE_X87Y68         FDRE (Prop_fdre_C_Q)         0.456     3.461 r  fr_reg[19]/Q
                         net (fo=5, routed)           0.635     4.096    ft0/bf2/Q[3]
    SLICE_X86Y66         LUT2 (Prop_lut2_I0_O)        0.124     4.220 r  ft0/bf2/sub_r_carry_i_1__1/O
                         net (fo=1, routed)           0.000     4.220    ft0/bf2/sub_r_carry_i_1__1_n_0
    SLICE_X86Y66         CARRY4 (Prop_carry4_S[3]_CO[3])
                                                      0.376     4.596 r  ft0/bf2/sub_r_carry/CO[3]
                         net (fo=1, routed)           0.000     4.596    ft0/bf2/sub_r_carry_n_0
    SLICE_X86Y67         CARRY4 (Prop_carry4_CI_O[3])
                                                      0.315     4.911 r  ft0/bf2/sub_r_carry__0/O[3]
                         net (fo=10, routed)          2.019     6.930    ft0/bf2/mp0/A[7]
    DSP48_X2Y24          DSP48E1 (Prop_dsp48e1_A[7]_P[4])
                                                      4.024    10.954 r  ft0/bf2/mp0/ab/P[4]
                         net (fo=2, routed)           0.777    11.731    ft0/bf2/mp0/P[0]
    SLICE_X36Y61         LUT2 (Prop_lut2_I0_O)        0.124    11.855 r  ft0/bf2/mp0/mr_carry_i_4__1/O
                         net (fo=1, routed)           0.000    11.855    ft0/bf2/mp0_n_19
    SLICE_X36Y61         CARRY4 (Prop_carry4_S[0]_CO[3])
                                                      0.513    12.368 r  ft0/bf2/mr_carry/CO[3]
                         net (fo=1, routed)           0.000    12.368    ft0/bf2/mr_carry_n_0
    SLICE_X36Y62         CARRY4 (Prop_carry4_CI_O[1])
                                                      0.323    12.691 r  ft0/bf2/mr_carry__0/O[1]
                         net (fo=2, routed)           2.029    14.720    ft0/bf0/mp0/f1r[1]
    SLICE_X95Y65         LUT2 (Prop_lut2_I1_O)        0.306    15.026 r  ft0/bf0/mp0/sub_r_carry__0_i_3__7/O
                         net (fo=1, routed)           0.000    15.026    ft0/bf6/ab_16[1]
    SLICE_X95Y65         CARRY4 (Prop_carry4_S[1]_O[3])
                                                      0.640    15.666 r  ft0/bf6/sub_r_carry__0/O[3]
                         net (fo=10, routed)          0.963    16.629    ft0/bf6/mp0/A[7]
    DSP48_X4Y26          DSP48E1 (Prop_dsp48e1_A[10]_P[4])
                                                      4.023    20.652 r  ft0/bf6/mp0/ab/P[4]
                         net (fo=2, routed)           0.753    21.405    ft0/bf6/mp0/P[0]
    SLICE_X102Y66        LUT2 (Prop_lut2_I0_O)        0.124    21.529 r  ft0/bf6/mp0/mr_carry_i_4__6/O
                         net (fo=1, routed)           0.000    21.529    ft0/bf6/mp0_n_18
    SLICE_X102Y66        CARRY4 (Prop_carry4_S[0]_CO[3])
                                                      0.513    22.042 r  ft0/bf6/mr_carry/CO[3]
                         net (fo=1, routed)           0.000    22.042    ft0/bf6/mr_carry_n_0
    SLICE_X102Y67        CARRY4 (Prop_carry4_CI_O[0])
                                                      0.219    22.261 r  ft0/bf6/mr_carry__0/O[0]
                         net (fo=4, routed)           0.785    23.046    ft0/bf6/mp0/O[0]
    SLICE_X102Y70        LUT2 (Prop_lut2_I0_O)        0.295    23.341 r  ft0/bf6/mp0/sub_r_carry__0_i_4__10/O
                         net (fo=1, routed)           0.000    23.341    ft0/bf11/ab_1[0]
    SLICE_X102Y70        CARRY4 (Prop_carry4_S[0]_O[3])
                                                      0.608    23.949 r  ft0/bf11/sub_r_carry__0/O[3]
                         net (fo=10, routed)          1.247    25.196    ft0/bf11/mp0/A[7]
    DSP48_X4Y34          DSP48E1 (Prop_dsp48e1_A[8]_P[4])
                                                      4.024    29.220 r  ft0/bf11/mp0/ab/P[4]
                         net (fo=2, routed)           0.981    30.201    ft0/bf11/mp0/I123[0]
    SLICE_X102Y81        LUT2 (Prop_lut2_I0_O)        0.124    30.325 r  ft0/bf11/mp0/mr_carry_i_4__10/O
                         net (fo=1, routed)           0.000    30.325    ft0/bf11/mp0_n_10
    SLICE_X102Y81        CARRY4 (Prop_carry4_S[0]_CO[3])
                                                      0.513    30.838 r  ft0/bf11/mr_carry/CO[3]
                         net (fo=1, routed)           0.000    30.838    ft0/bf11/mr_carry_n_0
    SLICE_X102Y82        CARRY4 (Prop_carry4_CI_O[2])
                                                      0.239    31.077 r  ft0/bf11/mr_carry__0/O[2]
                         net (fo=1, routed)           0.000    31.077    ft0/mr2_out[6]
    SLICE_X102Y82        FDCE                                         r  ft0/Fr_reg[62]/D
  -------------------------------------------------------------------    -------------------

                         (clock clk_fpga_0 rise edge)
                                                     33.000    33.000 r  
    PS7_X0Y0             PS7                          0.000    33.000 r  mw0/datatrans_sys_i/processing_system7_0/inst/PS7_i/FCLKCLK[0]
                         net (fo=1, routed)           1.088    34.088    mw0/datatrans_sys_i/processing_system7_0/inst/FCLK_CLK_unbuffered[0]
    BUFGCTRL_X0Y16       BUFG (Prop_bufg_I_O)         0.091    34.179 r  mw0/datatrans_sys_i/processing_system7_0/inst/buffer_fclk_clk_0.FCLK_CLK_0_BUFG/O
                         net (fo=1014, routed)        1.601    35.780    ft0/CLK
    SLICE_X102Y82        FDCE                                         r  ft0/Fr_reg[62]/C
                         clock pessimism              0.229    36.009    
                         clock uncertainty           -0.496    35.513    
    SLICE_X102Y82        FDCE (Setup_fdce_C_D)        0.109    35.622    ft0/Fr_reg[62]
  -------------------------------------------------------------------
                         required time                         35.622    
                         arrival time                         -31.077    
  -------------------------------------------------------------------
                         slack                                  4.544    

Slack (MET) :             4.564ns  (required time - arrival time)
  Source:                 fr_reg[19]/C
                            (rising edge-triggered cell FDRE clocked by clk_fpga_0  {rise@0.000ns fall@16.500ns period=33.000ns})
  Destination:            ft0/Fr_reg[60]/D
                            (rising edge-triggered cell FDCE clocked by clk_fpga_0  {rise@0.000ns fall@16.500ns period=33.000ns})
  Path Group:             clk_fpga_0
  Path Type:              Setup (Max at Slow Process Corner)
  Requirement:            33.000ns  (clk_fpga_0 rise@33.000ns - clk_fpga_0 rise@0.000ns)
  Data Path Delay:        28.052ns  (logic 17.863ns (63.678%)  route 10.189ns (36.322%))
  Logic Levels:           19  (CARRY4=10 DSP48E1=3 LUT2=6)
  Clock Path Skew:        0.004ns (DCD - SCD + CPR)
    Destination Clock Delay (DCD):    2.780ns = ( 35.780 - 33.000 ) 
    Source Clock Delay      (SCD):    3.005ns
    Clock Pessimism Removal (CPR):    0.229ns
  Clock Uncertainty:      0.496ns  ((TSJ^2 + TIJ^2)^1/2 + DJ) / 2 + PE
    Total System Jitter     (TSJ):    0.071ns
    Total Input Jitter      (TIJ):    0.990ns
    Discrete Jitter          (DJ):    0.000ns
    Phase Error              (PE):    0.000ns

    Location             Delay type                Incr(ns)  Path(ns)    Netlist Resource(s)
  -------------------------------------------------------------------    -------------------
                         (clock clk_fpga_0 rise edge)
                                                      0.000     0.000 r  
    PS7_X0Y0             PS7                          0.000     0.000 r  mw0/datatrans_sys_i/processing_system7_0/inst/PS7_i/FCLKCLK[0]
                         net (fo=1, routed)           1.193     1.193    mw0/datatrans_sys_i/processing_system7_0/inst/FCLK_CLK_unbuffered[0]
    BUFGCTRL_X0Y16       BUFG (Prop_bufg_I_O)         0.101     1.294 r  mw0/datatrans_sys_i/processing_system7_0/inst/buffer_fclk_clk_0.FCLK_CLK_0_BUFG/O
                         net (fo=1014, routed)        1.711     3.005    clk
    SLICE_X87Y68         FDRE                                         r  fr_reg[19]/C
  -------------------------------------------------------------------    -------------------
    SLICE_X87Y68         FDRE (Prop_fdre_C_Q)         0.456     3.461 r  fr_reg[19]/Q
                         net (fo=5, routed)           0.635     4.096    ft0/bf2/Q[3]
    SLICE_X86Y66         LUT2 (Prop_lut2_I0_O)        0.124     4.220 r  ft0/bf2/sub_r_carry_i_1__1/O
                         net (fo=1, routed)           0.000     4.220    ft0/bf2/sub_r_carry_i_1__1_n_0
    SLICE_X86Y66         CARRY4 (Prop_carry4_S[3]_CO[3])
                                                      0.376     4.596 r  ft0/bf2/sub_r_carry/CO[3]
                         net (fo=1, routed)           0.000     4.596    ft0/bf2/sub_r_carry_n_0
    SLICE_X86Y67         CARRY4 (Prop_carry4_CI_O[3])
                                                      0.315     4.911 r  ft0/bf2/sub_r_carry__0/O[3]
                         net (fo=10, routed)          2.019     6.930    ft0/bf2/mp0/A[7]
    DSP48_X2Y24          DSP48E1 (Prop_dsp48e1_A[7]_P[4])
                                                      4.024    10.954 r  ft0/bf2/mp0/ab/P[4]
                         net (fo=2, routed)           0.777    11.731    ft0/bf2/mp0/P[0]
    SLICE_X36Y61         LUT2 (Prop_lut2_I0_O)        0.124    11.855 r  ft0/bf2/mp0/mr_carry_i_4__1/O
                         net (fo=1, routed)           0.000    11.855    ft0/bf2/mp0_n_19
    SLICE_X36Y61         CARRY4 (Prop_carry4_S[0]_CO[3])
                                                      0.513    12.368 r  ft0/bf2/mr_carry/CO[3]
                         net (fo=1, routed)           0.000    12.368    ft0/bf2/mr_carry_n_0
    SLICE_X36Y62         CARRY4 (Prop_carry4_CI_O[1])
                                                      0.323    12.691 r  ft0/bf2/mr_carry__0/O[1]
                         net (fo=2, routed)           2.029    14.720    ft0/bf0/mp0/f1r[1]
    SLICE_X95Y65         LUT2 (Prop_lut2_I1_O)        0.306    15.026 r  ft0/bf0/mp0/sub_r_carry__0_i_3__7/O
                         net (fo=1, routed)           0.000    15.026    ft0/bf6/ab_16[1]
    SLICE_X95Y65         CARRY4 (Prop_carry4_S[1]_O[3])
                                                      0.640    15.666 r  ft0/bf6/sub_r_carry__0/O[3]
                         net (fo=10, routed)          0.963    16.629    ft0/bf6/mp0/A[7]
    DSP48_X4Y26          DSP48E1 (Prop_dsp48e1_A[10]_P[4])
                                                      4.023    20.652 r  ft0/bf6/mp0/ab/P[4]
                         net (fo=2, routed)           0.753    21.405    ft0/bf6/mp0/P[0]
    SLICE_X102Y66        LUT2 (Prop_lut2_I0_O)        0.124    21.529 r  ft0/bf6/mp0/mr_carry_i_4__6/O
                         net (fo=1, routed)           0.000    21.529    ft0/bf6/mp0_n_18
    SLICE_X102Y66        CARRY4 (Prop_carry4_S[0]_CO[3])
                                                      0.513    22.042 r  ft0/bf6/mr_carry/CO[3]
                         net (fo=1, routed)           0.000    22.042    ft0/bf6/mr_carry_n_0
    SLICE_X102Y67        CARRY4 (Prop_carry4_CI_O[0])
                                                      0.219    22.261 r  ft0/bf6/mr_carry__0/O[0]
                         net (fo=4, routed)           0.785    23.046    ft0/bf6/mp0/O[0]
    SLICE_X102Y70        LUT2 (Prop_lut2_I0_O)        0.295    23.341 r  ft0/bf6/mp0/sub_r_carry__0_i_4__10/O
                         net (fo=1, routed)           0.000    23.341    ft0/bf11/ab_1[0]
    SLICE_X102Y70        CARRY4 (Prop_carry4_S[0]_O[3])
                                                      0.608    23.949 r  ft0/bf11/sub_r_carry__0/O[3]
                         net (fo=10, routed)          1.247    25.196    ft0/bf11/mp0/A[7]
    DSP48_X4Y34          DSP48E1 (Prop_dsp48e1_A[8]_P[4])
                                                      4.024    29.220 r  ft0/bf11/mp0/ab/P[4]
                         net (fo=2, routed)           0.981    30.201    ft0/bf11/mp0/I123[0]
    SLICE_X102Y81        LUT2 (Prop_lut2_I0_O)        0.124    30.325 r  ft0/bf11/mp0/mr_carry_i_4__10/O
                         net (fo=1, routed)           0.000    30.325    ft0/bf11/mp0_n_10
    SLICE_X102Y81        CARRY4 (Prop_carry4_S[0]_CO[3])
                                                      0.513    30.838 r  ft0/bf11/mr_carry/CO[3]
                         net (fo=1, routed)           0.000    30.838    ft0/bf11/mr_carry_n_0
    SLICE_X102Y82        CARRY4 (Prop_carry4_CI_O[0])
                                                      0.219    31.057 r  ft0/bf11/mr_carry__0/O[0]
                         net (fo=1, routed)           0.000    31.057    ft0/mr2_out[4]
    SLICE_X102Y82        FDCE                                         r  ft0/Fr_reg[60]/D
  -------------------------------------------------------------------    -------------------

                         (clock clk_fpga_0 rise edge)
                                                     33.000    33.000 r  
    PS7_X0Y0             PS7                          0.000    33.000 r  mw0/datatrans_sys_i/processing_system7_0/inst/PS7_i/FCLKCLK[0]
                         net (fo=1, routed)           1.088    34.088    mw0/datatrans_sys_i/processing_system7_0/inst/FCLK_CLK_unbuffered[0]
    BUFGCTRL_X0Y16       BUFG (Prop_bufg_I_O)         0.091    34.179 r  mw0/datatrans_sys_i/processing_system7_0/inst/buffer_fclk_clk_0.FCLK_CLK_0_BUFG/O
                         net (fo=1014, routed)        1.601    35.780    ft0/CLK
    SLICE_X102Y82        FDCE                                         r  ft0/Fr_reg[60]/C
                         clock pessimism              0.229    36.009    
                         clock uncertainty           -0.496    35.513    
    SLICE_X102Y82        FDCE (Setup_fdce_C_D)        0.109    35.622    ft0/Fr_reg[60]
  -------------------------------------------------------------------
                         required time                         35.622    
                         arrival time                         -31.057    
  -------------------------------------------------------------------
                         slack                                  4.564    

Slack (MET) :             4.602ns  (required time - arrival time)
  Source:                 fr_reg[19]/C
                            (rising edge-triggered cell FDRE clocked by clk_fpga_0  {rise@0.000ns fall@16.500ns period=33.000ns})
  Destination:            ft0/Fi_reg[59]/D
                            (rising edge-triggered cell FDCE clocked by clk_fpga_0  {rise@0.000ns fall@16.500ns period=33.000ns})
  Path Group:             clk_fpga_0
  Path Type:              Setup (Max at Slow Process Corner)
  Requirement:            33.000ns  (clk_fpga_0 rise@33.000ns - clk_fpga_0 rise@0.000ns)
  Data Path Delay:        27.965ns  (logic 17.771ns (63.547%)  route 10.194ns (36.453%))
  Logic Levels:           18  (CARRY4=9 DSP48E1=3 LUT2=6)
  Clock Path Skew:        0.002ns (DCD - SCD + CPR)
    Destination Clock Delay (DCD):    2.778ns = ( 35.778 - 33.000 ) 
    Source Clock Delay      (SCD):    3.005ns
    Clock Pessimism Removal (CPR):    0.229ns
  Clock Uncertainty:      0.496ns  ((TSJ^2 + TIJ^2)^1/2 + DJ) / 2 + PE
    Total System Jitter     (TSJ):    0.071ns
    Total Input Jitter      (TIJ):    0.990ns
    Discrete Jitter          (DJ):    0.000ns
    Phase Error              (PE):    0.000ns

    Location             Delay type                Incr(ns)  Path(ns)    Netlist Resource(s)
  -------------------------------------------------------------------    -------------------
                         (clock clk_fpga_0 rise edge)
                                                      0.000     0.000 r  
    PS7_X0Y0             PS7                          0.000     0.000 r  mw0/datatrans_sys_i/processing_system7_0/inst/PS7_i/FCLKCLK[0]
                         net (fo=1, routed)           1.193     1.193    mw0/datatrans_sys_i/processing_system7_0/inst/FCLK_CLK_unbuffered[0]
    BUFGCTRL_X0Y16       BUFG (Prop_bufg_I_O)         0.101     1.294 r  mw0/datatrans_sys_i/processing_system7_0/inst/buffer_fclk_clk_0.FCLK_CLK_0_BUFG/O
                         net (fo=1014, routed)        1.711     3.005    clk
    SLICE_X87Y68         FDRE                                         r  fr_reg[19]/C
  -------------------------------------------------------------------    -------------------
    SLICE_X87Y68         FDRE (Prop_fdre_C_Q)         0.456     3.461 r  fr_reg[19]/Q
                         net (fo=5, routed)           0.635     4.096    ft0/bf2/Q[3]
    SLICE_X86Y66         LUT2 (Prop_lut2_I0_O)        0.124     4.220 r  ft0/bf2/sub_r_carry_i_1__1/O
                         net (fo=1, routed)           0.000     4.220    ft0/bf2/sub_r_carry_i_1__1_n_0
    SLICE_X86Y66         CARRY4 (Prop_carry4_S[3]_CO[3])
                                                      0.376     4.596 r  ft0/bf2/sub_r_carry/CO[3]
                         net (fo=1, routed)           0.000     4.596    ft0/bf2/sub_r_carry_n_0
    SLICE_X86Y67         CARRY4 (Prop_carry4_CI_O[3])
                                                      0.315     4.911 r  ft0/bf2/sub_r_carry__0/O[3]
                         net (fo=10, routed)          2.019     6.930    ft0/bf2/mp0/A[7]
    DSP48_X2Y24          DSP48E1 (Prop_dsp48e1_A[7]_P[4])
                                                      4.024    10.954 r  ft0/bf2/mp0/ab/P[4]
                         net (fo=2, routed)           0.777    11.731    ft0/bf2/mp0/P[0]
    SLICE_X36Y61         LUT2 (Prop_lut2_I0_O)        0.124    11.855 r  ft0/bf2/mp0/mr_carry_i_4__1/O
                         net (fo=1, routed)           0.000    11.855    ft0/bf2/mp0_n_19
    SLICE_X36Y61         CARRY4 (Prop_carry4_S[0]_CO[3])
                                                      0.513    12.368 r  ft0/bf2/mr_carry/CO[3]
                         net (fo=1, routed)           0.000    12.368    ft0/bf2/mr_carry_n_0
    SLICE_X36Y62         CARRY4 (Prop_carry4_CI_O[1])
                                                      0.323    12.691 r  ft0/bf2/mr_carry__0/O[1]
                         net (fo=2, routed)           2.029    14.720    ft0/bf0/mp0/f1r[1]
    SLICE_X95Y65         LUT2 (Prop_lut2_I1_O)        0.306    15.026 r  ft0/bf0/mp0/sub_r_carry__0_i_3__7/O
                         net (fo=1, routed)           0.000    15.026    ft0/bf6/ab_16[1]
    SLICE_X95Y65         CARRY4 (Prop_carry4_S[1]_O[3])
                                                      0.640    15.666 r  ft0/bf6/sub_r_carry__0/O[3]
                         net (fo=10, routed)          0.963    16.629    ft0/bf6/mp0/A[7]
    DSP48_X4Y26          DSP48E1 (Prop_dsp48e1_A[10]_P[4])
                                                      4.023    20.652 r  ft0/bf6/mp0/ab/P[4]
                         net (fo=2, routed)           0.753    21.405    ft0/bf6/mp0/P[0]
    SLICE_X102Y66        LUT2 (Prop_lut2_I0_O)        0.124    21.529 r  ft0/bf6/mp0/mr_carry_i_4__6/O
                         net (fo=1, routed)           0.000    21.529    ft0/bf6/mp0_n_18
    SLICE_X102Y66        CARRY4 (Prop_carry4_S[0]_CO[3])
                                                      0.513    22.042 r  ft0/bf6/mr_carry/CO[3]
                         net (fo=1, routed)           0.000    22.042    ft0/bf6/mr_carry_n_0
    SLICE_X102Y67        CARRY4 (Prop_carry4_CI_O[0])
                                                      0.219    22.261 r  ft0/bf6/mr_carry__0/O[0]
                         net (fo=4, routed)           0.785    23.046    ft0/bf6/mp0/O[0]
    SLICE_X102Y70        LUT2 (Prop_lut2_I0_O)        0.295    23.341 r  ft0/bf6/mp0/sub_r_carry__0_i_4__10/O
                         net (fo=1, routed)           0.000    23.341    ft0/bf11/ab_1[0]
    SLICE_X102Y70        CARRY4 (Prop_carry4_S[0]_O[3])
                                                      0.608    23.949 r  ft0/bf11/sub_r_carry__0/O[3]
                         net (fo=10, routed)          1.247    25.196    ft0/bf11/mp1/A[7]
    DSP48_X4Y35          DSP48E1 (Prop_dsp48e1_A[8]_P[5])
                                                      4.024    29.220 r  ft0/bf11/mp1/ab/P[5]
                         net (fo=2, routed)           0.986    30.206    ft0/bf11/mp1_n_6
    SLICE_X103Y81        LUT2 (Prop_lut2_I0_O)        0.124    30.330 r  ft0/bf11/Fi[59]_i_4/O
                         net (fo=1, routed)           0.000    30.330    ft0/bf11/Fi[59]_i_4_n_0
    SLICE_X103Y81        CARRY4 (Prop_carry4_S[1]_O[3])
                                                      0.640    30.970 r  ft0/bf11/Fi_reg[59]_i_1/O[3]
                         net (fo=1, routed)           0.000    30.970    ft0/mi[3]
    SLICE_X103Y81        FDCE                                         r  ft0/Fi_reg[59]/D
  -------------------------------------------------------------------    -------------------

                         (clock clk_fpga_0 rise edge)
                                                     33.000    33.000 r  
    PS7_X0Y0             PS7                          0.000    33.000 r  mw0/datatrans_sys_i/processing_system7_0/inst/PS7_i/FCLKCLK[0]
                         net (fo=1, routed)           1.088    34.088    mw0/datatrans_sys_i/processing_system7_0/inst/FCLK_CLK_unbuffered[0]
    BUFGCTRL_X0Y16       BUFG (Prop_bufg_I_O)         0.091    34.179 r  mw0/datatrans_sys_i/processing_system7_0/inst/buffer_fclk_clk_0.FCLK_CLK_0_BUFG/O
                         net (fo=1014, routed)        1.599    35.778    ft0/CLK
    SLICE_X103Y81        FDCE                                         r  ft0/Fi_reg[59]/C
                         clock pessimism              0.229    36.007    
                         clock uncertainty           -0.496    35.511    
    SLICE_X103Y81        FDCE (Setup_fdce_C_D)        0.062    35.573    ft0/Fi_reg[59]
  -------------------------------------------------------------------
                         required time                         35.573    
                         arrival time                         -30.970    
  -------------------------------------------------------------------
                         slack                                  4.602    

Slack (MET) :             4.662ns  (required time - arrival time)
  Source:                 fr_reg[19]/C
                            (rising edge-triggered cell FDRE clocked by clk_fpga_0  {rise@0.000ns fall@16.500ns period=33.000ns})
  Destination:            ft0/Fi_reg[58]/D
                            (rising edge-triggered cell FDCE clocked by clk_fpga_0  {rise@0.000ns fall@16.500ns period=33.000ns})
  Path Group:             clk_fpga_0
  Path Type:              Setup (Max at Slow Process Corner)
  Requirement:            33.000ns  (clk_fpga_0 rise@33.000ns - clk_fpga_0 rise@0.000ns)
  Data Path Delay:        27.905ns  (logic 17.711ns (63.468%)  route 10.194ns (36.532%))
  Logic Levels:           18  (CARRY4=9 DSP48E1=3 LUT2=6)
  Clock Path Skew:        0.002ns (DCD - SCD + CPR)
    Destination Clock Delay (DCD):    2.778ns = ( 35.778 - 33.000 ) 
    Source Clock Delay      (SCD):    3.005ns
    Clock Pessimism Removal (CPR):    0.229ns
  Clock Uncertainty:      0.496ns  ((TSJ^2 + TIJ^2)^1/2 + DJ) / 2 + PE
    Total System Jitter     (TSJ):    0.071ns
    Total Input Jitter      (TIJ):    0.990ns
    Discrete Jitter          (DJ):    0.000ns
    Phase Error              (PE):    0.000ns

    Location             Delay type                Incr(ns)  Path(ns)    Netlist Resource(s)
  -------------------------------------------------------------------    -------------------
                         (clock clk_fpga_0 rise edge)
                                                      0.000     0.000 r  
    PS7_X0Y0             PS7                          0.000     0.000 r  mw0/datatrans_sys_i/processing_system7_0/inst/PS7_i/FCLKCLK[0]
                         net (fo=1, routed)           1.193     1.193    mw0/datatrans_sys_i/processing_system7_0/inst/FCLK_CLK_unbuffered[0]
    BUFGCTRL_X0Y16       BUFG (Prop_bufg_I_O)         0.101     1.294 r  mw0/datatrans_sys_i/processing_system7_0/inst/buffer_fclk_clk_0.FCLK_CLK_0_BUFG/O
                         net (fo=1014, routed)        1.711     3.005    clk
    SLICE_X87Y68         FDRE                                         r  fr_reg[19]/C
  -------------------------------------------------------------------    -------------------
    SLICE_X87Y68         FDRE (Prop_fdre_C_Q)         0.456     3.461 r  fr_reg[19]/Q
                         net (fo=5, routed)           0.635     4.096    ft0/bf2/Q[3]
    SLICE_X86Y66         LUT2 (Prop_lut2_I0_O)        0.124     4.220 r  ft0/bf2/sub_r_carry_i_1__1/O
                         net (fo=1, routed)           0.000     4.220    ft0/bf2/sub_r_carry_i_1__1_n_0
    SLICE_X86Y66         CARRY4 (Prop_carry4_S[3]_CO[3])
                                                      0.376     4.596 r  ft0/bf2/sub_r_carry/CO[3]
                         net (fo=1, routed)           0.000     4.596    ft0/bf2/sub_r_carry_n_0
    SLICE_X86Y67         CARRY4 (Prop_carry4_CI_O[3])
                                                      0.315     4.911 r  ft0/bf2/sub_r_carry__0/O[3]
                         net (fo=10, routed)          2.019     6.930    ft0/bf2/mp0/A[7]
    DSP48_X2Y24          DSP48E1 (Prop_dsp48e1_A[7]_P[4])
                                                      4.024    10.954 r  ft0/bf2/mp0/ab/P[4]
                         net (fo=2, routed)           0.777    11.731    ft0/bf2/mp0/P[0]
    SLICE_X36Y61         LUT2 (Prop_lut2_I0_O)        0.124    11.855 r  ft0/bf2/mp0/mr_carry_i_4__1/O
                         net (fo=1, routed)           0.000    11.855    ft0/bf2/mp0_n_19
    SLICE_X36Y61         CARRY4 (Prop_carry4_S[0]_CO[3])
                                                      0.513    12.368 r  ft0/bf2/mr_carry/CO[3]
                         net (fo=1, routed)           0.000    12.368    ft0/bf2/mr_carry_n_0
    SLICE_X36Y62         CARRY4 (Prop_carry4_CI_O[1])
                                                      0.323    12.691 r  ft0/bf2/mr_carry__0/O[1]
                         net (fo=2, routed)           2.029    14.720    ft0/bf0/mp0/f1r[1]
    SLICE_X95Y65         LUT2 (Prop_lut2_I1_O)        0.306    15.026 r  ft0/bf0/mp0/sub_r_carry__0_i_3__7/O
                         net (fo=1, routed)           0.000    15.026    ft0/bf6/ab_16[1]
    SLICE_X95Y65         CARRY4 (Prop_carry4_S[1]_O[3])
                                                      0.640    15.666 r  ft0/bf6/sub_r_carry__0/O[3]
                         net (fo=10, routed)          0.963    16.629    ft0/bf6/mp0/A[7]
    DSP48_X4Y26          DSP48E1 (Prop_dsp48e1_A[10]_P[4])
                                                      4.023    20.652 r  ft0/bf6/mp0/ab/P[4]
                         net (fo=2, routed)           0.753    21.405    ft0/bf6/mp0/P[0]
    SLICE_X102Y66        LUT2 (Prop_lut2_I0_O)        0.124    21.529 r  ft0/bf6/mp0/mr_carry_i_4__6/O
                         net (fo=1, routed)           0.000    21.529    ft0/bf6/mp0_n_18
    SLICE_X102Y66        CARRY4 (Prop_carry4_S[0]_CO[3])
                                                      0.513    22.042 r  ft0/bf6/mr_carry/CO[3]
                         net (fo=1, routed)           0.000    22.042    ft0/bf6/mr_carry_n_0
    SLICE_X102Y67        CARRY4 (Prop_carry4_CI_O[0])
                                                      0.219    22.261 r  ft0/bf6/mr_carry__0/O[0]
                         net (fo=4, routed)           0.785    23.046    ft0/bf6/mp0/O[0]
    SLICE_X102Y70        LUT2 (Prop_lut2_I0_O)        0.295    23.341 r  ft0/bf6/mp0/sub_r_carry__0_i_4__10/O
                         net (fo=1, routed)           0.000    23.341    ft0/bf11/ab_1[0]
    SLICE_X102Y70        CARRY4 (Prop_carry4_S[0]_O[3])
                                                      0.608    23.949 r  ft0/bf11/sub_r_carry__0/O[3]
                         net (fo=10, routed)          1.247    25.196    ft0/bf11/mp1/A[7]
    DSP48_X4Y35          DSP48E1 (Prop_dsp48e1_A[8]_P[5])
                                                      4.024    29.220 r  ft0/bf11/mp1/ab/P[5]
                         net (fo=2, routed)           0.986    30.206    ft0/bf11/mp1_n_6
    SLICE_X103Y81        LUT2 (Prop_lut2_I0_O)        0.124    30.330 r  ft0/bf11/Fi[59]_i_4/O
                         net (fo=1, routed)           0.000    30.330    ft0/bf11/Fi[59]_i_4_n_0
    SLICE_X103Y81        CARRY4 (Prop_carry4_S[1]_O[2])
                                                      0.580    30.910 r  ft0/bf11/Fi_reg[59]_i_1/O[2]
                         net (fo=1, routed)           0.000    30.910    ft0/mi[2]
    SLICE_X103Y81        FDCE                                         r  ft0/Fi_reg[58]/D
  -------------------------------------------------------------------    -------------------

                         (clock clk_fpga_0 rise edge)
                                                     33.000    33.000 r  
    PS7_X0Y0             PS7                          0.000    33.000 r  mw0/datatrans_sys_i/processing_system7_0/inst/PS7_i/FCLKCLK[0]
                         net (fo=1, routed)           1.088    34.088    mw0/datatrans_sys_i/processing_system7_0/inst/FCLK_CLK_unbuffered[0]
    BUFGCTRL_X0Y16       BUFG (Prop_bufg_I_O)         0.091    34.179 r  mw0/datatrans_sys_i/processing_system7_0/inst/buffer_fclk_clk_0.FCLK_CLK_0_BUFG/O
                         net (fo=1014, routed)        1.599    35.778    ft0/CLK
    SLICE_X103Y81        FDCE                                         r  ft0/Fi_reg[58]/C
                         clock pessimism              0.229    36.007    
                         clock uncertainty           -0.496    35.511    
    SLICE_X103Y81        FDCE (Setup_fdce_C_D)        0.062    35.573    ft0/Fi_reg[58]
  -------------------------------------------------------------------
                         required time                         35.573    
                         arrival time                         -30.910    
  -------------------------------------------------------------------
                         slack                                  4.662    





Min Delay Paths
--------------------------------------------------------------------------------------
Slack (MET) :             0.055ns  (arrival time - required time)
  Source:                 mw0/datatrans_sys_i/trans_0/inst/trans_v1_0_S00_AXI_inst/axi_rdata_reg[22]/C
                            (rising edge-triggered cell FDRE clocked by clk_fpga_0  {rise@0.000ns fall@16.500ns period=33.000ns})
  Destination:            mw0/datatrans_sys_i/processing_system7_0_axi_periph/s00_couplers/auto_pc/inst/gen_axilite.gen_b2s_conv.axilite_b2s/RD.r_channel_0/rd_data_fifo_0/memory_reg[31][22]_srl32/D
                            (rising edge-triggered cell SRLC32E clocked by clk_fpga_0  {rise@0.000ns fall@16.500ns period=33.000ns})
  Path Group:             clk_fpga_0
  Path Type:              Hold (Min at Fast Process Corner)
  Requirement:            0.000ns  (clk_fpga_0 rise@0.000ns - clk_fpga_0 rise@0.000ns)
  Data Path Delay:        0.254ns  (logic 0.141ns (55.511%)  route 0.113ns (44.489%))
  Logic Levels:           0  
  Clock Path Skew:        0.016ns (DCD - SCD - CPR)
    Destination Clock Delay (DCD):    1.210ns
    Source Clock Delay      (SCD):    0.912ns
    Clock Pessimism Removal (CPR):    0.282ns

    Location             Delay type                Incr(ns)  Path(ns)    Netlist Resource(s)
  -------------------------------------------------------------------    -------------------
                         (clock clk_fpga_0 rise edge)
                                                      0.000     0.000 r  
    PS7_X0Y0             PS7                          0.000     0.000 r  mw0/datatrans_sys_i/processing_system7_0/inst/PS7_i/FCLKCLK[0]
                         net (fo=1, routed)           0.310     0.310    mw0/datatrans_sys_i/processing_system7_0/inst/FCLK_CLK_unbuffered[0]
    BUFGCTRL_X0Y16       BUFG (Prop_bufg_I_O)         0.026     0.336 r  mw0/datatrans_sys_i/processing_system7_0/inst/buffer_fclk_clk_0.FCLK_CLK_0_BUFG/O
                         net (fo=1014, routed)        0.576     0.912    mw0/datatrans_sys_i/trans_0/inst/trans_v1_0_S00_AXI_inst/s00_axi_aclk
    SLICE_X31Y96         FDRE                                         r  mw0/datatrans_sys_i/trans_0/inst/trans_v1_0_S00_AXI_inst/axi_rdata_reg[22]/C
  -------------------------------------------------------------------    -------------------
    SLICE_X31Y96         FDRE (Prop_fdre_C_Q)         0.141     1.053 r  mw0/datatrans_sys_i/trans_0/inst/trans_v1_0_S00_AXI_inst/axi_rdata_reg[22]/Q
                         net (fo=1, routed)           0.113     1.166    mw0/datatrans_sys_i/processing_system7_0_axi_periph/s00_couplers/auto_pc/inst/gen_axilite.gen_b2s_conv.axilite_b2s/RD.r_channel_0/rd_data_fifo_0/in[22]
    SLICE_X30Y95         SRLC32E                                      r  mw0/datatrans_sys_i/processing_system7_0_axi_periph/s00_couplers/auto_pc/inst/gen_axilite.gen_b2s_conv.axilite_b2s/RD.r_channel_0/rd_data_fifo_0/memory_reg[31][22]_srl32/D
  -------------------------------------------------------------------    -------------------

                         (clock clk_fpga_0 rise edge)
                                                      0.000     0.000 r  
    PS7_X0Y0             PS7                          0.000     0.000 r  mw0/datatrans_sys_i/processing_system7_0/inst/PS7_i/FCLKCLK[0]
                         net (fo=1, routed)           0.337     0.337    mw0/datatrans_sys_i/processing_system7_0/inst/FCLK_CLK_unbuffered[0]
    BUFGCTRL_X0Y16       BUFG (Prop_bufg_I_O)         0.029     0.366 r  mw0/datatrans_sys_i/processing_system7_0/inst/buffer_fclk_clk_0.FCLK_CLK_0_BUFG/O
                         net (fo=1014, routed)        0.844     1.210    mw0/datatrans_sys_i/processing_system7_0_axi_periph/s00_couplers/auto_pc/inst/gen_axilite.gen_b2s_conv.axilite_b2s/RD.r_channel_0/rd_data_fifo_0/aclk
    SLICE_X30Y95         SRLC32E                                      r  mw0/datatrans_sys_i/processing_system7_0_axi_periph/s00_couplers/auto_pc/inst/gen_axilite.gen_b2s_conv.axilite_b2s/RD.r_channel_0/rd_data_fifo_0/memory_reg[31][22]_srl32/CLK
                         clock pessimism             -0.282     0.928    
    SLICE_X30Y95         SRLC32E (Hold_srlc32e_CLK_D)
                                                      0.183     1.111    mw0/datatrans_sys_i/processing_system7_0_axi_periph/s00_couplers/auto_pc/inst/gen_axilite.gen_b2s_conv.axilite_b2s/RD.r_channel_0/rd_data_fifo_0/memory_reg[31][22]_srl32
  -------------------------------------------------------------------
                         required time                         -1.111    
                         arrival time                           1.166    
  -------------------------------------------------------------------
                         slack                                  0.055    

Slack (MET) :             0.075ns  (arrival time - required time)
  Source:                 mw0/datatrans_sys_i/trans_0/inst/trans_v1_0_S00_AXI_inst/axi_rdata_reg[31]/C
                            (rising edge-triggered cell FDRE clocked by clk_fpga_0  {rise@0.000ns fall@16.500ns period=33.000ns})
  Destination:            mw0/datatrans_sys_i/processing_system7_0_axi_periph/s00_couplers/auto_pc/inst/gen_axilite.gen_b2s_conv.axilite_b2s/RD.r_channel_0/rd_data_fifo_0/memory_reg[31][31]_srl32/D
                            (rising edge-triggered cell SRLC32E clocked by clk_fpga_0  {rise@0.000ns fall@16.500ns period=33.000ns})
  Path Group:             clk_fpga_0
  Path Type:              Hold (Min at Fast Process Corner)
  Requirement:            0.000ns  (clk_fpga_0 rise@0.000ns - clk_fpga_0 rise@0.000ns)
  Data Path Delay:        0.274ns  (logic 0.164ns (59.853%)  route 0.110ns (40.147%))
  Logic Levels:           0  
  Clock Path Skew:        0.016ns (DCD - SCD - CPR)
    Destination Clock Delay (DCD):    1.211ns
    Source Clock Delay      (SCD):    0.913ns
    Clock Pessimism Removal (CPR):    0.282ns

    Location             Delay type                Incr(ns)  Path(ns)    Netlist Resource(s)
  -------------------------------------------------------------------    -------------------
                         (clock clk_fpga_0 rise edge)
                                                      0.000     0.000 r  
    PS7_X0Y0             PS7                          0.000     0.000 r  mw0/datatrans_sys_i/processing_system7_0/inst/PS7_i/FCLKCLK[0]
                         net (fo=1, routed)           0.310     0.310    mw0/datatrans_sys_i/processing_system7_0/inst/FCLK_CLK_unbuffered[0]
    BUFGCTRL_X0Y16       BUFG (Prop_bufg_I_O)         0.026     0.336 r  mw0/datatrans_sys_i/processing_system7_0/inst/buffer_fclk_clk_0.FCLK_CLK_0_BUFG/O
                         net (fo=1014, routed)        0.577     0.913    mw0/datatrans_sys_i/trans_0/inst/trans_v1_0_S00_AXI_inst/s00_axi_aclk
    SLICE_X30Y98         FDRE                                         r  mw0/datatrans_sys_i/trans_0/inst/trans_v1_0_S00_AXI_inst/axi_rdata_reg[31]/C
  -------------------------------------------------------------------    -------------------
    SLICE_X30Y98         FDRE (Prop_fdre_C_Q)         0.164     1.077 r  mw0/datatrans_sys_i/trans_0/inst/trans_v1_0_S00_AXI_inst/axi_rdata_reg[31]/Q
                         net (fo=1, routed)           0.110     1.187    mw0/datatrans_sys_i/processing_system7_0_axi_periph/s00_couplers/auto_pc/inst/gen_axilite.gen_b2s_conv.axilite_b2s/RD.r_channel_0/rd_data_fifo_0/in[31]
    SLICE_X30Y97         SRLC32E                                      r  mw0/datatrans_sys_i/processing_system7_0_axi_periph/s00_couplers/auto_pc/inst/gen_axilite.gen_b2s_conv.axilite_b2s/RD.r_channel_0/rd_data_fifo_0/memory_reg[31][31]_srl32/D
  -------------------------------------------------------------------    -------------------

                         (clock clk_fpga_0 rise edge)
                                                      0.000     0.000 r  
    PS7_X0Y0             PS7                          0.000     0.000 r  mw0/datatrans_sys_i/processing_system7_0/inst/PS7_i/FCLKCLK[0]
                         net (fo=1, routed)           0.337     0.337    mw0/datatrans_sys_i/processing_system7_0/inst/FCLK_CLK_unbuffered[0]
    BUFGCTRL_X0Y16       BUFG (Prop_bufg_I_O)         0.029     0.366 r  mw0/datatrans_sys_i/processing_system7_0/inst/buffer_fclk_clk_0.FCLK_CLK_0_BUFG/O
                         net (fo=1014, routed)        0.845     1.211    mw0/datatrans_sys_i/processing_system7_0_axi_periph/s00_couplers/auto_pc/inst/gen_axilite.gen_b2s_conv.axilite_b2s/RD.r_channel_0/rd_data_fifo_0/aclk
    SLICE_X30Y97         SRLC32E                                      r  mw0/datatrans_sys_i/processing_system7_0_axi_periph/s00_couplers/auto_pc/inst/gen_axilite.gen_b2s_conv.axilite_b2s/RD.r_channel_0/rd_data_fifo_0/memory_reg[31][31]_srl32/CLK
                         clock pessimism             -0.282     0.929    
    SLICE_X30Y97         SRLC32E (Hold_srlc32e_CLK_D)
                                                      0.183     1.112    mw0/datatrans_sys_i/processing_system7_0_axi_periph/s00_couplers/auto_pc/inst/gen_axilite.gen_b2s_conv.axilite_b2s/RD.r_channel_0/rd_data_fifo_0/memory_reg[31][31]_srl32
  -------------------------------------------------------------------
                         required time                         -1.112    
                         arrival time                           1.187    
  -------------------------------------------------------------------
                         slack                                  0.075    

Slack (MET) :             0.098ns  (arrival time - required time)
  Source:                 mw0/datatrans_sys_i/processing_system7_0_axi_periph/s00_couplers/auto_pc/inst/gen_axilite.gen_b2s_conv.axilite_b2s/SI_REG/aw.aw_pipe/s_ready_i_reg/C
                            (rising edge-triggered cell FDRE clocked by clk_fpga_0  {rise@0.000ns fall@16.500ns period=33.000ns})
  Destination:            mw0/datatrans_sys_i/processing_system7_0_axi_periph/s00_couplers/auto_pc/inst/gen_axilite.gen_b2s_conv.axilite_b2s/SI_REG/aw.aw_pipe/skid_buffer_reg[56]/CE
                            (rising edge-triggered cell FDRE clocked by clk_fpga_0  {rise@0.000ns fall@16.500ns period=33.000ns})
  Path Group:             clk_fpga_0
  Path Type:              Hold (Min at Fast Process Corner)
  Requirement:            0.000ns  (clk_fpga_0 rise@0.000ns - clk_fpga_0 rise@0.000ns)
  Data Path Delay:        0.433ns  (logic 0.141ns (32.527%)  route 0.292ns (67.473%))
  Logic Levels:           0  
  Clock Path Skew:        0.351ns (DCD - SCD - CPR)
    Destination Clock Delay (DCD):    1.296ns
    Source Clock Delay      (SCD):    0.910ns
    Clock Pessimism Removal (CPR):    0.035ns

    Location             Delay type                Incr(ns)  Path(ns)    Netlist Resource(s)
  -------------------------------------------------------------------    -------------------
                         (clock clk_fpga_0 rise edge)
                                                      0.000     0.000 r  
    PS7_X0Y0             PS7                          0.000     0.000 r  mw0/datatrans_sys_i/processing_system7_0/inst/PS7_i/FCLKCLK[0]
                         net (fo=1, routed)           0.310     0.310    mw0/datatrans_sys_i/processing_system7_0/inst/FCLK_CLK_unbuffered[0]
    BUFGCTRL_X0Y16       BUFG (Prop_bufg_I_O)         0.026     0.336 r  mw0/datatrans_sys_i/processing_system7_0/inst/buffer_fclk_clk_0.FCLK_CLK_0_BUFG/O
                         net (fo=1014, routed)        0.574     0.910    mw0/datatrans_sys_i/processing_system7_0_axi_periph/s00_couplers/auto_pc/inst/gen_axilite.gen_b2s_conv.axilite_b2s/SI_REG/aw.aw_pipe/aclk
    SLICE_X27Y98         FDRE                                         r  mw0/datatrans_sys_i/processing_system7_0_axi_periph/s00_couplers/auto_pc/inst/gen_axilite.gen_b2s_conv.axilite_b2s/SI_REG/aw.aw_pipe/s_ready_i_reg/C
  -------------------------------------------------------------------    -------------------
    SLICE_X27Y98         FDRE (Prop_fdre_C_Q)         0.141     1.051 r  mw0/datatrans_sys_i/processing_system7_0_axi_periph/s00_couplers/auto_pc/inst/gen_axilite.gen_b2s_conv.axilite_b2s/SI_REG/aw.aw_pipe/s_ready_i_reg/Q
                         net (fo=57, routed)          0.292     1.343    mw0/datatrans_sys_i/processing_system7_0_axi_periph/s00_couplers/auto_pc/inst/gen_axilite.gen_b2s_conv.axilite_b2s/SI_REG/aw.aw_pipe/s_ready_i_reg_0
    SLICE_X26Y101        FDRE                                         r  mw0/datatrans_sys_i/processing_system7_0_axi_periph/s00_couplers/auto_pc/inst/gen_axilite.gen_b2s_conv.axilite_b2s/SI_REG/aw.aw_pipe/skid_buffer_reg[56]/CE
  -------------------------------------------------------------------    -------------------

                         (clock clk_fpga_0 rise edge)
                                                      0.000     0.000 r  
    PS7_X0Y0             PS7                          0.000     0.000 r  mw0/datatrans_sys_i/processing_system7_0/inst/PS7_i/FCLKCLK[0]
                         net (fo=1, routed)           0.337     0.337    mw0/datatrans_sys_i/processing_system7_0/inst/FCLK_CLK_unbuffered[0]
    BUFGCTRL_X0Y16       BUFG (Prop_bufg_I_O)         0.029     0.366 r  mw0/datatrans_sys_i/processing_system7_0/inst/buffer_fclk_clk_0.FCLK_CLK_0_BUFG/O
                         net (fo=1014, routed)        0.930     1.296    mw0/datatrans_sys_i/processing_system7_0_axi_periph/s00_couplers/auto_pc/inst/gen_axilite.gen_b2s_conv.axilite_b2s/SI_REG/aw.aw_pipe/aclk
    SLICE_X26Y101        FDRE                                         r  mw0/datatrans_sys_i/processing_system7_0_axi_periph/s00_couplers/auto_pc/inst/gen_axilite.gen_b2s_conv.axilite_b2s/SI_REG/aw.aw_pipe/skid_buffer_reg[56]/C
                         clock pessimism             -0.035     1.261    
    SLICE_X26Y101        FDRE (Hold_fdre_C_CE)       -0.016     1.245    mw0/datatrans_sys_i/processing_system7_0_axi_periph/s00_couplers/auto_pc/inst/gen_axilite.gen_b2s_conv.axilite_b2s/SI_REG/aw.aw_pipe/skid_buffer_reg[56]
  -------------------------------------------------------------------
                         required time                         -1.245    
                         arrival time                           1.343    
  -------------------------------------------------------------------
                         slack                                  0.098    

Slack (MET) :             0.101ns  (arrival time - required time)
  Source:                 mw0/datatrans_sys_i/trans_0/inst/trans_v1_0_S00_AXI_inst/axi_rdata_reg[27]/C
                            (rising edge-triggered cell FDRE clocked by clk_fpga_0  {rise@0.000ns fall@16.500ns period=33.000ns})
  Destination:            mw0/datatrans_sys_i/processing_system7_0_axi_periph/s00_couplers/auto_pc/inst/gen_axilite.gen_b2s_conv.axilite_b2s/RD.r_channel_0/rd_data_fifo_0/memory_reg[31][27]_srl32/D
                            (rising edge-triggered cell SRLC32E clocked by clk_fpga_0  {rise@0.000ns fall@16.500ns period=33.000ns})
  Path Group:             clk_fpga_0
  Path Type:              Hold (Min at Fast Process Corner)
  Requirement:            0.000ns  (clk_fpga_0 rise@0.000ns - clk_fpga_0 rise@0.000ns)
  Data Path Delay:        0.316ns  (logic 0.141ns (44.577%)  route 0.175ns (55.423%))
  Logic Levels:           0  
  Clock Path Skew:        0.032ns (DCD - SCD - CPR)
    Destination Clock Delay (DCD):    1.209ns
    Source Clock Delay      (SCD):    0.913ns
    Clock Pessimism Removal (CPR):    0.264ns

    Location             Delay type                Incr(ns)  Path(ns)    Netlist Resource(s)
  -------------------------------------------------------------------    -------------------
                         (clock clk_fpga_0 rise edge)
                                                      0.000     0.000 r  
    PS7_X0Y0             PS7                          0.000     0.000 r  mw0/datatrans_sys_i/processing_system7_0/inst/PS7_i/FCLKCLK[0]
                         net (fo=1, routed)           0.310     0.310    mw0/datatrans_sys_i/processing_system7_0/inst/FCLK_CLK_unbuffered[0]
    BUFGCTRL_X0Y16       BUFG (Prop_bufg_I_O)         0.026     0.336 r  mw0/datatrans_sys_i/processing_system7_0/inst/buffer_fclk_clk_0.FCLK_CLK_0_BUFG/O
                         net (fo=1014, routed)        0.577     0.913    mw0/datatrans_sys_i/trans_0/inst/trans_v1_0_S00_AXI_inst/s00_axi_aclk
    SLICE_X29Y97         FDRE                                         r  mw0/datatrans_sys_i/trans_0/inst/trans_v1_0_S00_AXI_inst/axi_rdata_reg[27]/C
  -------------------------------------------------------------------    -------------------
    SLICE_X29Y97         FDRE (Prop_fdre_C_Q)         0.141     1.054 r  mw0/datatrans_sys_i/trans_0/inst/trans_v1_0_S00_AXI_inst/axi_rdata_reg[27]/Q
                         net (fo=1, routed)           0.175     1.229    mw0/datatrans_sys_i/processing_system7_0_axi_periph/s00_couplers/auto_pc/inst/gen_axilite.gen_b2s_conv.axilite_b2s/RD.r_channel_0/rd_data_fifo_0/in[27]
    SLICE_X26Y96         SRLC32E                                      r  mw0/datatrans_sys_i/processing_system7_0_axi_periph/s00_couplers/auto_pc/inst/gen_axilite.gen_b2s_conv.axilite_b2s/RD.r_channel_0/rd_data_fifo_0/memory_reg[31][27]_srl32/D
  -------------------------------------------------------------------    -------------------

                         (clock clk_fpga_0 rise edge)
                                                      0.000     0.000 r  
    PS7_X0Y0             PS7                          0.000     0.000 r  mw0/datatrans_sys_i/processing_system7_0/inst/PS7_i/FCLKCLK[0]
                         net (fo=1, routed)           0.337     0.337    mw0/datatrans_sys_i/processing_system7_0/inst/FCLK_CLK_unbuffered[0]
    BUFGCTRL_X0Y16       BUFG (Prop_bufg_I_O)         0.029     0.366 r  mw0/datatrans_sys_i/processing_system7_0/inst/buffer_fclk_clk_0.FCLK_CLK_0_BUFG/O
                         net (fo=1014, routed)        0.843     1.209    mw0/datatrans_sys_i/processing_system7_0_axi_periph/s00_couplers/auto_pc/inst/gen_axilite.gen_b2s_conv.axilite_b2s/RD.r_channel_0/rd_data_fifo_0/aclk
    SLICE_X26Y96         SRLC32E                                      r  mw0/datatrans_sys_i/processing_system7_0_axi_periph/s00_couplers/auto_pc/inst/gen_axilite.gen_b2s_conv.axilite_b2s/RD.r_channel_0/rd_data_fifo_0/memory_reg[31][27]_srl32/CLK
                         clock pessimism             -0.264     0.945    
    SLICE_X26Y96         SRLC32E (Hold_srlc32e_CLK_D)
                                                      0.183     1.128    mw0/datatrans_sys_i/processing_system7_0_axi_periph/s00_couplers/auto_pc/inst/gen_axilite.gen_b2s_conv.axilite_b2s/RD.r_channel_0/rd_data_fifo_0/memory_reg[31][27]_srl32
  -------------------------------------------------------------------
                         required time                         -1.128    
                         arrival time                           1.229    
  -------------------------------------------------------------------
                         slack                                  0.101    

Slack (MET) :             0.102ns  (arrival time - required time)
  Source:                 mw0/datatrans_sys_i/processing_system7_0_axi_periph/s00_couplers/auto_pc/inst/gen_axilite.gen_b2s_conv.axilite_b2s/WR.aw_channel_0/s_awid_r_reg[7]/C
                            (rising edge-triggered cell FDRE clocked by clk_fpga_0  {rise@0.000ns fall@16.500ns period=33.000ns})
  Destination:            mw0/datatrans_sys_i/processing_system7_0_axi_periph/s00_couplers/auto_pc/inst/gen_axilite.gen_b2s_conv.axilite_b2s/WR.b_channel_0/bid_fifo_0/memory_reg[3][15]_srl4/D
                            (rising edge-triggered cell SRL16E clocked by clk_fpga_0  {rise@0.000ns fall@16.500ns period=33.000ns})
  Path Group:             clk_fpga_0
  Path Type:              Hold (Min at Fast Process Corner)
  Requirement:            0.000ns  (clk_fpga_0 rise@0.000ns - clk_fpga_0 rise@0.000ns)
  Data Path Delay:        0.318ns  (logic 0.141ns (44.359%)  route 0.177ns (55.641%))
  Logic Levels:           0  
  Clock Path Skew:        0.033ns (DCD - SCD - CPR)
    Destination Clock Delay (DCD):    1.296ns
    Source Clock Delay      (SCD):    0.995ns
    Clock Pessimism Removal (CPR):    0.268ns

    Location             Delay type                Incr(ns)  Path(ns)    Netlist Resource(s)
  -------------------------------------------------------------------    -------------------
                         (clock clk_fpga_0 rise edge)
                                                      0.000     0.000 r  
    PS7_X0Y0             PS7                          0.000     0.000 r  mw0/datatrans_sys_i/processing_system7_0/inst/PS7_i/FCLKCLK[0]
                         net (fo=1, routed)           0.310     0.310    mw0/datatrans_sys_i/processing_system7_0/inst/FCLK_CLK_unbuffered[0]
    BUFGCTRL_X0Y16       BUFG (Prop_bufg_I_O)         0.026     0.336 r  mw0/datatrans_sys_i/processing_system7_0/inst/buffer_fclk_clk_0.FCLK_CLK_0_BUFG/O
                         net (fo=1014, routed)        0.659     0.995    mw0/datatrans_sys_i/processing_system7_0_axi_periph/s00_couplers/auto_pc/inst/gen_axilite.gen_b2s_conv.axilite_b2s/WR.aw_channel_0/aclk
    SLICE_X28Y100        FDRE                                         r  mw0/datatrans_sys_i/processing_system7_0_axi_periph/s00_couplers/auto_pc/inst/gen_axilite.gen_b2s_conv.axilite_b2s/WR.aw_channel_0/s_awid_r_reg[7]/C
  -------------------------------------------------------------------    -------------------
    SLICE_X28Y100        FDRE (Prop_fdre_C_Q)         0.141     1.136 r  mw0/datatrans_sys_i/processing_system7_0_axi_periph/s00_couplers/auto_pc/inst/gen_axilite.gen_b2s_conv.axilite_b2s/WR.aw_channel_0/s_awid_r_reg[7]/Q
                         net (fo=1, routed)           0.177     1.313    mw0/datatrans_sys_i/processing_system7_0_axi_periph/s00_couplers/auto_pc/inst/gen_axilite.gen_b2s_conv.axilite_b2s/WR.b_channel_0/bid_fifo_0/in[11]
    SLICE_X26Y100        SRL16E                                       r  mw0/datatrans_sys_i/processing_system7_0_axi_periph/s00_couplers/auto_pc/inst/gen_axilite.gen_b2s_conv.axilite_b2s/WR.b_channel_0/bid_fifo_0/memory_reg[3][15]_srl4/D
  -------------------------------------------------------------------    -------------------

                         (clock clk_fpga_0 rise edge)
                                                      0.000     0.000 r  
    PS7_X0Y0             PS7                          0.000     0.000 r  mw0/datatrans_sys_i/processing_system7_0/inst/PS7_i/FCLKCLK[0]
                         net (fo=1, routed)           0.337     0.337    mw0/datatrans_sys_i/processing_system7_0/inst/FCLK_CLK_unbuffered[0]
    BUFGCTRL_X0Y16       BUFG (Prop_bufg_I_O)         0.029     0.366 r  mw0/datatrans_sys_i/processing_system7_0/inst/buffer_fclk_clk_0.FCLK_CLK_0_BUFG/O
                         net (fo=1014, routed)        0.930     1.296    mw0/datatrans_sys_i/processing_system7_0_axi_periph/s00_couplers/auto_pc/inst/gen_axilite.gen_b2s_conv.axilite_b2s/WR.b_channel_0/bid_fifo_0/aclk
    SLICE_X26Y100        SRL16E                                       r  mw0/datatrans_sys_i/processing_system7_0_axi_periph/s00_couplers/auto_pc/inst/gen_axilite.gen_b2s_conv.axilite_b2s/WR.b_channel_0/bid_fifo_0/memory_reg[3][15]_srl4/CLK
                         clock pessimism             -0.268     1.028    
    SLICE_X26Y100        SRL16E (Hold_srl16e_CLK_D)
                                                      0.183     1.211    mw0/datatrans_sys_i/processing_system7_0_axi_periph/s00_couplers/auto_pc/inst/gen_axilite.gen_b2s_conv.axilite_b2s/WR.b_channel_0/bid_fifo_0/memory_reg[3][15]_srl4
  -------------------------------------------------------------------
                         required time                         -1.211    
                         arrival time                           1.313    
  -------------------------------------------------------------------
                         slack                                  0.102    

Slack (MET) :             0.109ns  (arrival time - required time)
  Source:                 mw0/datatrans_sys_i/trans_0/inst/trans_v1_0_S00_AXI_inst/axi_rdata_reg[24]/C
                            (rising edge-triggered cell FDRE clocked by clk_fpga_0  {rise@0.000ns fall@16.500ns period=33.000ns})
  Destination:            mw0/datatrans_sys_i/processing_system7_0_axi_periph/s00_couplers/auto_pc/inst/gen_axilite.gen_b2s_conv.axilite_b2s/RD.r_channel_0/rd_data_fifo_0/memory_reg[31][24]_srl32/D
                            (rising edge-triggered cell SRLC32E clocked by clk_fpga_0  {rise@0.000ns fall@16.500ns period=33.000ns})
  Path Group:             clk_fpga_0
  Path Type:              Hold (Min at Fast Process Corner)
  Requirement:            0.000ns  (clk_fpga_0 rise@0.000ns - clk_fpga_0 rise@0.000ns)
  Data Path Delay:        0.256ns  (logic 0.141ns (55.070%)  route 0.115ns (44.930%))
  Logic Levels:           0  
  Clock Path Skew:        0.032ns (DCD - SCD - CPR)
    Destination Clock Delay (DCD):    1.209ns
    Source Clock Delay      (SCD):    0.913ns
    Clock Pessimism Removal (CPR):    0.264ns

    Location             Delay type                Incr(ns)  Path(ns)    Netlist Resource(s)
  -------------------------------------------------------------------    -------------------
                         (clock clk_fpga_0 rise edge)
                                                      0.000     0.000 r  
    PS7_X0Y0             PS7                          0.000     0.000 r  mw0/datatrans_sys_i/processing_system7_0/inst/PS7_i/FCLKCLK[0]
                         net (fo=1, routed)           0.310     0.310    mw0/datatrans_sys_i/processing_system7_0/inst/FCLK_CLK_unbuffered[0]
    BUFGCTRL_X0Y16       BUFG (Prop_bufg_I_O)         0.026     0.336 r  mw0/datatrans_sys_i/processing_system7_0/inst/buffer_fclk_clk_0.FCLK_CLK_0_BUFG/O
                         net (fo=1014, routed)        0.577     0.913    mw0/datatrans_sys_i/trans_0/inst/trans_v1_0_S00_AXI_inst/s00_axi_aclk
    SLICE_X29Y97         FDRE                                         r  mw0/datatrans_sys_i/trans_0/inst/trans_v1_0_S00_AXI_inst/axi_rdata_reg[24]/C
  -------------------------------------------------------------------    -------------------
    SLICE_X29Y97         FDRE (Prop_fdre_C_Q)         0.141     1.054 r  mw0/datatrans_sys_i/trans_0/inst/trans_v1_0_S00_AXI_inst/axi_rdata_reg[24]/Q
                         net (fo=1, routed)           0.115     1.169    mw0/datatrans_sys_i/processing_system7_0_axi_periph/s00_couplers/auto_pc/inst/gen_axilite.gen_b2s_conv.axilite_b2s/RD.r_channel_0/rd_data_fifo_0/in[24]
    SLICE_X26Y96         SRLC32E                                      r  mw0/datatrans_sys_i/processing_system7_0_axi_periph/s00_couplers/auto_pc/inst/gen_axilite.gen_b2s_conv.axilite_b2s/RD.r_channel_0/rd_data_fifo_0/memory_reg[31][24]_srl32/D
  -------------------------------------------------------------------    -------------------

                         (clock clk_fpga_0 rise edge)
                                                      0.000     0.000 r  
    PS7_X0Y0             PS7                          0.000     0.000 r  mw0/datatrans_sys_i/processing_system7_0/inst/PS7_i/FCLKCLK[0]
                         net (fo=1, routed)           0.337     0.337    mw0/datatrans_sys_i/processing_system7_0/inst/FCLK_CLK_unbuffered[0]
    BUFGCTRL_X0Y16       BUFG (Prop_bufg_I_O)         0.029     0.366 r  mw0/datatrans_sys_i/processing_system7_0/inst/buffer_fclk_clk_0.FCLK_CLK_0_BUFG/O
                         net (fo=1014, routed)        0.843     1.209    mw0/datatrans_sys_i/processing_system7_0_axi_periph/s00_couplers/auto_pc/inst/gen_axilite.gen_b2s_conv.axilite_b2s/RD.r_channel_0/rd_data_fifo_0/aclk
    SLICE_X26Y96         SRLC32E                                      r  mw0/datatrans_sys_i/processing_system7_0_axi_periph/s00_couplers/auto_pc/inst/gen_axilite.gen_b2s_conv.axilite_b2s/RD.r_channel_0/rd_data_fifo_0/memory_reg[31][24]_srl32/CLK
                         clock pessimism             -0.264     0.945    
    SLICE_X26Y96         SRLC32E (Hold_srlc32e_CLK_D)
                                                      0.115     1.060    mw0/datatrans_sys_i/processing_system7_0_axi_periph/s00_couplers/auto_pc/inst/gen_axilite.gen_b2s_conv.axilite_b2s/RD.r_channel_0/rd_data_fifo_0/memory_reg[31][24]_srl32
  -------------------------------------------------------------------
                         required time                         -1.060    
                         arrival time                           1.169    
  -------------------------------------------------------------------
                         slack                                  0.109    

Slack (MET) :             0.113ns  (arrival time - required time)
  Source:                 mw0/datatrans_sys_i/processing_system7_0_axi_periph/s00_couplers/auto_pc/inst/gen_axilite.gen_b2s_conv.axilite_b2s/SI_REG/b.b_pipe/skid_buffer_reg[5]/C
                            (rising edge-triggered cell FDRE clocked by clk_fpga_0  {rise@0.000ns fall@16.500ns period=33.000ns})
  Destination:            mw0/datatrans_sys_i/processing_system7_0_axi_periph/s00_couplers/auto_pc/inst/gen_axilite.gen_b2s_conv.axilite_b2s/SI_REG/b.b_pipe/m_payload_i_reg[5]/D
                            (rising edge-triggered cell FDRE clocked by clk_fpga_0  {rise@0.000ns fall@16.500ns period=33.000ns})
  Path Group:             clk_fpga_0
  Path Type:              Hold (Min at Fast Process Corner)
  Requirement:            0.000ns  (clk_fpga_0 rise@0.000ns - clk_fpga_0 rise@0.000ns)
  Data Path Delay:        0.403ns  (logic 0.184ns (45.699%)  route 0.219ns (54.301%))
  Logic Levels:           1  (LUT3=1)
  Clock Path Skew:        0.183ns (DCD - SCD - CPR)
    Destination Clock Delay (DCD):    1.210ns
    Source Clock Delay      (SCD):    0.992ns
    Clock Pessimism Removal (CPR):    0.035ns

    Location             Delay type                Incr(ns)  Path(ns)    Netlist Resource(s)
  -------------------------------------------------------------------    -------------------
                         (clock clk_fpga_0 rise edge)
                                                      0.000     0.000 r  
    PS7_X0Y0             PS7                          0.000     0.000 r  mw0/datatrans_sys_i/processing_system7_0/inst/PS7_i/FCLKCLK[0]
                         net (fo=1, routed)           0.310     0.310    mw0/datatrans_sys_i/processing_system7_0/inst/FCLK_CLK_unbuffered[0]
    BUFGCTRL_X0Y16       BUFG (Prop_bufg_I_O)         0.026     0.336 r  mw0/datatrans_sys_i/processing_system7_0/inst/buffer_fclk_clk_0.FCLK_CLK_0_BUFG/O
                         net (fo=1014, routed)        0.656     0.992    mw0/datatrans_sys_i/processing_system7_0_axi_periph/s00_couplers/auto_pc/inst/gen_axilite.gen_b2s_conv.axilite_b2s/SI_REG/b.b_pipe/aclk
    SLICE_X27Y100        FDRE                                         r  mw0/datatrans_sys_i/processing_system7_0_axi_periph/s00_couplers/auto_pc/inst/gen_axilite.gen_b2s_conv.axilite_b2s/SI_REG/b.b_pipe/skid_buffer_reg[5]/C
  -------------------------------------------------------------------    -------------------
    SLICE_X27Y100        FDRE (Prop_fdre_C_Q)         0.141     1.133 r  mw0/datatrans_sys_i/processing_system7_0_axi_periph/s00_couplers/auto_pc/inst/gen_axilite.gen_b2s_conv.axilite_b2s/SI_REG/b.b_pipe/skid_buffer_reg[5]/Q
                         net (fo=1, routed)           0.219     1.352    mw0/datatrans_sys_i/processing_system7_0_axi_periph/s00_couplers/auto_pc/inst/gen_axilite.gen_b2s_conv.axilite_b2s/SI_REG/b.b_pipe/skid_buffer_reg_n_0_[5]
    SLICE_X27Y99         LUT3 (Prop_lut3_I2_O)        0.043     1.395 r  mw0/datatrans_sys_i/processing_system7_0_axi_periph/s00_couplers/auto_pc/inst/gen_axilite.gen_b2s_conv.axilite_b2s/SI_REG/b.b_pipe/m_payload_i[5]_i_1__1/O
                         net (fo=1, routed)           0.000     1.395    mw0/datatrans_sys_i/processing_system7_0_axi_periph/s00_couplers/auto_pc/inst/gen_axilite.gen_b2s_conv.axilite_b2s/SI_REG/b.b_pipe/m_payload_i[5]_i_1__1_n_0
    SLICE_X27Y99         FDRE                                         r  mw0/datatrans_sys_i/processing_system7_0_axi_periph/s00_couplers/auto_pc/inst/gen_axilite.gen_b2s_conv.axilite_b2s/SI_REG/b.b_pipe/m_payload_i_reg[5]/D
  -------------------------------------------------------------------    -------------------

                         (clock clk_fpga_0 rise edge)
                                                      0.000     0.000 r  
    PS7_X0Y0             PS7                          0.000     0.000 r  mw0/datatrans_sys_i/processing_system7_0/inst/PS7_i/FCLKCLK[0]
                         net (fo=1, routed)           0.337     0.337    mw0/datatrans_sys_i/processing_system7_0/inst/FCLK_CLK_unbuffered[0]
    BUFGCTRL_X0Y16       BUFG (Prop_bufg_I_O)         0.029     0.366 r  mw0/datatrans_sys_i/processing_system7_0/inst/buffer_fclk_clk_0.FCLK_CLK_0_BUFG/O
                         net (fo=1014, routed)        0.844     1.210    mw0/datatrans_sys_i/processing_system7_0_axi_periph/s00_couplers/auto_pc/inst/gen_axilite.gen_b2s_conv.axilite_b2s/SI_REG/b.b_pipe/aclk
    SLICE_X27Y99         FDRE                                         r  mw0/datatrans_sys_i/processing_system7_0_axi_periph/s00_couplers/auto_pc/inst/gen_axilite.gen_b2s_conv.axilite_b2s/SI_REG/b.b_pipe/m_payload_i_reg[5]/C
                         clock pessimism             -0.035     1.175    
    SLICE_X27Y99         FDRE (Hold_fdre_C_D)         0.107     1.282    mw0/datatrans_sys_i/processing_system7_0_axi_periph/s00_couplers/auto_pc/inst/gen_axilite.gen_b2s_conv.axilite_b2s/SI_REG/b.b_pipe/m_payload_i_reg[5]
  -------------------------------------------------------------------
                         required time                         -1.282    
                         arrival time                           1.395    
  -------------------------------------------------------------------
                         slack                                  0.113    

Slack (MET) :             0.115ns  (arrival time - required time)
  Source:                 mw0/datatrans_sys_i/trans_0/inst/trans_v1_0_S00_AXI_inst/slv_reg0_reg[28]/C
                            (rising edge-triggered cell FDRE clocked by clk_fpga_0  {rise@0.000ns fall@16.500ns period=33.000ns})
  Destination:            mw0/datatrans_sys_i/trans_0/inst/trans_v1_0_S00_AXI_inst/axi_rdata_reg[28]/D
                            (rising edge-triggered cell FDRE clocked by clk_fpga_0  {rise@0.000ns fall@16.500ns period=33.000ns})
  Path Group:             clk_fpga_0
  Path Type:              Hold (Min at Fast Process Corner)
  Requirement:            0.000ns  (clk_fpga_0 rise@0.000ns - clk_fpga_0 rise@0.000ns)
  Data Path Delay:        0.387ns  (logic 0.186ns (48.107%)  route 0.201ns (51.893%))
  Logic Levels:           1  (LUT5=1)
  Clock Path Skew:        0.181ns (DCD - SCD - CPR)
    Destination Clock Delay (DCD):    1.211ns
    Source Clock Delay      (SCD):    0.995ns
    Clock Pessimism Removal (CPR):    0.035ns

    Location             Delay type                Incr(ns)  Path(ns)    Netlist Resource(s)
  -------------------------------------------------------------------    -------------------
                         (clock clk_fpga_0 rise edge)
                                                      0.000     0.000 r  
    PS7_X0Y0             PS7                          0.000     0.000 r  mw0/datatrans_sys_i/processing_system7_0/inst/PS7_i/FCLKCLK[0]
                         net (fo=1, routed)           0.310     0.310    mw0/datatrans_sys_i/processing_system7_0/inst/FCLK_CLK_unbuffered[0]
    BUFGCTRL_X0Y16       BUFG (Prop_bufg_I_O)         0.026     0.336 r  mw0/datatrans_sys_i/processing_system7_0/inst/buffer_fclk_clk_0.FCLK_CLK_0_BUFG/O
                         net (fo=1014, routed)        0.659     0.995    mw0/datatrans_sys_i/trans_0/inst/trans_v1_0_S00_AXI_inst/s00_axi_aclk
    SLICE_X29Y100        FDRE                                         r  mw0/datatrans_sys_i/trans_0/inst/trans_v1_0_S00_AXI_inst/slv_reg0_reg[28]/C
  -------------------------------------------------------------------    -------------------
    SLICE_X29Y100        FDRE (Prop_fdre_C_Q)         0.141     1.136 r  mw0/datatrans_sys_i/trans_0/inst/trans_v1_0_S00_AXI_inst/slv_reg0_reg[28]/Q
                         net (fo=1, routed)           0.201     1.337    mw0/datatrans_sys_i/trans_0/inst/trans_v1_0_S00_AXI_inst/slv_reg0_reg_n_0_[28]
    SLICE_X31Y99         LUT5 (Prop_lut5_I1_O)        0.045     1.382 r  mw0/datatrans_sys_i/trans_0/inst/trans_v1_0_S00_AXI_inst/axi_rdata[28]_i_1/O
                         net (fo=1, routed)           0.000     1.382    mw0/datatrans_sys_i/trans_0/inst/trans_v1_0_S00_AXI_inst/reg_data_out[28]
    SLICE_X31Y99         FDRE                                         r  mw0/datatrans_sys_i/trans_0/inst/trans_v1_0_S00_AXI_inst/axi_rdata_reg[28]/D
  -------------------------------------------------------------------    -------------------

                         (clock clk_fpga_0 rise edge)
                                                      0.000     0.000 r  
    PS7_X0Y0             PS7                          0.000     0.000 r  mw0/datatrans_sys_i/processing_system7_0/inst/PS7_i/FCLKCLK[0]
                         net (fo=1, routed)           0.337     0.337    mw0/datatrans_sys_i/processing_system7_0/inst/FCLK_CLK_unbuffered[0]
    BUFGCTRL_X0Y16       BUFG (Prop_bufg_I_O)         0.029     0.366 r  mw0/datatrans_sys_i/processing_system7_0/inst/buffer_fclk_clk_0.FCLK_CLK_0_BUFG/O
                         net (fo=1014, routed)        0.845     1.211    mw0/datatrans_sys_i/trans_0/inst/trans_v1_0_S00_AXI_inst/s00_axi_aclk
    SLICE_X31Y99         FDRE                                         r  mw0/datatrans_sys_i/trans_0/inst/trans_v1_0_S00_AXI_inst/axi_rdata_reg[28]/C
                         clock pessimism             -0.035     1.176    
    SLICE_X31Y99         FDRE (Hold_fdre_C_D)         0.091     1.267    mw0/datatrans_sys_i/trans_0/inst/trans_v1_0_S00_AXI_inst/axi_rdata_reg[28]
  -------------------------------------------------------------------
                         required time                         -1.267    
                         arrival time                           1.382    
  -------------------------------------------------------------------
                         slack                                  0.115    

Slack (MET) :             0.115ns  (arrival time - required time)
  Source:                 mw0/datatrans_sys_i/trans_0/inst/trans_v1_0_S00_AXI_inst/axi_rdata_reg[5]/C
                            (rising edge-triggered cell FDRE clocked by clk_fpga_0  {rise@0.000ns fall@16.500ns period=33.000ns})
  Destination:            mw0/datatrans_sys_i/processing_system7_0_axi_periph/s00_couplers/auto_pc/inst/gen_axilite.gen_b2s_conv.axilite_b2s/RD.r_channel_0/rd_data_fifo_0/memory_reg[31][5]_srl32/D
                            (rising edge-triggered cell SRLC32E clocked by clk_fpga_0  {rise@0.000ns fall@16.500ns period=33.000ns})
  Path Group:             clk_fpga_0
  Path Type:              Hold (Min at Fast Process Corner)
  Requirement:            0.000ns  (clk_fpga_0 rise@0.000ns - clk_fpga_0 rise@0.000ns)
  Data Path Delay:        0.311ns  (logic 0.141ns (45.298%)  route 0.170ns (54.702%))
  Logic Levels:           0  
  Clock Path Skew:        0.013ns (DCD - SCD - CPR)
    Destination Clock Delay (DCD):    1.208ns
    Source Clock Delay      (SCD):    0.910ns
    Clock Pessimism Removal (CPR):    0.285ns

    Location             Delay type                Incr(ns)  Path(ns)    Netlist Resource(s)
  -------------------------------------------------------------------    -------------------
                         (clock clk_fpga_0 rise edge)
                                                      0.000     0.000 r  
    PS7_X0Y0             PS7                          0.000     0.000 r  mw0/datatrans_sys_i/processing_system7_0/inst/PS7_i/FCLKCLK[0]
                         net (fo=1, routed)           0.310     0.310    mw0/datatrans_sys_i/processing_system7_0/inst/FCLK_CLK_unbuffered[0]
    BUFGCTRL_X0Y16       BUFG (Prop_bufg_I_O)         0.026     0.336 r  mw0/datatrans_sys_i/processing_system7_0/inst/buffer_fclk_clk_0.FCLK_CLK_0_BUFG/O
                         net (fo=1014, routed)        0.574     0.910    mw0/datatrans_sys_i/trans_0/inst/trans_v1_0_S00_AXI_inst/s00_axi_aclk
    SLICE_X31Y89         FDRE                                         r  mw0/datatrans_sys_i/trans_0/inst/trans_v1_0_S00_AXI_inst/axi_rdata_reg[5]/C
  -------------------------------------------------------------------    -------------------
    SLICE_X31Y89         FDRE (Prop_fdre_C_Q)         0.141     1.051 r  mw0/datatrans_sys_i/trans_0/inst/trans_v1_0_S00_AXI_inst/axi_rdata_reg[5]/Q
                         net (fo=1, routed)           0.170     1.221    mw0/datatrans_sys_i/processing_system7_0_axi_periph/s00_couplers/auto_pc/inst/gen_axilite.gen_b2s_conv.axilite_b2s/RD.r_channel_0/rd_data_fifo_0/in[5]
    SLICE_X30Y89         SRLC32E                                      r  mw0/datatrans_sys_i/processing_system7_0_axi_periph/s00_couplers/auto_pc/inst/gen_axilite.gen_b2s_conv.axilite_b2s/RD.r_channel_0/rd_data_fifo_0/memory_reg[31][5]_srl32/D
  -------------------------------------------------------------------    -------------------

                         (clock clk_fpga_0 rise edge)
                                                      0.000     0.000 r  
    PS7_X0Y0             PS7                          0.000     0.000 r  mw0/datatrans_sys_i/processing_system7_0/inst/PS7_i/FCLKCLK[0]
                         net (fo=1, routed)           0.337     0.337    mw0/datatrans_sys_i/processing_system7_0/inst/FCLK_CLK_unbuffered[0]
    BUFGCTRL_X0Y16       BUFG (Prop_bufg_I_O)         0.029     0.366 r  mw0/datatrans_sys_i/processing_system7_0/inst/buffer_fclk_clk_0.FCLK_CLK_0_BUFG/O
                         net (fo=1014, routed)        0.842     1.208    mw0/datatrans_sys_i/processing_system7_0_axi_periph/s00_couplers/auto_pc/inst/gen_axilite.gen_b2s_conv.axilite_b2s/RD.r_channel_0/rd_data_fifo_0/aclk
    SLICE_X30Y89         SRLC32E                                      r  mw0/datatrans_sys_i/processing_system7_0_axi_periph/s00_couplers/auto_pc/inst/gen_axilite.gen_b2s_conv.axilite_b2s/RD.r_channel_0/rd_data_fifo_0/memory_reg[31][5]_srl32/CLK
                         clock pessimism             -0.285     0.923    
    SLICE_X30Y89         SRLC32E (Hold_srlc32e_CLK_D)
                                                      0.183     1.106    mw0/datatrans_sys_i/processing_system7_0_axi_periph/s00_couplers/auto_pc/inst/gen_axilite.gen_b2s_conv.axilite_b2s/RD.r_channel_0/rd_data_fifo_0/memory_reg[31][5]_srl32
  -------------------------------------------------------------------
                         required time                         -1.106    
                         arrival time                           1.221    
  -------------------------------------------------------------------
                         slack                                  0.115    

Slack (MET) :             0.117ns  (arrival time - required time)
  Source:                 mw0/datatrans_sys_i/rst_processing_system7_0_100M/U0/EXT_LPF/EXT_LPF[2].exr_lpf_reg[2]/C
                            (rising edge-triggered cell FDRE clocked by clk_fpga_0  {rise@0.000ns fall@16.500ns period=33.000ns})
  Destination:            mw0/datatrans_sys_i/rst_processing_system7_0_100M/U0/EXT_LPF/lpf_exr_reg/D
                            (rising edge-triggered cell FDRE clocked by clk_fpga_0  {rise@0.000ns fall@16.500ns period=33.000ns})
  Path Group:             clk_fpga_0
  Path Type:              Hold (Min at Fast Process Corner)
  Requirement:            0.000ns  (clk_fpga_0 rise@0.000ns - clk_fpga_0 rise@0.000ns)
  Data Path Delay:        0.251ns  (logic 0.186ns (74.103%)  route 0.065ns (25.897%))
  Logic Levels:           1  (LUT5=1)
  Clock Path Skew:        0.013ns (DCD - SCD - CPR)
    Destination Clock Delay (DCD):    1.278ns
    Source Clock Delay      (SCD):    0.977ns
    Clock Pessimism Removal (CPR):    0.288ns

    Location             Delay type                Incr(ns)  Path(ns)    Netlist Resource(s)
  -------------------------------------------------------------------    -------------------
                         (clock clk_fpga_0 rise edge)
                                                      0.000     0.000 r  
    PS7_X0Y0             PS7                          0.000     0.000 r  mw0/datatrans_sys_i/processing_system7_0/inst/PS7_i/FCLKCLK[0]
                         net (fo=1, routed)           0.310     0.310    mw0/datatrans_sys_i/processing_system7_0/inst/FCLK_CLK_unbuffered[0]
    BUFGCTRL_X0Y16       BUFG (Prop_bufg_I_O)         0.026     0.336 r  mw0/datatrans_sys_i/processing_system7_0/inst/buffer_fclk_clk_0.FCLK_CLK_0_BUFG/O
                         net (fo=1014, routed)        0.641     0.977    mw0/datatrans_sys_i/rst_processing_system7_0_100M/U0/EXT_LPF/slowest_sync_clk
    SLICE_X33Y100        FDRE                                         r  mw0/datatrans_sys_i/rst_processing_system7_0_100M/U0/EXT_LPF/EXT_LPF[2].exr_lpf_reg[2]/C
  -------------------------------------------------------------------    -------------------
    SLICE_X33Y100        FDRE (Prop_fdre_C_Q)         0.141     1.118 r  mw0/datatrans_sys_i/rst_processing_system7_0_100M/U0/EXT_LPF/EXT_LPF[2].exr_lpf_reg[2]/Q
                         net (fo=2, routed)           0.065     1.183    mw0/datatrans_sys_i/rst_processing_system7_0_100M/U0/EXT_LPF/ACTIVE_LOW_EXT.ACT_LO_EXT/p_1_in4_in
    SLICE_X32Y100        LUT5 (Prop_lut5_I1_O)        0.045     1.228 r  mw0/datatrans_sys_i/rst_processing_system7_0_100M/U0/EXT_LPF/ACTIVE_LOW_EXT.ACT_LO_EXT/lpf_exr_i_1/O
                         net (fo=1, routed)           0.000     1.228    mw0/datatrans_sys_i/rst_processing_system7_0_100M/U0/EXT_LPF/ACTIVE_LOW_EXT.ACT_LO_EXT_n_0
    SLICE_X32Y100        FDRE                                         r  mw0/datatrans_sys_i/rst_processing_system7_0_100M/U0/EXT_LPF/lpf_exr_reg/D
  -------------------------------------------------------------------    -------------------

                         (clock clk_fpga_0 rise edge)
                                                      0.000     0.000 r  
    PS7_X0Y0             PS7                          0.000     0.000 r  mw0/datatrans_sys_i/processing_system7_0/inst/PS7_i/FCLKCLK[0]
                         net (fo=1, routed)           0.337     0.337    mw0/datatrans_sys_i/processing_system7_0/inst/FCLK_CLK_unbuffered[0]
    BUFGCTRL_X0Y16       BUFG (Prop_bufg_I_O)         0.029     0.366 r  mw0/datatrans_sys_i/processing_system7_0/inst/buffer_fclk_clk_0.FCLK_CLK_0_BUFG/O
                         net (fo=1014, routed)        0.912     1.278    mw0/datatrans_sys_i/rst_processing_system7_0_100M/U0/EXT_LPF/slowest_sync_clk
    SLICE_X32Y100        FDRE                                         r  mw0/datatrans_sys_i/rst_processing_system7_0_100M/U0/EXT_LPF/lpf_exr_reg/C
                         clock pessimism             -0.288     0.990    
    SLICE_X32Y100        FDRE (Hold_fdre_C_D)         0.121     1.111    mw0/datatrans_sys_i/rst_processing_system7_0_100M/U0/EXT_LPF/lpf_exr_reg
  -------------------------------------------------------------------
                         required time                         -1.111    
                         arrival time                           1.228    
  -------------------------------------------------------------------
                         slack                                  0.117    





Pulse Width Checks
--------------------------------------------------------------------------------------
Clock Name:         clk_fpga_0
Waveform(ns):       { 0.000 16.500 }
Period(ns):         33.000
Sources:            { mw0/datatrans_sys_i/processing_system7_0/inst/PS7_i/FCLKCLK[0] }

Check Type        Corner  Lib Pin             Reference Pin  Required(ns)  Actual(ns)  Slack(ns)  Location      Pin
Min Period        n/a     RAMB36E1/CLKARDCLK  n/a            3.363         33.000      29.637     RAMB36_X2Y14  b0/U0/inst_blk_mem_gen/gnbram.gnativebmg.native_blk_mem_gen/valid.cstr/ramloop[0].ram.r/prim_noinit.ram/DEVICE_7SERIES.NO_BMM_INFO.TRUE_DP.CASCADED_PRIM36.ram_B/CLKARDCLK
Min Period        n/a     RAMB36E1/CLKBWRCLK  n/a            3.363         33.000      29.637     RAMB36_X2Y14  b0/U0/inst_blk_mem_gen/gnbram.gnativebmg.native_blk_mem_gen/valid.cstr/ramloop[0].ram.r/prim_noinit.ram/DEVICE_7SERIES.NO_BMM_INFO.TRUE_DP.CASCADED_PRIM36.ram_B/CLKBWRCLK
Min Period        n/a     RAMB36E1/CLKARDCLK  n/a            3.363         33.000      29.637     RAMB36_X2Y15  b0/U0/inst_blk_mem_gen/gnbram.gnativebmg.native_blk_mem_gen/valid.cstr/ramloop[0].ram.r/prim_noinit.ram/DEVICE_7SERIES.NO_BMM_INFO.TRUE_DP.CASCADED_PRIM36.ram_T/CLKARDCLK
Min Period        n/a     RAMB36E1/CLKBWRCLK  n/a            3.363         33.000      29.637     RAMB36_X2Y15  b0/U0/inst_blk_mem_gen/gnbram.gnativebmg.native_blk_mem_gen/valid.cstr/ramloop[0].ram.r/prim_noinit.ram/DEVICE_7SERIES.NO_BMM_INFO.TRUE_DP.CASCADED_PRIM36.ram_T/CLKBWRCLK
Min Period        n/a     RAMB36E1/CLKARDCLK  n/a            3.363         33.000      29.637     RAMB36_X2Y18  b0/U0/inst_blk_mem_gen/gnbram.gnativebmg.native_blk_mem_gen/valid.cstr/ramloop[1].ram.r/prim_noinit.ram/DEVICE_7SERIES.NO_BMM_INFO.TRUE_DP.CASCADED_PRIM36.ram_B/CLKARDCLK
Min Period        n/a     RAMB36E1/CLKBWRCLK  n/a            3.363         33.000      29.637     RAMB36_X2Y18  b0/U0/inst_blk_mem_gen/gnbram.gnativebmg.native_blk_mem_gen/valid.cstr/ramloop[1].ram.r/prim_noinit.ram/DEVICE_7SERIES.NO_BMM_INFO.TRUE_DP.CASCADED_PRIM36.ram_B/CLKBWRCLK
Min Period        n/a     RAMB36E1/CLKARDCLK  n/a            3.363         33.000      29.637     RAMB36_X2Y19  b0/U0/inst_blk_mem_gen/gnbram.gnativebmg.native_blk_mem_gen/valid.cstr/ramloop[1].ram.r/prim_noinit.ram/DEVICE_7SERIES.NO_BMM_INFO.TRUE_DP.CASCADED_PRIM36.ram_T/CLKARDCLK
Min Period        n/a     RAMB36E1/CLKBWRCLK  n/a            3.363         33.000      29.637     RAMB36_X2Y19  b0/U0/inst_blk_mem_gen/gnbram.gnativebmg.native_blk_mem_gen/valid.cstr/ramloop[1].ram.r/prim_noinit.ram/DEVICE_7SERIES.NO_BMM_INFO.TRUE_DP.CASCADED_PRIM36.ram_T/CLKBWRCLK
Min Period        n/a     RAMB36E1/CLKARDCLK  n/a            3.363         33.000      29.637     RAMB36_X2Y20  b0/U0/inst_blk_mem_gen/gnbram.gnativebmg.native_blk_mem_gen/valid.cstr/ramloop[2].ram.r/prim_noinit.ram/DEVICE_7SERIES.NO_BMM_INFO.TRUE_DP.CASCADED_PRIM36.ram_B/CLKARDCLK
Min Period        n/a     RAMB36E1/CLKBWRCLK  n/a            3.363         33.000      29.637     RAMB36_X2Y20  b0/U0/inst_blk_mem_gen/gnbram.gnativebmg.native_blk_mem_gen/valid.cstr/ramloop[2].ram.r/prim_noinit.ram/DEVICE_7SERIES.NO_BMM_INFO.TRUE_DP.CASCADED_PRIM36.ram_B/CLKBWRCLK
Low Pulse Width   Slow    SRLC32E/CLK         n/a            0.980         16.500      15.520     SLICE_X30Y89  mw0/datatrans_sys_i/processing_system7_0_axi_periph/s00_couplers/auto_pc/inst/gen_axilite.gen_b2s_conv.axilite_b2s/RD.r_channel_0/rd_data_fifo_0/memory_reg[31][0]_srl32/CLK
Low Pulse Width   Fast    SRLC32E/CLK         n/a            0.980         16.500      15.520     SLICE_X30Y89  mw0/datatrans_sys_i/processing_system7_0_axi_periph/s00_couplers/auto_pc/inst/gen_axilite.gen_b2s_conv.axilite_b2s/RD.r_channel_0/rd_data_fifo_0/memory_reg[31][0]_srl32/CLK
Low Pulse Width   Slow    SRLC32E/CLK         n/a            0.980         16.500      15.520     SLICE_X30Y91  mw0/datatrans_sys_i/processing_system7_0_axi_periph/s00_couplers/auto_pc/inst/gen_axilite.gen_b2s_conv.axilite_b2s/RD.r_channel_0/rd_data_fifo_0/memory_reg[31][10]_srl32/CLK
Low Pulse Width   Fast    SRLC32E/CLK         n/a            0.980         16.500      15.520     SLICE_X30Y91  mw0/datatrans_sys_i/processing_system7_0_axi_periph/s00_couplers/auto_pc/inst/gen_axilite.gen_b2s_conv.axilite_b2s/RD.r_channel_0/rd_data_fifo_0/memory_reg[31][10]_srl32/CLK
Low Pulse Width   Slow    SRLC32E/CLK         n/a            0.980         16.500      15.520     SLICE_X30Y93  mw0/datatrans_sys_i/processing_system7_0_axi_periph/s00_couplers/auto_pc/inst/gen_axilite.gen_b2s_conv.axilite_b2s/RD.r_channel_0/rd_data_fifo_0/memory_reg[31][11]_srl32/CLK
Low Pulse Width   Fast    SRLC32E/CLK         n/a            0.980         16.500      15.520     SLICE_X30Y93  mw0/datatrans_sys_i/processing_system7_0_axi_periph/s00_couplers/auto_pc/inst/gen_axilite.gen_b2s_conv.axilite_b2s/RD.r_channel_0/rd_data_fifo_0/memory_reg[31][11]_srl32/CLK
Low Pulse Width   Slow    SRLC32E/CLK         n/a            0.980         16.500      15.520     SLICE_X30Y92  mw0/datatrans_sys_i/processing_system7_0_axi_periph/s00_couplers/auto_pc/inst/gen_axilite.gen_b2s_conv.axilite_b2s/RD.r_channel_0/rd_data_fifo_0/memory_reg[31][12]_srl32/CLK
Low Pulse Width   Fast    SRLC32E/CLK         n/a            0.980         16.500      15.520     SLICE_X30Y92  mw0/datatrans_sys_i/processing_system7_0_axi_periph/s00_couplers/auto_pc/inst/gen_axilite.gen_b2s_conv.axilite_b2s/RD.r_channel_0/rd_data_fifo_0/memory_reg[31][12]_srl32/CLK
Low Pulse Width   Slow    SRLC32E/CLK         n/a            0.980         16.500      15.520     SLICE_X30Y92  mw0/datatrans_sys_i/processing_system7_0_axi_periph/s00_couplers/auto_pc/inst/gen_axilite.gen_b2s_conv.axilite_b2s/RD.r_channel_0/rd_data_fifo_0/memory_reg[31][13]_srl32/CLK
Low Pulse Width   Fast    SRLC32E/CLK         n/a            0.980         16.500      15.520     SLICE_X30Y92  mw0/datatrans_sys_i/processing_system7_0_axi_periph/s00_couplers/auto_pc/inst/gen_axilite.gen_b2s_conv.axilite_b2s/RD.r_channel_0/rd_data_fifo_0/memory_reg[31][13]_srl32/CLK
High Pulse Width  Slow    SRLC32E/CLK         n/a            0.980         16.500      15.520     SLICE_X30Y89  mw0/datatrans_sys_i/processing_system7_0_axi_periph/s00_couplers/auto_pc/inst/gen_axilite.gen_b2s_conv.axilite_b2s/RD.r_channel_0/rd_data_fifo_0/memory_reg[31][0]_srl32/CLK
High Pulse Width  Fast    SRLC32E/CLK         n/a            0.980         16.500      15.520     SLICE_X30Y89  mw0/datatrans_sys_i/processing_system7_0_axi_periph/s00_couplers/auto_pc/inst/gen_axilite.gen_b2s_conv.axilite_b2s/RD.r_channel_0/rd_data_fifo_0/memory_reg[31][0]_srl32/CLK
High Pulse Width  Slow    SRLC32E/CLK         n/a            0.980         16.500      15.520     SLICE_X30Y91  mw0/datatrans_sys_i/processing_system7_0_axi_periph/s00_couplers/auto_pc/inst/gen_axilite.gen_b2s_conv.axilite_b2s/RD.r_channel_0/rd_data_fifo_0/memory_reg[31][10]_srl32/CLK
High Pulse Width  Fast    SRLC32E/CLK         n/a            0.980         16.500      15.520     SLICE_X30Y91  mw0/datatrans_sys_i/processing_system7_0_axi_periph/s00_couplers/auto_pc/inst/gen_axilite.gen_b2s_conv.axilite_b2s/RD.r_channel_0/rd_data_fifo_0/memory_reg[31][10]_srl32/CLK
High Pulse Width  Slow    SRLC32E/CLK         n/a            0.980         16.500      15.520     SLICE_X30Y93  mw0/datatrans_sys_i/processing_system7_0_axi_periph/s00_couplers/auto_pc/inst/gen_axilite.gen_b2s_conv.axilite_b2s/RD.r_channel_0/rd_data_fifo_0/memory_reg[31][11]_srl32/CLK
High Pulse Width  Fast    SRLC32E/CLK         n/a            0.980         16.500      15.520     SLICE_X30Y93  mw0/datatrans_sys_i/processing_system7_0_axi_periph/s00_couplers/auto_pc/inst/gen_axilite.gen_b2s_conv.axilite_b2s/RD.r_channel_0/rd_data_fifo_0/memory_reg[31][11]_srl32/CLK
High Pulse Width  Slow    SRLC32E/CLK         n/a            0.980         16.500      15.520     SLICE_X30Y92  mw0/datatrans_sys_i/processing_system7_0_axi_periph/s00_couplers/auto_pc/inst/gen_axilite.gen_b2s_conv.axilite_b2s/RD.r_channel_0/rd_data_fifo_0/memory_reg[31][12]_srl32/CLK
High Pulse Width  Fast    SRLC32E/CLK         n/a            0.980         16.500      15.520     SLICE_X30Y92  mw0/datatrans_sys_i/processing_system7_0_axi_periph/s00_couplers/auto_pc/inst/gen_axilite.gen_b2s_conv.axilite_b2s/RD.r_channel_0/rd_data_fifo_0/memory_reg[31][12]_srl32/CLK
High Pulse Width  Slow    SRLC32E/CLK         n/a            0.980         16.500      15.520     SLICE_X30Y92  mw0/datatrans_sys_i/processing_system7_0_axi_periph/s00_couplers/auto_pc/inst/gen_axilite.gen_b2s_conv.axilite_b2s/RD.r_channel_0/rd_data_fifo_0/memory_reg[31][13]_srl32/CLK
High Pulse Width  Fast    SRLC32E/CLK         n/a            0.980         16.500      15.520     SLICE_X30Y92  mw0/datatrans_sys_i/processing_system7_0_axi_periph/s00_couplers/auto_pc/inst/gen_axilite.gen_b2s_conv.axilite_b2s/RD.r_channel_0/rd_data_fifo_0/memory_reg[31][13]_srl32/CLK



---------------------------------------------------------------------------------------------------
Path Group:  **async_default**
From Clock:  clk_fpga_0
  To Clock:  clk_fpga_0

Setup :            0  Failing Endpoints,  Worst Slack       23.125ns,  Total Violation        0.000ns
Hold  :            0  Failing Endpoints,  Worst Slack        1.842ns,  Total Violation        0.000ns
---------------------------------------------------------------------------------------------------


Max Delay Paths
--------------------------------------------------------------------------------------
Slack (MET) :             23.125ns  (required time - arrival time)
  Source:                 mw0/datatrans_sys_i/trans_0/inst/trans_v1_0_S00_AXI_inst/slv_reg0_reg[0]/C
                            (rising edge-triggered cell FDRE clocked by clk_fpga_0  {rise@0.000ns fall@16.500ns period=33.000ns})
  Destination:            ft0/Fr_reg[20]/CLR
                            (recovery check against rising-edge clock clk_fpga_0  {rise@0.000ns fall@16.500ns period=33.000ns})
  Path Group:             **async_default**
  Path Type:              Recovery (Max at Slow Process Corner)
  Requirement:            33.000ns  (clk_fpga_0 rise@33.000ns - clk_fpga_0 rise@0.000ns)
  Data Path Delay:        9.019ns  (logic 0.518ns (5.743%)  route 8.501ns (94.257%))
  Logic Levels:           0  
  Clock Path Skew:        -0.040ns (DCD - SCD + CPR)
    Destination Clock Delay (DCD):    2.776ns = ( 35.776 - 33.000 ) 
    Source Clock Delay      (SCD):    2.945ns
    Clock Pessimism Removal (CPR):    0.129ns
  Clock Uncertainty:      0.496ns  ((TSJ^2 + TIJ^2)^1/2 + DJ) / 2 + PE
    Total System Jitter     (TSJ):    0.071ns
    Total Input Jitter      (TIJ):    0.990ns
    Discrete Jitter          (DJ):    0.000ns
    Phase Error              (PE):    0.000ns

    Location             Delay type                Incr(ns)  Path(ns)    Netlist Resource(s)
  -------------------------------------------------------------------    -------------------
                         (clock clk_fpga_0 rise edge)
                                                      0.000     0.000 r  
    PS7_X0Y0             PS7                          0.000     0.000 r  mw0/datatrans_sys_i/processing_system7_0/inst/PS7_i/FCLKCLK[0]
                         net (fo=1, routed)           1.193     1.193    mw0/datatrans_sys_i/processing_system7_0/inst/FCLK_CLK_unbuffered[0]
    BUFGCTRL_X0Y16       BUFG (Prop_bufg_I_O)         0.101     1.294 r  mw0/datatrans_sys_i/processing_system7_0/inst/buffer_fclk_clk_0.FCLK_CLK_0_BUFG/O
                         net (fo=1014, routed)        1.651     2.945    mw0/datatrans_sys_i/trans_0/inst/trans_v1_0_S00_AXI_inst/s00_axi_aclk
    SLICE_X32Y92         FDRE                                         r  mw0/datatrans_sys_i/trans_0/inst/trans_v1_0_S00_AXI_inst/slv_reg0_reg[0]/C
  -------------------------------------------------------------------    -------------------
    SLICE_X32Y92         FDRE (Prop_fdre_C_Q)         0.518     3.463 f  mw0/datatrans_sys_i/trans_0/inst/trans_v1_0_S00_AXI_inst/slv_reg0_reg[0]/Q
                         net (fo=365, routed)         8.501    11.964    ft0/memctl
    SLICE_X96Y79         FDCE                                         f  ft0/Fr_reg[20]/CLR
  -------------------------------------------------------------------    -------------------

                         (clock clk_fpga_0 rise edge)
                                                     33.000    33.000 r  
    PS7_X0Y0             PS7                          0.000    33.000 r  mw0/datatrans_sys_i/processing_system7_0/inst/PS7_i/FCLKCLK[0]
                         net (fo=1, routed)           1.088    34.088    mw0/datatrans_sys_i/processing_system7_0/inst/FCLK_CLK_unbuffered[0]
    BUFGCTRL_X0Y16       BUFG (Prop_bufg_I_O)         0.091    34.179 r  mw0/datatrans_sys_i/processing_system7_0/inst/buffer_fclk_clk_0.FCLK_CLK_0_BUFG/O
                         net (fo=1014, routed)        1.597    35.776    ft0/CLK
    SLICE_X96Y79         FDCE                                         r  ft0/Fr_reg[20]/C
                         clock pessimism              0.129    35.905    
                         clock uncertainty           -0.496    35.408    
    SLICE_X96Y79         FDCE (Recov_fdce_C_CLR)     -0.319    35.089    ft0/Fr_reg[20]
  -------------------------------------------------------------------
                         required time                         35.089    
                         arrival time                         -11.964    
  -------------------------------------------------------------------
                         slack                                 23.125    

Slack (MET) :             23.125ns  (required time - arrival time)
  Source:                 mw0/datatrans_sys_i/trans_0/inst/trans_v1_0_S00_AXI_inst/slv_reg0_reg[0]/C
                            (rising edge-triggered cell FDRE clocked by clk_fpga_0  {rise@0.000ns fall@16.500ns period=33.000ns})
  Destination:            ft0/Fr_reg[21]/CLR
                            (recovery check against rising-edge clock clk_fpga_0  {rise@0.000ns fall@16.500ns period=33.000ns})
  Path Group:             **async_default**
  Path Type:              Recovery (Max at Slow Process Corner)
  Requirement:            33.000ns  (clk_fpga_0 rise@33.000ns - clk_fpga_0 rise@0.000ns)
  Data Path Delay:        9.019ns  (logic 0.518ns (5.743%)  route 8.501ns (94.257%))
  Logic Levels:           0  
  Clock Path Skew:        -0.040ns (DCD - SCD + CPR)
    Destination Clock Delay (DCD):    2.776ns = ( 35.776 - 33.000 ) 
    Source Clock Delay      (SCD):    2.945ns
    Clock Pessimism Removal (CPR):    0.129ns
  Clock Uncertainty:      0.496ns  ((TSJ^2 + TIJ^2)^1/2 + DJ) / 2 + PE
    Total System Jitter     (TSJ):    0.071ns
    Total Input Jitter      (TIJ):    0.990ns
    Discrete Jitter          (DJ):    0.000ns
    Phase Error              (PE):    0.000ns

    Location             Delay type                Incr(ns)  Path(ns)    Netlist Resource(s)
  -------------------------------------------------------------------    -------------------
                         (clock clk_fpga_0 rise edge)
                                                      0.000     0.000 r  
    PS7_X0Y0             PS7                          0.000     0.000 r  mw0/datatrans_sys_i/processing_system7_0/inst/PS7_i/FCLKCLK[0]
                         net (fo=1, routed)           1.193     1.193    mw0/datatrans_sys_i/processing_system7_0/inst/FCLK_CLK_unbuffered[0]
    BUFGCTRL_X0Y16       BUFG (Prop_bufg_I_O)         0.101     1.294 r  mw0/datatrans_sys_i/processing_system7_0/inst/buffer_fclk_clk_0.FCLK_CLK_0_BUFG/O
                         net (fo=1014, routed)        1.651     2.945    mw0/datatrans_sys_i/trans_0/inst/trans_v1_0_S00_AXI_inst/s00_axi_aclk
    SLICE_X32Y92         FDRE                                         r  mw0/datatrans_sys_i/trans_0/inst/trans_v1_0_S00_AXI_inst/slv_reg0_reg[0]/C
  -------------------------------------------------------------------    -------------------
    SLICE_X32Y92         FDRE (Prop_fdre_C_Q)         0.518     3.463 f  mw0/datatrans_sys_i/trans_0/inst/trans_v1_0_S00_AXI_inst/slv_reg0_reg[0]/Q
                         net (fo=365, routed)         8.501    11.964    ft0/memctl
    SLICE_X96Y79         FDCE                                         f  ft0/Fr_reg[21]/CLR
  -------------------------------------------------------------------    -------------------

                         (clock clk_fpga_0 rise edge)
                                                     33.000    33.000 r  
    PS7_X0Y0             PS7                          0.000    33.000 r  mw0/datatrans_sys_i/processing_system7_0/inst/PS7_i/FCLKCLK[0]
                         net (fo=1, routed)           1.088    34.088    mw0/datatrans_sys_i/processing_system7_0/inst/FCLK_CLK_unbuffered[0]
    BUFGCTRL_X0Y16       BUFG (Prop_bufg_I_O)         0.091    34.179 r  mw0/datatrans_sys_i/processing_system7_0/inst/buffer_fclk_clk_0.FCLK_CLK_0_BUFG/O
                         net (fo=1014, routed)        1.597    35.776    ft0/CLK
    SLICE_X96Y79         FDCE                                         r  ft0/Fr_reg[21]/C
                         clock pessimism              0.129    35.905    
                         clock uncertainty           -0.496    35.408    
    SLICE_X96Y79         FDCE (Recov_fdce_C_CLR)     -0.319    35.089    ft0/Fr_reg[21]
  -------------------------------------------------------------------
                         required time                         35.089    
                         arrival time                         -11.964    
  -------------------------------------------------------------------
                         slack                                 23.125    

Slack (MET) :             23.125ns  (required time - arrival time)
  Source:                 mw0/datatrans_sys_i/trans_0/inst/trans_v1_0_S00_AXI_inst/slv_reg0_reg[0]/C
                            (rising edge-triggered cell FDRE clocked by clk_fpga_0  {rise@0.000ns fall@16.500ns period=33.000ns})
  Destination:            ft0/Fr_reg[22]/CLR
                            (recovery check against rising-edge clock clk_fpga_0  {rise@0.000ns fall@16.500ns period=33.000ns})
  Path Group:             **async_default**
  Path Type:              Recovery (Max at Slow Process Corner)
  Requirement:            33.000ns  (clk_fpga_0 rise@33.000ns - clk_fpga_0 rise@0.000ns)
  Data Path Delay:        9.019ns  (logic 0.518ns (5.743%)  route 8.501ns (94.257%))
  Logic Levels:           0  
  Clock Path Skew:        -0.040ns (DCD - SCD + CPR)
    Destination Clock Delay (DCD):    2.776ns = ( 35.776 - 33.000 ) 
    Source Clock Delay      (SCD):    2.945ns
    Clock Pessimism Removal (CPR):    0.129ns
  Clock Uncertainty:      0.496ns  ((TSJ^2 + TIJ^2)^1/2 + DJ) / 2 + PE
    Total System Jitter     (TSJ):    0.071ns
    Total Input Jitter      (TIJ):    0.990ns
    Discrete Jitter          (DJ):    0.000ns
    Phase Error              (PE):    0.000ns

    Location             Delay type                Incr(ns)  Path(ns)    Netlist Resource(s)
  -------------------------------------------------------------------    -------------------
                         (clock clk_fpga_0 rise edge)
                                                      0.000     0.000 r  
    PS7_X0Y0             PS7                          0.000     0.000 r  mw0/datatrans_sys_i/processing_system7_0/inst/PS7_i/FCLKCLK[0]
                         net (fo=1, routed)           1.193     1.193    mw0/datatrans_sys_i/processing_system7_0/inst/FCLK_CLK_unbuffered[0]
    BUFGCTRL_X0Y16       BUFG (Prop_bufg_I_O)         0.101     1.294 r  mw0/datatrans_sys_i/processing_system7_0/inst/buffer_fclk_clk_0.FCLK_CLK_0_BUFG/O
                         net (fo=1014, routed)        1.651     2.945    mw0/datatrans_sys_i/trans_0/inst/trans_v1_0_S00_AXI_inst/s00_axi_aclk
    SLICE_X32Y92         FDRE                                         r  mw0/datatrans_sys_i/trans_0/inst/trans_v1_0_S00_AXI_inst/slv_reg0_reg[0]/C
  -------------------------------------------------------------------    -------------------
    SLICE_X32Y92         FDRE (Prop_fdre_C_Q)         0.518     3.463 f  mw0/datatrans_sys_i/trans_0/inst/trans_v1_0_S00_AXI_inst/slv_reg0_reg[0]/Q
                         net (fo=365, routed)         8.501    11.964    ft0/memctl
    SLICE_X96Y79         FDCE                                         f  ft0/Fr_reg[22]/CLR
  -------------------------------------------------------------------    -------------------

                         (clock clk_fpga_0 rise edge)
                                                     33.000    33.000 r  
    PS7_X0Y0             PS7                          0.000    33.000 r  mw0/datatrans_sys_i/processing_system7_0/inst/PS7_i/FCLKCLK[0]
                         net (fo=1, routed)           1.088    34.088    mw0/datatrans_sys_i/processing_system7_0/inst/FCLK_CLK_unbuffered[0]
    BUFGCTRL_X0Y16       BUFG (Prop_bufg_I_O)         0.091    34.179 r  mw0/datatrans_sys_i/processing_system7_0/inst/buffer_fclk_clk_0.FCLK_CLK_0_BUFG/O
                         net (fo=1014, routed)        1.597    35.776    ft0/CLK
    SLICE_X96Y79         FDCE                                         r  ft0/Fr_reg[22]/C
                         clock pessimism              0.129    35.905    
                         clock uncertainty           -0.496    35.408    
    SLICE_X96Y79         FDCE (Recov_fdce_C_CLR)     -0.319    35.089    ft0/Fr_reg[22]
  -------------------------------------------------------------------
                         required time                         35.089    
                         arrival time                         -11.964    
  -------------------------------------------------------------------
                         slack                                 23.125    

Slack (MET) :             23.125ns  (required time - arrival time)
  Source:                 mw0/datatrans_sys_i/trans_0/inst/trans_v1_0_S00_AXI_inst/slv_reg0_reg[0]/C
                            (rising edge-triggered cell FDRE clocked by clk_fpga_0  {rise@0.000ns fall@16.500ns period=33.000ns})
  Destination:            ft0/Fr_reg[23]/CLR
                            (recovery check against rising-edge clock clk_fpga_0  {rise@0.000ns fall@16.500ns period=33.000ns})
  Path Group:             **async_default**
  Path Type:              Recovery (Max at Slow Process Corner)
  Requirement:            33.000ns  (clk_fpga_0 rise@33.000ns - clk_fpga_0 rise@0.000ns)
  Data Path Delay:        9.019ns  (logic 0.518ns (5.743%)  route 8.501ns (94.257%))
  Logic Levels:           0  
  Clock Path Skew:        -0.040ns (DCD - SCD + CPR)
    Destination Clock Delay (DCD):    2.776ns = ( 35.776 - 33.000 ) 
    Source Clock Delay      (SCD):    2.945ns
    Clock Pessimism Removal (CPR):    0.129ns
  Clock Uncertainty:      0.496ns  ((TSJ^2 + TIJ^2)^1/2 + DJ) / 2 + PE
    Total System Jitter     (TSJ):    0.071ns
    Total Input Jitter      (TIJ):    0.990ns
    Discrete Jitter          (DJ):    0.000ns
    Phase Error              (PE):    0.000ns

    Location             Delay type                Incr(ns)  Path(ns)    Netlist Resource(s)
  -------------------------------------------------------------------    -------------------
                         (clock clk_fpga_0 rise edge)
                                                      0.000     0.000 r  
    PS7_X0Y0             PS7                          0.000     0.000 r  mw0/datatrans_sys_i/processing_system7_0/inst/PS7_i/FCLKCLK[0]
                         net (fo=1, routed)           1.193     1.193    mw0/datatrans_sys_i/processing_system7_0/inst/FCLK_CLK_unbuffered[0]
    BUFGCTRL_X0Y16       BUFG (Prop_bufg_I_O)         0.101     1.294 r  mw0/datatrans_sys_i/processing_system7_0/inst/buffer_fclk_clk_0.FCLK_CLK_0_BUFG/O
                         net (fo=1014, routed)        1.651     2.945    mw0/datatrans_sys_i/trans_0/inst/trans_v1_0_S00_AXI_inst/s00_axi_aclk
    SLICE_X32Y92         FDRE                                         r  mw0/datatrans_sys_i/trans_0/inst/trans_v1_0_S00_AXI_inst/slv_reg0_reg[0]/C
  -------------------------------------------------------------------    -------------------
    SLICE_X32Y92         FDRE (Prop_fdre_C_Q)         0.518     3.463 f  mw0/datatrans_sys_i/trans_0/inst/trans_v1_0_S00_AXI_inst/slv_reg0_reg[0]/Q
                         net (fo=365, routed)         8.501    11.964    ft0/memctl
    SLICE_X96Y79         FDCE                                         f  ft0/Fr_reg[23]/CLR
  -------------------------------------------------------------------    -------------------

                         (clock clk_fpga_0 rise edge)
                                                     33.000    33.000 r  
    PS7_X0Y0             PS7                          0.000    33.000 r  mw0/datatrans_sys_i/processing_system7_0/inst/PS7_i/FCLKCLK[0]
                         net (fo=1, routed)           1.088    34.088    mw0/datatrans_sys_i/processing_system7_0/inst/FCLK_CLK_unbuffered[0]
    BUFGCTRL_X0Y16       BUFG (Prop_bufg_I_O)         0.091    34.179 r  mw0/datatrans_sys_i/processing_system7_0/inst/buffer_fclk_clk_0.FCLK_CLK_0_BUFG/O
                         net (fo=1014, routed)        1.597    35.776    ft0/CLK
    SLICE_X96Y79         FDCE                                         r  ft0/Fr_reg[23]/C
                         clock pessimism              0.129    35.905    
                         clock uncertainty           -0.496    35.408    
    SLICE_X96Y79         FDCE (Recov_fdce_C_CLR)     -0.319    35.089    ft0/Fr_reg[23]
  -------------------------------------------------------------------
                         required time                         35.089    
                         arrival time                         -11.964    
  -------------------------------------------------------------------
                         slack                                 23.125    

Slack (MET) :             23.275ns  (required time - arrival time)
  Source:                 mw0/datatrans_sys_i/trans_0/inst/trans_v1_0_S00_AXI_inst/slv_reg0_reg[0]/C
                            (rising edge-triggered cell FDRE clocked by clk_fpga_0  {rise@0.000ns fall@16.500ns period=33.000ns})
  Destination:            ft0/Fr_reg[16]/CLR
                            (recovery check against rising-edge clock clk_fpga_0  {rise@0.000ns fall@16.500ns period=33.000ns})
  Path Group:             **async_default**
  Path Type:              Recovery (Max at Slow Process Corner)
  Requirement:            33.000ns  (clk_fpga_0 rise@33.000ns - clk_fpga_0 rise@0.000ns)
  Data Path Delay:        8.869ns  (logic 0.518ns (5.841%)  route 8.351ns (94.159%))
  Logic Levels:           0  
  Clock Path Skew:        -0.041ns (DCD - SCD + CPR)
    Destination Clock Delay (DCD):    2.775ns = ( 35.775 - 33.000 ) 
    Source Clock Delay      (SCD):    2.945ns
    Clock Pessimism Removal (CPR):    0.129ns
  Clock Uncertainty:      0.496ns  ((TSJ^2 + TIJ^2)^1/2 + DJ) / 2 + PE
    Total System Jitter     (TSJ):    0.071ns
    Total Input Jitter      (TIJ):    0.990ns
    Discrete Jitter          (DJ):    0.000ns
    Phase Error              (PE):    0.000ns

    Location             Delay type                Incr(ns)  Path(ns)    Netlist Resource(s)
  -------------------------------------------------------------------    -------------------
                         (clock clk_fpga_0 rise edge)
                                                      0.000     0.000 r  
    PS7_X0Y0             PS7                          0.000     0.000 r  mw0/datatrans_sys_i/processing_system7_0/inst/PS7_i/FCLKCLK[0]
                         net (fo=1, routed)           1.193     1.193    mw0/datatrans_sys_i/processing_system7_0/inst/FCLK_CLK_unbuffered[0]
    BUFGCTRL_X0Y16       BUFG (Prop_bufg_I_O)         0.101     1.294 r  mw0/datatrans_sys_i/processing_system7_0/inst/buffer_fclk_clk_0.FCLK_CLK_0_BUFG/O
                         net (fo=1014, routed)        1.651     2.945    mw0/datatrans_sys_i/trans_0/inst/trans_v1_0_S00_AXI_inst/s00_axi_aclk
    SLICE_X32Y92         FDRE                                         r  mw0/datatrans_sys_i/trans_0/inst/trans_v1_0_S00_AXI_inst/slv_reg0_reg[0]/C
  -------------------------------------------------------------------    -------------------
    SLICE_X32Y92         FDRE (Prop_fdre_C_Q)         0.518     3.463 f  mw0/datatrans_sys_i/trans_0/inst/trans_v1_0_S00_AXI_inst/slv_reg0_reg[0]/Q
                         net (fo=365, routed)         8.351    11.814    ft0/memctl
    SLICE_X96Y78         FDCE                                         f  ft0/Fr_reg[16]/CLR
  -------------------------------------------------------------------    -------------------

                         (clock clk_fpga_0 rise edge)
                                                     33.000    33.000 r  
    PS7_X0Y0             PS7                          0.000    33.000 r  mw0/datatrans_sys_i/processing_system7_0/inst/PS7_i/FCLKCLK[0]
                         net (fo=1, routed)           1.088    34.088    mw0/datatrans_sys_i/processing_system7_0/inst/FCLK_CLK_unbuffered[0]
    BUFGCTRL_X0Y16       BUFG (Prop_bufg_I_O)         0.091    34.179 r  mw0/datatrans_sys_i/processing_system7_0/inst/buffer_fclk_clk_0.FCLK_CLK_0_BUFG/O
                         net (fo=1014, routed)        1.596    35.775    ft0/CLK
    SLICE_X96Y78         FDCE                                         r  ft0/Fr_reg[16]/C
                         clock pessimism              0.129    35.904    
                         clock uncertainty           -0.496    35.407    
    SLICE_X96Y78         FDCE (Recov_fdce_C_CLR)     -0.319    35.088    ft0/Fr_reg[16]
  -------------------------------------------------------------------
                         required time                         35.088    
                         arrival time                         -11.814    
  -------------------------------------------------------------------
                         slack                                 23.275    

Slack (MET) :             23.275ns  (required time - arrival time)
  Source:                 mw0/datatrans_sys_i/trans_0/inst/trans_v1_0_S00_AXI_inst/slv_reg0_reg[0]/C
                            (rising edge-triggered cell FDRE clocked by clk_fpga_0  {rise@0.000ns fall@16.500ns period=33.000ns})
  Destination:            ft0/Fr_reg[17]/CLR
                            (recovery check against rising-edge clock clk_fpga_0  {rise@0.000ns fall@16.500ns period=33.000ns})
  Path Group:             **async_default**
  Path Type:              Recovery (Max at Slow Process Corner)
  Requirement:            33.000ns  (clk_fpga_0 rise@33.000ns - clk_fpga_0 rise@0.000ns)
  Data Path Delay:        8.869ns  (logic 0.518ns (5.841%)  route 8.351ns (94.159%))
  Logic Levels:           0  
  Clock Path Skew:        -0.041ns (DCD - SCD + CPR)
    Destination Clock Delay (DCD):    2.775ns = ( 35.775 - 33.000 ) 
    Source Clock Delay      (SCD):    2.945ns
    Clock Pessimism Removal (CPR):    0.129ns
  Clock Uncertainty:      0.496ns  ((TSJ^2 + TIJ^2)^1/2 + DJ) / 2 + PE
    Total System Jitter     (TSJ):    0.071ns
    Total Input Jitter      (TIJ):    0.990ns
    Discrete Jitter          (DJ):    0.000ns
    Phase Error              (PE):    0.000ns

    Location             Delay type                Incr(ns)  Path(ns)    Netlist Resource(s)
  -------------------------------------------------------------------    -------------------
                         (clock clk_fpga_0 rise edge)
                                                      0.000     0.000 r  
    PS7_X0Y0             PS7                          0.000     0.000 r  mw0/datatrans_sys_i/processing_system7_0/inst/PS7_i/FCLKCLK[0]
                         net (fo=1, routed)           1.193     1.193    mw0/datatrans_sys_i/processing_system7_0/inst/FCLK_CLK_unbuffered[0]
    BUFGCTRL_X0Y16       BUFG (Prop_bufg_I_O)         0.101     1.294 r  mw0/datatrans_sys_i/processing_system7_0/inst/buffer_fclk_clk_0.FCLK_CLK_0_BUFG/O
                         net (fo=1014, routed)        1.651     2.945    mw0/datatrans_sys_i/trans_0/inst/trans_v1_0_S00_AXI_inst/s00_axi_aclk
    SLICE_X32Y92         FDRE                                         r  mw0/datatrans_sys_i/trans_0/inst/trans_v1_0_S00_AXI_inst/slv_reg0_reg[0]/C
  -------------------------------------------------------------------    -------------------
    SLICE_X32Y92         FDRE (Prop_fdre_C_Q)         0.518     3.463 f  mw0/datatrans_sys_i/trans_0/inst/trans_v1_0_S00_AXI_inst/slv_reg0_reg[0]/Q
                         net (fo=365, routed)         8.351    11.814    ft0/memctl
    SLICE_X96Y78         FDCE                                         f  ft0/Fr_reg[17]/CLR
  -------------------------------------------------------------------    -------------------

                         (clock clk_fpga_0 rise edge)
                                                     33.000    33.000 r  
    PS7_X0Y0             PS7                          0.000    33.000 r  mw0/datatrans_sys_i/processing_system7_0/inst/PS7_i/FCLKCLK[0]
                         net (fo=1, routed)           1.088    34.088    mw0/datatrans_sys_i/processing_system7_0/inst/FCLK_CLK_unbuffered[0]
    BUFGCTRL_X0Y16       BUFG (Prop_bufg_I_O)         0.091    34.179 r  mw0/datatrans_sys_i/processing_system7_0/inst/buffer_fclk_clk_0.FCLK_CLK_0_BUFG/O
                         net (fo=1014, routed)        1.596    35.775    ft0/CLK
    SLICE_X96Y78         FDCE                                         r  ft0/Fr_reg[17]/C
                         clock pessimism              0.129    35.904    
                         clock uncertainty           -0.496    35.407    
    SLICE_X96Y78         FDCE (Recov_fdce_C_CLR)     -0.319    35.088    ft0/Fr_reg[17]
  -------------------------------------------------------------------
                         required time                         35.088    
                         arrival time                         -11.814    
  -------------------------------------------------------------------
                         slack                                 23.275    

Slack (MET) :             23.275ns  (required time - arrival time)
  Source:                 mw0/datatrans_sys_i/trans_0/inst/trans_v1_0_S00_AXI_inst/slv_reg0_reg[0]/C
                            (rising edge-triggered cell FDRE clocked by clk_fpga_0  {rise@0.000ns fall@16.500ns period=33.000ns})
  Destination:            ft0/Fr_reg[18]/CLR
                            (recovery check against rising-edge clock clk_fpga_0  {rise@0.000ns fall@16.500ns period=33.000ns})
  Path Group:             **async_default**
  Path Type:              Recovery (Max at Slow Process Corner)
  Requirement:            33.000ns  (clk_fpga_0 rise@33.000ns - clk_fpga_0 rise@0.000ns)
  Data Path Delay:        8.869ns  (logic 0.518ns (5.841%)  route 8.351ns (94.159%))
  Logic Levels:           0  
  Clock Path Skew:        -0.041ns (DCD - SCD + CPR)
    Destination Clock Delay (DCD):    2.775ns = ( 35.775 - 33.000 ) 
    Source Clock Delay      (SCD):    2.945ns
    Clock Pessimism Removal (CPR):    0.129ns
  Clock Uncertainty:      0.496ns  ((TSJ^2 + TIJ^2)^1/2 + DJ) / 2 + PE
    Total System Jitter     (TSJ):    0.071ns
    Total Input Jitter      (TIJ):    0.990ns
    Discrete Jitter          (DJ):    0.000ns
    Phase Error              (PE):    0.000ns

    Location             Delay type                Incr(ns)  Path(ns)    Netlist Resource(s)
  -------------------------------------------------------------------    -------------------
                         (clock clk_fpga_0 rise edge)
                                                      0.000     0.000 r  
    PS7_X0Y0             PS7                          0.000     0.000 r  mw0/datatrans_sys_i/processing_system7_0/inst/PS7_i/FCLKCLK[0]
                         net (fo=1, routed)           1.193     1.193    mw0/datatrans_sys_i/processing_system7_0/inst/FCLK_CLK_unbuffered[0]
    BUFGCTRL_X0Y16       BUFG (Prop_bufg_I_O)         0.101     1.294 r  mw0/datatrans_sys_i/processing_system7_0/inst/buffer_fclk_clk_0.FCLK_CLK_0_BUFG/O
                         net (fo=1014, routed)        1.651     2.945    mw0/datatrans_sys_i/trans_0/inst/trans_v1_0_S00_AXI_inst/s00_axi_aclk
    SLICE_X32Y92         FDRE                                         r  mw0/datatrans_sys_i/trans_0/inst/trans_v1_0_S00_AXI_inst/slv_reg0_reg[0]/C
  -------------------------------------------------------------------    -------------------
    SLICE_X32Y92         FDRE (Prop_fdre_C_Q)         0.518     3.463 f  mw0/datatrans_sys_i/trans_0/inst/trans_v1_0_S00_AXI_inst/slv_reg0_reg[0]/Q
                         net (fo=365, routed)         8.351    11.814    ft0/memctl
    SLICE_X96Y78         FDCE                                         f  ft0/Fr_reg[18]/CLR
  -------------------------------------------------------------------    -------------------

                         (clock clk_fpga_0 rise edge)
                                                     33.000    33.000 r  
    PS7_X0Y0             PS7                          0.000    33.000 r  mw0/datatrans_sys_i/processing_system7_0/inst/PS7_i/FCLKCLK[0]
                         net (fo=1, routed)           1.088    34.088    mw0/datatrans_sys_i/processing_system7_0/inst/FCLK_CLK_unbuffered[0]
    BUFGCTRL_X0Y16       BUFG (Prop_bufg_I_O)         0.091    34.179 r  mw0/datatrans_sys_i/processing_system7_0/inst/buffer_fclk_clk_0.FCLK_CLK_0_BUFG/O
                         net (fo=1014, routed)        1.596    35.775    ft0/CLK
    SLICE_X96Y78         FDCE                                         r  ft0/Fr_reg[18]/C
                         clock pessimism              0.129    35.904    
                         clock uncertainty           -0.496    35.407    
    SLICE_X96Y78         FDCE (Recov_fdce_C_CLR)     -0.319    35.088    ft0/Fr_reg[18]
  -------------------------------------------------------------------
                         required time                         35.088    
                         arrival time                         -11.814    
  -------------------------------------------------------------------
                         slack                                 23.275    

Slack (MET) :             23.275ns  (required time - arrival time)
  Source:                 mw0/datatrans_sys_i/trans_0/inst/trans_v1_0_S00_AXI_inst/slv_reg0_reg[0]/C
                            (rising edge-triggered cell FDRE clocked by clk_fpga_0  {rise@0.000ns fall@16.500ns period=33.000ns})
  Destination:            ft0/Fr_reg[19]/CLR
                            (recovery check against rising-edge clock clk_fpga_0  {rise@0.000ns fall@16.500ns period=33.000ns})
  Path Group:             **async_default**
  Path Type:              Recovery (Max at Slow Process Corner)
  Requirement:            33.000ns  (clk_fpga_0 rise@33.000ns - clk_fpga_0 rise@0.000ns)
  Data Path Delay:        8.869ns  (logic 0.518ns (5.841%)  route 8.351ns (94.159%))
  Logic Levels:           0  
  Clock Path Skew:        -0.041ns (DCD - SCD + CPR)
    Destination Clock Delay (DCD):    2.775ns = ( 35.775 - 33.000 ) 
    Source Clock Delay      (SCD):    2.945ns
    Clock Pessimism Removal (CPR):    0.129ns
  Clock Uncertainty:      0.496ns  ((TSJ^2 + TIJ^2)^1/2 + DJ) / 2 + PE
    Total System Jitter     (TSJ):    0.071ns
    Total Input Jitter      (TIJ):    0.990ns
    Discrete Jitter          (DJ):    0.000ns
    Phase Error              (PE):    0.000ns

    Location             Delay type                Incr(ns)  Path(ns)    Netlist Resource(s)
  -------------------------------------------------------------------    -------------------
                         (clock clk_fpga_0 rise edge)
                                                      0.000     0.000 r  
    PS7_X0Y0             PS7                          0.000     0.000 r  mw0/datatrans_sys_i/processing_system7_0/inst/PS7_i/FCLKCLK[0]
                         net (fo=1, routed)           1.193     1.193    mw0/datatrans_sys_i/processing_system7_0/inst/FCLK_CLK_unbuffered[0]
    BUFGCTRL_X0Y16       BUFG (Prop_bufg_I_O)         0.101     1.294 r  mw0/datatrans_sys_i/processing_system7_0/inst/buffer_fclk_clk_0.FCLK_CLK_0_BUFG/O
                         net (fo=1014, routed)        1.651     2.945    mw0/datatrans_sys_i/trans_0/inst/trans_v1_0_S00_AXI_inst/s00_axi_aclk
    SLICE_X32Y92         FDRE                                         r  mw0/datatrans_sys_i/trans_0/inst/trans_v1_0_S00_AXI_inst/slv_reg0_reg[0]/C
  -------------------------------------------------------------------    -------------------
    SLICE_X32Y92         FDRE (Prop_fdre_C_Q)         0.518     3.463 f  mw0/datatrans_sys_i/trans_0/inst/trans_v1_0_S00_AXI_inst/slv_reg0_reg[0]/Q
                         net (fo=365, routed)         8.351    11.814    ft0/memctl
    SLICE_X96Y78         FDCE                                         f  ft0/Fr_reg[19]/CLR
  -------------------------------------------------------------------    -------------------

                         (clock clk_fpga_0 rise edge)
                                                     33.000    33.000 r  
    PS7_X0Y0             PS7                          0.000    33.000 r  mw0/datatrans_sys_i/processing_system7_0/inst/PS7_i/FCLKCLK[0]
                         net (fo=1, routed)           1.088    34.088    mw0/datatrans_sys_i/processing_system7_0/inst/FCLK_CLK_unbuffered[0]
    BUFGCTRL_X0Y16       BUFG (Prop_bufg_I_O)         0.091    34.179 r  mw0/datatrans_sys_i/processing_system7_0/inst/buffer_fclk_clk_0.FCLK_CLK_0_BUFG/O
                         net (fo=1014, routed)        1.596    35.775    ft0/CLK
    SLICE_X96Y78         FDCE                                         r  ft0/Fr_reg[19]/C
                         clock pessimism              0.129    35.904    
                         clock uncertainty           -0.496    35.407    
    SLICE_X96Y78         FDCE (Recov_fdce_C_CLR)     -0.319    35.088    ft0/Fr_reg[19]
  -------------------------------------------------------------------
                         required time                         35.088    
                         arrival time                         -11.814    
  -------------------------------------------------------------------
                         slack                                 23.275    

Slack (MET) :             23.412ns  (required time - arrival time)
  Source:                 mw0/datatrans_sys_i/trans_0/inst/trans_v1_0_S00_AXI_inst/slv_reg0_reg[0]/C
                            (rising edge-triggered cell FDRE clocked by clk_fpga_0  {rise@0.000ns fall@16.500ns period=33.000ns})
  Destination:            ft0/Fi_reg[32]/CLR
                            (recovery check against rising-edge clock clk_fpga_0  {rise@0.000ns fall@16.500ns period=33.000ns})
  Path Group:             **async_default**
  Path Type:              Recovery (Max at Slow Process Corner)
  Requirement:            33.000ns  (clk_fpga_0 rise@33.000ns - clk_fpga_0 rise@0.000ns)
  Data Path Delay:        8.733ns  (logic 0.518ns (5.932%)  route 8.215ns (94.068%))
  Logic Levels:           0  
  Clock Path Skew:        -0.040ns (DCD - SCD + CPR)
    Destination Clock Delay (DCD):    2.776ns = ( 35.776 - 33.000 ) 
    Source Clock Delay      (SCD):    2.945ns
    Clock Pessimism Removal (CPR):    0.129ns
  Clock Uncertainty:      0.496ns  ((TSJ^2 + TIJ^2)^1/2 + DJ) / 2 + PE
    Total System Jitter     (TSJ):    0.071ns
    Total Input Jitter      (TIJ):    0.990ns
    Discrete Jitter          (DJ):    0.000ns
    Phase Error              (PE):    0.000ns

    Location             Delay type                Incr(ns)  Path(ns)    Netlist Resource(s)
  -------------------------------------------------------------------    -------------------
                         (clock clk_fpga_0 rise edge)
                                                      0.000     0.000 r  
    PS7_X0Y0             PS7                          0.000     0.000 r  mw0/datatrans_sys_i/processing_system7_0/inst/PS7_i/FCLKCLK[0]
                         net (fo=1, routed)           1.193     1.193    mw0/datatrans_sys_i/processing_system7_0/inst/FCLK_CLK_unbuffered[0]
    BUFGCTRL_X0Y16       BUFG (Prop_bufg_I_O)         0.101     1.294 r  mw0/datatrans_sys_i/processing_system7_0/inst/buffer_fclk_clk_0.FCLK_CLK_0_BUFG/O
                         net (fo=1014, routed)        1.651     2.945    mw0/datatrans_sys_i/trans_0/inst/trans_v1_0_S00_AXI_inst/s00_axi_aclk
    SLICE_X32Y92         FDRE                                         r  mw0/datatrans_sys_i/trans_0/inst/trans_v1_0_S00_AXI_inst/slv_reg0_reg[0]/C
  -------------------------------------------------------------------    -------------------
    SLICE_X32Y92         FDRE (Prop_fdre_C_Q)         0.518     3.463 f  mw0/datatrans_sys_i/trans_0/inst/trans_v1_0_S00_AXI_inst/slv_reg0_reg[0]/Q
                         net (fo=365, routed)         8.215    11.677    ft0/memctl
    SLICE_X94Y79         FDCE                                         f  ft0/Fi_reg[32]/CLR
  -------------------------------------------------------------------    -------------------

                         (clock clk_fpga_0 rise edge)
                                                     33.000    33.000 r  
    PS7_X0Y0             PS7                          0.000    33.000 r  mw0/datatrans_sys_i/processing_system7_0/inst/PS7_i/FCLKCLK[0]
                         net (fo=1, routed)           1.088    34.088    mw0/datatrans_sys_i/processing_system7_0/inst/FCLK_CLK_unbuffered[0]
    BUFGCTRL_X0Y16       BUFG (Prop_bufg_I_O)         0.091    34.179 r  mw0/datatrans_sys_i/processing_system7_0/inst/buffer_fclk_clk_0.FCLK_CLK_0_BUFG/O
                         net (fo=1014, routed)        1.597    35.776    ft0/CLK
    SLICE_X94Y79         FDCE                                         r  ft0/Fi_reg[32]/C
                         clock pessimism              0.129    35.905    
                         clock uncertainty           -0.496    35.408    
    SLICE_X94Y79         FDCE (Recov_fdce_C_CLR)     -0.319    35.089    ft0/Fi_reg[32]
  -------------------------------------------------------------------
                         required time                         35.089    
                         arrival time                         -11.677    
  -------------------------------------------------------------------
                         slack                                 23.412    

Slack (MET) :             23.412ns  (required time - arrival time)
  Source:                 mw0/datatrans_sys_i/trans_0/inst/trans_v1_0_S00_AXI_inst/slv_reg0_reg[0]/C
                            (rising edge-triggered cell FDRE clocked by clk_fpga_0  {rise@0.000ns fall@16.500ns period=33.000ns})
  Destination:            ft0/Fi_reg[33]/CLR
                            (recovery check against rising-edge clock clk_fpga_0  {rise@0.000ns fall@16.500ns period=33.000ns})
  Path Group:             **async_default**
  Path Type:              Recovery (Max at Slow Process Corner)
  Requirement:            33.000ns  (clk_fpga_0 rise@33.000ns - clk_fpga_0 rise@0.000ns)
  Data Path Delay:        8.733ns  (logic 0.518ns (5.932%)  route 8.215ns (94.068%))
  Logic Levels:           0  
  Clock Path Skew:        -0.040ns (DCD - SCD + CPR)
    Destination Clock Delay (DCD):    2.776ns = ( 35.776 - 33.000 ) 
    Source Clock Delay      (SCD):    2.945ns
    Clock Pessimism Removal (CPR):    0.129ns
  Clock Uncertainty:      0.496ns  ((TSJ^2 + TIJ^2)^1/2 + DJ) / 2 + PE
    Total System Jitter     (TSJ):    0.071ns
    Total Input Jitter      (TIJ):    0.990ns
    Discrete Jitter          (DJ):    0.000ns
    Phase Error              (PE):    0.000ns

    Location             Delay type                Incr(ns)  Path(ns)    Netlist Resource(s)
  -------------------------------------------------------------------    -------------------
                         (clock clk_fpga_0 rise edge)
                                                      0.000     0.000 r  
    PS7_X0Y0             PS7                          0.000     0.000 r  mw0/datatrans_sys_i/processing_system7_0/inst/PS7_i/FCLKCLK[0]
                         net (fo=1, routed)           1.193     1.193    mw0/datatrans_sys_i/processing_system7_0/inst/FCLK_CLK_unbuffered[0]
    BUFGCTRL_X0Y16       BUFG (Prop_bufg_I_O)         0.101     1.294 r  mw0/datatrans_sys_i/processing_system7_0/inst/buffer_fclk_clk_0.FCLK_CLK_0_BUFG/O
                         net (fo=1014, routed)        1.651     2.945    mw0/datatrans_sys_i/trans_0/inst/trans_v1_0_S00_AXI_inst/s00_axi_aclk
    SLICE_X32Y92         FDRE                                         r  mw0/datatrans_sys_i/trans_0/inst/trans_v1_0_S00_AXI_inst/slv_reg0_reg[0]/C
  -------------------------------------------------------------------    -------------------
    SLICE_X32Y92         FDRE (Prop_fdre_C_Q)         0.518     3.463 f  mw0/datatrans_sys_i/trans_0/inst/trans_v1_0_S00_AXI_inst/slv_reg0_reg[0]/Q
                         net (fo=365, routed)         8.215    11.677    ft0/memctl
    SLICE_X94Y79         FDCE                                         f  ft0/Fi_reg[33]/CLR
  -------------------------------------------------------------------    -------------------

                         (clock clk_fpga_0 rise edge)
                                                     33.000    33.000 r  
    PS7_X0Y0             PS7                          0.000    33.000 r  mw0/datatrans_sys_i/processing_system7_0/inst/PS7_i/FCLKCLK[0]
                         net (fo=1, routed)           1.088    34.088    mw0/datatrans_sys_i/processing_system7_0/inst/FCLK_CLK_unbuffered[0]
    BUFGCTRL_X0Y16       BUFG (Prop_bufg_I_O)         0.091    34.179 r  mw0/datatrans_sys_i/processing_system7_0/inst/buffer_fclk_clk_0.FCLK_CLK_0_BUFG/O
                         net (fo=1014, routed)        1.597    35.776    ft0/CLK
    SLICE_X94Y79         FDCE                                         r  ft0/Fi_reg[33]/C
                         clock pessimism              0.129    35.905    
                         clock uncertainty           -0.496    35.408    
    SLICE_X94Y79         FDCE (Recov_fdce_C_CLR)     -0.319    35.089    ft0/Fi_reg[33]
  -------------------------------------------------------------------
                         required time                         35.089    
                         arrival time                         -11.677    
  -------------------------------------------------------------------
                         slack                                 23.412    





Min Delay Paths
--------------------------------------------------------------------------------------
Slack (MET) :             1.842ns  (arrival time - required time)
  Source:                 mw0/datatrans_sys_i/trans_0/inst/trans_v1_0_S00_AXI_inst/slv_reg0_reg[0]/C
                            (rising edge-triggered cell FDRE clocked by clk_fpga_0  {rise@0.000ns fall@16.500ns period=33.000ns})
  Destination:            ft0/Fr_reg[36]/CLR
                            (removal check against rising-edge clock clk_fpga_0  {rise@0.000ns fall@16.500ns period=33.000ns})
  Path Group:             **async_default**
  Path Type:              Removal (Min at Fast Process Corner)
  Requirement:            0.000ns  (clk_fpga_0 rise@0.000ns - clk_fpga_0 rise@0.000ns)
  Data Path Delay:        2.082ns  (logic 0.164ns (7.876%)  route 1.918ns (92.124%))
  Logic Levels:           0  
  Clock Path Skew:        0.307ns (DCD - SCD - CPR)
    Destination Clock Delay (DCD):    1.235ns
    Source Clock Delay      (SCD):    0.893ns
    Clock Pessimism Removal (CPR):    0.035ns

    Location             Delay type                Incr(ns)  Path(ns)    Netlist Resource(s)
  -------------------------------------------------------------------    -------------------
                         (clock clk_fpga_0 rise edge)
                                                      0.000     0.000 r  
    PS7_X0Y0             PS7                          0.000     0.000 r  mw0/datatrans_sys_i/processing_system7_0/inst/PS7_i/FCLKCLK[0]
                         net (fo=1, routed)           0.310     0.310    mw0/datatrans_sys_i/processing_system7_0/inst/FCLK_CLK_unbuffered[0]
    BUFGCTRL_X0Y16       BUFG (Prop_bufg_I_O)         0.026     0.336 r  mw0/datatrans_sys_i/processing_system7_0/inst/buffer_fclk_clk_0.FCLK_CLK_0_BUFG/O
                         net (fo=1014, routed)        0.557     0.893    mw0/datatrans_sys_i/trans_0/inst/trans_v1_0_S00_AXI_inst/s00_axi_aclk
    SLICE_X32Y92         FDRE                                         r  mw0/datatrans_sys_i/trans_0/inst/trans_v1_0_S00_AXI_inst/slv_reg0_reg[0]/C
  -------------------------------------------------------------------    -------------------
    SLICE_X32Y92         FDRE (Prop_fdre_C_Q)         0.164     1.057 f  mw0/datatrans_sys_i/trans_0/inst/trans_v1_0_S00_AXI_inst/slv_reg0_reg[0]/Q
                         net (fo=365, routed)         1.918     2.975    ft0/memctl
    SLICE_X94Y82         FDCE                                         f  ft0/Fr_reg[36]/CLR
  -------------------------------------------------------------------    -------------------

                         (clock clk_fpga_0 rise edge)
                                                      0.000     0.000 r  
    PS7_X0Y0             PS7                          0.000     0.000 r  mw0/datatrans_sys_i/processing_system7_0/inst/PS7_i/FCLKCLK[0]
                         net (fo=1, routed)           0.337     0.337    mw0/datatrans_sys_i/processing_system7_0/inst/FCLK_CLK_unbuffered[0]
    BUFGCTRL_X0Y16       BUFG (Prop_bufg_I_O)         0.029     0.366 r  mw0/datatrans_sys_i/processing_system7_0/inst/buffer_fclk_clk_0.FCLK_CLK_0_BUFG/O
                         net (fo=1014, routed)        0.869     1.235    ft0/CLK
    SLICE_X94Y82         FDCE                                         r  ft0/Fr_reg[36]/C
                         clock pessimism             -0.035     1.200    
    SLICE_X94Y82         FDCE (Remov_fdce_C_CLR)     -0.067     1.133    ft0/Fr_reg[36]
  -------------------------------------------------------------------
                         required time                         -1.133    
                         arrival time                           2.975    
  -------------------------------------------------------------------
                         slack                                  1.842    

Slack (MET) :             1.842ns  (arrival time - required time)
  Source:                 mw0/datatrans_sys_i/trans_0/inst/trans_v1_0_S00_AXI_inst/slv_reg0_reg[0]/C
                            (rising edge-triggered cell FDRE clocked by clk_fpga_0  {rise@0.000ns fall@16.500ns period=33.000ns})
  Destination:            ft0/Fr_reg[37]/CLR
                            (removal check against rising-edge clock clk_fpga_0  {rise@0.000ns fall@16.500ns period=33.000ns})
  Path Group:             **async_default**
  Path Type:              Removal (Min at Fast Process Corner)
  Requirement:            0.000ns  (clk_fpga_0 rise@0.000ns - clk_fpga_0 rise@0.000ns)
  Data Path Delay:        2.082ns  (logic 0.164ns (7.876%)  route 1.918ns (92.124%))
  Logic Levels:           0  
  Clock Path Skew:        0.307ns (DCD - SCD - CPR)
    Destination Clock Delay (DCD):    1.235ns
    Source Clock Delay      (SCD):    0.893ns
    Clock Pessimism Removal (CPR):    0.035ns

    Location             Delay type                Incr(ns)  Path(ns)    Netlist Resource(s)
  -------------------------------------------------------------------    -------------------
                         (clock clk_fpga_0 rise edge)
                                                      0.000     0.000 r  
    PS7_X0Y0             PS7                          0.000     0.000 r  mw0/datatrans_sys_i/processing_system7_0/inst/PS7_i/FCLKCLK[0]
                         net (fo=1, routed)           0.310     0.310    mw0/datatrans_sys_i/processing_system7_0/inst/FCLK_CLK_unbuffered[0]
    BUFGCTRL_X0Y16       BUFG (Prop_bufg_I_O)         0.026     0.336 r  mw0/datatrans_sys_i/processing_system7_0/inst/buffer_fclk_clk_0.FCLK_CLK_0_BUFG/O
                         net (fo=1014, routed)        0.557     0.893    mw0/datatrans_sys_i/trans_0/inst/trans_v1_0_S00_AXI_inst/s00_axi_aclk
    SLICE_X32Y92         FDRE                                         r  mw0/datatrans_sys_i/trans_0/inst/trans_v1_0_S00_AXI_inst/slv_reg0_reg[0]/C
  -------------------------------------------------------------------    -------------------
    SLICE_X32Y92         FDRE (Prop_fdre_C_Q)         0.164     1.057 f  mw0/datatrans_sys_i/trans_0/inst/trans_v1_0_S00_AXI_inst/slv_reg0_reg[0]/Q
                         net (fo=365, routed)         1.918     2.975    ft0/memctl
    SLICE_X94Y82         FDCE                                         f  ft0/Fr_reg[37]/CLR
  -------------------------------------------------------------------    -------------------

                         (clock clk_fpga_0 rise edge)
                                                      0.000     0.000 r  
    PS7_X0Y0             PS7                          0.000     0.000 r  mw0/datatrans_sys_i/processing_system7_0/inst/PS7_i/FCLKCLK[0]
                         net (fo=1, routed)           0.337     0.337    mw0/datatrans_sys_i/processing_system7_0/inst/FCLK_CLK_unbuffered[0]
    BUFGCTRL_X0Y16       BUFG (Prop_bufg_I_O)         0.029     0.366 r  mw0/datatrans_sys_i/processing_system7_0/inst/buffer_fclk_clk_0.FCLK_CLK_0_BUFG/O
                         net (fo=1014, routed)        0.869     1.235    ft0/CLK
    SLICE_X94Y82         FDCE                                         r  ft0/Fr_reg[37]/C
                         clock pessimism             -0.035     1.200    
    SLICE_X94Y82         FDCE (Remov_fdce_C_CLR)     -0.067     1.133    ft0/Fr_reg[37]
  -------------------------------------------------------------------
                         required time                         -1.133    
                         arrival time                           2.975    
  -------------------------------------------------------------------
                         slack                                  1.842    

Slack (MET) :             1.842ns  (arrival time - required time)
  Source:                 mw0/datatrans_sys_i/trans_0/inst/trans_v1_0_S00_AXI_inst/slv_reg0_reg[0]/C
                            (rising edge-triggered cell FDRE clocked by clk_fpga_0  {rise@0.000ns fall@16.500ns period=33.000ns})
  Destination:            ft0/Fr_reg[38]/CLR
                            (removal check against rising-edge clock clk_fpga_0  {rise@0.000ns fall@16.500ns period=33.000ns})
  Path Group:             **async_default**
  Path Type:              Removal (Min at Fast Process Corner)
  Requirement:            0.000ns  (clk_fpga_0 rise@0.000ns - clk_fpga_0 rise@0.000ns)
  Data Path Delay:        2.082ns  (logic 0.164ns (7.876%)  route 1.918ns (92.124%))
  Logic Levels:           0  
  Clock Path Skew:        0.307ns (DCD - SCD - CPR)
    Destination Clock Delay (DCD):    1.235ns
    Source Clock Delay      (SCD):    0.893ns
    Clock Pessimism Removal (CPR):    0.035ns

    Location             Delay type                Incr(ns)  Path(ns)    Netlist Resource(s)
  -------------------------------------------------------------------    -------------------
                         (clock clk_fpga_0 rise edge)
                                                      0.000     0.000 r  
    PS7_X0Y0             PS7                          0.000     0.000 r  mw0/datatrans_sys_i/processing_system7_0/inst/PS7_i/FCLKCLK[0]
                         net (fo=1, routed)           0.310     0.310    mw0/datatrans_sys_i/processing_system7_0/inst/FCLK_CLK_unbuffered[0]
    BUFGCTRL_X0Y16       BUFG (Prop_bufg_I_O)         0.026     0.336 r  mw0/datatrans_sys_i/processing_system7_0/inst/buffer_fclk_clk_0.FCLK_CLK_0_BUFG/O
                         net (fo=1014, routed)        0.557     0.893    mw0/datatrans_sys_i/trans_0/inst/trans_v1_0_S00_AXI_inst/s00_axi_aclk
    SLICE_X32Y92         FDRE                                         r  mw0/datatrans_sys_i/trans_0/inst/trans_v1_0_S00_AXI_inst/slv_reg0_reg[0]/C
  -------------------------------------------------------------------    -------------------
    SLICE_X32Y92         FDRE (Prop_fdre_C_Q)         0.164     1.057 f  mw0/datatrans_sys_i/trans_0/inst/trans_v1_0_S00_AXI_inst/slv_reg0_reg[0]/Q
                         net (fo=365, routed)         1.918     2.975    ft0/memctl
    SLICE_X94Y82         FDCE                                         f  ft0/Fr_reg[38]/CLR
  -------------------------------------------------------------------    -------------------

                         (clock clk_fpga_0 rise edge)
                                                      0.000     0.000 r  
    PS7_X0Y0             PS7                          0.000     0.000 r  mw0/datatrans_sys_i/processing_system7_0/inst/PS7_i/FCLKCLK[0]
                         net (fo=1, routed)           0.337     0.337    mw0/datatrans_sys_i/processing_system7_0/inst/FCLK_CLK_unbuffered[0]
    BUFGCTRL_X0Y16       BUFG (Prop_bufg_I_O)         0.029     0.366 r  mw0/datatrans_sys_i/processing_system7_0/inst/buffer_fclk_clk_0.FCLK_CLK_0_BUFG/O
                         net (fo=1014, routed)        0.869     1.235    ft0/CLK
    SLICE_X94Y82         FDCE                                         r  ft0/Fr_reg[38]/C
                         clock pessimism             -0.035     1.200    
    SLICE_X94Y82         FDCE (Remov_fdce_C_CLR)     -0.067     1.133    ft0/Fr_reg[38]
  -------------------------------------------------------------------
                         required time                         -1.133    
                         arrival time                           2.975    
  -------------------------------------------------------------------
                         slack                                  1.842    

Slack (MET) :             1.842ns  (arrival time - required time)
  Source:                 mw0/datatrans_sys_i/trans_0/inst/trans_v1_0_S00_AXI_inst/slv_reg0_reg[0]/C
                            (rising edge-triggered cell FDRE clocked by clk_fpga_0  {rise@0.000ns fall@16.500ns period=33.000ns})
  Destination:            ft0/Fr_reg[39]/CLR
                            (removal check against rising-edge clock clk_fpga_0  {rise@0.000ns fall@16.500ns period=33.000ns})
  Path Group:             **async_default**
  Path Type:              Removal (Min at Fast Process Corner)
  Requirement:            0.000ns  (clk_fpga_0 rise@0.000ns - clk_fpga_0 rise@0.000ns)
  Data Path Delay:        2.082ns  (logic 0.164ns (7.876%)  route 1.918ns (92.124%))
  Logic Levels:           0  
  Clock Path Skew:        0.307ns (DCD - SCD - CPR)
    Destination Clock Delay (DCD):    1.235ns
    Source Clock Delay      (SCD):    0.893ns
    Clock Pessimism Removal (CPR):    0.035ns

    Location             Delay type                Incr(ns)  Path(ns)    Netlist Resource(s)
  -------------------------------------------------------------------    -------------------
                         (clock clk_fpga_0 rise edge)
                                                      0.000     0.000 r  
    PS7_X0Y0             PS7                          0.000     0.000 r  mw0/datatrans_sys_i/processing_system7_0/inst/PS7_i/FCLKCLK[0]
                         net (fo=1, routed)           0.310     0.310    mw0/datatrans_sys_i/processing_system7_0/inst/FCLK_CLK_unbuffered[0]
    BUFGCTRL_X0Y16       BUFG (Prop_bufg_I_O)         0.026     0.336 r  mw0/datatrans_sys_i/processing_system7_0/inst/buffer_fclk_clk_0.FCLK_CLK_0_BUFG/O
                         net (fo=1014, routed)        0.557     0.893    mw0/datatrans_sys_i/trans_0/inst/trans_v1_0_S00_AXI_inst/s00_axi_aclk
    SLICE_X32Y92         FDRE                                         r  mw0/datatrans_sys_i/trans_0/inst/trans_v1_0_S00_AXI_inst/slv_reg0_reg[0]/C
  -------------------------------------------------------------------    -------------------
    SLICE_X32Y92         FDRE (Prop_fdre_C_Q)         0.164     1.057 f  mw0/datatrans_sys_i/trans_0/inst/trans_v1_0_S00_AXI_inst/slv_reg0_reg[0]/Q
                         net (fo=365, routed)         1.918     2.975    ft0/memctl
    SLICE_X94Y82         FDCE                                         f  ft0/Fr_reg[39]/CLR
  -------------------------------------------------------------------    -------------------

                         (clock clk_fpga_0 rise edge)
                                                      0.000     0.000 r  
    PS7_X0Y0             PS7                          0.000     0.000 r  mw0/datatrans_sys_i/processing_system7_0/inst/PS7_i/FCLKCLK[0]
                         net (fo=1, routed)           0.337     0.337    mw0/datatrans_sys_i/processing_system7_0/inst/FCLK_CLK_unbuffered[0]
    BUFGCTRL_X0Y16       BUFG (Prop_bufg_I_O)         0.029     0.366 r  mw0/datatrans_sys_i/processing_system7_0/inst/buffer_fclk_clk_0.FCLK_CLK_0_BUFG/O
                         net (fo=1014, routed)        0.869     1.235    ft0/CLK
    SLICE_X94Y82         FDCE                                         r  ft0/Fr_reg[39]/C
                         clock pessimism             -0.035     1.200    
    SLICE_X94Y82         FDCE (Remov_fdce_C_CLR)     -0.067     1.133    ft0/Fr_reg[39]
  -------------------------------------------------------------------
                         required time                         -1.133    
                         arrival time                           2.975    
  -------------------------------------------------------------------
                         slack                                  1.842    

Slack (MET) :             1.896ns  (arrival time - required time)
  Source:                 mw0/datatrans_sys_i/trans_0/inst/trans_v1_0_S00_AXI_inst/slv_reg0_reg[0]/C
                            (rising edge-triggered cell FDRE clocked by clk_fpga_0  {rise@0.000ns fall@16.500ns period=33.000ns})
  Destination:            ft0/Fr_reg[32]/CLR
                            (removal check against rising-edge clock clk_fpga_0  {rise@0.000ns fall@16.500ns period=33.000ns})
  Path Group:             **async_default**
  Path Type:              Removal (Min at Fast Process Corner)
  Requirement:            0.000ns  (clk_fpga_0 rise@0.000ns - clk_fpga_0 rise@0.000ns)
  Data Path Delay:        2.135ns  (logic 0.164ns (7.680%)  route 1.971ns (92.320%))
  Logic Levels:           0  
  Clock Path Skew:        0.306ns (DCD - SCD - CPR)
    Destination Clock Delay (DCD):    1.234ns
    Source Clock Delay      (SCD):    0.893ns
    Clock Pessimism Removal (CPR):    0.035ns

    Location             Delay type                Incr(ns)  Path(ns)    Netlist Resource(s)
  -------------------------------------------------------------------    -------------------
                         (clock clk_fpga_0 rise edge)
                                                      0.000     0.000 r  
    PS7_X0Y0             PS7                          0.000     0.000 r  mw0/datatrans_sys_i/processing_system7_0/inst/PS7_i/FCLKCLK[0]
                         net (fo=1, routed)           0.310     0.310    mw0/datatrans_sys_i/processing_system7_0/inst/FCLK_CLK_unbuffered[0]
    BUFGCTRL_X0Y16       BUFG (Prop_bufg_I_O)         0.026     0.336 r  mw0/datatrans_sys_i/processing_system7_0/inst/buffer_fclk_clk_0.FCLK_CLK_0_BUFG/O
                         net (fo=1014, routed)        0.557     0.893    mw0/datatrans_sys_i/trans_0/inst/trans_v1_0_S00_AXI_inst/s00_axi_aclk
    SLICE_X32Y92         FDRE                                         r  mw0/datatrans_sys_i/trans_0/inst/trans_v1_0_S00_AXI_inst/slv_reg0_reg[0]/C
  -------------------------------------------------------------------    -------------------
    SLICE_X32Y92         FDRE (Prop_fdre_C_Q)         0.164     1.057 f  mw0/datatrans_sys_i/trans_0/inst/trans_v1_0_S00_AXI_inst/slv_reg0_reg[0]/Q
                         net (fo=365, routed)         1.971     3.028    ft0/memctl
    SLICE_X94Y81         FDCE                                         f  ft0/Fr_reg[32]/CLR
  -------------------------------------------------------------------    -------------------

                         (clock clk_fpga_0 rise edge)
                                                      0.000     0.000 r  
    PS7_X0Y0             PS7                          0.000     0.000 r  mw0/datatrans_sys_i/processing_system7_0/inst/PS7_i/FCLKCLK[0]
                         net (fo=1, routed)           0.337     0.337    mw0/datatrans_sys_i/processing_system7_0/inst/FCLK_CLK_unbuffered[0]
    BUFGCTRL_X0Y16       BUFG (Prop_bufg_I_O)         0.029     0.366 r  mw0/datatrans_sys_i/processing_system7_0/inst/buffer_fclk_clk_0.FCLK_CLK_0_BUFG/O
                         net (fo=1014, routed)        0.868     1.234    ft0/CLK
    SLICE_X94Y81         FDCE                                         r  ft0/Fr_reg[32]/C
                         clock pessimism             -0.035     1.199    
    SLICE_X94Y81         FDCE (Remov_fdce_C_CLR)     -0.067     1.132    ft0/Fr_reg[32]
  -------------------------------------------------------------------
                         required time                         -1.132    
                         arrival time                           3.028    
  -------------------------------------------------------------------
                         slack                                  1.896    

Slack (MET) :             1.896ns  (arrival time - required time)
  Source:                 mw0/datatrans_sys_i/trans_0/inst/trans_v1_0_S00_AXI_inst/slv_reg0_reg[0]/C
                            (rising edge-triggered cell FDRE clocked by clk_fpga_0  {rise@0.000ns fall@16.500ns period=33.000ns})
  Destination:            ft0/Fr_reg[33]/CLR
                            (removal check against rising-edge clock clk_fpga_0  {rise@0.000ns fall@16.500ns period=33.000ns})
  Path Group:             **async_default**
  Path Type:              Removal (Min at Fast Process Corner)
  Requirement:            0.000ns  (clk_fpga_0 rise@0.000ns - clk_fpga_0 rise@0.000ns)
  Data Path Delay:        2.135ns  (logic 0.164ns (7.680%)  route 1.971ns (92.320%))
  Logic Levels:           0  
  Clock Path Skew:        0.306ns (DCD - SCD - CPR)
    Destination Clock Delay (DCD):    1.234ns
    Source Clock Delay      (SCD):    0.893ns
    Clock Pessimism Removal (CPR):    0.035ns

    Location             Delay type                Incr(ns)  Path(ns)    Netlist Resource(s)
  -------------------------------------------------------------------    -------------------
                         (clock clk_fpga_0 rise edge)
                                                      0.000     0.000 r  
    PS7_X0Y0             PS7                          0.000     0.000 r  mw0/datatrans_sys_i/processing_system7_0/inst/PS7_i/FCLKCLK[0]
                         net (fo=1, routed)           0.310     0.310    mw0/datatrans_sys_i/processing_system7_0/inst/FCLK_CLK_unbuffered[0]
    BUFGCTRL_X0Y16       BUFG (Prop_bufg_I_O)         0.026     0.336 r  mw0/datatrans_sys_i/processing_system7_0/inst/buffer_fclk_clk_0.FCLK_CLK_0_BUFG/O
                         net (fo=1014, routed)        0.557     0.893    mw0/datatrans_sys_i/trans_0/inst/trans_v1_0_S00_AXI_inst/s00_axi_aclk
    SLICE_X32Y92         FDRE                                         r  mw0/datatrans_sys_i/trans_0/inst/trans_v1_0_S00_AXI_inst/slv_reg0_reg[0]/C
  -------------------------------------------------------------------    -------------------
    SLICE_X32Y92         FDRE (Prop_fdre_C_Q)         0.164     1.057 f  mw0/datatrans_sys_i/trans_0/inst/trans_v1_0_S00_AXI_inst/slv_reg0_reg[0]/Q
                         net (fo=365, routed)         1.971     3.028    ft0/memctl
    SLICE_X94Y81         FDCE                                         f  ft0/Fr_reg[33]/CLR
  -------------------------------------------------------------------    -------------------

                         (clock clk_fpga_0 rise edge)
                                                      0.000     0.000 r  
    PS7_X0Y0             PS7                          0.000     0.000 r  mw0/datatrans_sys_i/processing_system7_0/inst/PS7_i/FCLKCLK[0]
                         net (fo=1, routed)           0.337     0.337    mw0/datatrans_sys_i/processing_system7_0/inst/FCLK_CLK_unbuffered[0]
    BUFGCTRL_X0Y16       BUFG (Prop_bufg_I_O)         0.029     0.366 r  mw0/datatrans_sys_i/processing_system7_0/inst/buffer_fclk_clk_0.FCLK_CLK_0_BUFG/O
                         net (fo=1014, routed)        0.868     1.234    ft0/CLK
    SLICE_X94Y81         FDCE                                         r  ft0/Fr_reg[33]/C
                         clock pessimism             -0.035     1.199    
    SLICE_X94Y81         FDCE (Remov_fdce_C_CLR)     -0.067     1.132    ft0/Fr_reg[33]
  -------------------------------------------------------------------
                         required time                         -1.132    
                         arrival time                           3.028    
  -------------------------------------------------------------------
                         slack                                  1.896    

Slack (MET) :             1.896ns  (arrival time - required time)
  Source:                 mw0/datatrans_sys_i/trans_0/inst/trans_v1_0_S00_AXI_inst/slv_reg0_reg[0]/C
                            (rising edge-triggered cell FDRE clocked by clk_fpga_0  {rise@0.000ns fall@16.500ns period=33.000ns})
  Destination:            ft0/Fr_reg[34]/CLR
                            (removal check against rising-edge clock clk_fpga_0  {rise@0.000ns fall@16.500ns period=33.000ns})
  Path Group:             **async_default**
  Path Type:              Removal (Min at Fast Process Corner)
  Requirement:            0.000ns  (clk_fpga_0 rise@0.000ns - clk_fpga_0 rise@0.000ns)
  Data Path Delay:        2.135ns  (logic 0.164ns (7.680%)  route 1.971ns (92.320%))
  Logic Levels:           0  
  Clock Path Skew:        0.306ns (DCD - SCD - CPR)
    Destination Clock Delay (DCD):    1.234ns
    Source Clock Delay      (SCD):    0.893ns
    Clock Pessimism Removal (CPR):    0.035ns

    Location             Delay type                Incr(ns)  Path(ns)    Netlist Resource(s)
  -------------------------------------------------------------------    -------------------
                         (clock clk_fpga_0 rise edge)
                                                      0.000     0.000 r  
    PS7_X0Y0             PS7                          0.000     0.000 r  mw0/datatrans_sys_i/processing_system7_0/inst/PS7_i/FCLKCLK[0]
                         net (fo=1, routed)           0.310     0.310    mw0/datatrans_sys_i/processing_system7_0/inst/FCLK_CLK_unbuffered[0]
    BUFGCTRL_X0Y16       BUFG (Prop_bufg_I_O)         0.026     0.336 r  mw0/datatrans_sys_i/processing_system7_0/inst/buffer_fclk_clk_0.FCLK_CLK_0_BUFG/O
                         net (fo=1014, routed)        0.557     0.893    mw0/datatrans_sys_i/trans_0/inst/trans_v1_0_S00_AXI_inst/s00_axi_aclk
    SLICE_X32Y92         FDRE                                         r  mw0/datatrans_sys_i/trans_0/inst/trans_v1_0_S00_AXI_inst/slv_reg0_reg[0]/C
  -------------------------------------------------------------------    -------------------
    SLICE_X32Y92         FDRE (Prop_fdre_C_Q)         0.164     1.057 f  mw0/datatrans_sys_i/trans_0/inst/trans_v1_0_S00_AXI_inst/slv_reg0_reg[0]/Q
                         net (fo=365, routed)         1.971     3.028    ft0/memctl
    SLICE_X94Y81         FDCE                                         f  ft0/Fr_reg[34]/CLR
  -------------------------------------------------------------------    -------------------

                         (clock clk_fpga_0 rise edge)
                                                      0.000     0.000 r  
    PS7_X0Y0             PS7                          0.000     0.000 r  mw0/datatrans_sys_i/processing_system7_0/inst/PS7_i/FCLKCLK[0]
                         net (fo=1, routed)           0.337     0.337    mw0/datatrans_sys_i/processing_system7_0/inst/FCLK_CLK_unbuffered[0]
    BUFGCTRL_X0Y16       BUFG (Prop_bufg_I_O)         0.029     0.366 r  mw0/datatrans_sys_i/processing_system7_0/inst/buffer_fclk_clk_0.FCLK_CLK_0_BUFG/O
                         net (fo=1014, routed)        0.868     1.234    ft0/CLK
    SLICE_X94Y81         FDCE                                         r  ft0/Fr_reg[34]/C
                         clock pessimism             -0.035     1.199    
    SLICE_X94Y81         FDCE (Remov_fdce_C_CLR)     -0.067     1.132    ft0/Fr_reg[34]
  -------------------------------------------------------------------
                         required time                         -1.132    
                         arrival time                           3.028    
  -------------------------------------------------------------------
                         slack                                  1.896    

Slack (MET) :             1.896ns  (arrival time - required time)
  Source:                 mw0/datatrans_sys_i/trans_0/inst/trans_v1_0_S00_AXI_inst/slv_reg0_reg[0]/C
                            (rising edge-triggered cell FDRE clocked by clk_fpga_0  {rise@0.000ns fall@16.500ns period=33.000ns})
  Destination:            ft0/Fr_reg[35]/CLR
                            (removal check against rising-edge clock clk_fpga_0  {rise@0.000ns fall@16.500ns period=33.000ns})
  Path Group:             **async_default**
  Path Type:              Removal (Min at Fast Process Corner)
  Requirement:            0.000ns  (clk_fpga_0 rise@0.000ns - clk_fpga_0 rise@0.000ns)
  Data Path Delay:        2.135ns  (logic 0.164ns (7.680%)  route 1.971ns (92.320%))
  Logic Levels:           0  
  Clock Path Skew:        0.306ns (DCD - SCD - CPR)
    Destination Clock Delay (DCD):    1.234ns
    Source Clock Delay      (SCD):    0.893ns
    Clock Pessimism Removal (CPR):    0.035ns

    Location             Delay type                Incr(ns)  Path(ns)    Netlist Resource(s)
  -------------------------------------------------------------------    -------------------
                         (clock clk_fpga_0 rise edge)
                                                      0.000     0.000 r  
    PS7_X0Y0             PS7                          0.000     0.000 r  mw0/datatrans_sys_i/processing_system7_0/inst/PS7_i/FCLKCLK[0]
                         net (fo=1, routed)           0.310     0.310    mw0/datatrans_sys_i/processing_system7_0/inst/FCLK_CLK_unbuffered[0]
    BUFGCTRL_X0Y16       BUFG (Prop_bufg_I_O)         0.026     0.336 r  mw0/datatrans_sys_i/processing_system7_0/inst/buffer_fclk_clk_0.FCLK_CLK_0_BUFG/O
                         net (fo=1014, routed)        0.557     0.893    mw0/datatrans_sys_i/trans_0/inst/trans_v1_0_S00_AXI_inst/s00_axi_aclk
    SLICE_X32Y92         FDRE                                         r  mw0/datatrans_sys_i/trans_0/inst/trans_v1_0_S00_AXI_inst/slv_reg0_reg[0]/C
  -------------------------------------------------------------------    -------------------
    SLICE_X32Y92         FDRE (Prop_fdre_C_Q)         0.164     1.057 f  mw0/datatrans_sys_i/trans_0/inst/trans_v1_0_S00_AXI_inst/slv_reg0_reg[0]/Q
                         net (fo=365, routed)         1.971     3.028    ft0/memctl
    SLICE_X94Y81         FDCE                                         f  ft0/Fr_reg[35]/CLR
  -------------------------------------------------------------------    -------------------

                         (clock clk_fpga_0 rise edge)
                                                      0.000     0.000 r  
    PS7_X0Y0             PS7                          0.000     0.000 r  mw0/datatrans_sys_i/processing_system7_0/inst/PS7_i/FCLKCLK[0]
                         net (fo=1, routed)           0.337     0.337    mw0/datatrans_sys_i/processing_system7_0/inst/FCLK_CLK_unbuffered[0]
    BUFGCTRL_X0Y16       BUFG (Prop_bufg_I_O)         0.029     0.366 r  mw0/datatrans_sys_i/processing_system7_0/inst/buffer_fclk_clk_0.FCLK_CLK_0_BUFG/O
                         net (fo=1014, routed)        0.868     1.234    ft0/CLK
    SLICE_X94Y81         FDCE                                         r  ft0/Fr_reg[35]/C
                         clock pessimism             -0.035     1.199    
    SLICE_X94Y81         FDCE (Remov_fdce_C_CLR)     -0.067     1.132    ft0/Fr_reg[35]
  -------------------------------------------------------------------
                         required time                         -1.132    
                         arrival time                           3.028    
  -------------------------------------------------------------------
                         slack                                  1.896    

Slack (MET) :             1.962ns  (arrival time - required time)
  Source:                 mw0/datatrans_sys_i/trans_0/inst/trans_v1_0_S00_AXI_inst/slv_reg0_reg[0]/C
                            (rising edge-triggered cell FDRE clocked by clk_fpga_0  {rise@0.000ns fall@16.500ns period=33.000ns})
  Destination:            ft0/Fi_reg[36]/CLR
                            (removal check against rising-edge clock clk_fpga_0  {rise@0.000ns fall@16.500ns period=33.000ns})
  Path Group:             **async_default**
  Path Type:              Removal (Min at Fast Process Corner)
  Requirement:            0.000ns  (clk_fpga_0 rise@0.000ns - clk_fpga_0 rise@0.000ns)
  Data Path Delay:        2.200ns  (logic 0.164ns (7.455%)  route 2.036ns (92.545%))
  Logic Levels:           0  
  Clock Path Skew:        0.305ns (DCD - SCD - CPR)
    Destination Clock Delay (DCD):    1.233ns
    Source Clock Delay      (SCD):    0.893ns
    Clock Pessimism Removal (CPR):    0.035ns

    Location             Delay type                Incr(ns)  Path(ns)    Netlist Resource(s)
  -------------------------------------------------------------------    -------------------
                         (clock clk_fpga_0 rise edge)
                                                      0.000     0.000 r  
    PS7_X0Y0             PS7                          0.000     0.000 r  mw0/datatrans_sys_i/processing_system7_0/inst/PS7_i/FCLKCLK[0]
                         net (fo=1, routed)           0.310     0.310    mw0/datatrans_sys_i/processing_system7_0/inst/FCLK_CLK_unbuffered[0]
    BUFGCTRL_X0Y16       BUFG (Prop_bufg_I_O)         0.026     0.336 r  mw0/datatrans_sys_i/processing_system7_0/inst/buffer_fclk_clk_0.FCLK_CLK_0_BUFG/O
                         net (fo=1014, routed)        0.557     0.893    mw0/datatrans_sys_i/trans_0/inst/trans_v1_0_S00_AXI_inst/s00_axi_aclk
    SLICE_X32Y92         FDRE                                         r  mw0/datatrans_sys_i/trans_0/inst/trans_v1_0_S00_AXI_inst/slv_reg0_reg[0]/C
  -------------------------------------------------------------------    -------------------
    SLICE_X32Y92         FDRE (Prop_fdre_C_Q)         0.164     1.057 f  mw0/datatrans_sys_i/trans_0/inst/trans_v1_0_S00_AXI_inst/slv_reg0_reg[0]/Q
                         net (fo=365, routed)         2.036     3.093    ft0/memctl
    SLICE_X94Y80         FDCE                                         f  ft0/Fi_reg[36]/CLR
  -------------------------------------------------------------------    -------------------

                         (clock clk_fpga_0 rise edge)
                                                      0.000     0.000 r  
    PS7_X0Y0             PS7                          0.000     0.000 r  mw0/datatrans_sys_i/processing_system7_0/inst/PS7_i/FCLKCLK[0]
                         net (fo=1, routed)           0.337     0.337    mw0/datatrans_sys_i/processing_system7_0/inst/FCLK_CLK_unbuffered[0]
    BUFGCTRL_X0Y16       BUFG (Prop_bufg_I_O)         0.029     0.366 r  mw0/datatrans_sys_i/processing_system7_0/inst/buffer_fclk_clk_0.FCLK_CLK_0_BUFG/O
                         net (fo=1014, routed)        0.867     1.233    ft0/CLK
    SLICE_X94Y80         FDCE                                         r  ft0/Fi_reg[36]/C
                         clock pessimism             -0.035     1.198    
    SLICE_X94Y80         FDCE (Remov_fdce_C_CLR)     -0.067     1.131    ft0/Fi_reg[36]
  -------------------------------------------------------------------
                         required time                         -1.131    
                         arrival time                           3.093    
  -------------------------------------------------------------------
                         slack                                  1.962    

Slack (MET) :             1.962ns  (arrival time - required time)
  Source:                 mw0/datatrans_sys_i/trans_0/inst/trans_v1_0_S00_AXI_inst/slv_reg0_reg[0]/C
                            (rising edge-triggered cell FDRE clocked by clk_fpga_0  {rise@0.000ns fall@16.500ns period=33.000ns})
  Destination:            ft0/Fi_reg[37]/CLR
                            (removal check against rising-edge clock clk_fpga_0  {rise@0.000ns fall@16.500ns period=33.000ns})
  Path Group:             **async_default**
  Path Type:              Removal (Min at Fast Process Corner)
  Requirement:            0.000ns  (clk_fpga_0 rise@0.000ns - clk_fpga_0 rise@0.000ns)
  Data Path Delay:        2.200ns  (logic 0.164ns (7.455%)  route 2.036ns (92.545%))
  Logic Levels:           0  
  Clock Path Skew:        0.305ns (DCD - SCD - CPR)
    Destination Clock Delay (DCD):    1.233ns
    Source Clock Delay      (SCD):    0.893ns
    Clock Pessimism Removal (CPR):    0.035ns

    Location             Delay type                Incr(ns)  Path(ns)    Netlist Resource(s)
  -------------------------------------------------------------------    -------------------
                         (clock clk_fpga_0 rise edge)
                                                      0.000     0.000 r  
    PS7_X0Y0             PS7                          0.000     0.000 r  mw0/datatrans_sys_i/processing_system7_0/inst/PS7_i/FCLKCLK[0]
                         net (fo=1, routed)           0.310     0.310    mw0/datatrans_sys_i/processing_system7_0/inst/FCLK_CLK_unbuffered[0]
    BUFGCTRL_X0Y16       BUFG (Prop_bufg_I_O)         0.026     0.336 r  mw0/datatrans_sys_i/processing_system7_0/inst/buffer_fclk_clk_0.FCLK_CLK_0_BUFG/O
                         net (fo=1014, routed)        0.557     0.893    mw0/datatrans_sys_i/trans_0/inst/trans_v1_0_S00_AXI_inst/s00_axi_aclk
    SLICE_X32Y92         FDRE                                         r  mw0/datatrans_sys_i/trans_0/inst/trans_v1_0_S00_AXI_inst/slv_reg0_reg[0]/C
  -------------------------------------------------------------------    -------------------
    SLICE_X32Y92         FDRE (Prop_fdre_C_Q)         0.164     1.057 f  mw0/datatrans_sys_i/trans_0/inst/trans_v1_0_S00_AXI_inst/slv_reg0_reg[0]/Q
                         net (fo=365, routed)         2.036     3.093    ft0/memctl
    SLICE_X94Y80         FDCE                                         f  ft0/Fi_reg[37]/CLR
  -------------------------------------------------------------------    -------------------

                         (clock clk_fpga_0 rise edge)
                                                      0.000     0.000 r  
    PS7_X0Y0             PS7                          0.000     0.000 r  mw0/datatrans_sys_i/processing_system7_0/inst/PS7_i/FCLKCLK[0]
                         net (fo=1, routed)           0.337     0.337    mw0/datatrans_sys_i/processing_system7_0/inst/FCLK_CLK_unbuffered[0]
    BUFGCTRL_X0Y16       BUFG (Prop_bufg_I_O)         0.029     0.366 r  mw0/datatrans_sys_i/processing_system7_0/inst/buffer_fclk_clk_0.FCLK_CLK_0_BUFG/O
                         net (fo=1014, routed)        0.867     1.233    ft0/CLK
    SLICE_X94Y80         FDCE                                         r  ft0/Fi_reg[37]/C
                         clock pessimism             -0.035     1.198    
    SLICE_X94Y80         FDCE (Remov_fdce_C_CLR)     -0.067     1.131    ft0/Fi_reg[37]
  -------------------------------------------------------------------
                         required time                         -1.131    
                         arrival time                           3.093    
  -------------------------------------------------------------------
                         slack                                  1.962    





