Copyright 1986-2022 Xilinx, Inc. All Rights Reserved. Copyright 2022-2023 Advanced Micro Devices, Inc. All Rights Reserved.
--------------------------------------------------------------------------------------------------------------------------------------------------------------------------------------------------------
| Tool Version : Vivado v.2023.1 (lin64) Build 3865809 Sun May  7 15:04:56 MDT 2023
| Date         : Fri Oct 17 15:34:59 2025
| Host         : zach-127-13.engr.tamu.edu running 64-bit Red Hat Enterprise Linux release 8.10 (Ootpa)
| Command      : report_timing_summary -max_paths 10 -file top_decoder_timing_summary_routed.rpt -pb top_decoder_timing_summary_routed.pb -rpx top_decoder_timing_summary_routed.rpx -warn_on_violation
| Design       : top_decoder
| Device       : 7z020-clg400
| Speed File   : -1  PRODUCTION 1.12 2019-11-22
| Design State : Routed
--------------------------------------------------------------------------------------------------------------------------------------------------------------------------------------------------------

Timing Summary Report

------------------------------------------------------------------------------------------------
| Timer Settings
| --------------
------------------------------------------------------------------------------------------------

  Enable Multi Corner Analysis               :  Yes
  Enable Pessimism Removal                   :  Yes
  Pessimism Removal Resolution               :  Nearest Common Node
  Enable Input Delay Default Clock           :  No
  Enable Preset / Clear Arcs                 :  No
  Disable Flight Delays                      :  No
  Ignore I/O Paths                           :  No
  Timing Early Launch at Borrowing Latches   :  No
  Borrow Time for Max Delay Exceptions       :  Yes
  Merge Timing Exceptions                    :  Yes

  Corner  Analyze    Analyze    
  Name    Max Paths  Min Paths  
  ------  ---------  ---------  
  Slow    Yes        Yes        
  Fast    Yes        Yes        


------------------------------------------------------------------------------------------------
| Report Methodology
| ------------------
------------------------------------------------------------------------------------------------

Rule       Severity          Description                  Violations  
---------  ----------------  ---------------------------  ----------  
TIMING-17  Critical Warning  Non-clocked sequential cell  1000        

Note: This report is based on the most recent report_methodology run and may not be up-to-date. Run report_methodology on the current design for the latest report.



check_timing report

Table of Contents
-----------------
1. checking no_clock (6446)
2. checking constant_clock (0)
3. checking pulse_width_clock (0)
4. checking unconstrained_internal_endpoints (15211)
5. checking no_input_delay (0)
6. checking no_output_delay (0)
7. checking multiple_clock (0)
8. checking generated_clocks (0)
9. checking loops (0)
10. checking partial_input_delay (0)
11. checking partial_output_delay (0)
12. checking latch_loops (0)

1. checking no_clock (6446)
---------------------------
 There are 6446 register/latch pins with no clock driven by root clock pin: cd0/clkout_reg/Q (HIGH)


2. checking constant_clock (0)
------------------------------
 There are 0 register/latch pins with constant_clock.


3. checking pulse_width_clock (0)
---------------------------------
 There are 0 register/latch pins which need pulse_width check


4. checking unconstrained_internal_endpoints (15211)
----------------------------------------------------
 There are 15211 pins that are not constrained for maximum delay. (HIGH)

 There are 0 pins that are not constrained for maximum delay due to constant clock.


5. checking no_input_delay (0)
------------------------------
 There are 0 input ports with no input delay specified.

 There are 0 input ports with no input delay but user has a false path constraint.


6. checking no_output_delay (0)
-------------------------------
 There are 0 ports with no output delay specified.

 There are 0 ports with no output delay but user has a false path constraint

 There are 0 ports with no output delay but with a timing clock defined on it or propagating through it


7. checking multiple_clock (0)
------------------------------
 There are 0 register/latch pins with multiple clocks.


8. checking generated_clocks (0)
--------------------------------
 There are 0 generated clocks that are not connected to a clock source.


9. checking loops (0)
---------------------
 There are 0 combinational loops in the design.


10. checking partial_input_delay (0)
------------------------------------
 There are 0 input ports with partial input delay specified.


11. checking partial_output_delay (0)
-------------------------------------
 There are 0 ports with partial output delay specified.


12. checking latch_loops (0)
----------------------------
 There are 0 combinational latch loops in the design through latch input



------------------------------------------------------------------------------------------------
| Design Timing Summary
| ---------------------
------------------------------------------------------------------------------------------------

    WNS(ns)      TNS(ns)  TNS Failing Endpoints  TNS Total Endpoints      WHS(ns)      THS(ns)  THS Failing Endpoints  THS Total Endpoints     WPWS(ns)     TPWS(ns)  TPWS Failing Endpoints  TPWS Total Endpoints  
    -------      -------  ---------------------  -------------------      -------      -------  ---------------------  -------------------     --------     --------  ----------------------  --------------------  
     25.468        0.000                      0                 1663        0.056        0.000                      0                 1663       15.520        0.000                       0                   644  


All user specified timing constraints are met.


------------------------------------------------------------------------------------------------
| Clock Summary
| -------------
------------------------------------------------------------------------------------------------

Clock       Waveform(ns)       Period(ns)      Frequency(MHz)
-----       ------------       ----------      --------------
clk_fpga_0  {0.000 16.500}     33.000          30.303          


------------------------------------------------------------------------------------------------
| Intra Clock Table
| -----------------
------------------------------------------------------------------------------------------------

Clock             WNS(ns)      TNS(ns)  TNS Failing Endpoints  TNS Total Endpoints      WHS(ns)      THS(ns)  THS Failing Endpoints  THS Total Endpoints     WPWS(ns)     TPWS(ns)  TPWS Failing Endpoints  TPWS Total Endpoints  
-----             -------      -------  ---------------------  -------------------      -------      -------  ---------------------  -------------------     --------     --------  ----------------------  --------------------  
clk_fpga_0         25.468        0.000                      0                 1663        0.056        0.000                      0                 1663       15.520        0.000                       0                   644  


------------------------------------------------------------------------------------------------
| Inter Clock Table
| -----------------
------------------------------------------------------------------------------------------------

From Clock    To Clock          WNS(ns)      TNS(ns)  TNS Failing Endpoints  TNS Total Endpoints      WHS(ns)      THS(ns)  THS Failing Endpoints  THS Total Endpoints  
----------    --------          -------      -------  ---------------------  -------------------      -------      -------  ---------------------  -------------------  


------------------------------------------------------------------------------------------------
| Other Path Groups Table
| -----------------------
------------------------------------------------------------------------------------------------

Path Group    From Clock    To Clock          WNS(ns)      TNS(ns)  TNS Failing Endpoints  TNS Total Endpoints      WHS(ns)      THS(ns)  THS Failing Endpoints  THS Total Endpoints  
----------    ----------    --------          -------      -------  ---------------------  -------------------      -------      -------  ---------------------  -------------------  


------------------------------------------------------------------------------------------------
| Timing Details
| --------------
------------------------------------------------------------------------------------------------


---------------------------------------------------------------------------------------------------
From Clock:  clk_fpga_0
  To Clock:  clk_fpga_0

Setup :            0  Failing Endpoints,  Worst Slack       25.468ns,  Total Violation        0.000ns
Hold  :            0  Failing Endpoints,  Worst Slack        0.056ns,  Total Violation        0.000ns
PW    :            0  Failing Endpoints,  Worst Slack       15.520ns,  Total Violation        0.000ns
---------------------------------------------------------------------------------------------------


Max Delay Paths
--------------------------------------------------------------------------------------
Slack (MET) :             25.468ns  (required time - arrival time)
  Source:                 mw0/datatrans_sys_i/trans_0/inst/trans_v1_0_S00_AXI_inst/slv_reg0_reg[1]/C
                            (rising edge-triggered cell FDRE clocked by clk_fpga_0  {rise@0.000ns fall@16.500ns period=33.000ns})
  Destination:            b0/U0/inst_blk_mem_gen/gnbram.gnativebmg.native_blk_mem_gen/valid.cstr/ramloop[1].ram.r/prim_noinit.ram/DEVICE_7SERIES.NO_BMM_INFO.TRUE_DP.CASCADED_PRIM36.ram_B/WEA[0]
                            (rising edge-triggered cell RAMB36E1 clocked by clk_fpga_0  {rise@0.000ns fall@16.500ns period=33.000ns})
  Path Group:             clk_fpga_0
  Path Type:              Setup (Max at Slow Process Corner)
  Requirement:            33.000ns  (clk_fpga_0 rise@33.000ns - clk_fpga_0 rise@0.000ns)
  Data Path Delay:        6.214ns  (logic 0.670ns (10.781%)  route 5.544ns (89.219%))
  Logic Levels:           1  (LUT2=1)
  Clock Path Skew:        -0.081ns (DCD - SCD + CPR)
    Destination Clock Delay (DCD):    2.734ns = ( 35.734 - 33.000 ) 
    Source Clock Delay      (SCD):    2.944ns
    Clock Pessimism Removal (CPR):    0.129ns
  Clock Uncertainty:      0.496ns  ((TSJ^2 + TIJ^2)^1/2 + DJ) / 2 + PE
    Total System Jitter     (TSJ):    0.071ns
    Total Input Jitter      (TIJ):    0.990ns
    Discrete Jitter          (DJ):    0.000ns
    Phase Error              (PE):    0.000ns

    Location             Delay type                Incr(ns)  Path(ns)    Netlist Resource(s)
  -------------------------------------------------------------------    -------------------
                         (clock clk_fpga_0 rise edge)
                                                      0.000     0.000 r  
    PS7_X0Y0             PS7                          0.000     0.000 r  mw0/datatrans_sys_i/processing_system7_0/inst/PS7_i/FCLKCLK[0]
                         net (fo=1, routed)           1.193     1.193    mw0/datatrans_sys_i/processing_system7_0/inst/FCLK_CLK_unbuffered[0]
    BUFGCTRL_X0Y17       BUFG (Prop_bufg_I_O)         0.101     1.294 r  mw0/datatrans_sys_i/processing_system7_0/inst/buffer_fclk_clk_0.FCLK_CLK_0_BUFG/O
                         net (fo=644, routed)         1.650     2.944    mw0/datatrans_sys_i/trans_0/inst/trans_v1_0_S00_AXI_inst/s00_axi_aclk
    SLICE_X32Y89         FDRE                                         r  mw0/datatrans_sys_i/trans_0/inst/trans_v1_0_S00_AXI_inst/slv_reg0_reg[1]/C
  -------------------------------------------------------------------    -------------------
    SLICE_X32Y89         FDRE (Prop_fdre_C_Q)         0.518     3.462 r  mw0/datatrans_sys_i/trans_0/inst/trans_v1_0_S00_AXI_inst/slv_reg0_reg[1]/Q
                         net (fo=2, routed)           0.808     4.270    mw0/datatrans_sys_i_n_26
    SLICE_X33Y88         LUT2 (Prop_lut2_I1_O)        0.152     4.422 r  mw0/b0_i_1/O
                         net (fo=16, routed)          4.736     9.158    b0/U0/inst_blk_mem_gen/gnbram.gnativebmg.native_blk_mem_gen/valid.cstr/ramloop[1].ram.r/prim_noinit.ram/wea[0]
    RAMB36_X3Y14         RAMB36E1                                     r  b0/U0/inst_blk_mem_gen/gnbram.gnativebmg.native_blk_mem_gen/valid.cstr/ramloop[1].ram.r/prim_noinit.ram/DEVICE_7SERIES.NO_BMM_INFO.TRUE_DP.CASCADED_PRIM36.ram_B/WEA[0]
  -------------------------------------------------------------------    -------------------

                         (clock clk_fpga_0 rise edge)
                                                     33.000    33.000 r  
    PS7_X0Y0             PS7                          0.000    33.000 r  mw0/datatrans_sys_i/processing_system7_0/inst/PS7_i/FCLKCLK[0]
                         net (fo=1, routed)           1.088    34.088    mw0/datatrans_sys_i/processing_system7_0/inst/FCLK_CLK_unbuffered[0]
    BUFGCTRL_X0Y17       BUFG (Prop_bufg_I_O)         0.091    34.179 r  mw0/datatrans_sys_i/processing_system7_0/inst/buffer_fclk_clk_0.FCLK_CLK_0_BUFG/O
                         net (fo=644, routed)         1.555    35.734    b0/U0/inst_blk_mem_gen/gnbram.gnativebmg.native_blk_mem_gen/valid.cstr/ramloop[1].ram.r/prim_noinit.ram/clka
    RAMB36_X3Y14         RAMB36E1                                     r  b0/U0/inst_blk_mem_gen/gnbram.gnativebmg.native_blk_mem_gen/valid.cstr/ramloop[1].ram.r/prim_noinit.ram/DEVICE_7SERIES.NO_BMM_INFO.TRUE_DP.CASCADED_PRIM36.ram_B/CLKARDCLK
                         clock pessimism              0.129    35.863    
                         clock uncertainty           -0.496    35.367    
    RAMB36_X3Y14         RAMB36E1 (Setup_ramb36e1_CLKARDCLK_WEA[0])
                                                     -0.740    34.627    b0/U0/inst_blk_mem_gen/gnbram.gnativebmg.native_blk_mem_gen/valid.cstr/ramloop[1].ram.r/prim_noinit.ram/DEVICE_7SERIES.NO_BMM_INFO.TRUE_DP.CASCADED_PRIM36.ram_B
  -------------------------------------------------------------------
                         required time                         34.627    
                         arrival time                          -9.158    
  -------------------------------------------------------------------
                         slack                                 25.468    

Slack (MET) :             25.509ns  (required time - arrival time)
  Source:                 mw0/datatrans_sys_i/trans_0/inst/trans_v1_0_S00_AXI_inst/slv_reg0_reg[1]/C
                            (rising edge-triggered cell FDRE clocked by clk_fpga_0  {rise@0.000ns fall@16.500ns period=33.000ns})
  Destination:            b0/U0/inst_blk_mem_gen/gnbram.gnativebmg.native_blk_mem_gen/valid.cstr/ramloop[1].ram.r/prim_noinit.ram/DEVICE_7SERIES.NO_BMM_INFO.TRUE_DP.CASCADED_PRIM36.ram_T/WEA[0]
                            (rising edge-triggered cell RAMB36E1 clocked by clk_fpga_0  {rise@0.000ns fall@16.500ns period=33.000ns})
  Path Group:             clk_fpga_0
  Path Type:              Setup (Max at Slow Process Corner)
  Requirement:            33.000ns  (clk_fpga_0 rise@33.000ns - clk_fpga_0 rise@0.000ns)
  Data Path Delay:        6.179ns  (logic 0.670ns (10.842%)  route 5.509ns (89.158%))
  Logic Levels:           1  (LUT2=1)
  Clock Path Skew:        -0.075ns (DCD - SCD + CPR)
    Destination Clock Delay (DCD):    2.740ns = ( 35.740 - 33.000 ) 
    Source Clock Delay      (SCD):    2.944ns
    Clock Pessimism Removal (CPR):    0.129ns
  Clock Uncertainty:      0.496ns  ((TSJ^2 + TIJ^2)^1/2 + DJ) / 2 + PE
    Total System Jitter     (TSJ):    0.071ns
    Total Input Jitter      (TIJ):    0.990ns
    Discrete Jitter          (DJ):    0.000ns
    Phase Error              (PE):    0.000ns

    Location             Delay type                Incr(ns)  Path(ns)    Netlist Resource(s)
  -------------------------------------------------------------------    -------------------
                         (clock clk_fpga_0 rise edge)
                                                      0.000     0.000 r  
    PS7_X0Y0             PS7                          0.000     0.000 r  mw0/datatrans_sys_i/processing_system7_0/inst/PS7_i/FCLKCLK[0]
                         net (fo=1, routed)           1.193     1.193    mw0/datatrans_sys_i/processing_system7_0/inst/FCLK_CLK_unbuffered[0]
    BUFGCTRL_X0Y17       BUFG (Prop_bufg_I_O)         0.101     1.294 r  mw0/datatrans_sys_i/processing_system7_0/inst/buffer_fclk_clk_0.FCLK_CLK_0_BUFG/O
                         net (fo=644, routed)         1.650     2.944    mw0/datatrans_sys_i/trans_0/inst/trans_v1_0_S00_AXI_inst/s00_axi_aclk
    SLICE_X32Y89         FDRE                                         r  mw0/datatrans_sys_i/trans_0/inst/trans_v1_0_S00_AXI_inst/slv_reg0_reg[1]/C
  -------------------------------------------------------------------    -------------------
    SLICE_X32Y89         FDRE (Prop_fdre_C_Q)         0.518     3.462 r  mw0/datatrans_sys_i/trans_0/inst/trans_v1_0_S00_AXI_inst/slv_reg0_reg[1]/Q
                         net (fo=2, routed)           0.808     4.270    mw0/datatrans_sys_i_n_26
    SLICE_X33Y88         LUT2 (Prop_lut2_I1_O)        0.152     4.422 r  mw0/b0_i_1/O
                         net (fo=16, routed)          4.701     9.123    b0/U0/inst_blk_mem_gen/gnbram.gnativebmg.native_blk_mem_gen/valid.cstr/ramloop[1].ram.r/prim_noinit.ram/wea[0]
    RAMB36_X3Y15         RAMB36E1                                     r  b0/U0/inst_blk_mem_gen/gnbram.gnativebmg.native_blk_mem_gen/valid.cstr/ramloop[1].ram.r/prim_noinit.ram/DEVICE_7SERIES.NO_BMM_INFO.TRUE_DP.CASCADED_PRIM36.ram_T/WEA[0]
  -------------------------------------------------------------------    -------------------

                         (clock clk_fpga_0 rise edge)
                                                     33.000    33.000 r  
    PS7_X0Y0             PS7                          0.000    33.000 r  mw0/datatrans_sys_i/processing_system7_0/inst/PS7_i/FCLKCLK[0]
                         net (fo=1, routed)           1.088    34.088    mw0/datatrans_sys_i/processing_system7_0/inst/FCLK_CLK_unbuffered[0]
    BUFGCTRL_X0Y17       BUFG (Prop_bufg_I_O)         0.091    34.179 r  mw0/datatrans_sys_i/processing_system7_0/inst/buffer_fclk_clk_0.FCLK_CLK_0_BUFG/O
                         net (fo=644, routed)         1.561    35.740    b0/U0/inst_blk_mem_gen/gnbram.gnativebmg.native_blk_mem_gen/valid.cstr/ramloop[1].ram.r/prim_noinit.ram/clka
    RAMB36_X3Y15         RAMB36E1                                     r  b0/U0/inst_blk_mem_gen/gnbram.gnativebmg.native_blk_mem_gen/valid.cstr/ramloop[1].ram.r/prim_noinit.ram/DEVICE_7SERIES.NO_BMM_INFO.TRUE_DP.CASCADED_PRIM36.ram_T/CLKARDCLK
                         clock pessimism              0.129    35.869    
                         clock uncertainty           -0.496    35.373    
    RAMB36_X3Y15         RAMB36E1 (Setup_ramb36e1_CLKARDCLK_WEA[0])
                                                     -0.740    34.633    b0/U0/inst_blk_mem_gen/gnbram.gnativebmg.native_blk_mem_gen/valid.cstr/ramloop[1].ram.r/prim_noinit.ram/DEVICE_7SERIES.NO_BMM_INFO.TRUE_DP.CASCADED_PRIM36.ram_T
  -------------------------------------------------------------------
                         required time                         34.633    
                         arrival time                          -9.123    
  -------------------------------------------------------------------
                         slack                                 25.509    

Slack (MET) :             25.865ns  (required time - arrival time)
  Source:                 mw0/datatrans_sys_i/trans_0/inst/trans_v1_0_S00_AXI_inst/slv_reg0_reg[1]/C
                            (rising edge-triggered cell FDRE clocked by clk_fpga_0  {rise@0.000ns fall@16.500ns period=33.000ns})
  Destination:            b0/U0/inst_blk_mem_gen/gnbram.gnativebmg.native_blk_mem_gen/valid.cstr/ramloop[3].ram.r/prim_noinit.ram/DEVICE_7SERIES.NO_BMM_INFO.TRUE_DP.CASCADED_PRIM36.ram_B/WEA[0]
                            (rising edge-triggered cell RAMB36E1 clocked by clk_fpga_0  {rise@0.000ns fall@16.500ns period=33.000ns})
  Path Group:             clk_fpga_0
  Path Type:              Setup (Max at Slow Process Corner)
  Requirement:            33.000ns  (clk_fpga_0 rise@33.000ns - clk_fpga_0 rise@0.000ns)
  Data Path Delay:        5.828ns  (logic 0.670ns (11.496%)  route 5.158ns (88.504%))
  Logic Levels:           1  (LUT2=1)
  Clock Path Skew:        -0.070ns (DCD - SCD + CPR)
    Destination Clock Delay (DCD):    2.745ns = ( 35.745 - 33.000 ) 
    Source Clock Delay      (SCD):    2.944ns
    Clock Pessimism Removal (CPR):    0.129ns
  Clock Uncertainty:      0.496ns  ((TSJ^2 + TIJ^2)^1/2 + DJ) / 2 + PE
    Total System Jitter     (TSJ):    0.071ns
    Total Input Jitter      (TIJ):    0.990ns
    Discrete Jitter          (DJ):    0.000ns
    Phase Error              (PE):    0.000ns

    Location             Delay type                Incr(ns)  Path(ns)    Netlist Resource(s)
  -------------------------------------------------------------------    -------------------
                         (clock clk_fpga_0 rise edge)
                                                      0.000     0.000 r  
    PS7_X0Y0             PS7                          0.000     0.000 r  mw0/datatrans_sys_i/processing_system7_0/inst/PS7_i/FCLKCLK[0]
                         net (fo=1, routed)           1.193     1.193    mw0/datatrans_sys_i/processing_system7_0/inst/FCLK_CLK_unbuffered[0]
    BUFGCTRL_X0Y17       BUFG (Prop_bufg_I_O)         0.101     1.294 r  mw0/datatrans_sys_i/processing_system7_0/inst/buffer_fclk_clk_0.FCLK_CLK_0_BUFG/O
                         net (fo=644, routed)         1.650     2.944    mw0/datatrans_sys_i/trans_0/inst/trans_v1_0_S00_AXI_inst/s00_axi_aclk
    SLICE_X32Y89         FDRE                                         r  mw0/datatrans_sys_i/trans_0/inst/trans_v1_0_S00_AXI_inst/slv_reg0_reg[1]/C
  -------------------------------------------------------------------    -------------------
    SLICE_X32Y89         FDRE (Prop_fdre_C_Q)         0.518     3.462 r  mw0/datatrans_sys_i/trans_0/inst/trans_v1_0_S00_AXI_inst/slv_reg0_reg[1]/Q
                         net (fo=2, routed)           0.808     4.270    mw0/datatrans_sys_i_n_26
    SLICE_X33Y88         LUT2 (Prop_lut2_I1_O)        0.152     4.422 r  mw0/b0_i_1/O
                         net (fo=16, routed)          4.350     8.772    b0/U0/inst_blk_mem_gen/gnbram.gnativebmg.native_blk_mem_gen/valid.cstr/ramloop[3].ram.r/prim_noinit.ram/wea[0]
    RAMB36_X3Y16         RAMB36E1                                     r  b0/U0/inst_blk_mem_gen/gnbram.gnativebmg.native_blk_mem_gen/valid.cstr/ramloop[3].ram.r/prim_noinit.ram/DEVICE_7SERIES.NO_BMM_INFO.TRUE_DP.CASCADED_PRIM36.ram_B/WEA[0]
  -------------------------------------------------------------------    -------------------

                         (clock clk_fpga_0 rise edge)
                                                     33.000    33.000 r  
    PS7_X0Y0             PS7                          0.000    33.000 r  mw0/datatrans_sys_i/processing_system7_0/inst/PS7_i/FCLKCLK[0]
                         net (fo=1, routed)           1.088    34.088    mw0/datatrans_sys_i/processing_system7_0/inst/FCLK_CLK_unbuffered[0]
    BUFGCTRL_X0Y17       BUFG (Prop_bufg_I_O)         0.091    34.179 r  mw0/datatrans_sys_i/processing_system7_0/inst/buffer_fclk_clk_0.FCLK_CLK_0_BUFG/O
                         net (fo=644, routed)         1.566    35.745    b0/U0/inst_blk_mem_gen/gnbram.gnativebmg.native_blk_mem_gen/valid.cstr/ramloop[3].ram.r/prim_noinit.ram/clka
    RAMB36_X3Y16         RAMB36E1                                     r  b0/U0/inst_blk_mem_gen/gnbram.gnativebmg.native_blk_mem_gen/valid.cstr/ramloop[3].ram.r/prim_noinit.ram/DEVICE_7SERIES.NO_BMM_INFO.TRUE_DP.CASCADED_PRIM36.ram_B/CLKARDCLK
                         clock pessimism              0.129    35.874    
                         clock uncertainty           -0.496    35.378    
    RAMB36_X3Y16         RAMB36E1 (Setup_ramb36e1_CLKARDCLK_WEA[0])
                                                     -0.740    34.638    b0/U0/inst_blk_mem_gen/gnbram.gnativebmg.native_blk_mem_gen/valid.cstr/ramloop[3].ram.r/prim_noinit.ram/DEVICE_7SERIES.NO_BMM_INFO.TRUE_DP.CASCADED_PRIM36.ram_B
  -------------------------------------------------------------------
                         required time                         34.638    
                         arrival time                          -8.772    
  -------------------------------------------------------------------
                         slack                                 25.865    

Slack (MET) :             26.089ns  (required time - arrival time)
  Source:                 mw0/datatrans_sys_i/trans_0/inst/trans_v1_0_S00_AXI_inst/slv_reg0_reg[1]/C
                            (rising edge-triggered cell FDRE clocked by clk_fpga_0  {rise@0.000ns fall@16.500ns period=33.000ns})
  Destination:            b0/U0/inst_blk_mem_gen/gnbram.gnativebmg.native_blk_mem_gen/valid.cstr/ramloop[3].ram.r/prim_noinit.ram/DEVICE_7SERIES.NO_BMM_INFO.TRUE_DP.CASCADED_PRIM36.ram_T/WEA[0]
                            (rising edge-triggered cell RAMB36E1 clocked by clk_fpga_0  {rise@0.000ns fall@16.500ns period=33.000ns})
  Path Group:             clk_fpga_0
  Path Type:              Setup (Max at Slow Process Corner)
  Requirement:            33.000ns  (clk_fpga_0 rise@33.000ns - clk_fpga_0 rise@0.000ns)
  Data Path Delay:        5.609ns  (logic 0.670ns (11.945%)  route 4.939ns (88.055%))
  Logic Levels:           1  (LUT2=1)
  Clock Path Skew:        -0.066ns (DCD - SCD + CPR)
    Destination Clock Delay (DCD):    2.749ns = ( 35.749 - 33.000 ) 
    Source Clock Delay      (SCD):    2.944ns
    Clock Pessimism Removal (CPR):    0.129ns
  Clock Uncertainty:      0.496ns  ((TSJ^2 + TIJ^2)^1/2 + DJ) / 2 + PE
    Total System Jitter     (TSJ):    0.071ns
    Total Input Jitter      (TIJ):    0.990ns
    Discrete Jitter          (DJ):    0.000ns
    Phase Error              (PE):    0.000ns

    Location             Delay type                Incr(ns)  Path(ns)    Netlist Resource(s)
  -------------------------------------------------------------------    -------------------
                         (clock clk_fpga_0 rise edge)
                                                      0.000     0.000 r  
    PS7_X0Y0             PS7                          0.000     0.000 r  mw0/datatrans_sys_i/processing_system7_0/inst/PS7_i/FCLKCLK[0]
                         net (fo=1, routed)           1.193     1.193    mw0/datatrans_sys_i/processing_system7_0/inst/FCLK_CLK_unbuffered[0]
    BUFGCTRL_X0Y17       BUFG (Prop_bufg_I_O)         0.101     1.294 r  mw0/datatrans_sys_i/processing_system7_0/inst/buffer_fclk_clk_0.FCLK_CLK_0_BUFG/O
                         net (fo=644, routed)         1.650     2.944    mw0/datatrans_sys_i/trans_0/inst/trans_v1_0_S00_AXI_inst/s00_axi_aclk
    SLICE_X32Y89         FDRE                                         r  mw0/datatrans_sys_i/trans_0/inst/trans_v1_0_S00_AXI_inst/slv_reg0_reg[1]/C
  -------------------------------------------------------------------    -------------------
    SLICE_X32Y89         FDRE (Prop_fdre_C_Q)         0.518     3.462 r  mw0/datatrans_sys_i/trans_0/inst/trans_v1_0_S00_AXI_inst/slv_reg0_reg[1]/Q
                         net (fo=2, routed)           0.808     4.270    mw0/datatrans_sys_i_n_26
    SLICE_X33Y88         LUT2 (Prop_lut2_I1_O)        0.152     4.422 r  mw0/b0_i_1/O
                         net (fo=16, routed)          4.131     8.553    b0/U0/inst_blk_mem_gen/gnbram.gnativebmg.native_blk_mem_gen/valid.cstr/ramloop[3].ram.r/prim_noinit.ram/wea[0]
    RAMB36_X3Y17         RAMB36E1                                     r  b0/U0/inst_blk_mem_gen/gnbram.gnativebmg.native_blk_mem_gen/valid.cstr/ramloop[3].ram.r/prim_noinit.ram/DEVICE_7SERIES.NO_BMM_INFO.TRUE_DP.CASCADED_PRIM36.ram_T/WEA[0]
  -------------------------------------------------------------------    -------------------

                         (clock clk_fpga_0 rise edge)
                                                     33.000    33.000 r  
    PS7_X0Y0             PS7                          0.000    33.000 r  mw0/datatrans_sys_i/processing_system7_0/inst/PS7_i/FCLKCLK[0]
                         net (fo=1, routed)           1.088    34.088    mw0/datatrans_sys_i/processing_system7_0/inst/FCLK_CLK_unbuffered[0]
    BUFGCTRL_X0Y17       BUFG (Prop_bufg_I_O)         0.091    34.179 r  mw0/datatrans_sys_i/processing_system7_0/inst/buffer_fclk_clk_0.FCLK_CLK_0_BUFG/O
                         net (fo=644, routed)         1.570    35.749    b0/U0/inst_blk_mem_gen/gnbram.gnativebmg.native_blk_mem_gen/valid.cstr/ramloop[3].ram.r/prim_noinit.ram/clka
    RAMB36_X3Y17         RAMB36E1                                     r  b0/U0/inst_blk_mem_gen/gnbram.gnativebmg.native_blk_mem_gen/valid.cstr/ramloop[3].ram.r/prim_noinit.ram/DEVICE_7SERIES.NO_BMM_INFO.TRUE_DP.CASCADED_PRIM36.ram_T/CLKARDCLK
                         clock pessimism              0.129    35.878    
                         clock uncertainty           -0.496    35.382    
    RAMB36_X3Y17         RAMB36E1 (Setup_ramb36e1_CLKARDCLK_WEA[0])
                                                     -0.740    34.642    b0/U0/inst_blk_mem_gen/gnbram.gnativebmg.native_blk_mem_gen/valid.cstr/ramloop[3].ram.r/prim_noinit.ram/DEVICE_7SERIES.NO_BMM_INFO.TRUE_DP.CASCADED_PRIM36.ram_T
  -------------------------------------------------------------------
                         required time                         34.642    
                         arrival time                          -8.553    
  -------------------------------------------------------------------
                         slack                                 26.089    

Slack (MET) :             26.193ns  (required time - arrival time)
  Source:                 mw0/datatrans_sys_i/processing_system7_0_axi_periph/s00_couplers/auto_pc/inst/gen_axilite.gen_b2s_conv.axilite_b2s/WR.b_channel_0/bid_fifo_0/cnt_read_reg[0]/C
                            (rising edge-triggered cell FDSE clocked by clk_fpga_0  {rise@0.000ns fall@16.500ns period=33.000ns})
  Destination:            mw0/datatrans_sys_i/processing_system7_0_axi_periph/s00_couplers/auto_pc/inst/gen_axilite.gen_b2s_conv.axilite_b2s/WR.b_channel_0/bresp_cnt_reg[0]/R
                            (rising edge-triggered cell FDRE clocked by clk_fpga_0  {rise@0.000ns fall@16.500ns period=33.000ns})
  Path Group:             clk_fpga_0
  Path Type:              Setup (Max at Slow Process Corner)
  Requirement:            33.000ns  (clk_fpga_0 rise@33.000ns - clk_fpga_0 rise@0.000ns)
  Data Path Delay:        5.682ns  (logic 1.138ns (20.029%)  route 4.544ns (79.971%))
  Logic Levels:           5  (LUT2=1 LUT5=1 LUT6=2 SRL16E=1)
  Clock Path Skew:        -0.105ns (DCD - SCD + CPR)
    Destination Clock Delay (DCD):    2.659ns = ( 35.659 - 33.000 ) 
    Source Clock Delay      (SCD):    2.993ns
    Clock Pessimism Removal (CPR):    0.229ns
  Clock Uncertainty:      0.496ns  ((TSJ^2 + TIJ^2)^1/2 + DJ) / 2 + PE
    Total System Jitter     (TSJ):    0.071ns
    Total Input Jitter      (TIJ):    0.990ns
    Discrete Jitter          (DJ):    0.000ns
    Phase Error              (PE):    0.000ns

    Location             Delay type                Incr(ns)  Path(ns)    Netlist Resource(s)
  -------------------------------------------------------------------    -------------------
                         (clock clk_fpga_0 rise edge)
                                                      0.000     0.000 r  
    PS7_X0Y0             PS7                          0.000     0.000 r  mw0/datatrans_sys_i/processing_system7_0/inst/PS7_i/FCLKCLK[0]
                         net (fo=1, routed)           1.193     1.193    mw0/datatrans_sys_i/processing_system7_0/inst/FCLK_CLK_unbuffered[0]
    BUFGCTRL_X0Y17       BUFG (Prop_bufg_I_O)         0.101     1.294 r  mw0/datatrans_sys_i/processing_system7_0/inst/buffer_fclk_clk_0.FCLK_CLK_0_BUFG/O
                         net (fo=644, routed)         1.699     2.993    mw0/datatrans_sys_i/processing_system7_0_axi_periph/s00_couplers/auto_pc/inst/gen_axilite.gen_b2s_conv.axilite_b2s/WR.b_channel_0/bid_fifo_0/aclk
    SLICE_X30Y95         FDSE                                         r  mw0/datatrans_sys_i/processing_system7_0_axi_periph/s00_couplers/auto_pc/inst/gen_axilite.gen_b2s_conv.axilite_b2s/WR.b_channel_0/bid_fifo_0/cnt_read_reg[0]/C
  -------------------------------------------------------------------    -------------------
    SLICE_X30Y95         FDSE (Prop_fdse_C_Q)         0.518     3.511 r  mw0/datatrans_sys_i/processing_system7_0_axi_periph/s00_couplers/auto_pc/inst/gen_axilite.gen_b2s_conv.axilite_b2s/WR.b_channel_0/bid_fifo_0/cnt_read_reg[0]/Q
                         net (fo=22, routed)          1.606     5.117    mw0/datatrans_sys_i/processing_system7_0_axi_periph/s00_couplers/auto_pc/inst/gen_axilite.gen_b2s_conv.axilite_b2s/WR.b_channel_0/bid_fifo_0/addr[0]
    SLICE_X34Y97         SRL16E (Prop_srl16e_A0_Q)    0.124     5.241 r  mw0/datatrans_sys_i/processing_system7_0_axi_periph/s00_couplers/auto_pc/inst/gen_axilite.gen_b2s_conv.axilite_b2s/WR.b_channel_0/bid_fifo_0/memory_reg[3][2]_srl4/Q
                         net (fo=1, routed)           0.579     5.820    mw0/datatrans_sys_i/processing_system7_0_axi_periph/s00_couplers/auto_pc/inst/gen_axilite.gen_b2s_conv.axilite_b2s/WR.b_channel_0/bid_fifo_0/memory_reg[3][2]_srl4_n_0
    SLICE_X33Y97         LUT6 (Prop_lut6_I3_O)        0.124     5.944 f  mw0/datatrans_sys_i/processing_system7_0_axi_periph/s00_couplers/auto_pc/inst/gen_axilite.gen_b2s_conv.axilite_b2s/WR.b_channel_0/bid_fifo_0/cnt_read[1]_i_4/O
                         net (fo=1, routed)           0.154     6.098    mw0/datatrans_sys_i/processing_system7_0_axi_periph/s00_couplers/auto_pc/inst/gen_axilite.gen_b2s_conv.axilite_b2s/WR.b_channel_0/bid_fifo_0/cnt_read[1]_i_4_n_0
    SLICE_X33Y97         LUT5 (Prop_lut5_I4_O)        0.124     6.222 f  mw0/datatrans_sys_i/processing_system7_0_axi_periph/s00_couplers/auto_pc/inst/gen_axilite.gen_b2s_conv.axilite_b2s/WR.b_channel_0/bid_fifo_0/cnt_read[1]_i_3/O
                         net (fo=1, routed)           0.517     6.739    mw0/datatrans_sys_i/processing_system7_0_axi_periph/s00_couplers/auto_pc/inst/gen_axilite.gen_b2s_conv.axilite_b2s/WR.b_channel_0/bid_fifo_0/cnt_read[1]_i_3_n_0
    SLICE_X32Y97         LUT6 (Prop_lut6_I0_O)        0.124     6.863 f  mw0/datatrans_sys_i/processing_system7_0_axi_periph/s00_couplers/auto_pc/inst/gen_axilite.gen_b2s_conv.axilite_b2s/WR.b_channel_0/bid_fifo_0/cnt_read[1]_i_2/O
                         net (fo=3, routed)           0.829     7.692    mw0/datatrans_sys_i/processing_system7_0_axi_periph/s00_couplers/auto_pc/inst/gen_axilite.gen_b2s_conv.axilite_b2s/WR.b_channel_0/bid_fifo_0/bresp_cnt_reg[7]
    SLICE_X31Y96         LUT2 (Prop_lut2_I1_O)        0.124     7.816 r  mw0/datatrans_sys_i/processing_system7_0_axi_periph/s00_couplers/auto_pc/inst/gen_axilite.gen_b2s_conv.axilite_b2s/WR.b_channel_0/bid_fifo_0/bresp_cnt[7]_i_1/O
                         net (fo=8, routed)           0.858     8.675    mw0/datatrans_sys_i/processing_system7_0_axi_periph/s00_couplers/auto_pc/inst/gen_axilite.gen_b2s_conv.axilite_b2s/WR.b_channel_0/s_bresp_acc0
    SLICE_X32Y98         FDRE                                         r  mw0/datatrans_sys_i/processing_system7_0_axi_periph/s00_couplers/auto_pc/inst/gen_axilite.gen_b2s_conv.axilite_b2s/WR.b_channel_0/bresp_cnt_reg[0]/R
  -------------------------------------------------------------------    -------------------

                         (clock clk_fpga_0 rise edge)
                                                     33.000    33.000 r  
    PS7_X0Y0             PS7                          0.000    33.000 r  mw0/datatrans_sys_i/processing_system7_0/inst/PS7_i/FCLKCLK[0]
                         net (fo=1, routed)           1.088    34.088    mw0/datatrans_sys_i/processing_system7_0/inst/FCLK_CLK_unbuffered[0]
    BUFGCTRL_X0Y17       BUFG (Prop_bufg_I_O)         0.091    34.179 r  mw0/datatrans_sys_i/processing_system7_0/inst/buffer_fclk_clk_0.FCLK_CLK_0_BUFG/O
                         net (fo=644, routed)         1.480    35.659    mw0/datatrans_sys_i/processing_system7_0_axi_periph/s00_couplers/auto_pc/inst/gen_axilite.gen_b2s_conv.axilite_b2s/WR.b_channel_0/aclk
    SLICE_X32Y98         FDRE                                         r  mw0/datatrans_sys_i/processing_system7_0_axi_periph/s00_couplers/auto_pc/inst/gen_axilite.gen_b2s_conv.axilite_b2s/WR.b_channel_0/bresp_cnt_reg[0]/C
                         clock pessimism              0.229    35.888    
                         clock uncertainty           -0.496    35.392    
    SLICE_X32Y98         FDRE (Setup_fdre_C_R)       -0.524    34.868    mw0/datatrans_sys_i/processing_system7_0_axi_periph/s00_couplers/auto_pc/inst/gen_axilite.gen_b2s_conv.axilite_b2s/WR.b_channel_0/bresp_cnt_reg[0]
  -------------------------------------------------------------------
                         required time                         34.868    
                         arrival time                          -8.675    
  -------------------------------------------------------------------
                         slack                                 26.193    

Slack (MET) :             26.193ns  (required time - arrival time)
  Source:                 mw0/datatrans_sys_i/processing_system7_0_axi_periph/s00_couplers/auto_pc/inst/gen_axilite.gen_b2s_conv.axilite_b2s/WR.b_channel_0/bid_fifo_0/cnt_read_reg[0]/C
                            (rising edge-triggered cell FDSE clocked by clk_fpga_0  {rise@0.000ns fall@16.500ns period=33.000ns})
  Destination:            mw0/datatrans_sys_i/processing_system7_0_axi_periph/s00_couplers/auto_pc/inst/gen_axilite.gen_b2s_conv.axilite_b2s/WR.b_channel_0/bresp_cnt_reg[3]/R
                            (rising edge-triggered cell FDRE clocked by clk_fpga_0  {rise@0.000ns fall@16.500ns period=33.000ns})
  Path Group:             clk_fpga_0
  Path Type:              Setup (Max at Slow Process Corner)
  Requirement:            33.000ns  (clk_fpga_0 rise@33.000ns - clk_fpga_0 rise@0.000ns)
  Data Path Delay:        5.682ns  (logic 1.138ns (20.029%)  route 4.544ns (79.971%))
  Logic Levels:           5  (LUT2=1 LUT5=1 LUT6=2 SRL16E=1)
  Clock Path Skew:        -0.105ns (DCD - SCD + CPR)
    Destination Clock Delay (DCD):    2.659ns = ( 35.659 - 33.000 ) 
    Source Clock Delay      (SCD):    2.993ns
    Clock Pessimism Removal (CPR):    0.229ns
  Clock Uncertainty:      0.496ns  ((TSJ^2 + TIJ^2)^1/2 + DJ) / 2 + PE
    Total System Jitter     (TSJ):    0.071ns
    Total Input Jitter      (TIJ):    0.990ns
    Discrete Jitter          (DJ):    0.000ns
    Phase Error              (PE):    0.000ns

    Location             Delay type                Incr(ns)  Path(ns)    Netlist Resource(s)
  -------------------------------------------------------------------    -------------------
                         (clock clk_fpga_0 rise edge)
                                                      0.000     0.000 r  
    PS7_X0Y0             PS7                          0.000     0.000 r  mw0/datatrans_sys_i/processing_system7_0/inst/PS7_i/FCLKCLK[0]
                         net (fo=1, routed)           1.193     1.193    mw0/datatrans_sys_i/processing_system7_0/inst/FCLK_CLK_unbuffered[0]
    BUFGCTRL_X0Y17       BUFG (Prop_bufg_I_O)         0.101     1.294 r  mw0/datatrans_sys_i/processing_system7_0/inst/buffer_fclk_clk_0.FCLK_CLK_0_BUFG/O
                         net (fo=644, routed)         1.699     2.993    mw0/datatrans_sys_i/processing_system7_0_axi_periph/s00_couplers/auto_pc/inst/gen_axilite.gen_b2s_conv.axilite_b2s/WR.b_channel_0/bid_fifo_0/aclk
    SLICE_X30Y95         FDSE                                         r  mw0/datatrans_sys_i/processing_system7_0_axi_periph/s00_couplers/auto_pc/inst/gen_axilite.gen_b2s_conv.axilite_b2s/WR.b_channel_0/bid_fifo_0/cnt_read_reg[0]/C
  -------------------------------------------------------------------    -------------------
    SLICE_X30Y95         FDSE (Prop_fdse_C_Q)         0.518     3.511 r  mw0/datatrans_sys_i/processing_system7_0_axi_periph/s00_couplers/auto_pc/inst/gen_axilite.gen_b2s_conv.axilite_b2s/WR.b_channel_0/bid_fifo_0/cnt_read_reg[0]/Q
                         net (fo=22, routed)          1.606     5.117    mw0/datatrans_sys_i/processing_system7_0_axi_periph/s00_couplers/auto_pc/inst/gen_axilite.gen_b2s_conv.axilite_b2s/WR.b_channel_0/bid_fifo_0/addr[0]
    SLICE_X34Y97         SRL16E (Prop_srl16e_A0_Q)    0.124     5.241 r  mw0/datatrans_sys_i/processing_system7_0_axi_periph/s00_couplers/auto_pc/inst/gen_axilite.gen_b2s_conv.axilite_b2s/WR.b_channel_0/bid_fifo_0/memory_reg[3][2]_srl4/Q
                         net (fo=1, routed)           0.579     5.820    mw0/datatrans_sys_i/processing_system7_0_axi_periph/s00_couplers/auto_pc/inst/gen_axilite.gen_b2s_conv.axilite_b2s/WR.b_channel_0/bid_fifo_0/memory_reg[3][2]_srl4_n_0
    SLICE_X33Y97         LUT6 (Prop_lut6_I3_O)        0.124     5.944 f  mw0/datatrans_sys_i/processing_system7_0_axi_periph/s00_couplers/auto_pc/inst/gen_axilite.gen_b2s_conv.axilite_b2s/WR.b_channel_0/bid_fifo_0/cnt_read[1]_i_4/O
                         net (fo=1, routed)           0.154     6.098    mw0/datatrans_sys_i/processing_system7_0_axi_periph/s00_couplers/auto_pc/inst/gen_axilite.gen_b2s_conv.axilite_b2s/WR.b_channel_0/bid_fifo_0/cnt_read[1]_i_4_n_0
    SLICE_X33Y97         LUT5 (Prop_lut5_I4_O)        0.124     6.222 f  mw0/datatrans_sys_i/processing_system7_0_axi_periph/s00_couplers/auto_pc/inst/gen_axilite.gen_b2s_conv.axilite_b2s/WR.b_channel_0/bid_fifo_0/cnt_read[1]_i_3/O
                         net (fo=1, routed)           0.517     6.739    mw0/datatrans_sys_i/processing_system7_0_axi_periph/s00_couplers/auto_pc/inst/gen_axilite.gen_b2s_conv.axilite_b2s/WR.b_channel_0/bid_fifo_0/cnt_read[1]_i_3_n_0
    SLICE_X32Y97         LUT6 (Prop_lut6_I0_O)        0.124     6.863 f  mw0/datatrans_sys_i/processing_system7_0_axi_periph/s00_couplers/auto_pc/inst/gen_axilite.gen_b2s_conv.axilite_b2s/WR.b_channel_0/bid_fifo_0/cnt_read[1]_i_2/O
                         net (fo=3, routed)           0.829     7.692    mw0/datatrans_sys_i/processing_system7_0_axi_periph/s00_couplers/auto_pc/inst/gen_axilite.gen_b2s_conv.axilite_b2s/WR.b_channel_0/bid_fifo_0/bresp_cnt_reg[7]
    SLICE_X31Y96         LUT2 (Prop_lut2_I1_O)        0.124     7.816 r  mw0/datatrans_sys_i/processing_system7_0_axi_periph/s00_couplers/auto_pc/inst/gen_axilite.gen_b2s_conv.axilite_b2s/WR.b_channel_0/bid_fifo_0/bresp_cnt[7]_i_1/O
                         net (fo=8, routed)           0.858     8.675    mw0/datatrans_sys_i/processing_system7_0_axi_periph/s00_couplers/auto_pc/inst/gen_axilite.gen_b2s_conv.axilite_b2s/WR.b_channel_0/s_bresp_acc0
    SLICE_X32Y98         FDRE                                         r  mw0/datatrans_sys_i/processing_system7_0_axi_periph/s00_couplers/auto_pc/inst/gen_axilite.gen_b2s_conv.axilite_b2s/WR.b_channel_0/bresp_cnt_reg[3]/R
  -------------------------------------------------------------------    -------------------

                         (clock clk_fpga_0 rise edge)
                                                     33.000    33.000 r  
    PS7_X0Y0             PS7                          0.000    33.000 r  mw0/datatrans_sys_i/processing_system7_0/inst/PS7_i/FCLKCLK[0]
                         net (fo=1, routed)           1.088    34.088    mw0/datatrans_sys_i/processing_system7_0/inst/FCLK_CLK_unbuffered[0]
    BUFGCTRL_X0Y17       BUFG (Prop_bufg_I_O)         0.091    34.179 r  mw0/datatrans_sys_i/processing_system7_0/inst/buffer_fclk_clk_0.FCLK_CLK_0_BUFG/O
                         net (fo=644, routed)         1.480    35.659    mw0/datatrans_sys_i/processing_system7_0_axi_periph/s00_couplers/auto_pc/inst/gen_axilite.gen_b2s_conv.axilite_b2s/WR.b_channel_0/aclk
    SLICE_X32Y98         FDRE                                         r  mw0/datatrans_sys_i/processing_system7_0_axi_periph/s00_couplers/auto_pc/inst/gen_axilite.gen_b2s_conv.axilite_b2s/WR.b_channel_0/bresp_cnt_reg[3]/C
                         clock pessimism              0.229    35.888    
                         clock uncertainty           -0.496    35.392    
    SLICE_X32Y98         FDRE (Setup_fdre_C_R)       -0.524    34.868    mw0/datatrans_sys_i/processing_system7_0_axi_periph/s00_couplers/auto_pc/inst/gen_axilite.gen_b2s_conv.axilite_b2s/WR.b_channel_0/bresp_cnt_reg[3]
  -------------------------------------------------------------------
                         required time                         34.868    
                         arrival time                          -8.675    
  -------------------------------------------------------------------
                         slack                                 26.193    

Slack (MET) :             26.193ns  (required time - arrival time)
  Source:                 mw0/datatrans_sys_i/processing_system7_0_axi_periph/s00_couplers/auto_pc/inst/gen_axilite.gen_b2s_conv.axilite_b2s/WR.b_channel_0/bid_fifo_0/cnt_read_reg[0]/C
                            (rising edge-triggered cell FDSE clocked by clk_fpga_0  {rise@0.000ns fall@16.500ns period=33.000ns})
  Destination:            mw0/datatrans_sys_i/processing_system7_0_axi_periph/s00_couplers/auto_pc/inst/gen_axilite.gen_b2s_conv.axilite_b2s/WR.b_channel_0/bresp_cnt_reg[4]/R
                            (rising edge-triggered cell FDRE clocked by clk_fpga_0  {rise@0.000ns fall@16.500ns period=33.000ns})
  Path Group:             clk_fpga_0
  Path Type:              Setup (Max at Slow Process Corner)
  Requirement:            33.000ns  (clk_fpga_0 rise@33.000ns - clk_fpga_0 rise@0.000ns)
  Data Path Delay:        5.682ns  (logic 1.138ns (20.029%)  route 4.544ns (79.971%))
  Logic Levels:           5  (LUT2=1 LUT5=1 LUT6=2 SRL16E=1)
  Clock Path Skew:        -0.105ns (DCD - SCD + CPR)
    Destination Clock Delay (DCD):    2.659ns = ( 35.659 - 33.000 ) 
    Source Clock Delay      (SCD):    2.993ns
    Clock Pessimism Removal (CPR):    0.229ns
  Clock Uncertainty:      0.496ns  ((TSJ^2 + TIJ^2)^1/2 + DJ) / 2 + PE
    Total System Jitter     (TSJ):    0.071ns
    Total Input Jitter      (TIJ):    0.990ns
    Discrete Jitter          (DJ):    0.000ns
    Phase Error              (PE):    0.000ns

    Location             Delay type                Incr(ns)  Path(ns)    Netlist Resource(s)
  -------------------------------------------------------------------    -------------------
                         (clock clk_fpga_0 rise edge)
                                                      0.000     0.000 r  
    PS7_X0Y0             PS7                          0.000     0.000 r  mw0/datatrans_sys_i/processing_system7_0/inst/PS7_i/FCLKCLK[0]
                         net (fo=1, routed)           1.193     1.193    mw0/datatrans_sys_i/processing_system7_0/inst/FCLK_CLK_unbuffered[0]
    BUFGCTRL_X0Y17       BUFG (Prop_bufg_I_O)         0.101     1.294 r  mw0/datatrans_sys_i/processing_system7_0/inst/buffer_fclk_clk_0.FCLK_CLK_0_BUFG/O
                         net (fo=644, routed)         1.699     2.993    mw0/datatrans_sys_i/processing_system7_0_axi_periph/s00_couplers/auto_pc/inst/gen_axilite.gen_b2s_conv.axilite_b2s/WR.b_channel_0/bid_fifo_0/aclk
    SLICE_X30Y95         FDSE                                         r  mw0/datatrans_sys_i/processing_system7_0_axi_periph/s00_couplers/auto_pc/inst/gen_axilite.gen_b2s_conv.axilite_b2s/WR.b_channel_0/bid_fifo_0/cnt_read_reg[0]/C
  -------------------------------------------------------------------    -------------------
    SLICE_X30Y95         FDSE (Prop_fdse_C_Q)         0.518     3.511 r  mw0/datatrans_sys_i/processing_system7_0_axi_periph/s00_couplers/auto_pc/inst/gen_axilite.gen_b2s_conv.axilite_b2s/WR.b_channel_0/bid_fifo_0/cnt_read_reg[0]/Q
                         net (fo=22, routed)          1.606     5.117    mw0/datatrans_sys_i/processing_system7_0_axi_periph/s00_couplers/auto_pc/inst/gen_axilite.gen_b2s_conv.axilite_b2s/WR.b_channel_0/bid_fifo_0/addr[0]
    SLICE_X34Y97         SRL16E (Prop_srl16e_A0_Q)    0.124     5.241 r  mw0/datatrans_sys_i/processing_system7_0_axi_periph/s00_couplers/auto_pc/inst/gen_axilite.gen_b2s_conv.axilite_b2s/WR.b_channel_0/bid_fifo_0/memory_reg[3][2]_srl4/Q
                         net (fo=1, routed)           0.579     5.820    mw0/datatrans_sys_i/processing_system7_0_axi_periph/s00_couplers/auto_pc/inst/gen_axilite.gen_b2s_conv.axilite_b2s/WR.b_channel_0/bid_fifo_0/memory_reg[3][2]_srl4_n_0
    SLICE_X33Y97         LUT6 (Prop_lut6_I3_O)        0.124     5.944 f  mw0/datatrans_sys_i/processing_system7_0_axi_periph/s00_couplers/auto_pc/inst/gen_axilite.gen_b2s_conv.axilite_b2s/WR.b_channel_0/bid_fifo_0/cnt_read[1]_i_4/O
                         net (fo=1, routed)           0.154     6.098    mw0/datatrans_sys_i/processing_system7_0_axi_periph/s00_couplers/auto_pc/inst/gen_axilite.gen_b2s_conv.axilite_b2s/WR.b_channel_0/bid_fifo_0/cnt_read[1]_i_4_n_0
    SLICE_X33Y97         LUT5 (Prop_lut5_I4_O)        0.124     6.222 f  mw0/datatrans_sys_i/processing_system7_0_axi_periph/s00_couplers/auto_pc/inst/gen_axilite.gen_b2s_conv.axilite_b2s/WR.b_channel_0/bid_fifo_0/cnt_read[1]_i_3/O
                         net (fo=1, routed)           0.517     6.739    mw0/datatrans_sys_i/processing_system7_0_axi_periph/s00_couplers/auto_pc/inst/gen_axilite.gen_b2s_conv.axilite_b2s/WR.b_channel_0/bid_fifo_0/cnt_read[1]_i_3_n_0
    SLICE_X32Y97         LUT6 (Prop_lut6_I0_O)        0.124     6.863 f  mw0/datatrans_sys_i/processing_system7_0_axi_periph/s00_couplers/auto_pc/inst/gen_axilite.gen_b2s_conv.axilite_b2s/WR.b_channel_0/bid_fifo_0/cnt_read[1]_i_2/O
                         net (fo=3, routed)           0.829     7.692    mw0/datatrans_sys_i/processing_system7_0_axi_periph/s00_couplers/auto_pc/inst/gen_axilite.gen_b2s_conv.axilite_b2s/WR.b_channel_0/bid_fifo_0/bresp_cnt_reg[7]
    SLICE_X31Y96         LUT2 (Prop_lut2_I1_O)        0.124     7.816 r  mw0/datatrans_sys_i/processing_system7_0_axi_periph/s00_couplers/auto_pc/inst/gen_axilite.gen_b2s_conv.axilite_b2s/WR.b_channel_0/bid_fifo_0/bresp_cnt[7]_i_1/O
                         net (fo=8, routed)           0.858     8.675    mw0/datatrans_sys_i/processing_system7_0_axi_periph/s00_couplers/auto_pc/inst/gen_axilite.gen_b2s_conv.axilite_b2s/WR.b_channel_0/s_bresp_acc0
    SLICE_X32Y98         FDRE                                         r  mw0/datatrans_sys_i/processing_system7_0_axi_periph/s00_couplers/auto_pc/inst/gen_axilite.gen_b2s_conv.axilite_b2s/WR.b_channel_0/bresp_cnt_reg[4]/R
  -------------------------------------------------------------------    -------------------

                         (clock clk_fpga_0 rise edge)
                                                     33.000    33.000 r  
    PS7_X0Y0             PS7                          0.000    33.000 r  mw0/datatrans_sys_i/processing_system7_0/inst/PS7_i/FCLKCLK[0]
                         net (fo=1, routed)           1.088    34.088    mw0/datatrans_sys_i/processing_system7_0/inst/FCLK_CLK_unbuffered[0]
    BUFGCTRL_X0Y17       BUFG (Prop_bufg_I_O)         0.091    34.179 r  mw0/datatrans_sys_i/processing_system7_0/inst/buffer_fclk_clk_0.FCLK_CLK_0_BUFG/O
                         net (fo=644, routed)         1.480    35.659    mw0/datatrans_sys_i/processing_system7_0_axi_periph/s00_couplers/auto_pc/inst/gen_axilite.gen_b2s_conv.axilite_b2s/WR.b_channel_0/aclk
    SLICE_X32Y98         FDRE                                         r  mw0/datatrans_sys_i/processing_system7_0_axi_periph/s00_couplers/auto_pc/inst/gen_axilite.gen_b2s_conv.axilite_b2s/WR.b_channel_0/bresp_cnt_reg[4]/C
                         clock pessimism              0.229    35.888    
                         clock uncertainty           -0.496    35.392    
    SLICE_X32Y98         FDRE (Setup_fdre_C_R)       -0.524    34.868    mw0/datatrans_sys_i/processing_system7_0_axi_periph/s00_couplers/auto_pc/inst/gen_axilite.gen_b2s_conv.axilite_b2s/WR.b_channel_0/bresp_cnt_reg[4]
  -------------------------------------------------------------------
                         required time                         34.868    
                         arrival time                          -8.675    
  -------------------------------------------------------------------
                         slack                                 26.193    

Slack (MET) :             26.331ns  (required time - arrival time)
  Source:                 mw0/datatrans_sys_i/processing_system7_0_axi_periph/s00_couplers/auto_pc/inst/gen_axilite.gen_b2s_conv.axilite_b2s/WR.b_channel_0/bid_fifo_0/cnt_read_reg[0]/C
                            (rising edge-triggered cell FDSE clocked by clk_fpga_0  {rise@0.000ns fall@16.500ns period=33.000ns})
  Destination:            mw0/datatrans_sys_i/processing_system7_0_axi_periph/s00_couplers/auto_pc/inst/gen_axilite.gen_b2s_conv.axilite_b2s/WR.b_channel_0/bresp_cnt_reg[1]/R
                            (rising edge-triggered cell FDRE clocked by clk_fpga_0  {rise@0.000ns fall@16.500ns period=33.000ns})
  Path Group:             clk_fpga_0
  Path Type:              Setup (Max at Slow Process Corner)
  Requirement:            33.000ns  (clk_fpga_0 rise@33.000ns - clk_fpga_0 rise@0.000ns)
  Data Path Delay:        5.543ns  (logic 1.138ns (20.529%)  route 4.405ns (79.471%))
  Logic Levels:           5  (LUT2=1 LUT5=1 LUT6=2 SRL16E=1)
  Clock Path Skew:        -0.105ns (DCD - SCD + CPR)
    Destination Clock Delay (DCD):    2.659ns = ( 35.659 - 33.000 ) 
    Source Clock Delay      (SCD):    2.993ns
    Clock Pessimism Removal (CPR):    0.229ns
  Clock Uncertainty:      0.496ns  ((TSJ^2 + TIJ^2)^1/2 + DJ) / 2 + PE
    Total System Jitter     (TSJ):    0.071ns
    Total Input Jitter      (TIJ):    0.990ns
    Discrete Jitter          (DJ):    0.000ns
    Phase Error              (PE):    0.000ns

    Location             Delay type                Incr(ns)  Path(ns)    Netlist Resource(s)
  -------------------------------------------------------------------    -------------------
                         (clock clk_fpga_0 rise edge)
                                                      0.000     0.000 r  
    PS7_X0Y0             PS7                          0.000     0.000 r  mw0/datatrans_sys_i/processing_system7_0/inst/PS7_i/FCLKCLK[0]
                         net (fo=1, routed)           1.193     1.193    mw0/datatrans_sys_i/processing_system7_0/inst/FCLK_CLK_unbuffered[0]
    BUFGCTRL_X0Y17       BUFG (Prop_bufg_I_O)         0.101     1.294 r  mw0/datatrans_sys_i/processing_system7_0/inst/buffer_fclk_clk_0.FCLK_CLK_0_BUFG/O
                         net (fo=644, routed)         1.699     2.993    mw0/datatrans_sys_i/processing_system7_0_axi_periph/s00_couplers/auto_pc/inst/gen_axilite.gen_b2s_conv.axilite_b2s/WR.b_channel_0/bid_fifo_0/aclk
    SLICE_X30Y95         FDSE                                         r  mw0/datatrans_sys_i/processing_system7_0_axi_periph/s00_couplers/auto_pc/inst/gen_axilite.gen_b2s_conv.axilite_b2s/WR.b_channel_0/bid_fifo_0/cnt_read_reg[0]/C
  -------------------------------------------------------------------    -------------------
    SLICE_X30Y95         FDSE (Prop_fdse_C_Q)         0.518     3.511 r  mw0/datatrans_sys_i/processing_system7_0_axi_periph/s00_couplers/auto_pc/inst/gen_axilite.gen_b2s_conv.axilite_b2s/WR.b_channel_0/bid_fifo_0/cnt_read_reg[0]/Q
                         net (fo=22, routed)          1.606     5.117    mw0/datatrans_sys_i/processing_system7_0_axi_periph/s00_couplers/auto_pc/inst/gen_axilite.gen_b2s_conv.axilite_b2s/WR.b_channel_0/bid_fifo_0/addr[0]
    SLICE_X34Y97         SRL16E (Prop_srl16e_A0_Q)    0.124     5.241 r  mw0/datatrans_sys_i/processing_system7_0_axi_periph/s00_couplers/auto_pc/inst/gen_axilite.gen_b2s_conv.axilite_b2s/WR.b_channel_0/bid_fifo_0/memory_reg[3][2]_srl4/Q
                         net (fo=1, routed)           0.579     5.820    mw0/datatrans_sys_i/processing_system7_0_axi_periph/s00_couplers/auto_pc/inst/gen_axilite.gen_b2s_conv.axilite_b2s/WR.b_channel_0/bid_fifo_0/memory_reg[3][2]_srl4_n_0
    SLICE_X33Y97         LUT6 (Prop_lut6_I3_O)        0.124     5.944 f  mw0/datatrans_sys_i/processing_system7_0_axi_periph/s00_couplers/auto_pc/inst/gen_axilite.gen_b2s_conv.axilite_b2s/WR.b_channel_0/bid_fifo_0/cnt_read[1]_i_4/O
                         net (fo=1, routed)           0.154     6.098    mw0/datatrans_sys_i/processing_system7_0_axi_periph/s00_couplers/auto_pc/inst/gen_axilite.gen_b2s_conv.axilite_b2s/WR.b_channel_0/bid_fifo_0/cnt_read[1]_i_4_n_0
    SLICE_X33Y97         LUT5 (Prop_lut5_I4_O)        0.124     6.222 f  mw0/datatrans_sys_i/processing_system7_0_axi_periph/s00_couplers/auto_pc/inst/gen_axilite.gen_b2s_conv.axilite_b2s/WR.b_channel_0/bid_fifo_0/cnt_read[1]_i_3/O
                         net (fo=1, routed)           0.517     6.739    mw0/datatrans_sys_i/processing_system7_0_axi_periph/s00_couplers/auto_pc/inst/gen_axilite.gen_b2s_conv.axilite_b2s/WR.b_channel_0/bid_fifo_0/cnt_read[1]_i_3_n_0
    SLICE_X32Y97         LUT6 (Prop_lut6_I0_O)        0.124     6.863 f  mw0/datatrans_sys_i/processing_system7_0_axi_periph/s00_couplers/auto_pc/inst/gen_axilite.gen_b2s_conv.axilite_b2s/WR.b_channel_0/bid_fifo_0/cnt_read[1]_i_2/O
                         net (fo=3, routed)           0.829     7.692    mw0/datatrans_sys_i/processing_system7_0_axi_periph/s00_couplers/auto_pc/inst/gen_axilite.gen_b2s_conv.axilite_b2s/WR.b_channel_0/bid_fifo_0/bresp_cnt_reg[7]
    SLICE_X31Y96         LUT2 (Prop_lut2_I1_O)        0.124     7.816 r  mw0/datatrans_sys_i/processing_system7_0_axi_periph/s00_couplers/auto_pc/inst/gen_axilite.gen_b2s_conv.axilite_b2s/WR.b_channel_0/bid_fifo_0/bresp_cnt[7]_i_1/O
                         net (fo=8, routed)           0.720     8.536    mw0/datatrans_sys_i/processing_system7_0_axi_periph/s00_couplers/auto_pc/inst/gen_axilite.gen_b2s_conv.axilite_b2s/WR.b_channel_0/s_bresp_acc0
    SLICE_X32Y97         FDRE                                         r  mw0/datatrans_sys_i/processing_system7_0_axi_periph/s00_couplers/auto_pc/inst/gen_axilite.gen_b2s_conv.axilite_b2s/WR.b_channel_0/bresp_cnt_reg[1]/R
  -------------------------------------------------------------------    -------------------

                         (clock clk_fpga_0 rise edge)
                                                     33.000    33.000 r  
    PS7_X0Y0             PS7                          0.000    33.000 r  mw0/datatrans_sys_i/processing_system7_0/inst/PS7_i/FCLKCLK[0]
                         net (fo=1, routed)           1.088    34.088    mw0/datatrans_sys_i/processing_system7_0/inst/FCLK_CLK_unbuffered[0]
    BUFGCTRL_X0Y17       BUFG (Prop_bufg_I_O)         0.091    34.179 r  mw0/datatrans_sys_i/processing_system7_0/inst/buffer_fclk_clk_0.FCLK_CLK_0_BUFG/O
                         net (fo=644, routed)         1.480    35.659    mw0/datatrans_sys_i/processing_system7_0_axi_periph/s00_couplers/auto_pc/inst/gen_axilite.gen_b2s_conv.axilite_b2s/WR.b_channel_0/aclk
    SLICE_X32Y97         FDRE                                         r  mw0/datatrans_sys_i/processing_system7_0_axi_periph/s00_couplers/auto_pc/inst/gen_axilite.gen_b2s_conv.axilite_b2s/WR.b_channel_0/bresp_cnt_reg[1]/C
                         clock pessimism              0.229    35.888    
                         clock uncertainty           -0.496    35.392    
    SLICE_X32Y97         FDRE (Setup_fdre_C_R)       -0.524    34.868    mw0/datatrans_sys_i/processing_system7_0_axi_periph/s00_couplers/auto_pc/inst/gen_axilite.gen_b2s_conv.axilite_b2s/WR.b_channel_0/bresp_cnt_reg[1]
  -------------------------------------------------------------------
                         required time                         34.868    
                         arrival time                          -8.536    
  -------------------------------------------------------------------
                         slack                                 26.331    

Slack (MET) :             26.331ns  (required time - arrival time)
  Source:                 mw0/datatrans_sys_i/processing_system7_0_axi_periph/s00_couplers/auto_pc/inst/gen_axilite.gen_b2s_conv.axilite_b2s/WR.b_channel_0/bid_fifo_0/cnt_read_reg[0]/C
                            (rising edge-triggered cell FDSE clocked by clk_fpga_0  {rise@0.000ns fall@16.500ns period=33.000ns})
  Destination:            mw0/datatrans_sys_i/processing_system7_0_axi_periph/s00_couplers/auto_pc/inst/gen_axilite.gen_b2s_conv.axilite_b2s/WR.b_channel_0/bresp_cnt_reg[2]/R
                            (rising edge-triggered cell FDRE clocked by clk_fpga_0  {rise@0.000ns fall@16.500ns period=33.000ns})
  Path Group:             clk_fpga_0
  Path Type:              Setup (Max at Slow Process Corner)
  Requirement:            33.000ns  (clk_fpga_0 rise@33.000ns - clk_fpga_0 rise@0.000ns)
  Data Path Delay:        5.543ns  (logic 1.138ns (20.529%)  route 4.405ns (79.471%))
  Logic Levels:           5  (LUT2=1 LUT5=1 LUT6=2 SRL16E=1)
  Clock Path Skew:        -0.105ns (DCD - SCD + CPR)
    Destination Clock Delay (DCD):    2.659ns = ( 35.659 - 33.000 ) 
    Source Clock Delay      (SCD):    2.993ns
    Clock Pessimism Removal (CPR):    0.229ns
  Clock Uncertainty:      0.496ns  ((TSJ^2 + TIJ^2)^1/2 + DJ) / 2 + PE
    Total System Jitter     (TSJ):    0.071ns
    Total Input Jitter      (TIJ):    0.990ns
    Discrete Jitter          (DJ):    0.000ns
    Phase Error              (PE):    0.000ns

    Location             Delay type                Incr(ns)  Path(ns)    Netlist Resource(s)
  -------------------------------------------------------------------    -------------------
                         (clock clk_fpga_0 rise edge)
                                                      0.000     0.000 r  
    PS7_X0Y0             PS7                          0.000     0.000 r  mw0/datatrans_sys_i/processing_system7_0/inst/PS7_i/FCLKCLK[0]
                         net (fo=1, routed)           1.193     1.193    mw0/datatrans_sys_i/processing_system7_0/inst/FCLK_CLK_unbuffered[0]
    BUFGCTRL_X0Y17       BUFG (Prop_bufg_I_O)         0.101     1.294 r  mw0/datatrans_sys_i/processing_system7_0/inst/buffer_fclk_clk_0.FCLK_CLK_0_BUFG/O
                         net (fo=644, routed)         1.699     2.993    mw0/datatrans_sys_i/processing_system7_0_axi_periph/s00_couplers/auto_pc/inst/gen_axilite.gen_b2s_conv.axilite_b2s/WR.b_channel_0/bid_fifo_0/aclk
    SLICE_X30Y95         FDSE                                         r  mw0/datatrans_sys_i/processing_system7_0_axi_periph/s00_couplers/auto_pc/inst/gen_axilite.gen_b2s_conv.axilite_b2s/WR.b_channel_0/bid_fifo_0/cnt_read_reg[0]/C
  -------------------------------------------------------------------    -------------------
    SLICE_X30Y95         FDSE (Prop_fdse_C_Q)         0.518     3.511 r  mw0/datatrans_sys_i/processing_system7_0_axi_periph/s00_couplers/auto_pc/inst/gen_axilite.gen_b2s_conv.axilite_b2s/WR.b_channel_0/bid_fifo_0/cnt_read_reg[0]/Q
                         net (fo=22, routed)          1.606     5.117    mw0/datatrans_sys_i/processing_system7_0_axi_periph/s00_couplers/auto_pc/inst/gen_axilite.gen_b2s_conv.axilite_b2s/WR.b_channel_0/bid_fifo_0/addr[0]
    SLICE_X34Y97         SRL16E (Prop_srl16e_A0_Q)    0.124     5.241 r  mw0/datatrans_sys_i/processing_system7_0_axi_periph/s00_couplers/auto_pc/inst/gen_axilite.gen_b2s_conv.axilite_b2s/WR.b_channel_0/bid_fifo_0/memory_reg[3][2]_srl4/Q
                         net (fo=1, routed)           0.579     5.820    mw0/datatrans_sys_i/processing_system7_0_axi_periph/s00_couplers/auto_pc/inst/gen_axilite.gen_b2s_conv.axilite_b2s/WR.b_channel_0/bid_fifo_0/memory_reg[3][2]_srl4_n_0
    SLICE_X33Y97         LUT6 (Prop_lut6_I3_O)        0.124     5.944 f  mw0/datatrans_sys_i/processing_system7_0_axi_periph/s00_couplers/auto_pc/inst/gen_axilite.gen_b2s_conv.axilite_b2s/WR.b_channel_0/bid_fifo_0/cnt_read[1]_i_4/O
                         net (fo=1, routed)           0.154     6.098    mw0/datatrans_sys_i/processing_system7_0_axi_periph/s00_couplers/auto_pc/inst/gen_axilite.gen_b2s_conv.axilite_b2s/WR.b_channel_0/bid_fifo_0/cnt_read[1]_i_4_n_0
    SLICE_X33Y97         LUT5 (Prop_lut5_I4_O)        0.124     6.222 f  mw0/datatrans_sys_i/processing_system7_0_axi_periph/s00_couplers/auto_pc/inst/gen_axilite.gen_b2s_conv.axilite_b2s/WR.b_channel_0/bid_fifo_0/cnt_read[1]_i_3/O
                         net (fo=1, routed)           0.517     6.739    mw0/datatrans_sys_i/processing_system7_0_axi_periph/s00_couplers/auto_pc/inst/gen_axilite.gen_b2s_conv.axilite_b2s/WR.b_channel_0/bid_fifo_0/cnt_read[1]_i_3_n_0
    SLICE_X32Y97         LUT6 (Prop_lut6_I0_O)        0.124     6.863 f  mw0/datatrans_sys_i/processing_system7_0_axi_periph/s00_couplers/auto_pc/inst/gen_axilite.gen_b2s_conv.axilite_b2s/WR.b_channel_0/bid_fifo_0/cnt_read[1]_i_2/O
                         net (fo=3, routed)           0.829     7.692    mw0/datatrans_sys_i/processing_system7_0_axi_periph/s00_couplers/auto_pc/inst/gen_axilite.gen_b2s_conv.axilite_b2s/WR.b_channel_0/bid_fifo_0/bresp_cnt_reg[7]
    SLICE_X31Y96         LUT2 (Prop_lut2_I1_O)        0.124     7.816 r  mw0/datatrans_sys_i/processing_system7_0_axi_periph/s00_couplers/auto_pc/inst/gen_axilite.gen_b2s_conv.axilite_b2s/WR.b_channel_0/bid_fifo_0/bresp_cnt[7]_i_1/O
                         net (fo=8, routed)           0.720     8.536    mw0/datatrans_sys_i/processing_system7_0_axi_periph/s00_couplers/auto_pc/inst/gen_axilite.gen_b2s_conv.axilite_b2s/WR.b_channel_0/s_bresp_acc0
    SLICE_X32Y97         FDRE                                         r  mw0/datatrans_sys_i/processing_system7_0_axi_periph/s00_couplers/auto_pc/inst/gen_axilite.gen_b2s_conv.axilite_b2s/WR.b_channel_0/bresp_cnt_reg[2]/R
  -------------------------------------------------------------------    -------------------

                         (clock clk_fpga_0 rise edge)
                                                     33.000    33.000 r  
    PS7_X0Y0             PS7                          0.000    33.000 r  mw0/datatrans_sys_i/processing_system7_0/inst/PS7_i/FCLKCLK[0]
                         net (fo=1, routed)           1.088    34.088    mw0/datatrans_sys_i/processing_system7_0/inst/FCLK_CLK_unbuffered[0]
    BUFGCTRL_X0Y17       BUFG (Prop_bufg_I_O)         0.091    34.179 r  mw0/datatrans_sys_i/processing_system7_0/inst/buffer_fclk_clk_0.FCLK_CLK_0_BUFG/O
                         net (fo=644, routed)         1.480    35.659    mw0/datatrans_sys_i/processing_system7_0_axi_periph/s00_couplers/auto_pc/inst/gen_axilite.gen_b2s_conv.axilite_b2s/WR.b_channel_0/aclk
    SLICE_X32Y97         FDRE                                         r  mw0/datatrans_sys_i/processing_system7_0_axi_periph/s00_couplers/auto_pc/inst/gen_axilite.gen_b2s_conv.axilite_b2s/WR.b_channel_0/bresp_cnt_reg[2]/C
                         clock pessimism              0.229    35.888    
                         clock uncertainty           -0.496    35.392    
    SLICE_X32Y97         FDRE (Setup_fdre_C_R)       -0.524    34.868    mw0/datatrans_sys_i/processing_system7_0_axi_periph/s00_couplers/auto_pc/inst/gen_axilite.gen_b2s_conv.axilite_b2s/WR.b_channel_0/bresp_cnt_reg[2]
  -------------------------------------------------------------------
                         required time                         34.868    
                         arrival time                          -8.536    
  -------------------------------------------------------------------
                         slack                                 26.331    

Slack (MET) :             26.331ns  (required time - arrival time)
  Source:                 mw0/datatrans_sys_i/processing_system7_0_axi_periph/s00_couplers/auto_pc/inst/gen_axilite.gen_b2s_conv.axilite_b2s/WR.b_channel_0/bid_fifo_0/cnt_read_reg[0]/C
                            (rising edge-triggered cell FDSE clocked by clk_fpga_0  {rise@0.000ns fall@16.500ns period=33.000ns})
  Destination:            mw0/datatrans_sys_i/processing_system7_0_axi_periph/s00_couplers/auto_pc/inst/gen_axilite.gen_b2s_conv.axilite_b2s/WR.b_channel_0/bresp_cnt_reg[6]/R
                            (rising edge-triggered cell FDRE clocked by clk_fpga_0  {rise@0.000ns fall@16.500ns period=33.000ns})
  Path Group:             clk_fpga_0
  Path Type:              Setup (Max at Slow Process Corner)
  Requirement:            33.000ns  (clk_fpga_0 rise@33.000ns - clk_fpga_0 rise@0.000ns)
  Data Path Delay:        5.543ns  (logic 1.138ns (20.529%)  route 4.405ns (79.471%))
  Logic Levels:           5  (LUT2=1 LUT5=1 LUT6=2 SRL16E=1)
  Clock Path Skew:        -0.105ns (DCD - SCD + CPR)
    Destination Clock Delay (DCD):    2.659ns = ( 35.659 - 33.000 ) 
    Source Clock Delay      (SCD):    2.993ns
    Clock Pessimism Removal (CPR):    0.229ns
  Clock Uncertainty:      0.496ns  ((TSJ^2 + TIJ^2)^1/2 + DJ) / 2 + PE
    Total System Jitter     (TSJ):    0.071ns
    Total Input Jitter      (TIJ):    0.990ns
    Discrete Jitter          (DJ):    0.000ns
    Phase Error              (PE):    0.000ns

    Location             Delay type                Incr(ns)  Path(ns)    Netlist Resource(s)
  -------------------------------------------------------------------    -------------------
                         (clock clk_fpga_0 rise edge)
                                                      0.000     0.000 r  
    PS7_X0Y0             PS7                          0.000     0.000 r  mw0/datatrans_sys_i/processing_system7_0/inst/PS7_i/FCLKCLK[0]
                         net (fo=1, routed)           1.193     1.193    mw0/datatrans_sys_i/processing_system7_0/inst/FCLK_CLK_unbuffered[0]
    BUFGCTRL_X0Y17       BUFG (Prop_bufg_I_O)         0.101     1.294 r  mw0/datatrans_sys_i/processing_system7_0/inst/buffer_fclk_clk_0.FCLK_CLK_0_BUFG/O
                         net (fo=644, routed)         1.699     2.993    mw0/datatrans_sys_i/processing_system7_0_axi_periph/s00_couplers/auto_pc/inst/gen_axilite.gen_b2s_conv.axilite_b2s/WR.b_channel_0/bid_fifo_0/aclk
    SLICE_X30Y95         FDSE                                         r  mw0/datatrans_sys_i/processing_system7_0_axi_periph/s00_couplers/auto_pc/inst/gen_axilite.gen_b2s_conv.axilite_b2s/WR.b_channel_0/bid_fifo_0/cnt_read_reg[0]/C
  -------------------------------------------------------------------    -------------------
    SLICE_X30Y95         FDSE (Prop_fdse_C_Q)         0.518     3.511 r  mw0/datatrans_sys_i/processing_system7_0_axi_periph/s00_couplers/auto_pc/inst/gen_axilite.gen_b2s_conv.axilite_b2s/WR.b_channel_0/bid_fifo_0/cnt_read_reg[0]/Q
                         net (fo=22, routed)          1.606     5.117    mw0/datatrans_sys_i/processing_system7_0_axi_periph/s00_couplers/auto_pc/inst/gen_axilite.gen_b2s_conv.axilite_b2s/WR.b_channel_0/bid_fifo_0/addr[0]
    SLICE_X34Y97         SRL16E (Prop_srl16e_A0_Q)    0.124     5.241 r  mw0/datatrans_sys_i/processing_system7_0_axi_periph/s00_couplers/auto_pc/inst/gen_axilite.gen_b2s_conv.axilite_b2s/WR.b_channel_0/bid_fifo_0/memory_reg[3][2]_srl4/Q
                         net (fo=1, routed)           0.579     5.820    mw0/datatrans_sys_i/processing_system7_0_axi_periph/s00_couplers/auto_pc/inst/gen_axilite.gen_b2s_conv.axilite_b2s/WR.b_channel_0/bid_fifo_0/memory_reg[3][2]_srl4_n_0
    SLICE_X33Y97         LUT6 (Prop_lut6_I3_O)        0.124     5.944 f  mw0/datatrans_sys_i/processing_system7_0_axi_periph/s00_couplers/auto_pc/inst/gen_axilite.gen_b2s_conv.axilite_b2s/WR.b_channel_0/bid_fifo_0/cnt_read[1]_i_4/O
                         net (fo=1, routed)           0.154     6.098    mw0/datatrans_sys_i/processing_system7_0_axi_periph/s00_couplers/auto_pc/inst/gen_axilite.gen_b2s_conv.axilite_b2s/WR.b_channel_0/bid_fifo_0/cnt_read[1]_i_4_n_0
    SLICE_X33Y97         LUT5 (Prop_lut5_I4_O)        0.124     6.222 f  mw0/datatrans_sys_i/processing_system7_0_axi_periph/s00_couplers/auto_pc/inst/gen_axilite.gen_b2s_conv.axilite_b2s/WR.b_channel_0/bid_fifo_0/cnt_read[1]_i_3/O
                         net (fo=1, routed)           0.517     6.739    mw0/datatrans_sys_i/processing_system7_0_axi_periph/s00_couplers/auto_pc/inst/gen_axilite.gen_b2s_conv.axilite_b2s/WR.b_channel_0/bid_fifo_0/cnt_read[1]_i_3_n_0
    SLICE_X32Y97         LUT6 (Prop_lut6_I0_O)        0.124     6.863 f  mw0/datatrans_sys_i/processing_system7_0_axi_periph/s00_couplers/auto_pc/inst/gen_axilite.gen_b2s_conv.axilite_b2s/WR.b_channel_0/bid_fifo_0/cnt_read[1]_i_2/O
                         net (fo=3, routed)           0.829     7.692    mw0/datatrans_sys_i/processing_system7_0_axi_periph/s00_couplers/auto_pc/inst/gen_axilite.gen_b2s_conv.axilite_b2s/WR.b_channel_0/bid_fifo_0/bresp_cnt_reg[7]
    SLICE_X31Y96         LUT2 (Prop_lut2_I1_O)        0.124     7.816 r  mw0/datatrans_sys_i/processing_system7_0_axi_periph/s00_couplers/auto_pc/inst/gen_axilite.gen_b2s_conv.axilite_b2s/WR.b_channel_0/bid_fifo_0/bresp_cnt[7]_i_1/O
                         net (fo=8, routed)           0.720     8.536    mw0/datatrans_sys_i/processing_system7_0_axi_periph/s00_couplers/auto_pc/inst/gen_axilite.gen_b2s_conv.axilite_b2s/WR.b_channel_0/s_bresp_acc0
    SLICE_X32Y97         FDRE                                         r  mw0/datatrans_sys_i/processing_system7_0_axi_periph/s00_couplers/auto_pc/inst/gen_axilite.gen_b2s_conv.axilite_b2s/WR.b_channel_0/bresp_cnt_reg[6]/R
  -------------------------------------------------------------------    -------------------

                         (clock clk_fpga_0 rise edge)
                                                     33.000    33.000 r  
    PS7_X0Y0             PS7                          0.000    33.000 r  mw0/datatrans_sys_i/processing_system7_0/inst/PS7_i/FCLKCLK[0]
                         net (fo=1, routed)           1.088    34.088    mw0/datatrans_sys_i/processing_system7_0/inst/FCLK_CLK_unbuffered[0]
    BUFGCTRL_X0Y17       BUFG (Prop_bufg_I_O)         0.091    34.179 r  mw0/datatrans_sys_i/processing_system7_0/inst/buffer_fclk_clk_0.FCLK_CLK_0_BUFG/O
                         net (fo=644, routed)         1.480    35.659    mw0/datatrans_sys_i/processing_system7_0_axi_periph/s00_couplers/auto_pc/inst/gen_axilite.gen_b2s_conv.axilite_b2s/WR.b_channel_0/aclk
    SLICE_X32Y97         FDRE                                         r  mw0/datatrans_sys_i/processing_system7_0_axi_periph/s00_couplers/auto_pc/inst/gen_axilite.gen_b2s_conv.axilite_b2s/WR.b_channel_0/bresp_cnt_reg[6]/C
                         clock pessimism              0.229    35.888    
                         clock uncertainty           -0.496    35.392    
    SLICE_X32Y97         FDRE (Setup_fdre_C_R)       -0.524    34.868    mw0/datatrans_sys_i/processing_system7_0_axi_periph/s00_couplers/auto_pc/inst/gen_axilite.gen_b2s_conv.axilite_b2s/WR.b_channel_0/bresp_cnt_reg[6]
  -------------------------------------------------------------------
                         required time                         34.868    
                         arrival time                          -8.536    
  -------------------------------------------------------------------
                         slack                                 26.331    





Min Delay Paths
--------------------------------------------------------------------------------------
Slack (MET) :             0.056ns  (arrival time - required time)
  Source:                 mw0/datatrans_sys_i/processing_system7_0_axi_periph/s00_couplers/auto_pc/inst/gen_axilite.gen_b2s_conv.axilite_b2s/SI_REG/b.b_pipe/skid_buffer_reg[10]/C
                            (rising edge-triggered cell FDRE clocked by clk_fpga_0  {rise@0.000ns fall@16.500ns period=33.000ns})
  Destination:            mw0/datatrans_sys_i/processing_system7_0_axi_periph/s00_couplers/auto_pc/inst/gen_axilite.gen_b2s_conv.axilite_b2s/SI_REG/b.b_pipe/m_payload_i_reg[10]/D
                            (rising edge-triggered cell FDRE clocked by clk_fpga_0  {rise@0.000ns fall@16.500ns period=33.000ns})
  Path Group:             clk_fpga_0
  Path Type:              Hold (Min at Fast Process Corner)
  Requirement:            0.000ns  (clk_fpga_0 rise@0.000ns - clk_fpga_0 rise@0.000ns)
  Data Path Delay:        0.330ns  (logic 0.186ns (56.425%)  route 0.144ns (43.575%))
  Logic Levels:           1  (LUT3=1)
  Clock Path Skew:        0.183ns (DCD - SCD - CPR)
    Destination Clock Delay (DCD):    1.210ns
    Source Clock Delay      (SCD):    0.992ns
    Clock Pessimism Removal (CPR):    0.035ns

    Location             Delay type                Incr(ns)  Path(ns)    Netlist Resource(s)
  -------------------------------------------------------------------    -------------------
                         (clock clk_fpga_0 rise edge)
                                                      0.000     0.000 r  
    PS7_X0Y0             PS7                          0.000     0.000 r  mw0/datatrans_sys_i/processing_system7_0/inst/PS7_i/FCLKCLK[0]
                         net (fo=1, routed)           0.310     0.310    mw0/datatrans_sys_i/processing_system7_0/inst/FCLK_CLK_unbuffered[0]
    BUFGCTRL_X0Y17       BUFG (Prop_bufg_I_O)         0.026     0.336 r  mw0/datatrans_sys_i/processing_system7_0/inst/buffer_fclk_clk_0.FCLK_CLK_0_BUFG/O
                         net (fo=644, routed)         0.656     0.992    mw0/datatrans_sys_i/processing_system7_0_axi_periph/s00_couplers/auto_pc/inst/gen_axilite.gen_b2s_conv.axilite_b2s/SI_REG/b.b_pipe/aclk
    SLICE_X27Y100        FDRE                                         r  mw0/datatrans_sys_i/processing_system7_0_axi_periph/s00_couplers/auto_pc/inst/gen_axilite.gen_b2s_conv.axilite_b2s/SI_REG/b.b_pipe/skid_buffer_reg[10]/C
  -------------------------------------------------------------------    -------------------
    SLICE_X27Y100        FDRE (Prop_fdre_C_Q)         0.141     1.133 r  mw0/datatrans_sys_i/processing_system7_0_axi_periph/s00_couplers/auto_pc/inst/gen_axilite.gen_b2s_conv.axilite_b2s/SI_REG/b.b_pipe/skid_buffer_reg[10]/Q
                         net (fo=1, routed)           0.144     1.277    mw0/datatrans_sys_i/processing_system7_0_axi_periph/s00_couplers/auto_pc/inst/gen_axilite.gen_b2s_conv.axilite_b2s/SI_REG/b.b_pipe/skid_buffer_reg_n_0_[10]
    SLICE_X27Y98         LUT3 (Prop_lut3_I2_O)        0.045     1.322 r  mw0/datatrans_sys_i/processing_system7_0_axi_periph/s00_couplers/auto_pc/inst/gen_axilite.gen_b2s_conv.axilite_b2s/SI_REG/b.b_pipe/m_payload_i[10]_i_1/O
                         net (fo=1, routed)           0.000     1.322    mw0/datatrans_sys_i/processing_system7_0_axi_periph/s00_couplers/auto_pc/inst/gen_axilite.gen_b2s_conv.axilite_b2s/SI_REG/b.b_pipe/m_payload_i[10]_i_1_n_0
    SLICE_X27Y98         FDRE                                         r  mw0/datatrans_sys_i/processing_system7_0_axi_periph/s00_couplers/auto_pc/inst/gen_axilite.gen_b2s_conv.axilite_b2s/SI_REG/b.b_pipe/m_payload_i_reg[10]/D
  -------------------------------------------------------------------    -------------------

                         (clock clk_fpga_0 rise edge)
                                                      0.000     0.000 r  
    PS7_X0Y0             PS7                          0.000     0.000 r  mw0/datatrans_sys_i/processing_system7_0/inst/PS7_i/FCLKCLK[0]
                         net (fo=1, routed)           0.337     0.337    mw0/datatrans_sys_i/processing_system7_0/inst/FCLK_CLK_unbuffered[0]
    BUFGCTRL_X0Y17       BUFG (Prop_bufg_I_O)         0.029     0.366 r  mw0/datatrans_sys_i/processing_system7_0/inst/buffer_fclk_clk_0.FCLK_CLK_0_BUFG/O
                         net (fo=644, routed)         0.844     1.210    mw0/datatrans_sys_i/processing_system7_0_axi_periph/s00_couplers/auto_pc/inst/gen_axilite.gen_b2s_conv.axilite_b2s/SI_REG/b.b_pipe/aclk
    SLICE_X27Y98         FDRE                                         r  mw0/datatrans_sys_i/processing_system7_0_axi_periph/s00_couplers/auto_pc/inst/gen_axilite.gen_b2s_conv.axilite_b2s/SI_REG/b.b_pipe/m_payload_i_reg[10]/C
                         clock pessimism             -0.035     1.175    
    SLICE_X27Y98         FDRE (Hold_fdre_C_D)         0.091     1.266    mw0/datatrans_sys_i/processing_system7_0_axi_periph/s00_couplers/auto_pc/inst/gen_axilite.gen_b2s_conv.axilite_b2s/SI_REG/b.b_pipe/m_payload_i_reg[10]
  -------------------------------------------------------------------
                         required time                         -1.266    
                         arrival time                           1.322    
  -------------------------------------------------------------------
                         slack                                  0.056    

Slack (MET) :             0.082ns  (arrival time - required time)
  Source:                 mw0/datatrans_sys_i/processing_system7_0_axi_periph/s00_couplers/auto_pc/inst/gen_axilite.gen_b2s_conv.axilite_b2s/WR.aw_channel_0/s_awid_r_reg[8]/C
                            (rising edge-triggered cell FDRE clocked by clk_fpga_0  {rise@0.000ns fall@16.500ns period=33.000ns})
  Destination:            mw0/datatrans_sys_i/processing_system7_0_axi_periph/s00_couplers/auto_pc/inst/gen_axilite.gen_b2s_conv.axilite_b2s/WR.b_channel_0/bid_fifo_0/memory_reg[3][16]_srl4/D
                            (rising edge-triggered cell SRL16E clocked by clk_fpga_0  {rise@0.000ns fall@16.500ns period=33.000ns})
  Path Group:             clk_fpga_0
  Path Type:              Hold (Min at Fast Process Corner)
  Requirement:            0.000ns  (clk_fpga_0 rise@0.000ns - clk_fpga_0 rise@0.000ns)
  Data Path Delay:        0.367ns  (logic 0.164ns (44.657%)  route 0.203ns (55.343%))
  Logic Levels:           0  
  Clock Path Skew:        0.183ns (DCD - SCD - CPR)
    Destination Clock Delay (DCD):    1.210ns
    Source Clock Delay      (SCD):    0.992ns
    Clock Pessimism Removal (CPR):    0.035ns

    Location             Delay type                Incr(ns)  Path(ns)    Netlist Resource(s)
  -------------------------------------------------------------------    -------------------
                         (clock clk_fpga_0 rise edge)
                                                      0.000     0.000 r  
    PS7_X0Y0             PS7                          0.000     0.000 r  mw0/datatrans_sys_i/processing_system7_0/inst/PS7_i/FCLKCLK[0]
                         net (fo=1, routed)           0.310     0.310    mw0/datatrans_sys_i/processing_system7_0/inst/FCLK_CLK_unbuffered[0]
    BUFGCTRL_X0Y17       BUFG (Prop_bufg_I_O)         0.026     0.336 r  mw0/datatrans_sys_i/processing_system7_0/inst/buffer_fclk_clk_0.FCLK_CLK_0_BUFG/O
                         net (fo=644, routed)         0.656     0.992    mw0/datatrans_sys_i/processing_system7_0_axi_periph/s00_couplers/auto_pc/inst/gen_axilite.gen_b2s_conv.axilite_b2s/WR.aw_channel_0/aclk
    SLICE_X26Y100        FDRE                                         r  mw0/datatrans_sys_i/processing_system7_0_axi_periph/s00_couplers/auto_pc/inst/gen_axilite.gen_b2s_conv.axilite_b2s/WR.aw_channel_0/s_awid_r_reg[8]/C
  -------------------------------------------------------------------    -------------------
    SLICE_X26Y100        FDRE (Prop_fdre_C_Q)         0.164     1.156 r  mw0/datatrans_sys_i/processing_system7_0_axi_periph/s00_couplers/auto_pc/inst/gen_axilite.gen_b2s_conv.axilite_b2s/WR.aw_channel_0/s_awid_r_reg[8]/Q
                         net (fo=1, routed)           0.203     1.359    mw0/datatrans_sys_i/processing_system7_0_axi_periph/s00_couplers/auto_pc/inst/gen_axilite.gen_b2s_conv.axilite_b2s/WR.b_channel_0/bid_fifo_0/in[12]
    SLICE_X26Y99         SRL16E                                       r  mw0/datatrans_sys_i/processing_system7_0_axi_periph/s00_couplers/auto_pc/inst/gen_axilite.gen_b2s_conv.axilite_b2s/WR.b_channel_0/bid_fifo_0/memory_reg[3][16]_srl4/D
  -------------------------------------------------------------------    -------------------

                         (clock clk_fpga_0 rise edge)
                                                      0.000     0.000 r  
    PS7_X0Y0             PS7                          0.000     0.000 r  mw0/datatrans_sys_i/processing_system7_0/inst/PS7_i/FCLKCLK[0]
                         net (fo=1, routed)           0.337     0.337    mw0/datatrans_sys_i/processing_system7_0/inst/FCLK_CLK_unbuffered[0]
    BUFGCTRL_X0Y17       BUFG (Prop_bufg_I_O)         0.029     0.366 r  mw0/datatrans_sys_i/processing_system7_0/inst/buffer_fclk_clk_0.FCLK_CLK_0_BUFG/O
                         net (fo=644, routed)         0.844     1.210    mw0/datatrans_sys_i/processing_system7_0_axi_periph/s00_couplers/auto_pc/inst/gen_axilite.gen_b2s_conv.axilite_b2s/WR.b_channel_0/bid_fifo_0/aclk
    SLICE_X26Y99         SRL16E                                       r  mw0/datatrans_sys_i/processing_system7_0_axi_periph/s00_couplers/auto_pc/inst/gen_axilite.gen_b2s_conv.axilite_b2s/WR.b_channel_0/bid_fifo_0/memory_reg[3][16]_srl4/CLK
                         clock pessimism             -0.035     1.175    
    SLICE_X26Y99         SRL16E (Hold_srl16e_CLK_D)
                                                      0.102     1.277    mw0/datatrans_sys_i/processing_system7_0_axi_periph/s00_couplers/auto_pc/inst/gen_axilite.gen_b2s_conv.axilite_b2s/WR.b_channel_0/bid_fifo_0/memory_reg[3][16]_srl4
  -------------------------------------------------------------------
                         required time                         -1.277    
                         arrival time                           1.359    
  -------------------------------------------------------------------
                         slack                                  0.082    

Slack (MET) :             0.100ns  (arrival time - required time)
  Source:                 mw0/datatrans_sys_i/trans_0/inst/trans_v1_0_S00_AXI_inst/axi_rdata_reg[19]/C
                            (rising edge-triggered cell FDRE clocked by clk_fpga_0  {rise@0.000ns fall@16.500ns period=33.000ns})
  Destination:            mw0/datatrans_sys_i/processing_system7_0_axi_periph/s00_couplers/auto_pc/inst/gen_axilite.gen_b2s_conv.axilite_b2s/RD.r_channel_0/rd_data_fifo_0/memory_reg[31][19]_srl32/D
                            (rising edge-triggered cell SRLC32E clocked by clk_fpga_0  {rise@0.000ns fall@16.500ns period=33.000ns})
  Path Group:             clk_fpga_0
  Path Type:              Hold (Min at Fast Process Corner)
  Requirement:            0.000ns  (clk_fpga_0 rise@0.000ns - clk_fpga_0 rise@0.000ns)
  Data Path Delay:        0.299ns  (logic 0.141ns (47.085%)  route 0.158ns (52.915%))
  Logic Levels:           0  
  Clock Path Skew:        0.016ns (DCD - SCD - CPR)
    Destination Clock Delay (DCD):    1.210ns
    Source Clock Delay      (SCD):    0.912ns
    Clock Pessimism Removal (CPR):    0.282ns

    Location             Delay type                Incr(ns)  Path(ns)    Netlist Resource(s)
  -------------------------------------------------------------------    -------------------
                         (clock clk_fpga_0 rise edge)
                                                      0.000     0.000 r  
    PS7_X0Y0             PS7                          0.000     0.000 r  mw0/datatrans_sys_i/processing_system7_0/inst/PS7_i/FCLKCLK[0]
                         net (fo=1, routed)           0.310     0.310    mw0/datatrans_sys_i/processing_system7_0/inst/FCLK_CLK_unbuffered[0]
    BUFGCTRL_X0Y17       BUFG (Prop_bufg_I_O)         0.026     0.336 r  mw0/datatrans_sys_i/processing_system7_0/inst/buffer_fclk_clk_0.FCLK_CLK_0_BUFG/O
                         net (fo=644, routed)         0.576     0.912    mw0/datatrans_sys_i/trans_0/inst/trans_v1_0_S00_AXI_inst/s00_axi_aclk
    SLICE_X28Y96         FDRE                                         r  mw0/datatrans_sys_i/trans_0/inst/trans_v1_0_S00_AXI_inst/axi_rdata_reg[19]/C
  -------------------------------------------------------------------    -------------------
    SLICE_X28Y96         FDRE (Prop_fdre_C_Q)         0.141     1.053 r  mw0/datatrans_sys_i/trans_0/inst/trans_v1_0_S00_AXI_inst/axi_rdata_reg[19]/Q
                         net (fo=1, routed)           0.158     1.211    mw0/datatrans_sys_i/processing_system7_0_axi_periph/s00_couplers/auto_pc/inst/gen_axilite.gen_b2s_conv.axilite_b2s/RD.r_channel_0/rd_data_fifo_0/m_axi_rdata[19]
    SLICE_X30Y94         SRLC32E                                      r  mw0/datatrans_sys_i/processing_system7_0_axi_periph/s00_couplers/auto_pc/inst/gen_axilite.gen_b2s_conv.axilite_b2s/RD.r_channel_0/rd_data_fifo_0/memory_reg[31][19]_srl32/D
  -------------------------------------------------------------------    -------------------

                         (clock clk_fpga_0 rise edge)
                                                      0.000     0.000 r  
    PS7_X0Y0             PS7                          0.000     0.000 r  mw0/datatrans_sys_i/processing_system7_0/inst/PS7_i/FCLKCLK[0]
                         net (fo=1, routed)           0.337     0.337    mw0/datatrans_sys_i/processing_system7_0/inst/FCLK_CLK_unbuffered[0]
    BUFGCTRL_X0Y17       BUFG (Prop_bufg_I_O)         0.029     0.366 r  mw0/datatrans_sys_i/processing_system7_0/inst/buffer_fclk_clk_0.FCLK_CLK_0_BUFG/O
                         net (fo=644, routed)         0.844     1.210    mw0/datatrans_sys_i/processing_system7_0_axi_periph/s00_couplers/auto_pc/inst/gen_axilite.gen_b2s_conv.axilite_b2s/RD.r_channel_0/rd_data_fifo_0/aclk
    SLICE_X30Y94         SRLC32E                                      r  mw0/datatrans_sys_i/processing_system7_0_axi_periph/s00_couplers/auto_pc/inst/gen_axilite.gen_b2s_conv.axilite_b2s/RD.r_channel_0/rd_data_fifo_0/memory_reg[31][19]_srl32/CLK
                         clock pessimism             -0.282     0.928    
    SLICE_X30Y94         SRLC32E (Hold_srlc32e_CLK_D)
                                                      0.183     1.111    mw0/datatrans_sys_i/processing_system7_0_axi_periph/s00_couplers/auto_pc/inst/gen_axilite.gen_b2s_conv.axilite_b2s/RD.r_channel_0/rd_data_fifo_0/memory_reg[31][19]_srl32
  -------------------------------------------------------------------
                         required time                         -1.111    
                         arrival time                           1.211    
  -------------------------------------------------------------------
                         slack                                  0.100    

Slack (MET) :             0.107ns  (arrival time - required time)
  Source:                 mw0/datatrans_sys_i/processing_system7_0_axi_periph/s00_couplers/auto_pc/inst/gen_axilite.gen_b2s_conv.axilite_b2s/WR.aw_channel_0/s_awid_r_reg[9]/C
                            (rising edge-triggered cell FDRE clocked by clk_fpga_0  {rise@0.000ns fall@16.500ns period=33.000ns})
  Destination:            mw0/datatrans_sys_i/processing_system7_0_axi_periph/s00_couplers/auto_pc/inst/gen_axilite.gen_b2s_conv.axilite_b2s/WR.b_channel_0/bid_fifo_0/memory_reg[3][17]_srl4/D
                            (rising edge-triggered cell SRL16E clocked by clk_fpga_0  {rise@0.000ns fall@16.500ns period=33.000ns})
  Path Group:             clk_fpga_0
  Path Type:              Hold (Min at Fast Process Corner)
  Requirement:            0.000ns  (clk_fpga_0 rise@0.000ns - clk_fpga_0 rise@0.000ns)
  Data Path Delay:        0.399ns  (logic 0.164ns (41.107%)  route 0.235ns (58.893%))
  Logic Levels:           0  
  Clock Path Skew:        0.183ns (DCD - SCD - CPR)
    Destination Clock Delay (DCD):    1.210ns
    Source Clock Delay      (SCD):    0.992ns
    Clock Pessimism Removal (CPR):    0.035ns

    Location             Delay type                Incr(ns)  Path(ns)    Netlist Resource(s)
  -------------------------------------------------------------------    -------------------
                         (clock clk_fpga_0 rise edge)
                                                      0.000     0.000 r  
    PS7_X0Y0             PS7                          0.000     0.000 r  mw0/datatrans_sys_i/processing_system7_0/inst/PS7_i/FCLKCLK[0]
                         net (fo=1, routed)           0.310     0.310    mw0/datatrans_sys_i/processing_system7_0/inst/FCLK_CLK_unbuffered[0]
    BUFGCTRL_X0Y17       BUFG (Prop_bufg_I_O)         0.026     0.336 r  mw0/datatrans_sys_i/processing_system7_0/inst/buffer_fclk_clk_0.FCLK_CLK_0_BUFG/O
                         net (fo=644, routed)         0.656     0.992    mw0/datatrans_sys_i/processing_system7_0_axi_periph/s00_couplers/auto_pc/inst/gen_axilite.gen_b2s_conv.axilite_b2s/WR.aw_channel_0/aclk
    SLICE_X26Y100        FDRE                                         r  mw0/datatrans_sys_i/processing_system7_0_axi_periph/s00_couplers/auto_pc/inst/gen_axilite.gen_b2s_conv.axilite_b2s/WR.aw_channel_0/s_awid_r_reg[9]/C
  -------------------------------------------------------------------    -------------------
    SLICE_X26Y100        FDRE (Prop_fdre_C_Q)         0.164     1.156 r  mw0/datatrans_sys_i/processing_system7_0_axi_periph/s00_couplers/auto_pc/inst/gen_axilite.gen_b2s_conv.axilite_b2s/WR.aw_channel_0/s_awid_r_reg[9]/Q
                         net (fo=1, routed)           0.235     1.391    mw0/datatrans_sys_i/processing_system7_0_axi_periph/s00_couplers/auto_pc/inst/gen_axilite.gen_b2s_conv.axilite_b2s/WR.b_channel_0/bid_fifo_0/in[13]
    SLICE_X26Y99         SRL16E                                       r  mw0/datatrans_sys_i/processing_system7_0_axi_periph/s00_couplers/auto_pc/inst/gen_axilite.gen_b2s_conv.axilite_b2s/WR.b_channel_0/bid_fifo_0/memory_reg[3][17]_srl4/D
  -------------------------------------------------------------------    -------------------

                         (clock clk_fpga_0 rise edge)
                                                      0.000     0.000 r  
    PS7_X0Y0             PS7                          0.000     0.000 r  mw0/datatrans_sys_i/processing_system7_0/inst/PS7_i/FCLKCLK[0]
                         net (fo=1, routed)           0.337     0.337    mw0/datatrans_sys_i/processing_system7_0/inst/FCLK_CLK_unbuffered[0]
    BUFGCTRL_X0Y17       BUFG (Prop_bufg_I_O)         0.029     0.366 r  mw0/datatrans_sys_i/processing_system7_0/inst/buffer_fclk_clk_0.FCLK_CLK_0_BUFG/O
                         net (fo=644, routed)         0.844     1.210    mw0/datatrans_sys_i/processing_system7_0_axi_periph/s00_couplers/auto_pc/inst/gen_axilite.gen_b2s_conv.axilite_b2s/WR.b_channel_0/bid_fifo_0/aclk
    SLICE_X26Y99         SRL16E                                       r  mw0/datatrans_sys_i/processing_system7_0_axi_periph/s00_couplers/auto_pc/inst/gen_axilite.gen_b2s_conv.axilite_b2s/WR.b_channel_0/bid_fifo_0/memory_reg[3][17]_srl4/CLK
                         clock pessimism             -0.035     1.175    
    SLICE_X26Y99         SRL16E (Hold_srl16e_CLK_D)
                                                      0.109     1.284    mw0/datatrans_sys_i/processing_system7_0_axi_periph/s00_couplers/auto_pc/inst/gen_axilite.gen_b2s_conv.axilite_b2s/WR.b_channel_0/bid_fifo_0/memory_reg[3][17]_srl4
  -------------------------------------------------------------------
                         required time                         -1.284    
                         arrival time                           1.391    
  -------------------------------------------------------------------
                         slack                                  0.107    

Slack (MET) :             0.109ns  (arrival time - required time)
  Source:                 mw0/datatrans_sys_i/processing_system7_0_axi_periph/s00_couplers/auto_pc/inst/gen_axilite.gen_b2s_conv.axilite_b2s/RD.r_channel_0/r_arid_r_reg[11]/C
                            (rising edge-triggered cell FDRE clocked by clk_fpga_0  {rise@0.000ns fall@16.500ns period=33.000ns})
  Destination:            mw0/datatrans_sys_i/processing_system7_0_axi_periph/s00_couplers/auto_pc/inst/gen_axilite.gen_b2s_conv.axilite_b2s/RD.r_channel_0/transaction_fifo_0/memory_reg[31][12]_srl32/D
                            (rising edge-triggered cell SRLC32E clocked by clk_fpga_0  {rise@0.000ns fall@16.500ns period=33.000ns})
  Path Group:             clk_fpga_0
  Path Type:              Hold (Min at Fast Process Corner)
  Requirement:            0.000ns  (clk_fpga_0 rise@0.000ns - clk_fpga_0 rise@0.000ns)
  Data Path Delay:        0.257ns  (logic 0.141ns (54.785%)  route 0.116ns (45.215%))
  Logic Levels:           0  
  Clock Path Skew:        0.033ns (DCD - SCD - CPR)
    Destination Clock Delay (DCD):    1.207ns
    Source Clock Delay      (SCD):    0.910ns
    Clock Pessimism Removal (CPR):    0.264ns

    Location             Delay type                Incr(ns)  Path(ns)    Netlist Resource(s)
  -------------------------------------------------------------------    -------------------
                         (clock clk_fpga_0 rise edge)
                                                      0.000     0.000 r  
    PS7_X0Y0             PS7                          0.000     0.000 r  mw0/datatrans_sys_i/processing_system7_0/inst/PS7_i/FCLKCLK[0]
                         net (fo=1, routed)           0.310     0.310    mw0/datatrans_sys_i/processing_system7_0/inst/FCLK_CLK_unbuffered[0]
    BUFGCTRL_X0Y17       BUFG (Prop_bufg_I_O)         0.026     0.336 r  mw0/datatrans_sys_i/processing_system7_0/inst/buffer_fclk_clk_0.FCLK_CLK_0_BUFG/O
                         net (fo=644, routed)         0.574     0.910    mw0/datatrans_sys_i/processing_system7_0_axi_periph/s00_couplers/auto_pc/inst/gen_axilite.gen_b2s_conv.axilite_b2s/RD.r_channel_0/aclk
    SLICE_X29Y88         FDRE                                         r  mw0/datatrans_sys_i/processing_system7_0_axi_periph/s00_couplers/auto_pc/inst/gen_axilite.gen_b2s_conv.axilite_b2s/RD.r_channel_0/r_arid_r_reg[11]/C
  -------------------------------------------------------------------    -------------------
    SLICE_X29Y88         FDRE (Prop_fdre_C_Q)         0.141     1.051 r  mw0/datatrans_sys_i/processing_system7_0_axi_periph/s00_couplers/auto_pc/inst/gen_axilite.gen_b2s_conv.axilite_b2s/RD.r_channel_0/r_arid_r_reg[11]/Q
                         net (fo=1, routed)           0.116     1.167    mw0/datatrans_sys_i/processing_system7_0_axi_periph/s00_couplers/auto_pc/inst/gen_axilite.gen_b2s_conv.axilite_b2s/RD.r_channel_0/transaction_fifo_0/in[12]
    SLICE_X26Y88         SRLC32E                                      r  mw0/datatrans_sys_i/processing_system7_0_axi_periph/s00_couplers/auto_pc/inst/gen_axilite.gen_b2s_conv.axilite_b2s/RD.r_channel_0/transaction_fifo_0/memory_reg[31][12]_srl32/D
  -------------------------------------------------------------------    -------------------

                         (clock clk_fpga_0 rise edge)
                                                      0.000     0.000 r  
    PS7_X0Y0             PS7                          0.000     0.000 r  mw0/datatrans_sys_i/processing_system7_0/inst/PS7_i/FCLKCLK[0]
                         net (fo=1, routed)           0.337     0.337    mw0/datatrans_sys_i/processing_system7_0/inst/FCLK_CLK_unbuffered[0]
    BUFGCTRL_X0Y17       BUFG (Prop_bufg_I_O)         0.029     0.366 r  mw0/datatrans_sys_i/processing_system7_0/inst/buffer_fclk_clk_0.FCLK_CLK_0_BUFG/O
                         net (fo=644, routed)         0.841     1.207    mw0/datatrans_sys_i/processing_system7_0_axi_periph/s00_couplers/auto_pc/inst/gen_axilite.gen_b2s_conv.axilite_b2s/RD.r_channel_0/transaction_fifo_0/aclk
    SLICE_X26Y88         SRLC32E                                      r  mw0/datatrans_sys_i/processing_system7_0_axi_periph/s00_couplers/auto_pc/inst/gen_axilite.gen_b2s_conv.axilite_b2s/RD.r_channel_0/transaction_fifo_0/memory_reg[31][12]_srl32/CLK
                         clock pessimism             -0.264     0.943    
    SLICE_X26Y88         SRLC32E (Hold_srlc32e_CLK_D)
                                                      0.115     1.058    mw0/datatrans_sys_i/processing_system7_0_axi_periph/s00_couplers/auto_pc/inst/gen_axilite.gen_b2s_conv.axilite_b2s/RD.r_channel_0/transaction_fifo_0/memory_reg[31][12]_srl32
  -------------------------------------------------------------------
                         required time                         -1.058    
                         arrival time                           1.167    
  -------------------------------------------------------------------
                         slack                                  0.109    

Slack (MET) :             0.118ns  (arrival time - required time)
  Source:                 mw0/datatrans_sys_i/processing_system7_0_axi_periph/s00_couplers/auto_pc/inst/gen_axilite.gen_b2s_conv.axilite_b2s/SI_REG/aw.aw_pipe/s_ready_i_reg/C
                            (rising edge-triggered cell FDRE clocked by clk_fpga_0  {rise@0.000ns fall@16.500ns period=33.000ns})
  Destination:            mw0/datatrans_sys_i/processing_system7_0_axi_periph/s00_couplers/auto_pc/inst/gen_axilite.gen_b2s_conv.axilite_b2s/SI_REG/aw.aw_pipe/m_payload_i_reg[59]/D
                            (rising edge-triggered cell FDRE clocked by clk_fpga_0  {rise@0.000ns fall@16.500ns period=33.000ns})
  Path Group:             clk_fpga_0
  Path Type:              Hold (Min at Fast Process Corner)
  Requirement:            0.000ns  (clk_fpga_0 rise@0.000ns - clk_fpga_0 rise@0.000ns)
  Data Path Delay:        0.578ns  (logic 0.207ns (35.792%)  route 0.371ns (64.208%))
  Logic Levels:           1  (LUT3=1)
  Clock Path Skew:        0.353ns (DCD - SCD - CPR)
    Destination Clock Delay (DCD):    1.297ns
    Source Clock Delay      (SCD):    0.909ns
    Clock Pessimism Removal (CPR):    0.035ns

    Location             Delay type                Incr(ns)  Path(ns)    Netlist Resource(s)
  -------------------------------------------------------------------    -------------------
                         (clock clk_fpga_0 rise edge)
                                                      0.000     0.000 r  
    PS7_X0Y0             PS7                          0.000     0.000 r  mw0/datatrans_sys_i/processing_system7_0/inst/PS7_i/FCLKCLK[0]
                         net (fo=1, routed)           0.310     0.310    mw0/datatrans_sys_i/processing_system7_0/inst/FCLK_CLK_unbuffered[0]
    BUFGCTRL_X0Y17       BUFG (Prop_bufg_I_O)         0.026     0.336 r  mw0/datatrans_sys_i/processing_system7_0/inst/buffer_fclk_clk_0.FCLK_CLK_0_BUFG/O
                         net (fo=644, routed)         0.573     0.909    mw0/datatrans_sys_i/processing_system7_0_axi_periph/s00_couplers/auto_pc/inst/gen_axilite.gen_b2s_conv.axilite_b2s/SI_REG/aw.aw_pipe/aclk
    SLICE_X26Y94         FDRE                                         r  mw0/datatrans_sys_i/processing_system7_0_axi_periph/s00_couplers/auto_pc/inst/gen_axilite.gen_b2s_conv.axilite_b2s/SI_REG/aw.aw_pipe/s_ready_i_reg/C
  -------------------------------------------------------------------    -------------------
    SLICE_X26Y94         FDRE (Prop_fdre_C_Q)         0.164     1.073 r  mw0/datatrans_sys_i/processing_system7_0_axi_periph/s00_couplers/auto_pc/inst/gen_axilite.gen_b2s_conv.axilite_b2s/SI_REG/aw.aw_pipe/s_ready_i_reg/Q
                         net (fo=57, routed)          0.371     1.444    mw0/datatrans_sys_i/processing_system7_0_axi_periph/s00_couplers/auto_pc/inst/gen_axilite.gen_b2s_conv.axilite_b2s/SI_REG/aw.aw_pipe/s_ready_i_reg_0
    SLICE_X28Y100        LUT3 (Prop_lut3_I1_O)        0.043     1.487 r  mw0/datatrans_sys_i/processing_system7_0_axi_periph/s00_couplers/auto_pc/inst/gen_axilite.gen_b2s_conv.axilite_b2s/SI_REG/aw.aw_pipe/m_payload_i[59]_i_1/O
                         net (fo=1, routed)           0.000     1.487    mw0/datatrans_sys_i/processing_system7_0_axi_periph/s00_couplers/auto_pc/inst/gen_axilite.gen_b2s_conv.axilite_b2s/SI_REG/aw.aw_pipe/skid_buffer[59]
    SLICE_X28Y100        FDRE                                         r  mw0/datatrans_sys_i/processing_system7_0_axi_periph/s00_couplers/auto_pc/inst/gen_axilite.gen_b2s_conv.axilite_b2s/SI_REG/aw.aw_pipe/m_payload_i_reg[59]/D
  -------------------------------------------------------------------    -------------------

                         (clock clk_fpga_0 rise edge)
                                                      0.000     0.000 r  
    PS7_X0Y0             PS7                          0.000     0.000 r  mw0/datatrans_sys_i/processing_system7_0/inst/PS7_i/FCLKCLK[0]
                         net (fo=1, routed)           0.337     0.337    mw0/datatrans_sys_i/processing_system7_0/inst/FCLK_CLK_unbuffered[0]
    BUFGCTRL_X0Y17       BUFG (Prop_bufg_I_O)         0.029     0.366 r  mw0/datatrans_sys_i/processing_system7_0/inst/buffer_fclk_clk_0.FCLK_CLK_0_BUFG/O
                         net (fo=644, routed)         0.931     1.297    mw0/datatrans_sys_i/processing_system7_0_axi_periph/s00_couplers/auto_pc/inst/gen_axilite.gen_b2s_conv.axilite_b2s/SI_REG/aw.aw_pipe/aclk
    SLICE_X28Y100        FDRE                                         r  mw0/datatrans_sys_i/processing_system7_0_axi_periph/s00_couplers/auto_pc/inst/gen_axilite.gen_b2s_conv.axilite_b2s/SI_REG/aw.aw_pipe/m_payload_i_reg[59]/C
                         clock pessimism             -0.035     1.262    
    SLICE_X28Y100        FDRE (Hold_fdre_C_D)         0.107     1.369    mw0/datatrans_sys_i/processing_system7_0_axi_periph/s00_couplers/auto_pc/inst/gen_axilite.gen_b2s_conv.axilite_b2s/SI_REG/aw.aw_pipe/m_payload_i_reg[59]
  -------------------------------------------------------------------
                         required time                         -1.369    
                         arrival time                           1.487    
  -------------------------------------------------------------------
                         slack                                  0.118    

Slack (MET) :             0.121ns  (arrival time - required time)
  Source:                 mw0/datatrans_sys_i/trans_0/inst/trans_v1_0_S00_AXI_inst/slv_reg2_reg[2]/C
                            (rising edge-triggered cell FDRE clocked by clk_fpga_0  {rise@0.000ns fall@16.500ns period=33.000ns})
  Destination:            mw0/datatrans_sys_i/trans_0/inst/trans_v1_0_S00_AXI_inst/axi_rdata_reg[2]/D
                            (rising edge-triggered cell FDRE clocked by clk_fpga_0  {rise@0.000ns fall@16.500ns period=33.000ns})
  Path Group:             clk_fpga_0
  Path Type:              Hold (Min at Fast Process Corner)
  Requirement:            0.000ns  (clk_fpga_0 rise@0.000ns - clk_fpga_0 rise@0.000ns)
  Data Path Delay:        0.254ns  (logic 0.186ns (73.141%)  route 0.068ns (26.859%))
  Logic Levels:           1  (LUT6=1)
  Clock Path Skew:        0.013ns (DCD - SCD - CPR)
    Destination Clock Delay (DCD):    1.190ns
    Source Clock Delay      (SCD):    0.893ns
    Clock Pessimism Removal (CPR):    0.284ns

    Location             Delay type                Incr(ns)  Path(ns)    Netlist Resource(s)
  -------------------------------------------------------------------    -------------------
                         (clock clk_fpga_0 rise edge)
                                                      0.000     0.000 r  
    PS7_X0Y0             PS7                          0.000     0.000 r  mw0/datatrans_sys_i/processing_system7_0/inst/PS7_i/FCLKCLK[0]
                         net (fo=1, routed)           0.310     0.310    mw0/datatrans_sys_i/processing_system7_0/inst/FCLK_CLK_unbuffered[0]
    BUFGCTRL_X0Y17       BUFG (Prop_bufg_I_O)         0.026     0.336 r  mw0/datatrans_sys_i/processing_system7_0/inst/buffer_fclk_clk_0.FCLK_CLK_0_BUFG/O
                         net (fo=644, routed)         0.557     0.893    mw0/datatrans_sys_i/trans_0/inst/trans_v1_0_S00_AXI_inst/s00_axi_aclk
    SLICE_X33Y90         FDRE                                         r  mw0/datatrans_sys_i/trans_0/inst/trans_v1_0_S00_AXI_inst/slv_reg2_reg[2]/C
  -------------------------------------------------------------------    -------------------
    SLICE_X33Y90         FDRE (Prop_fdre_C_Q)         0.141     1.034 r  mw0/datatrans_sys_i/trans_0/inst/trans_v1_0_S00_AXI_inst/slv_reg2_reg[2]/Q
                         net (fo=2, routed)           0.068     1.102    mw0/datatrans_sys_i/trans_0/inst/trans_v1_0_S00_AXI_inst/memdin[2]
    SLICE_X32Y90         LUT6 (Prop_lut6_I5_O)        0.045     1.147 r  mw0/datatrans_sys_i/trans_0/inst/trans_v1_0_S00_AXI_inst/axi_rdata[2]_i_1/O
                         net (fo=1, routed)           0.000     1.147    mw0/datatrans_sys_i/trans_0/inst/trans_v1_0_S00_AXI_inst/reg_data_out[2]
    SLICE_X32Y90         FDRE                                         r  mw0/datatrans_sys_i/trans_0/inst/trans_v1_0_S00_AXI_inst/axi_rdata_reg[2]/D
  -------------------------------------------------------------------    -------------------

                         (clock clk_fpga_0 rise edge)
                                                      0.000     0.000 r  
    PS7_X0Y0             PS7                          0.000     0.000 r  mw0/datatrans_sys_i/processing_system7_0/inst/PS7_i/FCLKCLK[0]
                         net (fo=1, routed)           0.337     0.337    mw0/datatrans_sys_i/processing_system7_0/inst/FCLK_CLK_unbuffered[0]
    BUFGCTRL_X0Y17       BUFG (Prop_bufg_I_O)         0.029     0.366 r  mw0/datatrans_sys_i/processing_system7_0/inst/buffer_fclk_clk_0.FCLK_CLK_0_BUFG/O
                         net (fo=644, routed)         0.824     1.190    mw0/datatrans_sys_i/trans_0/inst/trans_v1_0_S00_AXI_inst/s00_axi_aclk
    SLICE_X32Y90         FDRE                                         r  mw0/datatrans_sys_i/trans_0/inst/trans_v1_0_S00_AXI_inst/axi_rdata_reg[2]/C
                         clock pessimism             -0.284     0.906    
    SLICE_X32Y90         FDRE (Hold_fdre_C_D)         0.120     1.026    mw0/datatrans_sys_i/trans_0/inst/trans_v1_0_S00_AXI_inst/axi_rdata_reg[2]
  -------------------------------------------------------------------
                         required time                         -1.026    
                         arrival time                           1.147    
  -------------------------------------------------------------------
                         slack                                  0.121    

Slack (MET) :             0.123ns  (arrival time - required time)
  Source:                 mw0/datatrans_sys_i/trans_0/inst/trans_v1_0_S00_AXI_inst/axi_rdata_reg[30]/C
                            (rising edge-triggered cell FDRE clocked by clk_fpga_0  {rise@0.000ns fall@16.500ns period=33.000ns})
  Destination:            mw0/datatrans_sys_i/processing_system7_0_axi_periph/s00_couplers/auto_pc/inst/gen_axilite.gen_b2s_conv.axilite_b2s/RD.r_channel_0/rd_data_fifo_0/memory_reg[31][30]_srl32/D
                            (rising edge-triggered cell SRLC32E clocked by clk_fpga_0  {rise@0.000ns fall@16.500ns period=33.000ns})
  Path Group:             clk_fpga_0
  Path Type:              Hold (Min at Fast Process Corner)
  Requirement:            0.000ns  (clk_fpga_0 rise@0.000ns - clk_fpga_0 rise@0.000ns)
  Data Path Delay:        0.339ns  (logic 0.164ns (48.362%)  route 0.175ns (51.638%))
  Logic Levels:           0  
  Clock Path Skew:        0.033ns (DCD - SCD - CPR)
    Destination Clock Delay (DCD):    1.210ns
    Source Clock Delay      (SCD):    0.913ns
    Clock Pessimism Removal (CPR):    0.264ns

    Location             Delay type                Incr(ns)  Path(ns)    Netlist Resource(s)
  -------------------------------------------------------------------    -------------------
                         (clock clk_fpga_0 rise edge)
                                                      0.000     0.000 r  
    PS7_X0Y0             PS7                          0.000     0.000 r  mw0/datatrans_sys_i/processing_system7_0/inst/PS7_i/FCLKCLK[0]
                         net (fo=1, routed)           0.310     0.310    mw0/datatrans_sys_i/processing_system7_0/inst/FCLK_CLK_unbuffered[0]
    BUFGCTRL_X0Y17       BUFG (Prop_bufg_I_O)         0.026     0.336 r  mw0/datatrans_sys_i/processing_system7_0/inst/buffer_fclk_clk_0.FCLK_CLK_0_BUFG/O
                         net (fo=644, routed)         0.577     0.913    mw0/datatrans_sys_i/trans_0/inst/trans_v1_0_S00_AXI_inst/s00_axi_aclk
    SLICE_X30Y99         FDRE                                         r  mw0/datatrans_sys_i/trans_0/inst/trans_v1_0_S00_AXI_inst/axi_rdata_reg[30]/C
  -------------------------------------------------------------------    -------------------
    SLICE_X30Y99         FDRE (Prop_fdre_C_Q)         0.164     1.077 r  mw0/datatrans_sys_i/trans_0/inst/trans_v1_0_S00_AXI_inst/axi_rdata_reg[30]/Q
                         net (fo=1, routed)           0.175     1.252    mw0/datatrans_sys_i/processing_system7_0_axi_periph/s00_couplers/auto_pc/inst/gen_axilite.gen_b2s_conv.axilite_b2s/RD.r_channel_0/rd_data_fifo_0/m_axi_rdata[30]
    SLICE_X26Y98         SRLC32E                                      r  mw0/datatrans_sys_i/processing_system7_0_axi_periph/s00_couplers/auto_pc/inst/gen_axilite.gen_b2s_conv.axilite_b2s/RD.r_channel_0/rd_data_fifo_0/memory_reg[31][30]_srl32/D
  -------------------------------------------------------------------    -------------------

                         (clock clk_fpga_0 rise edge)
                                                      0.000     0.000 r  
    PS7_X0Y0             PS7                          0.000     0.000 r  mw0/datatrans_sys_i/processing_system7_0/inst/PS7_i/FCLKCLK[0]
                         net (fo=1, routed)           0.337     0.337    mw0/datatrans_sys_i/processing_system7_0/inst/FCLK_CLK_unbuffered[0]
    BUFGCTRL_X0Y17       BUFG (Prop_bufg_I_O)         0.029     0.366 r  mw0/datatrans_sys_i/processing_system7_0/inst/buffer_fclk_clk_0.FCLK_CLK_0_BUFG/O
                         net (fo=644, routed)         0.844     1.210    mw0/datatrans_sys_i/processing_system7_0_axi_periph/s00_couplers/auto_pc/inst/gen_axilite.gen_b2s_conv.axilite_b2s/RD.r_channel_0/rd_data_fifo_0/aclk
    SLICE_X26Y98         SRLC32E                                      r  mw0/datatrans_sys_i/processing_system7_0_axi_periph/s00_couplers/auto_pc/inst/gen_axilite.gen_b2s_conv.axilite_b2s/RD.r_channel_0/rd_data_fifo_0/memory_reg[31][30]_srl32/CLK
                         clock pessimism             -0.264     0.946    
    SLICE_X26Y98         SRLC32E (Hold_srlc32e_CLK_D)
                                                      0.183     1.129    mw0/datatrans_sys_i/processing_system7_0_axi_periph/s00_couplers/auto_pc/inst/gen_axilite.gen_b2s_conv.axilite_b2s/RD.r_channel_0/rd_data_fifo_0/memory_reg[31][30]_srl32
  -------------------------------------------------------------------
                         required time                         -1.129    
                         arrival time                           1.252    
  -------------------------------------------------------------------
                         slack                                  0.123    

Slack (MET) :             0.124ns  (arrival time - required time)
  Source:                 mw0/datatrans_sys_i/trans_0/inst/trans_v1_0_S00_AXI_inst/axi_rdata_reg[20]/C
                            (rising edge-triggered cell FDRE clocked by clk_fpga_0  {rise@0.000ns fall@16.500ns period=33.000ns})
  Destination:            mw0/datatrans_sys_i/processing_system7_0_axi_periph/s00_couplers/auto_pc/inst/gen_axilite.gen_b2s_conv.axilite_b2s/RD.r_channel_0/rd_data_fifo_0/memory_reg[31][20]_srl32/D
                            (rising edge-triggered cell SRLC32E clocked by clk_fpga_0  {rise@0.000ns fall@16.500ns period=33.000ns})
  Path Group:             clk_fpga_0
  Path Type:              Hold (Min at Fast Process Corner)
  Requirement:            0.000ns  (clk_fpga_0 rise@0.000ns - clk_fpga_0 rise@0.000ns)
  Data Path Delay:        0.256ns  (logic 0.141ns (55.026%)  route 0.115ns (44.974%))
  Logic Levels:           0  
  Clock Path Skew:        0.015ns (DCD - SCD - CPR)
    Destination Clock Delay (DCD):    1.210ns
    Source Clock Delay      (SCD):    0.913ns
    Clock Pessimism Removal (CPR):    0.282ns

    Location             Delay type                Incr(ns)  Path(ns)    Netlist Resource(s)
  -------------------------------------------------------------------    -------------------
                         (clock clk_fpga_0 rise edge)
                                                      0.000     0.000 r  
    PS7_X0Y0             PS7                          0.000     0.000 r  mw0/datatrans_sys_i/processing_system7_0/inst/PS7_i/FCLKCLK[0]
                         net (fo=1, routed)           0.310     0.310    mw0/datatrans_sys_i/processing_system7_0/inst/FCLK_CLK_unbuffered[0]
    BUFGCTRL_X0Y17       BUFG (Prop_bufg_I_O)         0.026     0.336 r  mw0/datatrans_sys_i/processing_system7_0/inst/buffer_fclk_clk_0.FCLK_CLK_0_BUFG/O
                         net (fo=644, routed)         0.577     0.913    mw0/datatrans_sys_i/trans_0/inst/trans_v1_0_S00_AXI_inst/s00_axi_aclk
    SLICE_X31Y97         FDRE                                         r  mw0/datatrans_sys_i/trans_0/inst/trans_v1_0_S00_AXI_inst/axi_rdata_reg[20]/C
  -------------------------------------------------------------------    -------------------
    SLICE_X31Y97         FDRE (Prop_fdre_C_Q)         0.141     1.054 r  mw0/datatrans_sys_i/trans_0/inst/trans_v1_0_S00_AXI_inst/axi_rdata_reg[20]/Q
                         net (fo=1, routed)           0.115     1.169    mw0/datatrans_sys_i/processing_system7_0_axi_periph/s00_couplers/auto_pc/inst/gen_axilite.gen_b2s_conv.axilite_b2s/RD.r_channel_0/rd_data_fifo_0/m_axi_rdata[20]
    SLICE_X30Y96         SRLC32E                                      r  mw0/datatrans_sys_i/processing_system7_0_axi_periph/s00_couplers/auto_pc/inst/gen_axilite.gen_b2s_conv.axilite_b2s/RD.r_channel_0/rd_data_fifo_0/memory_reg[31][20]_srl32/D
  -------------------------------------------------------------------    -------------------

                         (clock clk_fpga_0 rise edge)
                                                      0.000     0.000 r  
    PS7_X0Y0             PS7                          0.000     0.000 r  mw0/datatrans_sys_i/processing_system7_0/inst/PS7_i/FCLKCLK[0]
                         net (fo=1, routed)           0.337     0.337    mw0/datatrans_sys_i/processing_system7_0/inst/FCLK_CLK_unbuffered[0]
    BUFGCTRL_X0Y17       BUFG (Prop_bufg_I_O)         0.029     0.366 r  mw0/datatrans_sys_i/processing_system7_0/inst/buffer_fclk_clk_0.FCLK_CLK_0_BUFG/O
                         net (fo=644, routed)         0.844     1.210    mw0/datatrans_sys_i/processing_system7_0_axi_periph/s00_couplers/auto_pc/inst/gen_axilite.gen_b2s_conv.axilite_b2s/RD.r_channel_0/rd_data_fifo_0/aclk
    SLICE_X30Y96         SRLC32E                                      r  mw0/datatrans_sys_i/processing_system7_0_axi_periph/s00_couplers/auto_pc/inst/gen_axilite.gen_b2s_conv.axilite_b2s/RD.r_channel_0/rd_data_fifo_0/memory_reg[31][20]_srl32/CLK
                         clock pessimism             -0.282     0.928    
    SLICE_X30Y96         SRLC32E (Hold_srlc32e_CLK_D)
                                                      0.117     1.045    mw0/datatrans_sys_i/processing_system7_0_axi_periph/s00_couplers/auto_pc/inst/gen_axilite.gen_b2s_conv.axilite_b2s/RD.r_channel_0/rd_data_fifo_0/memory_reg[31][20]_srl32
  -------------------------------------------------------------------
                         required time                         -1.045    
                         arrival time                           1.169    
  -------------------------------------------------------------------
                         slack                                  0.124    

Slack (MET) :             0.128ns  (arrival time - required time)
  Source:                 mw0/datatrans_sys_i/processing_system7_0_axi_periph/s00_couplers/auto_pc/inst/gen_axilite.gen_b2s_conv.axilite_b2s/SI_REG/b.b_pipe/skid_buffer_reg[13]/C
                            (rising edge-triggered cell FDRE clocked by clk_fpga_0  {rise@0.000ns fall@16.500ns period=33.000ns})
  Destination:            mw0/datatrans_sys_i/processing_system7_0_axi_periph/s00_couplers/auto_pc/inst/gen_axilite.gen_b2s_conv.axilite_b2s/SI_REG/b.b_pipe/m_payload_i_reg[13]/D
                            (rising edge-triggered cell FDRE clocked by clk_fpga_0  {rise@0.000ns fall@16.500ns period=33.000ns})
  Path Group:             clk_fpga_0
  Path Type:              Hold (Min at Fast Process Corner)
  Requirement:            0.000ns  (clk_fpga_0 rise@0.000ns - clk_fpga_0 rise@0.000ns)
  Data Path Delay:        0.418ns  (logic 0.190ns (45.472%)  route 0.228ns (54.528%))
  Logic Levels:           1  (LUT3=1)
  Clock Path Skew:        0.183ns (DCD - SCD - CPR)
    Destination Clock Delay (DCD):    1.210ns
    Source Clock Delay      (SCD):    0.992ns
    Clock Pessimism Removal (CPR):    0.035ns

    Location             Delay type                Incr(ns)  Path(ns)    Netlist Resource(s)
  -------------------------------------------------------------------    -------------------
                         (clock clk_fpga_0 rise edge)
                                                      0.000     0.000 r  
    PS7_X0Y0             PS7                          0.000     0.000 r  mw0/datatrans_sys_i/processing_system7_0/inst/PS7_i/FCLKCLK[0]
                         net (fo=1, routed)           0.310     0.310    mw0/datatrans_sys_i/processing_system7_0/inst/FCLK_CLK_unbuffered[0]
    BUFGCTRL_X0Y17       BUFG (Prop_bufg_I_O)         0.026     0.336 r  mw0/datatrans_sys_i/processing_system7_0/inst/buffer_fclk_clk_0.FCLK_CLK_0_BUFG/O
                         net (fo=644, routed)         0.656     0.992    mw0/datatrans_sys_i/processing_system7_0_axi_periph/s00_couplers/auto_pc/inst/gen_axilite.gen_b2s_conv.axilite_b2s/SI_REG/b.b_pipe/aclk
    SLICE_X27Y100        FDRE                                         r  mw0/datatrans_sys_i/processing_system7_0_axi_periph/s00_couplers/auto_pc/inst/gen_axilite.gen_b2s_conv.axilite_b2s/SI_REG/b.b_pipe/skid_buffer_reg[13]/C
  -------------------------------------------------------------------    -------------------
    SLICE_X27Y100        FDRE (Prop_fdre_C_Q)         0.141     1.133 r  mw0/datatrans_sys_i/processing_system7_0_axi_periph/s00_couplers/auto_pc/inst/gen_axilite.gen_b2s_conv.axilite_b2s/SI_REG/b.b_pipe/skid_buffer_reg[13]/Q
                         net (fo=1, routed)           0.228     1.361    mw0/datatrans_sys_i/processing_system7_0_axi_periph/s00_couplers/auto_pc/inst/gen_axilite.gen_b2s_conv.axilite_b2s/SI_REG/b.b_pipe/skid_buffer_reg_n_0_[13]
    SLICE_X27Y98         LUT3 (Prop_lut3_I2_O)        0.049     1.410 r  mw0/datatrans_sys_i/processing_system7_0_axi_periph/s00_couplers/auto_pc/inst/gen_axilite.gen_b2s_conv.axilite_b2s/SI_REG/b.b_pipe/m_payload_i[13]_i_2/O
                         net (fo=1, routed)           0.000     1.410    mw0/datatrans_sys_i/processing_system7_0_axi_periph/s00_couplers/auto_pc/inst/gen_axilite.gen_b2s_conv.axilite_b2s/SI_REG/b.b_pipe/m_payload_i[13]_i_2_n_0
    SLICE_X27Y98         FDRE                                         r  mw0/datatrans_sys_i/processing_system7_0_axi_periph/s00_couplers/auto_pc/inst/gen_axilite.gen_b2s_conv.axilite_b2s/SI_REG/b.b_pipe/m_payload_i_reg[13]/D
  -------------------------------------------------------------------    -------------------

                         (clock clk_fpga_0 rise edge)
                                                      0.000     0.000 r  
    PS7_X0Y0             PS7                          0.000     0.000 r  mw0/datatrans_sys_i/processing_system7_0/inst/PS7_i/FCLKCLK[0]
                         net (fo=1, routed)           0.337     0.337    mw0/datatrans_sys_i/processing_system7_0/inst/FCLK_CLK_unbuffered[0]
    BUFGCTRL_X0Y17       BUFG (Prop_bufg_I_O)         0.029     0.366 r  mw0/datatrans_sys_i/processing_system7_0/inst/buffer_fclk_clk_0.FCLK_CLK_0_BUFG/O
                         net (fo=644, routed)         0.844     1.210    mw0/datatrans_sys_i/processing_system7_0_axi_periph/s00_couplers/auto_pc/inst/gen_axilite.gen_b2s_conv.axilite_b2s/SI_REG/b.b_pipe/aclk
    SLICE_X27Y98         FDRE                                         r  mw0/datatrans_sys_i/processing_system7_0_axi_periph/s00_couplers/auto_pc/inst/gen_axilite.gen_b2s_conv.axilite_b2s/SI_REG/b.b_pipe/m_payload_i_reg[13]/C
                         clock pessimism             -0.035     1.175    
    SLICE_X27Y98         FDRE (Hold_fdre_C_D)         0.107     1.282    mw0/datatrans_sys_i/processing_system7_0_axi_periph/s00_couplers/auto_pc/inst/gen_axilite.gen_b2s_conv.axilite_b2s/SI_REG/b.b_pipe/m_payload_i_reg[13]
  -------------------------------------------------------------------
                         required time                         -1.282    
                         arrival time                           1.410    
  -------------------------------------------------------------------
                         slack                                  0.128    





Pulse Width Checks
--------------------------------------------------------------------------------------
Clock Name:         clk_fpga_0
Waveform(ns):       { 0.000 16.500 }
Period(ns):         33.000
Sources:            { mw0/datatrans_sys_i/processing_system7_0/inst/PS7_i/FCLKCLK[0] }

Check Type        Corner  Lib Pin             Reference Pin  Required(ns)  Actual(ns)  Slack(ns)  Location      Pin
Min Period        n/a     RAMB36E1/CLKARDCLK  n/a            3.363         33.000      29.637     RAMB36_X3Y18  b0/U0/inst_blk_mem_gen/gnbram.gnativebmg.native_blk_mem_gen/valid.cstr/ramloop[0].ram.r/prim_noinit.ram/DEVICE_7SERIES.NO_BMM_INFO.TRUE_DP.CASCADED_PRIM36.ram_B/CLKARDCLK
Min Period        n/a     RAMB36E1/CLKARDCLK  n/a            3.363         33.000      29.637     RAMB36_X3Y19  b0/U0/inst_blk_mem_gen/gnbram.gnativebmg.native_blk_mem_gen/valid.cstr/ramloop[0].ram.r/prim_noinit.ram/DEVICE_7SERIES.NO_BMM_INFO.TRUE_DP.CASCADED_PRIM36.ram_T/CLKARDCLK
Min Period        n/a     RAMB36E1/CLKARDCLK  n/a            3.363         33.000      29.637     RAMB36_X3Y14  b0/U0/inst_blk_mem_gen/gnbram.gnativebmg.native_blk_mem_gen/valid.cstr/ramloop[1].ram.r/prim_noinit.ram/DEVICE_7SERIES.NO_BMM_INFO.TRUE_DP.CASCADED_PRIM36.ram_B/CLKARDCLK
Min Period        n/a     RAMB36E1/CLKARDCLK  n/a            3.363         33.000      29.637     RAMB36_X3Y15  b0/U0/inst_blk_mem_gen/gnbram.gnativebmg.native_blk_mem_gen/valid.cstr/ramloop[1].ram.r/prim_noinit.ram/DEVICE_7SERIES.NO_BMM_INFO.TRUE_DP.CASCADED_PRIM36.ram_T/CLKARDCLK
Min Period        n/a     RAMB36E1/CLKARDCLK  n/a            3.363         33.000      29.637     RAMB36_X2Y14  b0/U0/inst_blk_mem_gen/gnbram.gnativebmg.native_blk_mem_gen/valid.cstr/ramloop[2].ram.r/prim_noinit.ram/DEVICE_7SERIES.NO_BMM_INFO.TRUE_DP.CASCADED_PRIM36.ram_B/CLKARDCLK
Min Period        n/a     RAMB36E1/CLKARDCLK  n/a            3.363         33.000      29.637     RAMB36_X2Y15  b0/U0/inst_blk_mem_gen/gnbram.gnativebmg.native_blk_mem_gen/valid.cstr/ramloop[2].ram.r/prim_noinit.ram/DEVICE_7SERIES.NO_BMM_INFO.TRUE_DP.CASCADED_PRIM36.ram_T/CLKARDCLK
Min Period        n/a     RAMB36E1/CLKARDCLK  n/a            3.363         33.000      29.637     RAMB36_X3Y16  b0/U0/inst_blk_mem_gen/gnbram.gnativebmg.native_blk_mem_gen/valid.cstr/ramloop[3].ram.r/prim_noinit.ram/DEVICE_7SERIES.NO_BMM_INFO.TRUE_DP.CASCADED_PRIM36.ram_B/CLKARDCLK
Min Period        n/a     RAMB36E1/CLKARDCLK  n/a            3.363         33.000      29.637     RAMB36_X3Y17  b0/U0/inst_blk_mem_gen/gnbram.gnativebmg.native_blk_mem_gen/valid.cstr/ramloop[3].ram.r/prim_noinit.ram/DEVICE_7SERIES.NO_BMM_INFO.TRUE_DP.CASCADED_PRIM36.ram_T/CLKARDCLK
Min Period        n/a     RAMB36E1/CLKARDCLK  n/a            3.363         33.000      29.637     RAMB36_X3Y20  b0/U0/inst_blk_mem_gen/gnbram.gnativebmg.native_blk_mem_gen/valid.cstr/ramloop[4].ram.r/prim_noinit.ram/DEVICE_7SERIES.NO_BMM_INFO.TRUE_DP.CASCADED_PRIM36.ram_B/CLKARDCLK
Min Period        n/a     RAMB36E1/CLKARDCLK  n/a            3.363         33.000      29.637     RAMB36_X3Y21  b0/U0/inst_blk_mem_gen/gnbram.gnativebmg.native_blk_mem_gen/valid.cstr/ramloop[4].ram.r/prim_noinit.ram/DEVICE_7SERIES.NO_BMM_INFO.TRUE_DP.CASCADED_PRIM36.ram_T/CLKARDCLK
Low Pulse Width   Slow    SRLC32E/CLK         n/a            0.980         16.500      15.520     SLICE_X30Y89  mw0/datatrans_sys_i/processing_system7_0_axi_periph/s00_couplers/auto_pc/inst/gen_axilite.gen_b2s_conv.axilite_b2s/RD.r_channel_0/rd_data_fifo_0/memory_reg[31][0]_srl32/CLK
Low Pulse Width   Fast    SRLC32E/CLK         n/a            0.980         16.500      15.520     SLICE_X30Y89  mw0/datatrans_sys_i/processing_system7_0_axi_periph/s00_couplers/auto_pc/inst/gen_axilite.gen_b2s_conv.axilite_b2s/RD.r_channel_0/rd_data_fifo_0/memory_reg[31][0]_srl32/CLK
Low Pulse Width   Slow    SRLC32E/CLK         n/a            0.980         16.500      15.520     SLICE_X30Y91  mw0/datatrans_sys_i/processing_system7_0_axi_periph/s00_couplers/auto_pc/inst/gen_axilite.gen_b2s_conv.axilite_b2s/RD.r_channel_0/rd_data_fifo_0/memory_reg[31][10]_srl32/CLK
Low Pulse Width   Fast    SRLC32E/CLK         n/a            0.980         16.500      15.520     SLICE_X30Y91  mw0/datatrans_sys_i/processing_system7_0_axi_periph/s00_couplers/auto_pc/inst/gen_axilite.gen_b2s_conv.axilite_b2s/RD.r_channel_0/rd_data_fifo_0/memory_reg[31][10]_srl32/CLK
Low Pulse Width   Slow    SRLC32E/CLK         n/a            0.980         16.500      15.520     SLICE_X30Y91  mw0/datatrans_sys_i/processing_system7_0_axi_periph/s00_couplers/auto_pc/inst/gen_axilite.gen_b2s_conv.axilite_b2s/RD.r_channel_0/rd_data_fifo_0/memory_reg[31][11]_srl32/CLK
Low Pulse Width   Fast    SRLC32E/CLK         n/a            0.980         16.500      15.520     SLICE_X30Y91  mw0/datatrans_sys_i/processing_system7_0_axi_periph/s00_couplers/auto_pc/inst/gen_axilite.gen_b2s_conv.axilite_b2s/RD.r_channel_0/rd_data_fifo_0/memory_reg[31][11]_srl32/CLK
Low Pulse Width   Slow    SRLC32E/CLK         n/a            0.980         16.500      15.520     SLICE_X30Y93  mw0/datatrans_sys_i/processing_system7_0_axi_periph/s00_couplers/auto_pc/inst/gen_axilite.gen_b2s_conv.axilite_b2s/RD.r_channel_0/rd_data_fifo_0/memory_reg[31][12]_srl32/CLK
Low Pulse Width   Fast    SRLC32E/CLK         n/a            0.980         16.500      15.520     SLICE_X30Y93  mw0/datatrans_sys_i/processing_system7_0_axi_periph/s00_couplers/auto_pc/inst/gen_axilite.gen_b2s_conv.axilite_b2s/RD.r_channel_0/rd_data_fifo_0/memory_reg[31][12]_srl32/CLK
Low Pulse Width   Slow    SRLC32E/CLK         n/a            0.980         16.500      15.520     SLICE_X30Y93  mw0/datatrans_sys_i/processing_system7_0_axi_periph/s00_couplers/auto_pc/inst/gen_axilite.gen_b2s_conv.axilite_b2s/RD.r_channel_0/rd_data_fifo_0/memory_reg[31][13]_srl32/CLK
Low Pulse Width   Fast    SRLC32E/CLK         n/a            0.980         16.500      15.520     SLICE_X30Y93  mw0/datatrans_sys_i/processing_system7_0_axi_periph/s00_couplers/auto_pc/inst/gen_axilite.gen_b2s_conv.axilite_b2s/RD.r_channel_0/rd_data_fifo_0/memory_reg[31][13]_srl32/CLK
High Pulse Width  Slow    SRLC32E/CLK         n/a            0.980         16.500      15.520     SLICE_X30Y89  mw0/datatrans_sys_i/processing_system7_0_axi_periph/s00_couplers/auto_pc/inst/gen_axilite.gen_b2s_conv.axilite_b2s/RD.r_channel_0/rd_data_fifo_0/memory_reg[31][0]_srl32/CLK
High Pulse Width  Fast    SRLC32E/CLK         n/a            0.980         16.500      15.520     SLICE_X30Y89  mw0/datatrans_sys_i/processing_system7_0_axi_periph/s00_couplers/auto_pc/inst/gen_axilite.gen_b2s_conv.axilite_b2s/RD.r_channel_0/rd_data_fifo_0/memory_reg[31][0]_srl32/CLK
High Pulse Width  Slow    SRLC32E/CLK         n/a            0.980         16.500      15.520     SLICE_X30Y91  mw0/datatrans_sys_i/processing_system7_0_axi_periph/s00_couplers/auto_pc/inst/gen_axilite.gen_b2s_conv.axilite_b2s/RD.r_channel_0/rd_data_fifo_0/memory_reg[31][10]_srl32/CLK
High Pulse Width  Fast    SRLC32E/CLK         n/a            0.980         16.500      15.520     SLICE_X30Y91  mw0/datatrans_sys_i/processing_system7_0_axi_periph/s00_couplers/auto_pc/inst/gen_axilite.gen_b2s_conv.axilite_b2s/RD.r_channel_0/rd_data_fifo_0/memory_reg[31][10]_srl32/CLK
High Pulse Width  Slow    SRLC32E/CLK         n/a            0.980         16.500      15.520     SLICE_X30Y91  mw0/datatrans_sys_i/processing_system7_0_axi_periph/s00_couplers/auto_pc/inst/gen_axilite.gen_b2s_conv.axilite_b2s/RD.r_channel_0/rd_data_fifo_0/memory_reg[31][11]_srl32/CLK
High Pulse Width  Fast    SRLC32E/CLK         n/a            0.980         16.500      15.520     SLICE_X30Y91  mw0/datatrans_sys_i/processing_system7_0_axi_periph/s00_couplers/auto_pc/inst/gen_axilite.gen_b2s_conv.axilite_b2s/RD.r_channel_0/rd_data_fifo_0/memory_reg[31][11]_srl32/CLK
High Pulse Width  Slow    SRLC32E/CLK         n/a            0.980         16.500      15.520     SLICE_X30Y93  mw0/datatrans_sys_i/processing_system7_0_axi_periph/s00_couplers/auto_pc/inst/gen_axilite.gen_b2s_conv.axilite_b2s/RD.r_channel_0/rd_data_fifo_0/memory_reg[31][12]_srl32/CLK
High Pulse Width  Fast    SRLC32E/CLK         n/a            0.980         16.500      15.520     SLICE_X30Y93  mw0/datatrans_sys_i/processing_system7_0_axi_periph/s00_couplers/auto_pc/inst/gen_axilite.gen_b2s_conv.axilite_b2s/RD.r_channel_0/rd_data_fifo_0/memory_reg[31][12]_srl32/CLK
High Pulse Width  Slow    SRLC32E/CLK         n/a            0.980         16.500      15.520     SLICE_X30Y93  mw0/datatrans_sys_i/processing_system7_0_axi_periph/s00_couplers/auto_pc/inst/gen_axilite.gen_b2s_conv.axilite_b2s/RD.r_channel_0/rd_data_fifo_0/memory_reg[31][13]_srl32/CLK
High Pulse Width  Fast    SRLC32E/CLK         n/a            0.980         16.500      15.520     SLICE_X30Y93  mw0/datatrans_sys_i/processing_system7_0_axi_periph/s00_couplers/auto_pc/inst/gen_axilite.gen_b2s_conv.axilite_b2s/RD.r_channel_0/rd_data_fifo_0/memory_reg[31][13]_srl32/CLK



